mode,n_blocks,message_length_bits_per_party,lambda_bits,ell_per_sequence,runtime_mean_ms,runtime_median_ms,runtime_std_ms,runtime_IQR_ms,runtime_mean_95_CI_low_ms,runtime_mean_95_CI_high_ms,bidirectional_message_throughput_mean_bits_per_second,peak_memory_max_bytes,actual_total_wire_bytes,actual_decoy_record_bytes,record_count,upper_layer_round_count,terminal_state,honest_success_rate,independent_runs,performance_scope,prepared_qubits,transmitted_qubits,local_storage_qubits,serialized_bytes,actual_decoy_payload_bytes,application_payload_bytes,header_bytes,tag_bytes,paper_logical_auth_generation_count,paper_logical_auth_verification_count,record_mac_generation_count,record_mac_verification_count,engineering_outer_record_mac_generation_count,engineering_outer_record_mac_verification_count,commitment_record_mac_generation_count,commitment_record_mac_verification_count,opening_record_mac_generation_count,opening_record_mac_verification_count,paper_dialogue_record_mac_generation_count,paper_dialogue_record_mac_verification_count,QRECV_ack_MAC_generation_count,QRECV_ack_MAC_verification_count,tau_dist_generation_count,tau_dist_verification_count,gamma_generation_count,gamma_verification_count,commitment_generation_count,commitment_verification_count,opening_count,KDF_derivation_count,KDF_purpose_labels,session_identifier_hash_count,pre_quantum_context_hash_count,final_quantum_transcript_hash_count,commitment_hash_count,bell_measurement_count,data_qubit_measurement_count,decoy_measurement_count,protocol_total_measurement_count,pauli_operation_count,reference_actual_auth_generation_count,reference_actual_auth_verification_count,reference_actual_auth_operation_count,one_way_authenticated_record_count,upper_layer_round_schedule,KE_internal_round_count,KE_internal_round_scope,trace_events,fair_mode
basic,1,2,,4,13.52697000062714,12.238899944350123,3.0704546786919935,3.7362248403951526,12.428242094694207,14.625697906560072,308.72477598409296,63372,4290,1176,6,5,COMPLETED,1.0,30,"Python reference implementation; excludes quantum hardware, optical/network latency, and external KE/QKD",14,10,4,4290,441,927,2769,192,6,6,6,6,4,4,0,0,0,0,2,2,1,1,1,1,2,2,0,0,0,8,"{'IAQD/ack/B2A': 1, 'IAQD/conf/A': 1, 'IAQD/conf/B': 1, 'IAQD/dist/A2B': 1, 'IAQD/mac/A': 1, 'IAQD/mac/B': 1, 'IAQD/otp/A': 1, 'IAQD/otp/B': 1}",1,1,1,0,3,6,8,14,2,10,10,20,6,"[{'round_index': 1, 'phase': 'session_and_parameter_negotiation', 'send_events': ['N_A_and_params', 'N_B_and_params']}, {'round_index': 2, 'phase': 'authenticated_quantum_receipt', 'send_events': ['Bob_to_Alice_QRECV']}, {'round_index': 3, 'phase': 'authenticated_decoy_disclosure', 'send_events': ['Alice_to_Bob_DECOY_DISCLOSURE']}, {'round_index': 4, 'phase': 'protected_dialogue_ciphertexts', 'send_events': ['Alice_to_Bob_C_A', 'Bob_to_Alice_C_B']}, {'round_index': 5, 'phase': 'keyed_message_confirmation', 'send_events': ['Alice_to_Bob_gamma_A', 'Bob_to_Alice_gamma_B']}]",not_measured,ideal_test_fixture_external_not_measured,18,False
basic,2,4,,4,12.806540005840361,11.349599924869835,3.1480216208994154,3.622949938289821,11.680055636158716,13.933024375522006,653.6650610286756,60426,4332,1183,6,5,COMPLETED,1.0,30,"Python reference implementation; excludes quantum hardware, optical/network latency, and external KE/QKD",20,12,8,4332,441,927,2811,192,6,6,6,6,4,4,0,0,0,0,2,2,1,1,1,1,2,2,0,0,0,8,"{'IAQD/ack/B2A': 1, 'IAQD/conf/A': 1, 'IAQD/conf/B': 1, 'IAQD/dist/A2B': 1, 'IAQD/mac/A': 1, 'IAQD/mac/B': 1, 'IAQD/otp/A': 1, 'IAQD/otp/B': 1}",1,1,1,0,6,12,8,20,4,10,10,20,6,"[{'round_index': 1, 'phase': 'session_and_parameter_negotiation', 'send_events': ['N_A_and_params', 'N_B_and_params']}, {'round_index': 2, 'phase': 'authenticated_quantum_receipt', 'send_events': ['Bob_to_Alice_QRECV']}, {'round_index': 3, 'phase': 'authenticated_decoy_disclosure', 'send_events': ['Alice_to_Bob_DECOY_DISCLOSURE']}, {'round_index': 4, 'phase': 'protected_dialogue_ciphertexts', 'send_events': ['Alice_to_Bob_C_A', 'Bob_to_Alice_C_B']}, {'round_index': 5, 'phase': 'keyed_message_confirmation', 'send_events': ['Alice_to_Bob_gamma_A', 'Bob_to_Alice_gamma_B']}]",not_measured,ideal_test_fixture_external_not_measured,18,False
basic,4,8,,4,11.674373348553976,11.562300147488713,0.44897689021447884,0.527299998793751,11.51371198402676,11.835034713081193,1372.412077919922,61174,4416,1197,6,5,COMPLETED,1.0,30,"Python reference implementation; excludes quantum hardware, optical/network latency, and external KE/QKD",32,16,16,4416,441,927,2895,192,6,6,6,6,4,4,0,0,0,0,2,2,1,1,1,1,2,2,0,0,0,8,"{'IAQD/ack/B2A': 1, 'IAQD/conf/A': 1, 'IAQD/conf/B': 1, 'IAQD/dist/A2B': 1, 'IAQD/mac/A': 1, 'IAQD/mac/B': 1, 'IAQD/otp/A': 1, 'IAQD/otp/B': 1}",1,1,1,0,12,24,8,32,8,10,10,20,6,"[{'round_index': 1, 'phase': 'session_and_parameter_negotiation', 'send_events': ['N_A_and_params', 'N_B_and_params']}, {'round_index': 2, 'phase': 'authenticated_quantum_receipt', 'send_events': ['Bob_to_Alice_QRECV']}, {'round_index': 3, 'phase': 'authenticated_decoy_disclosure', 'send_events': ['Alice_to_Bob_DECOY_DISCLOSURE']}, {'round_index': 4, 'phase': 'protected_dialogue_ciphertexts', 'send_events': ['Alice_to_Bob_C_A', 'Bob_to_Alice_C_B']}, {'round_index': 5, 'phase': 'keyed_message_confirmation', 'send_events': ['Alice_to_Bob_gamma_A', 'Bob_to_Alice_gamma_B']}]",not_measured,ideal_test_fixture_external_not_measured,18,False
basic,8,16,,4,16.275883349590003,14.623700175434351,4.051446261176813,5.357650050427765,14.82611856477354,17.72564813440647,2073.3304658395627,67312,4597,1227,6,5,COMPLETED,1.0,30,"Python reference implementation; excludes quantum hardware, optical/network latency, and external KE/QKD",56,24,32,4597,442,934,3069,192,6,6,6,6,4,4,0,0,0,0,2,2,1,1,1,1,2,2,0,0,0,8,"{'IAQD/ack/B2A': 1, 'IAQD/conf/A': 1, 'IAQD/conf/B': 1, 'IAQD/dist/A2B': 1, 'IAQD/mac/A': 1, 'IAQD/mac/B': 1, 'IAQD/otp/A': 1, 'IAQD/otp/B': 1}",1,1,1,0,24,48,8,56,16,10,10,20,6,"[{'round_index': 1, 'phase': 'session_and_parameter_negotiation', 'send_events': ['N_A_and_params', 'N_B_and_params']}, {'round_index': 2, 'phase': 'authenticated_quantum_receipt', 'send_events': ['Bob_to_Alice_QRECV']}, {'round_index': 3, 'phase': 'authenticated_decoy_disclosure', 'send_events': ['Alice_to_Bob_DECOY_DISCLOSURE']}, {'round_index': 4, 'phase': 'protected_dialogue_ciphertexts', 'send_events': ['Alice_to_Bob_C_A', 'Bob_to_Alice_C_B']}, {'round_index': 5, 'phase': 'keyed_message_confirmation', 'send_events': ['Alice_to_Bob_gamma_A', 'Bob_to_Alice_gamma_B']}]",not_measured,ideal_test_fixture_external_not_measured,18,False
basic,16,32,,4,15.527753337907294,15.126800048165023,1.535712932929109,0.8102499414235353,14.978215620701802,16.077291055112788,4149.980311574955,79483,4950,1287,6,5,COMPLETED,1.0,30,"Python reference implementation; excludes quantum hardware, optical/network latency, and external KE/QKD",104,40,64,4950,445,945,3411,192,6,6,6,6,4,4,0,0,0,0,2,2,1,1,1,1,2,2,0,0,0,8,"{'IAQD/ack/B2A': 1, 'IAQD/conf/A': 1, 'IAQD/conf/B': 1, 'IAQD/dist/A2B': 1, 'IAQD/mac/A': 1, 'IAQD/mac/B': 1, 'IAQD/otp/A': 1, 'IAQD/otp/B': 1}",1,1,1,0,48,96,8,104,32,10,10,20,6,"[{'round_index': 1, 'phase': 'session_and_parameter_negotiation', 'send_events': ['N_A_and_params', 'N_B_and_params']}, {'round_index': 2, 'phase': 'authenticated_quantum_receipt', 'send_events': ['Bob_to_Alice_QRECV']}, {'round_index': 3, 'phase': 'authenticated_decoy_disclosure', 'send_events': ['Alice_to_Bob_DECOY_DISCLOSURE']}, {'round_index': 4, 'phase': 'protected_dialogue_ciphertexts', 'send_events': ['Alice_to_Bob_C_A', 'Bob_to_Alice_C_B']}, {'round_index': 5, 'phase': 'keyed_message_confirmation', 'send_events': ['Alice_to_Bob_gamma_A', 'Bob_to_Alice_gamma_B']}]",not_measured,ideal_test_fixture_external_not_measured,18,False
basic,32,64,,4,19.896246663605172,19.868699950166047,0.46768016118005634,0.6543499766848981,19.72889254250196,20.063600784708385,6436.780272527779,103814,5640,1401,6,5,COMPLETED,1.0,30,"Python reference implementation; excludes quantum hardware, optical/network latency, and external KE/QKD",200,72,128,5640,447,963,4083,192,6,6,6,6,4,4,0,0,0,0,2,2,1,1,1,1,2,2,0,0,0,8,"{'IAQD/ack/B2A': 1, 'IAQD/conf/A': 1, 'IAQD/conf/B': 1, 'IAQD/dist/A2B': 1, 'IAQD/mac/A': 1, 'IAQD/mac/B': 1, 'IAQD/otp/A': 1, 'IAQD/otp/B': 1}",1,1,1,0,96,192,8,200,64,10,10,20,6,"[{'round_index': 1, 'phase': 'session_and_parameter_negotiation', 'send_events': ['N_A_and_params', 'N_B_and_params']}, {'round_index': 2, 'phase': 'authenticated_quantum_receipt', 'send_events': ['Bob_to_Alice_QRECV']}, {'round_index': 3, 'phase': 'authenticated_decoy_disclosure', 'send_events': ['Alice_to_Bob_DECOY_DISCLOSURE']}, {'round_index': 4, 'phase': 'protected_dialogue_ciphertexts', 'send_events': ['Alice_to_Bob_C_A', 'Bob_to_Alice_C_B']}, {'round_index': 5, 'phase': 'keyed_message_confirmation', 'send_events': ['Alice_to_Bob_gamma_A', 'Bob_to_Alice_gamma_B']}]",not_measured,ideal_test_fixture_external_not_measured,18,False
fair,1,2,1,4,21.611243338945012,21.542100002989173,0.6494434775524855,0.8876249776221812,21.37884724560257,21.843639432287453,185.24824807284787,139402,10118,1226,14,8,COMPLETED,1.0,30,"Python reference implementation; excludes quantum hardware, optical/network latency, and external KE/QKD",14,10,4,10118,441,1635,7097,448,6,6,14,14,4,4,4,4,4,4,2,2,1,1,1,1,2,2,4,4,4,8,"{'IAQD/ack/B2A': 1, 'IAQD/conf/A': 1, 'IAQD/conf/B': 1, 'IAQD/dist/A2B': 1, 'IAQD/mac/A': 1, 'IAQD/mac/B': 1, 'IAQD/otp/A': 1, 'IAQD/otp/B': 1}",1,1,1,8,3,6,8,14,2,18,18,36,14,"[{'round_index': 1, 'phase': 'session_and_parameter_negotiation', 'send_events': ['N_A_and_params', 'N_B_and_params']}, {'round_index': 2, 'phase': 'authenticated_quantum_receipt', 'send_events': ['Bob_to_Alice_QRECV']}, {'round_index': 3, 'phase': 'authenticated_decoy_disclosure', 'send_events': ['Alice_to_Bob_DECOY_DISCLOSURE']}, {'round_index': 4, 'phase': 'fair_ciphertexts', 'send_events': ['Alice_to_Bob_C_A_fair', 'Bob_to_Alice_C_B_fair']}, {'round_index': 5, 'phase': 'authenticated_commitment_exchange', 'send_events': ['Alice_commitments', 'Bob_commitments']}, {'round_index': 6, 'phase': 'fair_opening_block_0', 'send_events': ['Bob_opening_0', 'Alice_opening_0']}, {'round_index': 7, 'phase': 'fair_opening_block_1', 'send_events': ['Alice_opening_1', 'Bob_opening_1']}, {'round_index': 8, 'phase': 'keyed_message_confirmation', 'send_events': ['Alice_to_Bob_gamma_A', 'Bob_to_Alice_gamma_B']}]",not_measured,ideal_test_fixture_external_not_measured,31,True
fair,1,2,2,4,16.966659963751834,16.69190009124577,0.784644060622224,0.9415998938493431,16.685883852118288,17.24743607538538,236.22468396566052,97751,7364,1226,10,7,COMPLETED,1.0,30,"Python reference implementation; excludes quantum hardware, optical/network latency, and external KE/QKD",14,10,4,7364,441,1291,5083,320,6,6,10,10,4,4,2,2,2,2,2,2,1,1,1,1,2,2,2,2,2,8,"{'IAQD/ack/B2A': 1, 'IAQD/conf/A': 1, 'IAQD/conf/B': 1, 'IAQD/dist/A2B': 1, 'IAQD/mac/A': 1, 'IAQD/mac/B': 1, 'IAQD/otp/A': 1, 'IAQD/otp/B': 1}",1,1,1,4,3,6,8,14,2,14,14,28,10,"[{'round_index': 1, 'phase': 'session_and_parameter_negotiation', 'send_events': ['N_A_and_params', 'N_B_and_params']}, {'round_index': 2, 'phase': 'authenticated_quantum_receipt', 'send_events': ['Bob_to_Alice_QRECV']}, {'round_index': 3, 'phase': 'authenticated_decoy_disclosure', 'send_events': ['Alice_to_Bob_DECOY_DISCLOSURE']}, {'round_index': 4, 'phase': 'fair_ciphertexts', 'send_events': ['Alice_to_Bob_C_A_fair', 'Bob_to_Alice_C_B_fair']}, {'round_index': 5, 'phase': 'authenticated_commitment_exchange', 'send_events': ['Alice_commitments', 'Bob_commitments']}, {'round_index': 6, 'phase': 'fair_opening_block_0', 'send_events': ['Bob_opening_0', 'Alice_opening_0']}, {'round_index': 7, 'phase': 'keyed_message_confirmation', 'send_events': ['Alice_to_Bob_gamma_A', 'Bob_to_Alice_gamma_B']}]",not_measured,ideal_test_fixture_external_not_measured,25,True
fair,2,4,1,4,32.61307331267744,32.554800040088594,0.7705340271734268,1.104049850255251,32.337346318886745,32.88880030646814,245.43252106053433,235742,15786,1233,22,10,COMPLETED,1.0,30,"Python reference implementation; excludes quantum hardware, optical/network latency, and external KE/QKD",20,12,8,15786,441,2327,11281,704,6,6,22,22,4,4,8,8,8,8,2,2,1,1,1,1,2,2,8,8,8,8,"{'IAQD/ack/B2A': 1, 'IAQD/conf/A': 1, 'IAQD/conf/B': 1, 'IAQD/dist/A2B': 1, 'IAQD/mac/A': 1, 'IAQD/mac/B': 1, 'IAQD/otp/A': 1, 'IAQD/otp/B': 1}",1,1,1,16,6,12,8,20,4,26,26,52,22,"[{'round_index': 1, 'phase': 'session_and_parameter_negotiation', 'send_events': ['N_A_and_params', 'N_B_and_params']}, {'round_index': 2, 'phase': 'authenticated_quantum_receipt', 'send_events': ['Bob_to_Alice_QRECV']}, {'round_index': 3, 'phase': 'authenticated_decoy_disclosure', 'send_events': ['Alice_to_Bob_DECOY_DISCLOSURE']}, {'round_index': 4, 'phase': 'fair_ciphertexts', 'send_events': ['Alice_to_Bob_C_A_fair', 'Bob_to_Alice_C_B_fair']}, {'round_index': 5, 'phase': 'authenticated_commitment_exchange', 'send_events': ['Alice_commitments', 'Bob_commitments']}, {'round_index': 6, 'phase': 'fair_opening_block_0', 'send_events': ['Bob_opening_0', 'Alice_opening_0']}, {'round_index': 7, 'phase': 'fair_opening_block_1', 'send_events': ['Alice_opening_1', 'Bob_opening_1']}, {'round_index': 8, 'phase': 'fair_opening_block_2', 'send_events': ['Bob_opening_2', 'Alice_opening_2']}, {'round_index': 9, 'phase': 'fair_opening_block_3', 'send_events': ['Alice_opening_3', 'Bob_opening_3']}, {'round_index': 10, 'phase': 'keyed_message_confirmation', 'send_events': ['Alice_to_Bob_gamma_A', 'Bob_to_Alice_gamma_B']}]",not_measured,ideal_test_fixture_external_not_measured,43,True
fair,2,4,2,4,22.379909983525675,22.355750086717308,0.6475357317458145,0.8909997413866222,22.148196555708232,22.611623411343118,357.74811179799934,142906,10220,1233,14,8,COMPLETED,1.0,30,"Python reference implementation; excludes quantum hardware, optical/network latency, and external KE/QKD",20,12,8,10220,441,1639,7195,448,6,6,14,14,4,4,4,4,4,4,2,2,1,1,1,1,2,2,4,4,4,8,"{'IAQD/ack/B2A': 1, 'IAQD/conf/A': 1, 'IAQD/conf/B': 1, 'IAQD/dist/A2B': 1, 'IAQD/mac/A': 1, 'IAQD/mac/B': 1, 'IAQD/otp/A': 1, 'IAQD/otp/B': 1}",1,1,1,8,6,12,8,20,4,18,18,36,14,"[{'round_index': 1, 'phase': 'session_and_parameter_negotiation', 'send_events': ['N_A_and_params', 'N_B_and_params']}, {'round_index': 2, 'phase': 'authenticated_quantum_receipt', 'send_events': ['Bob_to_Alice_QRECV']}, {'round_index': 3, 'phase': 'authenticated_decoy_disclosure', 'send_events': ['Alice_to_Bob_DECOY_DISCLOSURE']}, {'round_index': 4, 'phase': 'fair_ciphertexts', 'send_events': ['Alice_to_Bob_C_A_fair', 'Bob_to_Alice_C_B_fair']}, {'round_index': 5, 'phase': 'authenticated_commitment_exchange', 'send_events': ['Alice_commitments', 'Bob_commitments']}, {'round_index': 6, 'phase': 'fair_opening_block_0', 'send_events': ['Bob_opening_0', 'Alice_opening_0']}, {'round_index': 7, 'phase': 'fair_opening_block_1', 'send_events': ['Alice_opening_1', 'Bob_opening_1']}, {'round_index': 8, 'phase': 'keyed_message_confirmation', 'send_events': ['Alice_to_Bob_gamma_A', 'Bob_to_Alice_gamma_B']}]",not_measured,ideal_test_fixture_external_not_measured,31,True
fair,2,4,4,4,17.42203334191193,17.379899858497083,0.6096744602494982,0.7914499728940427,17.203868147141467,17.640198536682394,459.7254580310415,100245,7438,1233,10,7,COMPLETED,1.0,30,"Python reference implementation; excludes quantum hardware, optical/network latency, and external KE/QKD",20,12,8,7438,441,1295,5153,320,6,6,10,10,4,4,2,2,2,2,2,2,1,1,1,1,2,2,2,2,2,8,"{'IAQD/ack/B2A': 1, 'IAQD/conf/A': 1, 'IAQD/conf/B': 1, 'IAQD/dist/A2B': 1, 'IAQD/mac/A': 1, 'IAQD/mac/B': 1, 'IAQD/otp/A': 1, 'IAQD/otp/B': 1}",1,1,1,4,6,12,8,20,4,14,14,28,10,"[{'round_index': 1, 'phase': 'session_and_parameter_negotiation', 'send_events': ['N_A_and_params', 'N_B_and_params']}, {'round_index': 2, 'phase': 'authenticated_quantum_receipt', 'send_events': ['Bob_to_Alice_QRECV']}, {'round_index': 3, 'phase': 'authenticated_decoy_disclosure', 'send_events': ['Alice_to_Bob_DECOY_DISCLOSURE']}, {'round_index': 4, 'phase': 'fair_ciphertexts', 'send_events': ['Alice_to_Bob_C_A_fair', 'Bob_to_Alice_C_B_fair']}, {'round_index': 5, 'phase': 'authenticated_commitment_exchange', 'send_events': ['Alice_commitments', 'Bob_commitments']}, {'round_index': 6, 'phase': 'fair_opening_block_0', 'send_events': ['Bob_opening_0', 'Alice_opening_0']}, {'round_index': 7, 'phase': 'keyed_message_confirmation', 'send_events': ['Alice_to_Bob_gamma_A', 'Bob_to_Alice_gamma_B']}]",not_measured,ideal_test_fixture_external_not_measured,25,True
fair,4,8,1,4,55.803156667388976,55.643250001594424,1.488492782201365,1.221849990542978,55.27051615361299,56.33579718116496,286.91448732677674,467082,27470,1247,38,14,COMPLETED,1.0,30,"Python reference implementation; excludes quantum hardware, optical/network latency, and external KE/QKD",32,16,16,27470,441,3711,19997,1216,6,6,38,38,4,4,16,16,16,16,2,2,1,1,1,1,2,2,16,16,16,8,"{'IAQD/ack/B2A': 1, 'IAQD/conf/A': 1, 'IAQD/conf/B': 1, 'IAQD/dist/A2B': 1, 'IAQD/mac/A': 1, 'IAQD/mac/B': 1, 'IAQD/otp/A': 1, 'IAQD/otp/B': 1}",1,1,1,32,12,24,8,32,8,42,42,84,38,"[{'round_index': 1, 'phase': 'session_and_parameter_negotiation', 'send_events': ['N_A_and_params', 'N_B_and_params']}, {'round_index': 2, 'phase': 'authenticated_quantum_receipt', 'send_events': ['Bob_to_Alice_QRECV']}, {'round_index': 3, 'phase': 'authenticated_decoy_disclosure', 'send_events': ['Alice_to_Bob_DECOY_DISCLOSURE']}, {'round_index': 4, 'phase': 'fair_ciphertexts', 'send_events': ['Alice_to_Bob_C_A_fair', 'Bob_to_Alice_C_B_fair']}, {'round_index': 5, 'phase': 'authenticated_commitment_exchange', 'send_events': ['Alice_commitments', 'Bob_commitments']}, {'round_index': 6, 'phase': 'fair_opening_block_0', 'send_events': ['Bob_opening_0', 'Alice_opening_0']}, {'round_index': 7, 'phase': 'fair_opening_block_1', 'send_events': ['Alice_opening_1', 'Bob_opening_1']}, {'round_index': 8, 'phase': 'fair_opening_block_2', 'send_events': ['Bob_opening_2', 'Alice_opening_2']}, {'round_index': 9, 'phase': 'fair_opening_block_3', 'send_events': ['Alice_opening_3', 'Bob_opening_3']}, {'round_index': 10, 'phase': 'fair_opening_block_4', 'send_events': ['Bob_opening_4', 'Alice_opening_4']}, {'round_index': 11, 'phase': 'fair_opening_block_5', 'send_events': ['Alice_opening_5', 'Bob_opening_5']}, {'round_index': 12, 'phase': 'fair_opening_block_6', 'send_events': ['Bob_opening_6', 'Alice_opening_6']}, {'round_index': 13, 'phase': 'fair_opening_block_7', 'send_events': ['Alice_opening_7', 'Bob_opening_7']}, {'round_index': 14, 'phase': 'keyed_message_confirmation', 'send_events': ['Alice_to_Bob_gamma_A', 'Bob_to_Alice_gamma_B']}]",not_measured,ideal_test_fixture_external_not_measured,67,True
fair,4,8,2,4,33.42443668128302,33.42674998566508,0.8025158255652608,0.8138748817145824,33.13726535821468,33.71160800435136,478.959137333963,241042,16102,1247,22,10,COMPLETED,1.0,30,"Python reference implementation; excludes quantum hardware, optical/network latency, and external KE/QKD",32,16,16,16102,441,2335,11589,704,6,6,22,22,4,4,8,8,8,8,2,2,1,1,1,1,2,2,8,8,8,8,"{'IAQD/ack/B2A': 1, 'IAQD/conf/A': 1, 'IAQD/conf/B': 1, 'IAQD/dist/A2B': 1, 'IAQD/mac/A': 1, 'IAQD/mac/B': 1, 'IAQD/otp/A': 1, 'IAQD/otp/B': 1}",1,1,1,16,12,24,8,32,8,26,26,52,22,"[{'round_index': 1, 'phase': 'session_and_parameter_negotiation', 'send_events': ['N_A_and_params', 'N_B_and_params']}, {'round_index': 2, 'phase': 'authenticated_quantum_receipt', 'send_events': ['Bob_to_Alice_QRECV']}, {'round_index': 3, 'phase': 'authenticated_decoy_disclosure', 'send_events': ['Alice_to_Bob_DECOY_DISCLOSURE']}, {'round_index': 4, 'phase': 'fair_ciphertexts', 'send_events': ['Alice_to_Bob_C_A_fair', 'Bob_to_Alice_C_B_fair']}, {'round_index': 5, 'phase': 'authenticated_commitment_exchange', 'send_events': ['Alice_commitments', 'Bob_commitments']}, {'round_index': 6, 'phase': 'fair_opening_block_0', 'send_events': ['Bob_opening_0', 'Alice_opening_0']}, {'round_index': 7, 'phase': 'fair_opening_block_1', 'send_events': ['Alice_opening_1', 'Bob_opening_1']}, {'round_index': 8, 'phase': 'fair_opening_block_2', 'send_events': ['Bob_opening_2', 'Alice_opening_2']}, {'round_index': 9, 'phase': 'fair_opening_block_3', 'send_events': ['Alice_opening_3', 'Bob_opening_3']}, {'round_index': 10, 'phase': 'keyed_message_confirmation', 'send_events': ['Alice_to_Bob_gamma_A', 'Bob_to_Alice_gamma_B']}]",not_measured,ideal_test_fixture_external_not_measured,43,True
fair,4,8,4,4,23.07668332165728,22.872299887239933,0.9687640312664144,0.978725089225918,22.730021935380144,23.42334470793442,694.4491001411303,146610,10424,1247,14,8,COMPLETED,1.0,30,"Python reference implementation; excludes quantum hardware, optical/network latency, and external KE/QKD",32,16,16,10424,441,1647,7391,448,6,6,14,14,4,4,4,4,4,4,2,2,1,1,1,1,2,2,4,4,4,8,"{'IAQD/ack/B2A': 1, 'IAQD/conf/A': 1, 'IAQD/conf/B': 1, 'IAQD/dist/A2B': 1, 'IAQD/mac/A': 1, 'IAQD/mac/B': 1, 'IAQD/otp/A': 1, 'IAQD/otp/B': 1}",1,1,1,8,12,24,8,32,8,18,18,36,14,"[{'round_index': 1, 'phase': 'session_and_parameter_negotiation', 'send_events': ['N_A_and_params', 'N_B_and_params']}, {'round_index': 2, 'phase': 'authenticated_quantum_receipt', 'send_events': ['Bob_to_Alice_QRECV']}, {'round_index': 3, 'phase': 'authenticated_decoy_disclosure', 'send_events': ['Alice_to_Bob_DECOY_DISCLOSURE']}, {'round_index': 4, 'phase': 'fair_ciphertexts', 'send_events': ['Alice_to_Bob_C_A_fair', 'Bob_to_Alice_C_B_fair']}, {'round_index': 5, 'phase': 'authenticated_commitment_exchange', 'send_events': ['Alice_commitments', 'Bob_commitments']}, {'round_index': 6, 'phase': 'fair_opening_block_0', 'send_events': ['Bob_opening_0', 'Alice_opening_0']}, {'round_index': 7, 'phase': 'fair_opening_block_1', 'send_events': ['Alice_opening_1', 'Bob_opening_1']}, {'round_index': 8, 'phase': 'keyed_message_confirmation', 'send_events': ['Alice_to_Bob_gamma_A', 'Bob_to_Alice_gamma_B']}]",not_measured,ideal_test_fixture_external_not_measured,31,True
fair,4,8,8,4,18.102986675997574,18.201750004664063,0.684886499616228,0.7510749856010079,17.857907693152715,18.348065658842433,885.0571486921586,103281,7586,1247,10,7,COMPLETED,1.0,30,"Python reference implementation; excludes quantum hardware, optical/network latency, and external KE/QKD",32,16,16,7586,441,1303,5293,320,6,6,10,10,4,4,2,2,2,2,2,2,1,1,1,1,2,2,2,2,2,8,"{'IAQD/ack/B2A': 1, 'IAQD/conf/A': 1, 'IAQD/conf/B': 1, 'IAQD/dist/A2B': 1, 'IAQD/mac/A': 1, 'IAQD/mac/B': 1, 'IAQD/otp/A': 1, 'IAQD/otp/B': 1}",1,1,1,4,12,24,8,32,8,14,14,28,10,"[{'round_index': 1, 'phase': 'session_and_parameter_negotiation', 'send_events': ['N_A_and_params', 'N_B_and_params']}, {'round_index': 2, 'phase': 'authenticated_quantum_receipt', 'send_events': ['Bob_to_Alice_QRECV']}, {'round_index': 3, 'phase': 'authenticated_decoy_disclosure', 'send_events': ['Alice_to_Bob_DECOY_DISCLOSURE']}, {'round_index': 4, 'phase': 'fair_ciphertexts', 'send_events': ['Alice_to_Bob_C_A_fair', 'Bob_to_Alice_C_B_fair']}, {'round_index': 5, 'phase': 'authenticated_commitment_exchange', 'send_events': ['Alice_commitments', 'Bob_commitments']}, {'round_index': 6, 'phase': 'fair_opening_block_0', 'send_events': ['Bob_opening_0', 'Alice_opening_0']}, {'round_index': 7, 'phase': 'keyed_message_confirmation', 'send_events': ['Alice_to_Bob_gamma_A', 'Bob_to_Alice_gamma_B']}]",not_measured,ideal_test_fixture_external_not_measured,25,True
fair,8,16,1,4,111.53670668136328,110.45099992770702,6.643780490746866,2.3079750826582313,109.15930405212596,113.91410931060061,287.6869365605707,1104397,52283,1277,70,22,COMPLETED,1.0,30,"Python reference implementation; excludes quantum hardware, optical/network latency, and external KE/QKD",56,24,32,52283,442,6510,38843,2240,6,6,70,70,4,4,32,32,32,32,2,2,1,1,1,1,2,2,32,32,32,8,"{'IAQD/ack/B2A': 1, 'IAQD/conf/A': 1, 'IAQD/conf/B': 1, 'IAQD/dist/A2B': 1, 'IAQD/mac/A': 1, 'IAQD/mac/B': 1, 'IAQD/otp/A': 1, 'IAQD/otp/B': 1}",1,1,1,64,24,48,8,56,16,74,74,148,70,"[{'round_index': 1, 'phase': 'session_and_parameter_negotiation', 'send_events': ['N_A_and_params', 'N_B_and_params']}, {'round_index': 2, 'phase': 'authenticated_quantum_receipt', 'send_events': ['Bob_to_Alice_QRECV']}, {'round_index': 3, 'phase': 'authenticated_decoy_disclosure', 'send_events': ['Alice_to_Bob_DECOY_DISCLOSURE']}, {'round_index': 4, 'phase': 'fair_ciphertexts', 'send_events': ['Alice_to_Bob_C_A_fair', 'Bob_to_Alice_C_B_fair']}, {'round_index': 5, 'phase': 'authenticated_commitment_exchange', 'send_events': ['Alice_commitments', 'Bob_commitments']}, {'round_index': 6, 'phase': 'fair_opening_block_0', 'send_events': ['Bob_opening_0', 'Alice_opening_0']}, {'round_index': 7, 'phase': 'fair_opening_block_1', 'send_events': ['Alice_opening_1', 'Bob_opening_1']}, {'round_index': 8, 'phase': 'fair_opening_block_2', 'send_events': ['Bob_opening_2', 'Alice_opening_2']}, {'round_index': 9, 'phase': 'fair_opening_block_3', 'send_events': ['Alice_opening_3', 'Bob_opening_3']}, {'round_index': 10, 'phase': 'fair_opening_block_4', 'send_events': ['Bob_opening_4', 'Alice_opening_4']}, {'round_index': 11, 'phase': 'fair_opening_block_5', 'send_events': ['Alice_opening_5', 'Bob_opening_5']}, {'round_index': 12, 'phase': 'fair_opening_block_6', 'send_events': ['Bob_opening_6', 'Alice_opening_6']}, {'round_index': 13, 'phase': 'fair_opening_block_7', 'send_events': ['Alice_opening_7', 'Bob_opening_7']}, {'round_index': 14, 'phase': 'fair_opening_block_8', 'send_events': ['Bob_opening_8', 'Alice_opening_8']}, {'round_index': 15, 'phase': 'fair_opening_block_9', 'send_events': ['Alice_opening_9', 'Bob_opening_9']}, {'round_index': 16, 'phase': 'fair_opening_block_10', 'send_events': ['Bob_opening_10', 'Alice_opening_10']}, {'round_index': 17, 'phase': 'fair_opening_block_11', 'send_events': ['Alice_opening_11', 'Bob_opening_11']}, {'round_index': 18, 'phase': 'fair_opening_block_12', 'send_events': ['Bob_opening_12', 'Alice_opening_12']}, {'round_index': 19, 'phase': 'fair_opening_block_13', 'send_events': ['Alice_opening_13', 'Bob_opening_13']}, {'round_index': 20, 'phase': 'fair_opening_block_14', 'send_events': ['Bob_opening_14', 'Alice_opening_14']}, {'round_index': 21, 'phase': 'fair_opening_block_15', 'send_events': ['Alice_opening_15', 'Bob_opening_15']}, {'round_index': 22, 'phase': 'keyed_message_confirmation', 'send_events': ['Alice_to_Bob_gamma_A', 'Bob_to_Alice_gamma_B']}]",not_measured,ideal_test_fixture_external_not_measured,115,True
fair,8,16,2,4,58.91876664633552,58.77424997743219,1.3093482455368024,1.766574801877141,58.45023100373536,59.38730228893568,543.3791746137525,490327,28595,1277,38,14,COMPLETED,1.0,30,"Python reference implementation; excludes quantum hardware, optical/network latency, and external KE/QKD",56,24,32,28595,442,3734,21099,1216,6,6,38,38,4,4,16,16,16,16,2,2,1,1,1,1,2,2,16,16,16,8,"{'IAQD/ack/B2A': 1, 'IAQD/conf/A': 1, 'IAQD/conf/B': 1, 'IAQD/dist/A2B': 1, 'IAQD/mac/A': 1, 'IAQD/mac/B': 1, 'IAQD/otp/A': 1, 'IAQD/otp/B': 1}",1,1,1,32,24,48,8,56,16,42,42,84,38,"[{'round_index': 1, 'phase': 'session_and_parameter_negotiation', 'send_events': ['N_A_and_params', 'N_B_and_params']}, {'round_index': 2, 'phase': 'authenticated_quantum_receipt', 'send_events': ['Bob_to_Alice_QRECV']}, {'round_index': 3, 'phase': 'authenticated_decoy_disclosure', 'send_events': ['Alice_to_Bob_DECOY_DISCLOSURE']}, {'round_index': 4, 'phase': 'fair_ciphertexts', 'send_events': ['Alice_to_Bob_C_A_fair', 'Bob_to_Alice_C_B_fair']}, {'round_index': 5, 'phase': 'authenticated_commitment_exchange', 'send_events': ['Alice_commitments', 'Bob_commitments']}, {'round_index': 6, 'phase': 'fair_opening_block_0', 'send_events': ['Bob_opening_0', 'Alice_opening_0']}, {'round_index': 7, 'phase': 'fair_opening_block_1', 'send_events': ['Alice_opening_1', 'Bob_opening_1']}, {'round_index': 8, 'phase': 'fair_opening_block_2', 'send_events': ['Bob_opening_2', 'Alice_opening_2']}, {'round_index': 9, 'phase': 'fair_opening_block_3', 'send_events': ['Alice_opening_3', 'Bob_opening_3']}, {'round_index': 10, 'phase': 'fair_opening_block_4', 'send_events': ['Bob_opening_4', 'Alice_opening_4']}, {'round_index': 11, 'phase': 'fair_opening_block_5', 'send_events': ['Alice_opening_5', 'Bob_opening_5']}, {'round_index': 12, 'phase': 'fair_opening_block_6', 'send_events': ['Bob_opening_6', 'Alice_opening_6']}, {'round_index': 13, 'phase': 'fair_opening_block_7', 'send_events': ['Alice_opening_7', 'Bob_opening_7']}, {'round_index': 14, 'phase': 'keyed_message_confirmation', 'send_events': ['Alice_to_Bob_gamma_A', 'Bob_to_Alice_gamma_B']}]",not_measured,ideal_test_fixture_external_not_measured,67,True
fair,8,16,4,4,35.665043319265045,35.69845005404204,0.7601904929994259,0.8197750430554152,35.39301764362824,35.93706899490185,897.6333901185055,251067,16763,1277,22,10,COMPLETED,1.0,30,"Python reference implementation; excludes quantum hardware, optical/network latency, and external KE/QKD",56,24,32,16763,442,2358,12227,704,6,6,22,22,4,4,8,8,8,8,2,2,1,1,1,1,2,2,8,8,8,8,"{'IAQD/ack/B2A': 1, 'IAQD/conf/A': 1, 'IAQD/conf/B': 1, 'IAQD/dist/A2B': 1, 'IAQD/mac/A': 1, 'IAQD/mac/B': 1, 'IAQD/otp/A': 1, 'IAQD/otp/B': 1}",1,1,1,16,24,48,8,56,16,26,26,52,22,"[{'round_index': 1, 'phase': 'session_and_parameter_negotiation', 'send_events': ['N_A_and_params', 'N_B_and_params']}, {'round_index': 2, 'phase': 'authenticated_quantum_receipt', 'send_events': ['Bob_to_Alice_QRECV']}, {'round_index': 3, 'phase': 'authenticated_decoy_disclosure', 'send_events': ['Alice_to_Bob_DECOY_DISCLOSURE']}, {'round_index': 4, 'phase': 'fair_ciphertexts', 'send_events': ['Alice_to_Bob_C_A_fair', 'Bob_to_Alice_C_B_fair']}, {'round_index': 5, 'phase': 'authenticated_commitment_exchange', 'send_events': ['Alice_commitments', 'Bob_commitments']}, {'round_index': 6, 'phase': 'fair_opening_block_0', 'send_events': ['Bob_opening_0', 'Alice_opening_0']}, {'round_index': 7, 'phase': 'fair_opening_block_1', 'send_events': ['Alice_opening_1', 'Bob_opening_1']}, {'round_index': 8, 'phase': 'fair_opening_block_2', 'send_events': ['Bob_opening_2', 'Alice_opening_2']}, {'round_index': 9, 'phase': 'fair_opening_block_3', 'send_events': ['Alice_opening_3', 'Bob_opening_3']}, {'round_index': 10, 'phase': 'keyed_message_confirmation', 'send_events': ['Alice_to_Bob_gamma_A', 'Bob_to_Alice_gamma_B']}]",not_measured,ideal_test_fixture_external_not_measured,43,True
fair,8,16,8,4,24.79416667483747,24.701350019313395,0.7434251963796744,0.9521499741822481,24.52814027330661,25.06019307636833,1291.7270782658513,154691,10853,1277,14,8,COMPLETED,1.0,30,"Python reference implementation; excludes quantum hardware, optical/network latency, and external KE/QKD",56,24,32,10853,442,1670,7797,448,6,6,14,14,4,4,4,4,4,4,2,2,1,1,1,1,2,2,4,4,4,8,"{'IAQD/ack/B2A': 1, 'IAQD/conf/A': 1, 'IAQD/conf/B': 1, 'IAQD/dist/A2B': 1, 'IAQD/mac/A': 1, 'IAQD/mac/B': 1, 'IAQD/otp/A': 1, 'IAQD/otp/B': 1}",1,1,1,8,24,48,8,56,16,18,18,36,14,"[{'round_index': 1, 'phase': 'session_and_parameter_negotiation', 'send_events': ['N_A_and_params', 'N_B_and_params']}, {'round_index': 2, 'phase': 'authenticated_quantum_receipt', 'send_events': ['Bob_to_Alice_QRECV']}, {'round_index': 3, 'phase': 'authenticated_decoy_disclosure', 'send_events': ['Alice_to_Bob_DECOY_DISCLOSURE']}, {'round_index': 4, 'phase': 'fair_ciphertexts', 'send_events': ['Alice_to_Bob_C_A_fair', 'Bob_to_Alice_C_B_fair']}, {'round_index': 5, 'phase': 'authenticated_commitment_exchange', 'send_events': ['Alice_commitments', 'Bob_commitments']}, {'round_index': 6, 'phase': 'fair_opening_block_0', 'send_events': ['Bob_opening_0', 'Alice_opening_0']}, {'round_index': 7, 'phase': 'fair_opening_block_1', 'send_events': ['Alice_opening_1', 'Bob_opening_1']}, {'round_index': 8, 'phase': 'keyed_message_confirmation', 'send_events': ['Alice_to_Bob_gamma_A', 'Bob_to_Alice_gamma_B']}]",not_measured,ideal_test_fixture_external_not_measured,31,True
fair,16,32,1,4,252.3100866470486,249.51789993792772,11.363548700819866,4.806025011930615,248.24376768957828,256.37640560451894,254.09540167911896,2941359,107356,1337,134,38,COMPLETED,1.0,30,"Python reference implementation; excludes quantum hardware, optical/network latency, and external KE/QKD",104,40,64,107356,445,12121,81969,4288,6,6,134,134,4,4,64,64,64,64,2,2,1,1,1,1,2,2,64,64,64,8,"{'IAQD/ack/B2A': 1, 'IAQD/conf/A': 1, 'IAQD/conf/B': 1, 'IAQD/dist/A2B': 1, 'IAQD/mac/A': 1, 'IAQD/mac/B': 1, 'IAQD/otp/A': 1, 'IAQD/otp/B': 1}",1,1,1,128,48,96,8,104,32,138,138,276,134,"[{'round_index': 1, 'phase': 'session_and_parameter_negotiation', 'send_events': ['N_A_and_params', 'N_B_and_params']}, {'round_index': 2, 'phase': 'authenticated_quantum_receipt', 'send_events': ['Bob_to_Alice_QRECV']}, {'round_index': 3, 'phase': 'authenticated_decoy_disclosure', 'send_events': ['Alice_to_Bob_DECOY_DISCLOSURE']}, {'round_index': 4, 'phase': 'fair_ciphertexts', 'send_events': ['Alice_to_Bob_C_A_fair', 'Bob_to_Alice_C_B_fair']}, {'round_index': 5, 'phase': 'authenticated_commitment_exchange', 'send_events': ['Alice_commitments', 'Bob_commitments']}, {'round_index': 6, 'phase': 'fair_opening_block_0', 'send_events': ['Bob_opening_0', 'Alice_opening_0']}, {'round_index': 7, 'phase': 'fair_opening_block_1', 'send_events': ['Alice_opening_1', 'Bob_opening_1']}, {'round_index': 8, 'phase': 'fair_opening_block_2', 'send_events': ['Bob_opening_2', 'Alice_opening_2']}, {'round_index': 9, 'phase': 'fair_opening_block_3', 'send_events': ['Alice_opening_3', 'Bob_opening_3']}, {'round_index': 10, 'phase': 'fair_opening_block_4', 'send_events': ['Bob_opening_4', 'Alice_opening_4']}, {'round_index': 11, 'phase': 'fair_opening_block_5', 'send_events': ['Alice_opening_5', 'Bob_opening_5']}, {'round_index': 12, 'phase': 'fair_opening_block_6', 'send_events': ['Bob_opening_6', 'Alice_opening_6']}, {'round_index': 13, 'phase': 'fair_opening_block_7', 'send_events': ['Alice_opening_7', 'Bob_opening_7']}, {'round_index': 14, 'phase': 'fair_opening_block_8', 'send_events': ['Bob_opening_8', 'Alice_opening_8']}, {'round_index': 15, 'phase': 'fair_opening_block_9', 'send_events': ['Alice_opening_9', 'Bob_opening_9']}, {'round_index': 16, 'phase': 'fair_opening_block_10', 'send_events': ['Bob_opening_10', 'Alice_opening_10']}, {'round_index': 17, 'phase': 'fair_opening_block_11', 'send_events': ['Alice_opening_11', 'Bob_opening_11']}, {'round_index': 18, 'phase': 'fair_opening_block_12', 'send_events': ['Bob_opening_12', 'Alice_opening_12']}, {'round_index': 19, 'phase': 'fair_opening_block_13', 'send_events': ['Alice_opening_13', 'Bob_opening_13']}, {'round_index': 20, 'phase': 'fair_opening_block_14', 'send_events': ['Bob_opening_14', 'Alice_opening_14']}, {'round_index': 21, 'phase': 'fair_opening_block_15', 'send_events': ['Alice_opening_15', 'Bob_opening_15']}, {'round_index': 22, 'phase': 'fair_opening_block_16', 'send_events': ['Bob_opening_16', 'Alice_opening_16']}, {'round_index': 23, 'phase': 'fair_opening_block_17', 'send_events': ['Alice_opening_17', 'Bob_opening_17']}, {'round_index': 24, 'phase': 'fair_opening_block_18', 'send_events': ['Bob_opening_18', 'Alice_opening_18']}, {'round_index': 25, 'phase': 'fair_opening_block_19', 'send_events': ['Alice_opening_19', 'Bob_opening_19']}, {'round_index': 26, 'phase': 'fair_opening_block_20', 'send_events': ['Bob_opening_20', 'Alice_opening_20']}, {'round_index': 27, 'phase': 'fair_opening_block_21', 'send_events': ['Alice_opening_21', 'Bob_opening_21']}, {'round_index': 28, 'phase': 'fair_opening_block_22', 'send_events': ['Bob_opening_22', 'Alice_opening_22']}, {'round_index': 29, 'phase': 'fair_opening_block_23', 'send_events': ['Alice_opening_23', 'Bob_opening_23']}, {'round_index': 30, 'phase': 'fair_opening_block_24', 'send_events': ['Bob_opening_24', 'Alice_opening_24']}, {'round_index': 31, 'phase': 'fair_opening_block_25', 'send_events': ['Alice_opening_25', 'Bob_opening_25']}, {'round_index': 32, 'phase': 'fair_opening_block_26', 'send_events': ['Bob_opening_26', 'Alice_opening_26']}, {'round_index': 33, 'phase': 'fair_opening_block_27', 'send_events': ['Alice_opening_27', 'Bob_opening_27']}, {'round_index': 34, 'phase': 'fair_opening_block_28', 'send_events': ['Bob_opening_28', 'Alice_opening_28']}, {'round_index': 35, 'phase': 'fair_opening_block_29', 'send_events': ['Alice_opening_29', 'Bob_opening_29']}, {'round_index': 36, 'phase': 'fair_opening_block_30', 'send_events': ['Bob_opening_30', 'Alice_opening_30']}, {'round_index': 37, 'phase': 'fair_opening_block_31', 'send_events': ['Alice_opening_31', 'Bob_opening_31']}, {'round_index': 38, 'phase': 'keyed_message_confirmation', 'send_events': ['Alice_to_Bob_gamma_A', 'Bob_to_Alice_gamma_B']}]",not_measured,ideal_test_fixture_external_not_measured,211,True
fair,16,32,2,4,118.96458000410348,117.69080010708421,6.968712340215243,2.481799980159849,116.47090414243097,121.458255865776,539.3969923088816,1159353,56316,1337,70,22,COMPLETED,1.0,30,"Python reference implementation; excludes quantum hardware, optical/network latency, and external KE/QKD",104,40,64,56316,445,6553,42833,2240,6,6,70,70,4,4,32,32,32,32,2,2,1,1,1,1,2,2,32,32,32,8,"{'IAQD/ack/B2A': 1, 'IAQD/conf/A': 1, 'IAQD/conf/B': 1, 'IAQD/dist/A2B': 1, 'IAQD/mac/A': 1, 'IAQD/mac/B': 1, 'IAQD/otp/A': 1, 'IAQD/otp/B': 1}",1,1,1,64,48,96,8,104,32,74,74,148,70,"[{'round_index': 1, 'phase': 'session_and_parameter_negotiation', 'send_events': ['N_A_and_params', 'N_B_and_params']}, {'round_index': 2, 'phase': 'authenticated_quantum_receipt', 'send_events': ['Bob_to_Alice_QRECV']}, {'round_index': 3, 'phase': 'authenticated_decoy_disclosure', 'send_events': ['Alice_to_Bob_DECOY_DISCLOSURE']}, {'round_index': 4, 'phase': 'fair_ciphertexts', 'send_events': ['Alice_to_Bob_C_A_fair', 'Bob_to_Alice_C_B_fair']}, {'round_index': 5, 'phase': 'authenticated_commitment_exchange', 'send_events': ['Alice_commitments', 'Bob_commitments']}, {'round_index': 6, 'phase': 'fair_opening_block_0', 'send_events': ['Bob_opening_0', 'Alice_opening_0']}, {'round_index': 7, 'phase': 'fair_opening_block_1', 'send_events': ['Alice_opening_1', 'Bob_opening_1']}, {'round_index': 8, 'phase': 'fair_opening_block_2', 'send_events': ['Bob_opening_2', 'Alice_opening_2']}, {'round_index': 9, 'phase': 'fair_opening_block_3', 'send_events': ['Alice_opening_3', 'Bob_opening_3']}, {'round_index': 10, 'phase': 'fair_opening_block_4', 'send_events': ['Bob_opening_4', 'Alice_opening_4']}, {'round_index': 11, 'phase': 'fair_opening_block_5', 'send_events': ['Alice_opening_5', 'Bob_opening_5']}, {'round_index': 12, 'phase': 'fair_opening_block_6', 'send_events': ['Bob_opening_6', 'Alice_opening_6']}, {'round_index': 13, 'phase': 'fair_opening_block_7', 'send_events': ['Alice_opening_7', 'Bob_opening_7']}, {'round_index': 14, 'phase': 'fair_opening_block_8', 'send_events': ['Bob_opening_8', 'Alice_opening_8']}, {'round_index': 15, 'phase': 'fair_opening_block_9', 'send_events': ['Alice_opening_9', 'Bob_opening_9']}, {'round_index': 16, 'phase': 'fair_opening_block_10', 'send_events': ['Bob_opening_10', 'Alice_opening_10']}, {'round_index': 17, 'phase': 'fair_opening_block_11', 'send_events': ['Alice_opening_11', 'Bob_opening_11']}, {'round_index': 18, 'phase': 'fair_opening_block_12', 'send_events': ['Bob_opening_12', 'Alice_opening_12']}, {'round_index': 19, 'phase': 'fair_opening_block_13', 'send_events': ['Alice_opening_13', 'Bob_opening_13']}, {'round_index': 20, 'phase': 'fair_opening_block_14', 'send_events': ['Bob_opening_14', 'Alice_opening_14']}, {'round_index': 21, 'phase': 'fair_opening_block_15', 'send_events': ['Alice_opening_15', 'Bob_opening_15']}, {'round_index': 22, 'phase': 'keyed_message_confirmation', 'send_events': ['Alice_to_Bob_gamma_A', 'Bob_to_Alice_gamma_B']}]",not_measured,ideal_test_fixture_external_not_measured,115,True
fair,16,32,4,4,63.83296333563825,63.506800099276006,1.5198311767572485,1.4392000739462674,63.289108727459684,64.37681794381682,1003.1486253685244,533737,30804,1337,38,14,COMPLETED,1.0,30,"Python reference implementation; excludes quantum hardware, optical/network latency, and external KE/QKD",104,40,64,30804,445,3777,23265,1216,6,6,38,38,4,4,16,16,16,16,2,2,1,1,1,1,2,2,16,16,16,8,"{'IAQD/ack/B2A': 1, 'IAQD/conf/A': 1, 'IAQD/conf/B': 1, 'IAQD/dist/A2B': 1, 'IAQD/mac/A': 1, 'IAQD/mac/B': 1, 'IAQD/otp/A': 1, 'IAQD/otp/B': 1}",1,1,1,32,48,96,8,104,32,42,42,84,38,"[{'round_index': 1, 'phase': 'session_and_parameter_negotiation', 'send_events': ['N_A_and_params', 'N_B_and_params']}, {'round_index': 2, 'phase': 'authenticated_quantum_receipt', 'send_events': ['Bob_to_Alice_QRECV']}, {'round_index': 3, 'phase': 'authenticated_decoy_disclosure', 'send_events': ['Alice_to_Bob_DECOY_DISCLOSURE']}, {'round_index': 4, 'phase': 'fair_ciphertexts', 'send_events': ['Alice_to_Bob_C_A_fair', 'Bob_to_Alice_C_B_fair']}, {'round_index': 5, 'phase': 'authenticated_commitment_exchange', 'send_events': ['Alice_commitments', 'Bob_commitments']}, {'round_index': 6, 'phase': 'fair_opening_block_0', 'send_events': ['Bob_opening_0', 'Alice_opening_0']}, {'round_index': 7, 'phase': 'fair_opening_block_1', 'send_events': ['Alice_opening_1', 'Bob_opening_1']}, {'round_index': 8, 'phase': 'fair_opening_block_2', 'send_events': ['Bob_opening_2', 'Alice_opening_2']}, {'round_index': 9, 'phase': 'fair_opening_block_3', 'send_events': ['Alice_opening_3', 'Bob_opening_3']}, {'round_index': 10, 'phase': 'fair_opening_block_4', 'send_events': ['Bob_opening_4', 'Alice_opening_4']}, {'round_index': 11, 'phase': 'fair_opening_block_5', 'send_events': ['Alice_opening_5', 'Bob_opening_5']}, {'round_index': 12, 'phase': 'fair_opening_block_6', 'send_events': ['Bob_opening_6', 'Alice_opening_6']}, {'round_index': 13, 'phase': 'fair_opening_block_7', 'send_events': ['Alice_opening_7', 'Bob_opening_7']}, {'round_index': 14, 'phase': 'keyed_message_confirmation', 'send_events': ['Alice_to_Bob_gamma_A', 'Bob_to_Alice_gamma_B']}]",not_measured,ideal_test_fixture_external_not_measured,67,True
fair,16,32,8,4,39.382566682373486,39.39514991361648,0.8734419178153203,1.2791749322786927,39.07001524952704,39.695118115219934,1625.858172722148,273773,18060,1337,22,10,COMPLETED,1.0,30,"Python reference implementation; excludes quantum hardware, optical/network latency, and external KE/QKD",104,40,64,18060,445,2401,13481,704,6,6,22,22,4,4,8,8,8,8,2,2,1,1,1,1,2,2,8,8,8,8,"{'IAQD/ack/B2A': 1, 'IAQD/conf/A': 1, 'IAQD/conf/B': 1, 'IAQD/dist/A2B': 1, 'IAQD/mac/A': 1, 'IAQD/mac/B': 1, 'IAQD/otp/A': 1, 'IAQD/otp/B': 1}",1,1,1,16,48,96,8,104,32,26,26,52,22,"[{'round_index': 1, 'phase': 'session_and_parameter_negotiation', 'send_events': ['N_A_and_params', 'N_B_and_params']}, {'round_index': 2, 'phase': 'authenticated_quantum_receipt', 'send_events': ['Bob_to_Alice_QRECV']}, {'round_index': 3, 'phase': 'authenticated_decoy_disclosure', 'send_events': ['Alice_to_Bob_DECOY_DISCLOSURE']}, {'round_index': 4, 'phase': 'fair_ciphertexts', 'send_events': ['Alice_to_Bob_C_A_fair', 'Bob_to_Alice_C_B_fair']}, {'round_index': 5, 'phase': 'authenticated_commitment_exchange', 'send_events': ['Alice_commitments', 'Bob_commitments']}, {'round_index': 6, 'phase': 'fair_opening_block_0', 'send_events': ['Bob_opening_0', 'Alice_opening_0']}, {'round_index': 7, 'phase': 'fair_opening_block_1', 'send_events': ['Alice_opening_1', 'Bob_opening_1']}, {'round_index': 8, 'phase': 'fair_opening_block_2', 'send_events': ['Bob_opening_2', 'Alice_opening_2']}, {'round_index': 9, 'phase': 'fair_opening_block_3', 'send_events': ['Alice_opening_3', 'Bob_opening_3']}, {'round_index': 10, 'phase': 'keyed_message_confirmation', 'send_events': ['Alice_to_Bob_gamma_A', 'Bob_to_Alice_gamma_B']}]",not_measured,ideal_test_fixture_external_not_measured,43,True
fair,32,64,1,4,669.6262866491452,657.2259000968188,43.195799170730695,28.281925013288856,654.1691524672544,685.0834208310359,191.81039909995368,9001242,238924,1451,262,70,COMPLETED,1.0,30,"Python reference implementation; excludes quantum hardware, optical/network latency, and external KE/QKD",200,72,128,238924,447,23339,189647,8384,6,6,262,262,4,4,128,128,128,128,2,2,1,1,1,1,2,2,128,128,128,8,"{'IAQD/ack/B2A': 1, 'IAQD/conf/A': 1, 'IAQD/conf/B': 1, 'IAQD/dist/A2B': 1, 'IAQD/mac/A': 1, 'IAQD/mac/B': 1, 'IAQD/otp/A': 1, 'IAQD/otp/B': 1}",1,1,1,256,96,192,8,200,64,266,266,532,262,"[{'round_index': 1, 'phase': 'session_and_parameter_negotiation', 'send_events': ['N_A_and_params', 'N_B_and_params']}, {'round_index': 2, 'phase': 'authenticated_quantum_receipt', 'send_events': ['Bob_to_Alice_QRECV']}, {'round_index': 3, 'phase': 'authenticated_decoy_disclosure', 'send_events': ['Alice_to_Bob_DECOY_DISCLOSURE']}, {'round_index': 4, 'phase': 'fair_ciphertexts', 'send_events': ['Alice_to_Bob_C_A_fair', 'Bob_to_Alice_C_B_fair']}, {'round_index': 5, 'phase': 'authenticated_commitment_exchange', 'send_events': ['Alice_commitments', 'Bob_commitments']}, {'round_index': 6, 'phase': 'fair_opening_block_0', 'send_events': ['Bob_opening_0', 'Alice_opening_0']}, {'round_index': 7, 'phase': 'fair_opening_block_1', 'send_events': ['Alice_opening_1', 'Bob_opening_1']}, {'round_index': 8, 'phase': 'fair_opening_block_2', 'send_events': ['Bob_opening_2', 'Alice_opening_2']}, {'round_index': 9, 'phase': 'fair_opening_block_3', 'send_events': ['Alice_opening_3', 'Bob_opening_3']}, {'round_index': 10, 'phase': 'fair_opening_block_4', 'send_events': ['Bob_opening_4', 'Alice_opening_4']}, {'round_index': 11, 'phase': 'fair_opening_block_5', 'send_events': ['Alice_opening_5', 'Bob_opening_5']}, {'round_index': 12, 'phase': 'fair_opening_block_6', 'send_events': ['Bob_opening_6', 'Alice_opening_6']}, {'round_index': 13, 'phase': 'fair_opening_block_7', 'send_events': ['Alice_opening_7', 'Bob_opening_7']}, {'round_index': 14, 'phase': 'fair_opening_block_8', 'send_events': ['Bob_opening_8', 'Alice_opening_8']}, {'round_index': 15, 'phase': 'fair_opening_block_9', 'send_events': ['Alice_opening_9', 'Bob_opening_9']}, {'round_index': 16, 'phase': 'fair_opening_block_10', 'send_events': ['Bob_opening_10', 'Alice_opening_10']}, {'round_index': 17, 'phase': 'fair_opening_block_11', 'send_events': ['Alice_opening_11', 'Bob_opening_11']}, {'round_index': 18, 'phase': 'fair_opening_block_12', 'send_events': ['Bob_opening_12', 'Alice_opening_12']}, {'round_index': 19, 'phase': 'fair_opening_block_13', 'send_events': ['Alice_opening_13', 'Bob_opening_13']}, {'round_index': 20, 'phase': 'fair_opening_block_14', 'send_events': ['Bob_opening_14', 'Alice_opening_14']}, {'round_index': 21, 'phase': 'fair_opening_block_15', 'send_events': ['Alice_opening_15', 'Bob_opening_15']}, {'round_index': 22, 'phase': 'fair_opening_block_16', 'send_events': ['Bob_opening_16', 'Alice_opening_16']}, {'round_index': 23, 'phase': 'fair_opening_block_17', 'send_events': ['Alice_opening_17', 'Bob_opening_17']}, {'round_index': 24, 'phase': 'fair_opening_block_18', 'send_events': ['Bob_opening_18', 'Alice_opening_18']}, {'round_index': 25, 'phase': 'fair_opening_block_19', 'send_events': ['Alice_opening_19', 'Bob_opening_19']}, {'round_index': 26, 'phase': 'fair_opening_block_20', 'send_events': ['Bob_opening_20', 'Alice_opening_20']}, {'round_index': 27, 'phase': 'fair_opening_block_21', 'send_events': ['Alice_opening_21', 'Bob_opening_21']}, {'round_index': 28, 'phase': 'fair_opening_block_22', 'send_events': ['Bob_opening_22', 'Alice_opening_22']}, {'round_index': 29, 'phase': 'fair_opening_block_23', 'send_events': ['Alice_opening_23', 'Bob_opening_23']}, {'round_index': 30, 'phase': 'fair_opening_block_24', 'send_events': ['Bob_opening_24', 'Alice_opening_24']}, {'round_index': 31, 'phase': 'fair_opening_block_25', 'send_events': ['Alice_opening_25', 'Bob_opening_25']}, {'round_index': 32, 'phase': 'fair_opening_block_26', 'send_events': ['Bob_opening_26', 'Alice_opening_26']}, {'round_index': 33, 'phase': 'fair_opening_block_27', 'send_events': ['Alice_opening_27', 'Bob_opening_27']}, {'round_index': 34, 'phase': 'fair_opening_block_28', 'send_events': ['Bob_opening_28', 'Alice_opening_28']}, {'round_index': 35, 'phase': 'fair_opening_block_29', 'send_events': ['Alice_opening_29', 'Bob_opening_29']}, {'round_index': 36, 'phase': 'fair_opening_block_30', 'send_events': ['Bob_opening_30', 'Alice_opening_30']}, {'round_index': 37, 'phase': 'fair_opening_block_31', 'send_events': ['Alice_opening_31', 'Bob_opening_31']}, {'round_index': 38, 'phase': 'fair_opening_block_32', 'send_events': ['Bob_opening_32', 'Alice_opening_32']}, {'round_index': 39, 'phase': 'fair_opening_block_33', 'send_events': ['Alice_opening_33', 'Bob_opening_33']}, {'round_index': 40, 'phase': 'fair_opening_block_34', 'send_events': ['Bob_opening_34', 'Alice_opening_34']}, {'round_index': 41, 'phase': 'fair_opening_block_35', 'send_events': ['Alice_opening_35', 'Bob_opening_35']}, {'round_index': 42, 'phase': 'fair_opening_block_36', 'send_events': ['Bob_opening_36', 'Alice_opening_36']}, {'round_index': 43, 'phase': 'fair_opening_block_37', 'send_events': ['Alice_opening_37', 'Bob_opening_37']}, {'round_index': 44, 'phase': 'fair_opening_block_38', 'send_events': ['Bob_opening_38', 'Alice_opening_38']}, {'round_index': 45, 'phase': 'fair_opening_block_39', 'send_events': ['Alice_opening_39', 'Bob_opening_39']}, {'round_index': 46, 'phase': 'fair_opening_block_40', 'send_events': ['Bob_opening_40', 'Alice_opening_40']}, {'round_index': 47, 'phase': 'fair_opening_block_41', 'send_events': ['Alice_opening_41', 'Bob_opening_41']}, {'round_index': 48, 'phase': 'fair_opening_block_42', 'send_events': ['Bob_opening_42', 'Alice_opening_42']}, {'round_index': 49, 'phase': 'fair_opening_block_43', 'send_events': ['Alice_opening_43', 'Bob_opening_43']}, {'round_index': 50, 'phase': 'fair_opening_block_44', 'send_events': ['Bob_opening_44', 'Alice_opening_44']}, {'round_index': 51, 'phase': 'fair_opening_block_45', 'send_events': ['Alice_opening_45', 'Bob_opening_45']}, {'round_index': 52, 'phase': 'fair_opening_block_46', 'send_events': ['Bob_opening_46', 'Alice_opening_46']}, {'round_index': 53, 'phase': 'fair_opening_block_47', 'send_events': ['Alice_opening_47', 'Bob_opening_47']}, {'round_index': 54, 'phase': 'fair_opening_block_48', 'send_events': ['Bob_opening_48', 'Alice_opening_48']}, {'round_index': 55, 'phase': 'fair_opening_block_49', 'send_events': ['Alice_opening_49', 'Bob_opening_49']}, {'round_index': 56, 'phase': 'fair_opening_block_50', 'send_events': ['Bob_opening_50', 'Alice_opening_50']}, {'round_index': 57, 'phase': 'fair_opening_block_51', 'send_events': ['Alice_opening_51', 'Bob_opening_51']}, {'round_index': 58, 'phase': 'fair_opening_block_52', 'send_events': ['Bob_opening_52', 'Alice_opening_52']}, {'round_index': 59, 'phase': 'fair_opening_block_53', 'send_events': ['Alice_opening_53', 'Bob_opening_53']}, {'round_index': 60, 'phase': 'fair_opening_block_54', 'send_events': ['Bob_opening_54', 'Alice_opening_54']}, {'round_index': 61, 'phase': 'fair_opening_block_55', 'send_events': ['Alice_opening_55', 'Bob_opening_55']}, {'round_index': 62, 'phase': 'fair_opening_block_56', 'send_events': ['Bob_opening_56', 'Alice_opening_56']}, {'round_index': 63, 'phase': 'fair_opening_block_57', 'send_events': ['Alice_opening_57', 'Bob_opening_57']}, {'round_index': 64, 'phase': 'fair_opening_block_58', 'send_events': ['Bob_opening_58', 'Alice_opening_58']}, {'round_index': 65, 'phase': 'fair_opening_block_59', 'send_events': ['Alice_opening_59', 'Bob_opening_59']}, {'round_index': 66, 'phase': 'fair_opening_block_60', 'send_events': ['Bob_opening_60', 'Alice_opening_60']}, {'round_index': 67, 'phase': 'fair_opening_block_61', 'send_events': ['Alice_opening_61', 'Bob_opening_61']}, {'round_index': 68, 'phase': 'fair_opening_block_62', 'send_events': ['Bob_opening_62', 'Alice_opening_62']}, {'round_index': 69, 'phase': 'fair_opening_block_63', 'send_events': ['Alice_opening_63', 'Bob_opening_63']}, {'round_index': 70, 'phase': 'keyed_message_confirmation', 'send_events': ['Alice_to_Bob_gamma_A', 'Bob_to_Alice_gamma_B']}]",not_measured,ideal_test_fixture_external_not_measured,403,True
fair,32,64,2,4,288.8436333586772,284.23029999248683,14.046832924170003,17.953674774616957,283.81713111753754,293.8701355998169,444.11453331518135,3129324,122446,1451,134,38,COMPLETED,1.0,30,"Python reference implementation; excludes quantum hardware, optical/network latency, and external KE/QKD",200,72,128,122446,447,12203,96977,4288,6,6,134,134,4,4,64,64,64,64,2,2,1,1,1,1,2,2,64,64,64,8,"{'IAQD/ack/B2A': 1, 'IAQD/conf/A': 1, 'IAQD/conf/B': 1, 'IAQD/dist/A2B': 1, 'IAQD/mac/A': 1, 'IAQD/mac/B': 1, 'IAQD/otp/A': 1, 'IAQD/otp/B': 1}",1,1,1,128,96,192,8,200,64,138,138,276,134,"[{'round_index': 1, 'phase': 'session_and_parameter_negotiation', 'send_events': ['N_A_and_params', 'N_B_and_params']}, {'round_index': 2, 'phase': 'authenticated_quantum_receipt', 'send_events': ['Bob_to_Alice_QRECV']}, {'round_index': 3, 'phase': 'authenticated_decoy_disclosure', 'send_events': ['Alice_to_Bob_DECOY_DISCLOSURE']}, {'round_index': 4, 'phase': 'fair_ciphertexts', 'send_events': ['Alice_to_Bob_C_A_fair', 'Bob_to_Alice_C_B_fair']}, {'round_index': 5, 'phase': 'authenticated_commitment_exchange', 'send_events': ['Alice_commitments', 'Bob_commitments']}, {'round_index': 6, 'phase': 'fair_opening_block_0', 'send_events': ['Bob_opening_0', 'Alice_opening_0']}, {'round_index': 7, 'phase': 'fair_opening_block_1', 'send_events': ['Alice_opening_1', 'Bob_opening_1']}, {'round_index': 8, 'phase': 'fair_opening_block_2', 'send_events': ['Bob_opening_2', 'Alice_opening_2']}, {'round_index': 9, 'phase': 'fair_opening_block_3', 'send_events': ['Alice_opening_3', 'Bob_opening_3']}, {'round_index': 10, 'phase': 'fair_opening_block_4', 'send_events': ['Bob_opening_4', 'Alice_opening_4']}, {'round_index': 11, 'phase': 'fair_opening_block_5', 'send_events': ['Alice_opening_5', 'Bob_opening_5']}, {'round_index': 12, 'phase': 'fair_opening_block_6', 'send_events': ['Bob_opening_6', 'Alice_opening_6']}, {'round_index': 13, 'phase': 'fair_opening_block_7', 'send_events': ['Alice_opening_7', 'Bob_opening_7']}, {'round_index': 14, 'phase': 'fair_opening_block_8', 'send_events': ['Bob_opening_8', 'Alice_opening_8']}, {'round_index': 15, 'phase': 'fair_opening_block_9', 'send_events': ['Alice_opening_9', 'Bob_opening_9']}, {'round_index': 16, 'phase': 'fair_opening_block_10', 'send_events': ['Bob_opening_10', 'Alice_opening_10']}, {'round_index': 17, 'phase': 'fair_opening_block_11', 'send_events': ['Alice_opening_11', 'Bob_opening_11']}, {'round_index': 18, 'phase': 'fair_opening_block_12', 'send_events': ['Bob_opening_12', 'Alice_opening_12']}, {'round_index': 19, 'phase': 'fair_opening_block_13', 'send_events': ['Alice_opening_13', 'Bob_opening_13']}, {'round_index': 20, 'phase': 'fair_opening_block_14', 'send_events': ['Bob_opening_14', 'Alice_opening_14']}, {'round_index': 21, 'phase': 'fair_opening_block_15', 'send_events': ['Alice_opening_15', 'Bob_opening_15']}, {'round_index': 22, 'phase': 'fair_opening_block_16', 'send_events': ['Bob_opening_16', 'Alice_opening_16']}, {'round_index': 23, 'phase': 'fair_opening_block_17', 'send_events': ['Alice_opening_17', 'Bob_opening_17']}, {'round_index': 24, 'phase': 'fair_opening_block_18', 'send_events': ['Bob_opening_18', 'Alice_opening_18']}, {'round_index': 25, 'phase': 'fair_opening_block_19', 'send_events': ['Alice_opening_19', 'Bob_opening_19']}, {'round_index': 26, 'phase': 'fair_opening_block_20', 'send_events': ['Bob_opening_20', 'Alice_opening_20']}, {'round_index': 27, 'phase': 'fair_opening_block_21', 'send_events': ['Alice_opening_21', 'Bob_opening_21']}, {'round_index': 28, 'phase': 'fair_opening_block_22', 'send_events': ['Bob_opening_22', 'Alice_opening_22']}, {'round_index': 29, 'phase': 'fair_opening_block_23', 'send_events': ['Alice_opening_23', 'Bob_opening_23']}, {'round_index': 30, 'phase': 'fair_opening_block_24', 'send_events': ['Bob_opening_24', 'Alice_opening_24']}, {'round_index': 31, 'phase': 'fair_opening_block_25', 'send_events': ['Alice_opening_25', 'Bob_opening_25']}, {'round_index': 32, 'phase': 'fair_opening_block_26', 'send_events': ['Bob_opening_26', 'Alice_opening_26']}, {'round_index': 33, 'phase': 'fair_opening_block_27', 'send_events': ['Alice_opening_27', 'Bob_opening_27']}, {'round_index': 34, 'phase': 'fair_opening_block_28', 'send_events': ['Bob_opening_28', 'Alice_opening_28']}, {'round_index': 35, 'phase': 'fair_opening_block_29', 'send_events': ['Alice_opening_29', 'Bob_opening_29']}, {'round_index': 36, 'phase': 'fair_opening_block_30', 'send_events': ['Bob_opening_30', 'Alice_opening_30']}, {'round_index': 37, 'phase': 'fair_opening_block_31', 'send_events': ['Alice_opening_31', 'Bob_opening_31']}, {'round_index': 38, 'phase': 'keyed_message_confirmation', 'send_events': ['Alice_to_Bob_gamma_A', 'Bob_to_Alice_gamma_B']}]",not_measured,ideal_test_fixture_external_not_measured,211,True
fair,32,64,4,4,135.1813699817285,133.83595005143434,7.618858800779785,2.131124900188297,132.45504647209586,137.90769349136113,949.1742874691382,1263468,64238,1451,70,22,COMPLETED,1.0,30,"Python reference implementation; excludes quantum hardware, optical/network latency, and external KE/QKD",200,72,128,64238,447,6635,50673,2240,6,6,70,70,4,4,32,32,32,32,2,2,1,1,1,1,2,2,32,32,32,8,"{'IAQD/ack/B2A': 1, 'IAQD/conf/A': 1, 'IAQD/conf/B': 1, 'IAQD/dist/A2B': 1, 'IAQD/mac/A': 1, 'IAQD/mac/B': 1, 'IAQD/otp/A': 1, 'IAQD/otp/B': 1}",1,1,1,64,96,192,8,200,64,74,74,148,70,"[{'round_index': 1, 'phase': 'session_and_parameter_negotiation', 'send_events': ['N_A_and_params', 'N_B_and_params']}, {'round_index': 2, 'phase': 'authenticated_quantum_receipt', 'send_events': ['Bob_to_Alice_QRECV']}, {'round_index': 3, 'phase': 'authenticated_decoy_disclosure', 'send_events': ['Alice_to_Bob_DECOY_DISCLOSURE']}, {'round_index': 4, 'phase': 'fair_ciphertexts', 'send_events': ['Alice_to_Bob_C_A_fair', 'Bob_to_Alice_C_B_fair']}, {'round_index': 5, 'phase': 'authenticated_commitment_exchange', 'send_events': ['Alice_commitments', 'Bob_commitments']}, {'round_index': 6, 'phase': 'fair_opening_block_0', 'send_events': ['Bob_opening_0', 'Alice_opening_0']}, {'round_index': 7, 'phase': 'fair_opening_block_1', 'send_events': ['Alice_opening_1', 'Bob_opening_1']}, {'round_index': 8, 'phase': 'fair_opening_block_2', 'send_events': ['Bob_opening_2', 'Alice_opening_2']}, {'round_index': 9, 'phase': 'fair_opening_block_3', 'send_events': ['Alice_opening_3', 'Bob_opening_3']}, {'round_index': 10, 'phase': 'fair_opening_block_4', 'send_events': ['Bob_opening_4', 'Alice_opening_4']}, {'round_index': 11, 'phase': 'fair_opening_block_5', 'send_events': ['Alice_opening_5', 'Bob_opening_5']}, {'round_index': 12, 'phase': 'fair_opening_block_6', 'send_events': ['Bob_opening_6', 'Alice_opening_6']}, {'round_index': 13, 'phase': 'fair_opening_block_7', 'send_events': ['Alice_opening_7', 'Bob_opening_7']}, {'round_index': 14, 'phase': 'fair_opening_block_8', 'send_events': ['Bob_opening_8', 'Alice_opening_8']}, {'round_index': 15, 'phase': 'fair_opening_block_9', 'send_events': ['Alice_opening_9', 'Bob_opening_9']}, {'round_index': 16, 'phase': 'fair_opening_block_10', 'send_events': ['Bob_opening_10', 'Alice_opening_10']}, {'round_index': 17, 'phase': 'fair_opening_block_11', 'send_events': ['Alice_opening_11', 'Bob_opening_11']}, {'round_index': 18, 'phase': 'fair_opening_block_12', 'send_events': ['Bob_opening_12', 'Alice_opening_12']}, {'round_index': 19, 'phase': 'fair_opening_block_13', 'send_events': ['Alice_opening_13', 'Bob_opening_13']}, {'round_index': 20, 'phase': 'fair_opening_block_14', 'send_events': ['Bob_opening_14', 'Alice_opening_14']}, {'round_index': 21, 'phase': 'fair_opening_block_15', 'send_events': ['Alice_opening_15', 'Bob_opening_15']}, {'round_index': 22, 'phase': 'keyed_message_confirmation', 'send_events': ['Alice_to_Bob_gamma_A', 'Bob_to_Alice_gamma_B']}]",not_measured,ideal_test_fixture_external_not_measured,115,True
fair,32,64,8,4,74.35951664422949,74.33549989946187,1.406312728431617,1.8225500243715942,73.85628334464053,74.86274994381844,1721.9526280929263,587787,35142,1451,38,14,COMPLETED,1.0,30,"Python reference implementation; excludes quantum hardware, optical/network latency, and external KE/QKD",200,72,128,35142,447,3859,27521,1216,6,6,38,38,4,4,16,16,16,16,2,2,1,1,1,1,2,2,16,16,16,8,"{'IAQD/ack/B2A': 1, 'IAQD/conf/A': 1, 'IAQD/conf/B': 1, 'IAQD/dist/A2B': 1, 'IAQD/mac/A': 1, 'IAQD/mac/B': 1, 'IAQD/otp/A': 1, 'IAQD/otp/B': 1}",1,1,1,32,96,192,8,200,64,42,42,84,38,"[{'round_index': 1, 'phase': 'session_and_parameter_negotiation', 'send_events': ['N_A_and_params', 'N_B_and_params']}, {'round_index': 2, 'phase': 'authenticated_quantum_receipt', 'send_events': ['Bob_to_Alice_QRECV']}, {'round_index': 3, 'phase': 'authenticated_decoy_disclosure', 'send_events': ['Alice_to_Bob_DECOY_DISCLOSURE']}, {'round_index': 4, 'phase': 'fair_ciphertexts', 'send_events': ['Alice_to_Bob_C_A_fair', 'Bob_to_Alice_C_B_fair']}, {'round_index': 5, 'phase': 'authenticated_commitment_exchange', 'send_events': ['Alice_commitments', 'Bob_commitments']}, {'round_index': 6, 'phase': 'fair_opening_block_0', 'send_events': ['Bob_opening_0', 'Alice_opening_0']}, {'round_index': 7, 'phase': 'fair_opening_block_1', 'send_events': ['Alice_opening_1', 'Bob_opening_1']}, {'round_index': 8, 'phase': 'fair_opening_block_2', 'send_events': ['Bob_opening_2', 'Alice_opening_2']}, {'round_index': 9, 'phase': 'fair_opening_block_3', 'send_events': ['Alice_opening_3', 'Bob_opening_3']}, {'round_index': 10, 'phase': 'fair_opening_block_4', 'send_events': ['Bob_opening_4', 'Alice_opening_4']}, {'round_index': 11, 'phase': 'fair_opening_block_5', 'send_events': ['Alice_opening_5', 'Bob_opening_5']}, {'round_index': 12, 'phase': 'fair_opening_block_6', 'send_events': ['Bob_opening_6', 'Alice_opening_6']}, {'round_index': 13, 'phase': 'fair_opening_block_7', 'send_events': ['Alice_opening_7', 'Bob_opening_7']}, {'round_index': 14, 'phase': 'keyed_message_confirmation', 'send_events': ['Alice_to_Bob_gamma_A', 'Bob_to_Alice_gamma_B']}]",not_measured,ideal_test_fixture_external_not_measured,67,True
basic,1,2,,155,49.84926665201783,49.67315006069839,0.9902342337581912,1.122875139117241,49.49492239362815,50.20361091040751,80.27173973904088,74057,7136,4008,6,5,COMPLETED,1.0,30,"Python reference implementation; excludes quantum hardware, optical/network latency, and external KE/QKD",316,312,4,7136,3271,3761,2781,192,6,6,6,6,4,4,0,0,0,0,2,2,1,1,1,1,2,2,0,0,0,8,"{'IAQD/ack/B2A': 1, 'IAQD/conf/A': 1, 'IAQD/conf/B': 1, 'IAQD/dist/A2B': 1, 'IAQD/mac/A': 1, 'IAQD/mac/B': 1, 'IAQD/otp/A': 1, 'IAQD/otp/B': 1}",1,1,1,0,3,6,310,316,2,10,10,20,6,"[{'round_index': 1, 'phase': 'session_and_parameter_negotiation', 'send_events': ['N_A_and_params', 'N_B_and_params']}, {'round_index': 2, 'phase': 'authenticated_quantum_receipt', 'send_events': ['Bob_to_Alice_QRECV']}, {'round_index': 3, 'phase': 'authenticated_decoy_disclosure', 'send_events': ['Alice_to_Bob_DECOY_DISCLOSURE']}, {'round_index': 4, 'phase': 'protected_dialogue_ciphertexts', 'send_events': ['Alice_to_Bob_C_A', 'Bob_to_Alice_C_B']}, {'round_index': 5, 'phase': 'keyed_message_confirmation', 'send_events': ['Alice_to_Bob_gamma_A', 'Bob_to_Alice_gamma_B']}]",not_measured,ideal_test_fixture_external_not_measured,18,False
basic,2,4,,155,50.543476664461195,50.438900012522936,0.7989149584034538,0.9505999623797834,50.257593871480495,50.829359457441896,158.317840559221,74934,7179,4016,6,5,COMPLETED,1.0,30,"Python reference implementation; excludes quantum hardware, optical/network latency, and external KE/QKD",322,314,8,7179,3272,3762,2823,192,6,6,6,6,4,4,0,0,0,0,2,2,1,1,1,1,2,2,0,0,0,8,"{'IAQD/ack/B2A': 1, 'IAQD/conf/A': 1, 'IAQD/conf/B': 1, 'IAQD/dist/A2B': 1, 'IAQD/mac/A': 1, 'IAQD/mac/B': 1, 'IAQD/otp/A': 1, 'IAQD/otp/B': 1}",1,1,1,0,6,12,310,322,4,10,10,20,6,"[{'round_index': 1, 'phase': 'session_and_parameter_negotiation', 'send_events': ['N_A_and_params', 'N_B_and_params']}, {'round_index': 2, 'phase': 'authenticated_quantum_receipt', 'send_events': ['Bob_to_Alice_QRECV']}, {'round_index': 3, 'phase': 'authenticated_decoy_disclosure', 'send_events': ['Alice_to_Bob_DECOY_DISCLOSURE']}, {'round_index': 4, 'phase': 'protected_dialogue_ciphertexts', 'send_events': ['Alice_to_Bob_C_A', 'Bob_to_Alice_C_B']}, {'round_index': 5, 'phase': 'keyed_message_confirmation', 'send_events': ['Alice_to_Bob_gamma_A', 'Bob_to_Alice_gamma_B']}]",not_measured,ideal_test_fixture_external_not_measured,18,False
basic,4,8,,155,50.82733335439116,50.88324996177107,0.693976791320471,0.8828749414533377,50.57900151220991,51.0756651965724,314.8478821660323,76340,7268,4035,6,5,COMPLETED,1.0,30,"Python reference implementation; excludes quantum hardware, optical/network latency, and external KE/QKD",334,318,16,7268,3277,3767,2907,192,6,6,6,6,4,4,0,0,0,0,2,2,1,1,1,1,2,2,0,0,0,8,"{'IAQD/ack/B2A': 1, 'IAQD/conf/A': 1, 'IAQD/conf/B': 1, 'IAQD/dist/A2B': 1, 'IAQD/mac/A': 1, 'IAQD/mac/B': 1, 'IAQD/otp/A': 1, 'IAQD/otp/B': 1}",1,1,1,0,12,24,310,334,8,10,10,20,6,"[{'round_index': 1, 'phase': 'session_and_parameter_negotiation', 'send_events': ['N_A_and_params', 'N_B_and_params']}, {'round_index': 2, 'phase': 'authenticated_quantum_receipt', 'send_events': ['Bob_to_Alice_QRECV']}, {'round_index': 3, 'phase': 'authenticated_decoy_disclosure', 'send_events': ['Alice_to_Bob_DECOY_DISCLOSURE']}, {'round_index': 4, 'phase': 'protected_dialogue_ciphertexts', 'send_events': ['Alice_to_Bob_C_A', 'Bob_to_Alice_C_B']}, {'round_index': 5, 'phase': 'keyed_message_confirmation', 'send_events': ['Alice_to_Bob_gamma_A', 'Bob_to_Alice_gamma_B']}]",not_measured,ideal_test_fixture_external_not_measured,18,False
basic,8,16,,155,51.55400338117033,51.50435003452003,0.9149055669122895,0.9677249472588301,51.226614644695594,51.88139211764507,620.8969083940124,80523,7450,4068,6,5,COMPLETED,1.0,30,"Python reference implementation; excludes quantum hardware, optical/network latency, and external KE/QKD",358,326,32,7450,3281,3775,3081,192,6,6,6,6,4,4,0,0,0,0,2,2,1,1,1,1,2,2,0,0,0,8,"{'IAQD/ack/B2A': 1, 'IAQD/conf/A': 1, 'IAQD/conf/B': 1, 'IAQD/dist/A2B': 1, 'IAQD/mac/A': 1, 'IAQD/mac/B': 1, 'IAQD/otp/A': 1, 'IAQD/otp/B': 1}",1,1,1,0,24,48,310,358,16,10,10,20,6,"[{'round_index': 1, 'phase': 'session_and_parameter_negotiation', 'send_events': ['N_A_and_params', 'N_B_and_params']}, {'round_index': 2, 'phase': 'authenticated_quantum_receipt', 'send_events': ['Bob_to_Alice_QRECV']}, {'round_index': 3, 'phase': 'authenticated_decoy_disclosure', 'send_events': ['Alice_to_Bob_DECOY_DISCLOSURE']}, {'round_index': 4, 'phase': 'protected_dialogue_ciphertexts', 'send_events': ['Alice_to_Bob_C_A', 'Bob_to_Alice_C_B']}, {'round_index': 5, 'phase': 'keyed_message_confirmation', 'send_events': ['Alice_to_Bob_gamma_A', 'Bob_to_Alice_gamma_B']}]",not_measured,ideal_test_fixture_external_not_measured,18,False
basic,16,32,,155,54.00316666346043,53.85414988268167,1.087544786371146,0.9642249788157642,53.61400091089936,54.39233241602151,1185.5600189293689,92720,7811,4136,6,5,COMPLETED,1.0,30,"Python reference implementation; excludes quantum hardware, optical/network latency, and external KE/QKD",406,342,64,7811,3292,3794,3423,192,6,6,6,6,4,4,0,0,0,0,2,2,1,1,1,1,2,2,0,0,0,8,"{'IAQD/ack/B2A': 1, 'IAQD/conf/A': 1, 'IAQD/conf/B': 1, 'IAQD/dist/A2B': 1, 'IAQD/mac/A': 1, 'IAQD/mac/B': 1, 'IAQD/otp/A': 1, 'IAQD/otp/B': 1}",1,1,1,0,48,96,310,406,32,10,10,20,6,"[{'round_index': 1, 'phase': 'session_and_parameter_negotiation', 'send_events': ['N_A_and_params', 'N_B_and_params']}, {'round_index': 2, 'phase': 'authenticated_quantum_receipt', 'send_events': ['Bob_to_Alice_QRECV']}, {'round_index': 3, 'phase': 'authenticated_decoy_disclosure', 'send_events': ['Alice_to_Bob_DECOY_DISCLOSURE']}, {'round_index': 4, 'phase': 'protected_dialogue_ciphertexts', 'send_events': ['Alice_to_Bob_C_A', 'Bob_to_Alice_C_B']}, {'round_index': 5, 'phase': 'keyed_message_confirmation', 'send_events': ['Alice_to_Bob_gamma_A', 'Bob_to_Alice_gamma_B']}]",not_measured,ideal_test_fixture_external_not_measured,18,False
basic,32,64,,155,59.03854665812105,59.015900013037026,1.2336114699211191,1.5457249828614295,58.59711257460001,59.47998074164209,2168.971344829502,117105,8515,4264,6,5,COMPLETED,1.0,30,"Python reference implementation; excludes quantum hardware, optical/network latency, and external KE/QKD",502,374,128,8515,3308,3826,4095,192,6,6,6,6,4,4,0,0,0,0,2,2,1,1,1,1,2,2,0,0,0,8,"{'IAQD/ack/B2A': 1, 'IAQD/conf/A': 1, 'IAQD/conf/B': 1, 'IAQD/dist/A2B': 1, 'IAQD/mac/A': 1, 'IAQD/mac/B': 1, 'IAQD/otp/A': 1, 'IAQD/otp/B': 1}",1,1,1,0,96,192,310,502,64,10,10,20,6,"[{'round_index': 1, 'phase': 'session_and_parameter_negotiation', 'send_events': ['N_A_and_params', 'N_B_and_params']}, {'round_index': 2, 'phase': 'authenticated_quantum_receipt', 'send_events': ['Bob_to_Alice_QRECV']}, {'round_index': 3, 'phase': 'authenticated_decoy_disclosure', 'send_events': ['Alice_to_Bob_DECOY_DISCLOSURE']}, {'round_index': 4, 'phase': 'protected_dialogue_ciphertexts', 'send_events': ['Alice_to_Bob_C_A', 'Bob_to_Alice_C_B']}, {'round_index': 5, 'phase': 'keyed_message_confirmation', 'send_events': ['Alice_to_Bob_gamma_A', 'Bob_to_Alice_gamma_B']}]",not_measured,ideal_test_fixture_external_not_measured,18,False
fair,1,2,1,155,60.82560000165055,60.953450039960444,1.177229771893817,1.5650250716134906,60.40434147891417,61.24685852438693,65.78587681210573,153861,12980,4058,14,8,COMPLETED,1.0,30,"Python reference implementation; excludes quantum hardware, optical/network latency, and external KE/QKD",316,312,4,12980,3271,4469,7125,448,6,6,14,14,4,4,4,4,4,4,2,2,1,1,1,1,2,2,4,4,4,8,"{'IAQD/ack/B2A': 1, 'IAQD/conf/A': 1, 'IAQD/conf/B': 1, 'IAQD/dist/A2B': 1, 'IAQD/mac/A': 1, 'IAQD/mac/B': 1, 'IAQD/otp/A': 1, 'IAQD/otp/B': 1}",1,1,1,8,3,6,310,316,2,18,18,36,14,"[{'round_index': 1, 'phase': 'session_and_parameter_negotiation', 'send_events': ['N_A_and_params', 'N_B_and_params']}, {'round_index': 2, 'phase': 'authenticated_quantum_receipt', 'send_events': ['Bob_to_Alice_QRECV']}, {'round_index': 3, 'phase': 'authenticated_decoy_disclosure', 'send_events': ['Alice_to_Bob_DECOY_DISCLOSURE']}, {'round_index': 4, 'phase': 'fair_ciphertexts', 'send_events': ['Alice_to_Bob_C_A_fair', 'Bob_to_Alice_C_B_fair']}, {'round_index': 5, 'phase': 'authenticated_commitment_exchange', 'send_events': ['Alice_commitments', 'Bob_commitments']}, {'round_index': 6, 'phase': 'fair_opening_block_0', 'send_events': ['Bob_opening_0', 'Alice_opening_0']}, {'round_index': 7, 'phase': 'fair_opening_block_1', 'send_events': ['Alice_opening_1', 'Bob_opening_1']}, {'round_index': 8, 'phase': 'keyed_message_confirmation', 'send_events': ['Alice_to_Bob_gamma_A', 'Bob_to_Alice_gamma_B']}]",not_measured,ideal_test_fixture_external_not_measured,31,True
fair,1,2,2,155,55.917416660425566,55.95340009313077,0.7348052100696195,0.8719000616110861,55.65447482469968,56.18035849615145,71.54610864302668,112205,10218,4058,10,7,COMPLETED,1.0,30,"Python reference implementation; excludes quantum hardware, optical/network latency, and external KE/QKD",316,312,4,10218,3271,4125,5103,320,6,6,10,10,4,4,2,2,2,2,2,2,1,1,1,1,2,2,2,2,2,8,"{'IAQD/ack/B2A': 1, 'IAQD/conf/A': 1, 'IAQD/conf/B': 1, 'IAQD/dist/A2B': 1, 'IAQD/mac/A': 1, 'IAQD/mac/B': 1, 'IAQD/otp/A': 1, 'IAQD/otp/B': 1}",1,1,1,4,3,6,310,316,2,14,14,28,10,"[{'round_index': 1, 'phase': 'session_and_parameter_negotiation', 'send_events': ['N_A_and_params', 'N_B_and_params']}, {'round_index': 2, 'phase': 'authenticated_quantum_receipt', 'send_events': ['Bob_to_Alice_QRECV']}, {'round_index': 3, 'phase': 'authenticated_decoy_disclosure', 'send_events': ['Alice_to_Bob_DECOY_DISCLOSURE']}, {'round_index': 4, 'phase': 'fair_ciphertexts', 'send_events': ['Alice_to_Bob_C_A_fair', 'Bob_to_Alice_C_B_fair']}, {'round_index': 5, 'phase': 'authenticated_commitment_exchange', 'send_events': ['Alice_commitments', 'Bob_commitments']}, {'round_index': 6, 'phase': 'fair_opening_block_0', 'send_events': ['Bob_opening_0', 'Alice_opening_0']}, {'round_index': 7, 'phase': 'keyed_message_confirmation', 'send_events': ['Alice_to_Bob_gamma_A', 'Bob_to_Alice_gamma_B']}]",not_measured,ideal_test_fixture_external_not_measured,25,True
fair,2,4,1,155,71.7636233350883,71.66155008599162,0.9582444136994492,1.437750004697591,71.42072627644015,72.10652039373645,111.49624860066056,250223,18665,4066,22,10,COMPLETED,1.0,30,"Python reference implementation; excludes quantum hardware, optical/network latency, and external KE/QKD",322,314,8,18665,3272,5162,11325,704,6,6,22,22,4,4,8,8,8,8,2,2,1,1,1,1,2,2,8,8,8,8,"{'IAQD/ack/B2A': 1, 'IAQD/conf/A': 1, 'IAQD/conf/B': 1, 'IAQD/dist/A2B': 1, 'IAQD/mac/A': 1, 'IAQD/mac/B': 1, 'IAQD/otp/A': 1, 'IAQD/otp/B': 1}",1,1,1,16,6,12,310,322,4,26,26,52,22,"[{'round_index': 1, 'phase': 'session_and_parameter_negotiation', 'send_events': ['N_A_and_params', 'N_B_and_params']}, {'round_index': 2, 'phase': 'authenticated_quantum_receipt', 'send_events': ['Bob_to_Alice_QRECV']}, {'round_index': 3, 'phase': 'authenticated_decoy_disclosure', 'send_events': ['Alice_to_Bob_DECOY_DISCLOSURE']}, {'round_index': 4, 'phase': 'fair_ciphertexts', 'send_events': ['Alice_to_Bob_C_A_fair', 'Bob_to_Alice_C_B_fair']}, {'round_index': 5, 'phase': 'authenticated_commitment_exchange', 'send_events': ['Alice_commitments', 'Bob_commitments']}, {'round_index': 6, 'phase': 'fair_opening_block_0', 'send_events': ['Bob_opening_0', 'Alice_opening_0']}, {'round_index': 7, 'phase': 'fair_opening_block_1', 'send_events': ['Alice_opening_1', 'Bob_opening_1']}, {'round_index': 8, 'phase': 'fair_opening_block_2', 'send_events': ['Bob_opening_2', 'Alice_opening_2']}, {'round_index': 9, 'phase': 'fair_opening_block_3', 'send_events': ['Alice_opening_3', 'Bob_opening_3']}, {'round_index': 10, 'phase': 'keyed_message_confirmation', 'send_events': ['Alice_to_Bob_gamma_A', 'Bob_to_Alice_gamma_B']}]",not_measured,ideal_test_fixture_external_not_measured,43,True
fair,2,4,2,155,61.380383325740695,61.274200095795095,1.4097146833340544,1.272925059311092,60.87593267459402,61.88483397688737,130.40028608790607,157371,13083,4066,14,8,COMPLETED,1.0,30,"Python reference implementation; excludes quantum hardware, optical/network latency, and external KE/QKD",322,314,8,13083,3272,4474,7223,448,6,6,14,14,4,4,4,4,4,4,2,2,1,1,1,1,2,2,4,4,4,8,"{'IAQD/ack/B2A': 1, 'IAQD/conf/A': 1, 'IAQD/conf/B': 1, 'IAQD/dist/A2B': 1, 'IAQD/mac/A': 1, 'IAQD/mac/B': 1, 'IAQD/otp/A': 1, 'IAQD/otp/B': 1}",1,1,1,8,6,12,310,322,4,18,18,36,14,"[{'round_index': 1, 'phase': 'session_and_parameter_negotiation', 'send_events': ['N_A_and_params', 'N_B_and_params']}, {'round_index': 2, 'phase': 'authenticated_quantum_receipt', 'send_events': ['Bob_to_Alice_QRECV']}, {'round_index': 3, 'phase': 'authenticated_decoy_disclosure', 'send_events': ['Alice_to_Bob_DECOY_DISCLOSURE']}, {'round_index': 4, 'phase': 'fair_ciphertexts', 'send_events': ['Alice_to_Bob_C_A_fair', 'Bob_to_Alice_C_B_fair']}, {'round_index': 5, 'phase': 'authenticated_commitment_exchange', 'send_events': ['Alice_commitments', 'Bob_commitments']}, {'round_index': 6, 'phase': 'fair_opening_block_0', 'send_events': ['Bob_opening_0', 'Alice_opening_0']}, {'round_index': 7, 'phase': 'fair_opening_block_1', 'send_events': ['Alice_opening_1', 'Bob_opening_1']}, {'round_index': 8, 'phase': 'keyed_message_confirmation', 'send_events': ['Alice_to_Bob_gamma_A', 'Bob_to_Alice_gamma_B']}]",not_measured,ideal_test_fixture_external_not_measured,31,True
fair,2,4,4,155,55.923273360046245,56.16695003118366,1.2208062834727442,1.76620006095618,55.48642146944574,56.36012525064675,143.1194114484167,114705,10293,4066,10,7,COMPLETED,1.0,30,"Python reference implementation; excludes quantum hardware, optical/network latency, and external KE/QKD",322,314,8,10293,3272,4130,5173,320,6,6,10,10,4,4,2,2,2,2,2,2,1,1,1,1,2,2,2,2,2,8,"{'IAQD/ack/B2A': 1, 'IAQD/conf/A': 1, 'IAQD/conf/B': 1, 'IAQD/dist/A2B': 1, 'IAQD/mac/A': 1, 'IAQD/mac/B': 1, 'IAQD/otp/A': 1, 'IAQD/otp/B': 1}",1,1,1,4,6,12,310,322,4,14,14,28,10,"[{'round_index': 1, 'phase': 'session_and_parameter_negotiation', 'send_events': ['N_A_and_params', 'N_B_and_params']}, {'round_index': 2, 'phase': 'authenticated_quantum_receipt', 'send_events': ['Bob_to_Alice_QRECV']}, {'round_index': 3, 'phase': 'authenticated_decoy_disclosure', 'send_events': ['Alice_to_Bob_DECOY_DISCLOSURE']}, {'round_index': 4, 'phase': 'fair_ciphertexts', 'send_events': ['Alice_to_Bob_C_A_fair', 'Bob_to_Alice_C_B_fair']}, {'round_index': 5, 'phase': 'authenticated_commitment_exchange', 'send_events': ['Alice_commitments', 'Bob_commitments']}, {'round_index': 6, 'phase': 'fair_opening_block_0', 'send_events': ['Bob_opening_0', 'Alice_opening_0']}, {'round_index': 7, 'phase': 'keyed_message_confirmation', 'send_events': ['Alice_to_Bob_gamma_A', 'Bob_to_Alice_gamma_B']}]",not_measured,ideal_test_fixture_external_not_measured,25,True
fair,4,8,1,155,95.09210002919038,94.91480002179742,1.9490169252428644,2.8145999531261623,94.39466609546035,95.7895339629204,168.32658345338874,481607,30386,4085,38,14,COMPLETED,1.0,30,"Python reference implementation; excludes quantum hardware, optical/network latency, and external KE/QKD",334,318,16,30386,3277,6551,20073,1216,6,6,38,38,4,4,16,16,16,16,2,2,1,1,1,1,2,2,16,16,16,8,"{'IAQD/ack/B2A': 1, 'IAQD/conf/A': 1, 'IAQD/conf/B': 1, 'IAQD/dist/A2B': 1, 'IAQD/mac/A': 1, 'IAQD/mac/B': 1, 'IAQD/otp/A': 1, 'IAQD/otp/B': 1}",1,1,1,32,12,24,310,334,8,42,42,84,38,"[{'round_index': 1, 'phase': 'session_and_parameter_negotiation', 'send_events': ['N_A_and_params', 'N_B_and_params']}, {'round_index': 2, 'phase': 'authenticated_quantum_receipt', 'send_events': ['Bob_to_Alice_QRECV']}, {'round_index': 3, 'phase': 'authenticated_decoy_disclosure', 'send_events': ['Alice_to_Bob_DECOY_DISCLOSURE']}, {'round_index': 4, 'phase': 'fair_ciphertexts', 'send_events': ['Alice_to_Bob_C_A_fair', 'Bob_to_Alice_C_B_fair']}, {'round_index': 5, 'phase': 'authenticated_commitment_exchange', 'send_events': ['Alice_commitments', 'Bob_commitments']}, {'round_index': 6, 'phase': 'fair_opening_block_0', 'send_events': ['Bob_opening_0', 'Alice_opening_0']}, {'round_index': 7, 'phase': 'fair_opening_block_1', 'send_events': ['Alice_opening_1', 'Bob_opening_1']}, {'round_index': 8, 'phase': 'fair_opening_block_2', 'send_events': ['Bob_opening_2', 'Alice_opening_2']}, {'round_index': 9, 'phase': 'fair_opening_block_3', 'send_events': ['Alice_opening_3', 'Bob_opening_3']}, {'round_index': 10, 'phase': 'fair_opening_block_4', 'send_events': ['Bob_opening_4', 'Alice_opening_4']}, {'round_index': 11, 'phase': 'fair_opening_block_5', 'send_events': ['Alice_opening_5', 'Bob_opening_5']}, {'round_index': 12, 'phase': 'fair_opening_block_6', 'send_events': ['Bob_opening_6', 'Alice_opening_6']}, {'round_index': 13, 'phase': 'fair_opening_block_7', 'send_events': ['Alice_opening_7', 'Bob_opening_7']}, {'round_index': 14, 'phase': 'keyed_message_confirmation', 'send_events': ['Alice_to_Bob_gamma_A', 'Bob_to_Alice_gamma_B']}]",not_measured,ideal_test_fixture_external_not_measured,67,True
fair,4,8,2,155,72.78287333901972,72.8449501330033,1.0479926175759464,1.674025203101337,72.40786088821457,73.15788578982486,219.8760736790537,255535,18986,4085,22,10,COMPLETED,1.0,30,"Python reference implementation; excludes quantum hardware, optical/network latency, and external KE/QKD",334,318,16,18986,3277,5175,11633,704,6,6,22,22,4,4,8,8,8,8,2,2,1,1,1,1,2,2,8,8,8,8,"{'IAQD/ack/B2A': 1, 'IAQD/conf/A': 1, 'IAQD/conf/B': 1, 'IAQD/dist/A2B': 1, 'IAQD/mac/A': 1, 'IAQD/mac/B': 1, 'IAQD/otp/A': 1, 'IAQD/otp/B': 1}",1,1,1,16,12,24,310,334,8,26,26,52,22,"[{'round_index': 1, 'phase': 'session_and_parameter_negotiation', 'send_events': ['N_A_and_params', 'N_B_and_params']}, {'round_index': 2, 'phase': 'authenticated_quantum_receipt', 'send_events': ['Bob_to_Alice_QRECV']}, {'round_index': 3, 'phase': 'authenticated_decoy_disclosure', 'send_events': ['Alice_to_Bob_DECOY_DISCLOSURE']}, {'round_index': 4, 'phase': 'fair_ciphertexts', 'send_events': ['Alice_to_Bob_C_A_fair', 'Bob_to_Alice_C_B_fair']}, {'round_index': 5, 'phase': 'authenticated_commitment_exchange', 'send_events': ['Alice_commitments', 'Bob_commitments']}, {'round_index': 6, 'phase': 'fair_opening_block_0', 'send_events': ['Bob_opening_0', 'Alice_opening_0']}, {'round_index': 7, 'phase': 'fair_opening_block_1', 'send_events': ['Alice_opening_1', 'Bob_opening_1']}, {'round_index': 8, 'phase': 'fair_opening_block_2', 'send_events': ['Bob_opening_2', 'Alice_opening_2']}, {'round_index': 9, 'phase': 'fair_opening_block_3', 'send_events': ['Alice_opening_3', 'Bob_opening_3']}, {'round_index': 10, 'phase': 'keyed_message_confirmation', 'send_events': ['Alice_to_Bob_gamma_A', 'Bob_to_Alice_gamma_B']}]",not_measured,ideal_test_fixture_external_not_measured,43,True
fair,4,8,4,155,63.27891668770462,62.55400006193668,4.791132626370105,1.6927248216234148,61.564463400329906,64.99336997507935,253.99140834350553,161087,13292,4085,14,8,COMPLETED,1.0,30,"Python reference implementation; excludes quantum hardware, optical/network latency, and external KE/QKD",334,318,16,13292,3277,4487,7419,448,6,6,14,14,4,4,4,4,4,4,2,2,1,1,1,1,2,2,4,4,4,8,"{'IAQD/ack/B2A': 1, 'IAQD/conf/A': 1, 'IAQD/conf/B': 1, 'IAQD/dist/A2B': 1, 'IAQD/mac/A': 1, 'IAQD/mac/B': 1, 'IAQD/otp/A': 1, 'IAQD/otp/B': 1}",1,1,1,8,12,24,310,334,8,18,18,36,14,"[{'round_index': 1, 'phase': 'session_and_parameter_negotiation', 'send_events': ['N_A_and_params', 'N_B_and_params']}, {'round_index': 2, 'phase': 'authenticated_quantum_receipt', 'send_events': ['Bob_to_Alice_QRECV']}, {'round_index': 3, 'phase': 'authenticated_decoy_disclosure', 'send_events': ['Alice_to_Bob_DECOY_DISCLOSURE']}, {'round_index': 4, 'phase': 'fair_ciphertexts', 'send_events': ['Alice_to_Bob_C_A_fair', 'Bob_to_Alice_C_B_fair']}, {'round_index': 5, 'phase': 'authenticated_commitment_exchange', 'send_events': ['Alice_commitments', 'Bob_commitments']}, {'round_index': 6, 'phase': 'fair_opening_block_0', 'send_events': ['Bob_opening_0', 'Alice_opening_0']}, {'round_index': 7, 'phase': 'fair_opening_block_1', 'send_events': ['Alice_opening_1', 'Bob_opening_1']}, {'round_index': 8, 'phase': 'keyed_message_confirmation', 'send_events': ['Alice_to_Bob_gamma_A', 'Bob_to_Alice_gamma_B']}]",not_measured,ideal_test_fixture_external_not_measured,31,True
fair,4,8,8,155,60.29299332294613,57.166350074112415,9.80807454455596,1.6159249935299158,56.78328341569396,63.802703230198304,270.3027392403102,117753,10446,4085,10,7,COMPLETED,1.0,30,"Python reference implementation; excludes quantum hardware, optical/network latency, and external KE/QKD",334,318,16,10446,3277,4143,5313,320,6,6,10,10,4,4,2,2,2,2,2,2,1,1,1,1,2,2,2,2,2,8,"{'IAQD/ack/B2A': 1, 'IAQD/conf/A': 1, 'IAQD/conf/B': 1, 'IAQD/dist/A2B': 1, 'IAQD/mac/A': 1, 'IAQD/mac/B': 1, 'IAQD/otp/A': 1, 'IAQD/otp/B': 1}",1,1,1,4,12,24,310,334,8,14,14,28,10,"[{'round_index': 1, 'phase': 'session_and_parameter_negotiation', 'send_events': ['N_A_and_params', 'N_B_and_params']}, {'round_index': 2, 'phase': 'authenticated_quantum_receipt', 'send_events': ['Bob_to_Alice_QRECV']}, {'round_index': 3, 'phase': 'authenticated_decoy_disclosure', 'send_events': ['Alice_to_Bob_DECOY_DISCLOSURE']}, {'round_index': 4, 'phase': 'fair_ciphertexts', 'send_events': ['Alice_to_Bob_C_A_fair', 'Bob_to_Alice_C_B_fair']}, {'round_index': 5, 'phase': 'authenticated_commitment_exchange', 'send_events': ['Alice_commitments', 'Bob_commitments']}, {'round_index': 6, 'phase': 'fair_opening_block_0', 'send_events': ['Bob_opening_0', 'Alice_opening_0']}, {'round_index': 7, 'phase': 'keyed_message_confirmation', 'send_events': ['Alice_to_Bob_gamma_A', 'Bob_to_Alice_gamma_B']}]",not_measured,ideal_test_fixture_external_not_measured,25,True
fair,8,16,1,155,162.69954999443144,156.46794997155666,17.230854806366224,15.937074786052108,156.5336810922732,168.86541889658966,198.52444424804554,1119280,55264,4118,70,22,COMPLETED,1.0,30,"Python reference implementation; excludes quantum hardware, optical/network latency, and external KE/QKD",358,326,32,55264,3281,9351,38983,2240,6,6,70,70,4,4,32,32,32,32,2,2,1,1,1,1,2,2,32,32,32,8,"{'IAQD/ack/B2A': 1, 'IAQD/conf/A': 1, 'IAQD/conf/B': 1, 'IAQD/dist/A2B': 1, 'IAQD/mac/A': 1, 'IAQD/mac/B': 1, 'IAQD/otp/A': 1, 'IAQD/otp/B': 1}",1,1,1,64,24,48,310,358,16,74,74,148,70,"[{'round_index': 1, 'phase': 'session_and_parameter_negotiation', 'send_events': ['N_A_and_params', 'N_B_and_params']}, {'round_index': 2, 'phase': 'authenticated_quantum_receipt', 'send_events': ['Bob_to_Alice_QRECV']}, {'round_index': 3, 'phase': 'authenticated_decoy_disclosure', 'send_events': ['Alice_to_Bob_DECOY_DISCLOSURE']}, {'round_index': 4, 'phase': 'fair_ciphertexts', 'send_events': ['Alice_to_Bob_C_A_fair', 'Bob_to_Alice_C_B_fair']}, {'round_index': 5, 'phase': 'authenticated_commitment_exchange', 'send_events': ['Alice_commitments', 'Bob_commitments']}, {'round_index': 6, 'phase': 'fair_opening_block_0', 'send_events': ['Bob_opening_0', 'Alice_opening_0']}, {'round_index': 7, 'phase': 'fair_opening_block_1', 'send_events': ['Alice_opening_1', 'Bob_opening_1']}, {'round_index': 8, 'phase': 'fair_opening_block_2', 'send_events': ['Bob_opening_2', 'Alice_opening_2']}, {'round_index': 9, 'phase': 'fair_opening_block_3', 'send_events': ['Alice_opening_3', 'Bob_opening_3']}, {'round_index': 10, 'phase': 'fair_opening_block_4', 'send_events': ['Bob_opening_4', 'Alice_opening_4']}, {'round_index': 11, 'phase': 'fair_opening_block_5', 'send_events': ['Alice_opening_5', 'Bob_opening_5']}, {'round_index': 12, 'phase': 'fair_opening_block_6', 'send_events': ['Bob_opening_6', 'Alice_opening_6']}, {'round_index': 13, 'phase': 'fair_opening_block_7', 'send_events': ['Alice_opening_7', 'Bob_opening_7']}, {'round_index': 14, 'phase': 'fair_opening_block_8', 'send_events': ['Bob_opening_8', 'Alice_opening_8']}, {'round_index': 15, 'phase': 'fair_opening_block_9', 'send_events': ['Alice_opening_9', 'Bob_opening_9']}, {'round_index': 16, 'phase': 'fair_opening_block_10', 'send_events': ['Bob_opening_10', 'Alice_opening_10']}, {'round_index': 17, 'phase': 'fair_opening_block_11', 'send_events': ['Alice_opening_11', 'Bob_opening_11']}, {'round_index': 18, 'phase': 'fair_opening_block_12', 'send_events': ['Bob_opening_12', 'Alice_opening_12']}, {'round_index': 19, 'phase': 'fair_opening_block_13', 'send_events': ['Alice_opening_13', 'Bob_opening_13']}, {'round_index': 20, 'phase': 'fair_opening_block_14', 'send_events': ['Bob_opening_14', 'Alice_opening_14']}, {'round_index': 21, 'phase': 'fair_opening_block_15', 'send_events': ['Alice_opening_15', 'Bob_opening_15']}, {'round_index': 22, 'phase': 'keyed_message_confirmation', 'send_events': ['Alice_to_Bob_gamma_A', 'Bob_to_Alice_gamma_B']}]",not_measured,ideal_test_fixture_external_not_measured,115,True
fair,8,16,2,155,115.07550668126594,101.80859989486635,23.36228182803024,21.653249918017536,106.71557511514965,123.43543824738222,287.2720633611865,496960,31512,4118,38,14,COMPLETED,1.0,30,"Python reference implementation; excludes quantum hardware, optical/network latency, and external KE/QKD",358,326,32,31512,3281,6575,21175,1216,6,6,38,38,4,4,16,16,16,16,2,2,1,1,1,1,2,2,16,16,16,8,"{'IAQD/ack/B2A': 1, 'IAQD/conf/A': 1, 'IAQD/conf/B': 1, 'IAQD/dist/A2B': 1, 'IAQD/mac/A': 1, 'IAQD/mac/B': 1, 'IAQD/otp/A': 1, 'IAQD/otp/B': 1}",1,1,1,32,24,48,310,358,16,42,42,84,38,"[{'round_index': 1, 'phase': 'session_and_parameter_negotiation', 'send_events': ['N_A_and_params', 'N_B_and_params']}, {'round_index': 2, 'phase': 'authenticated_quantum_receipt', 'send_events': ['Bob_to_Alice_QRECV']}, {'round_index': 3, 'phase': 'authenticated_decoy_disclosure', 'send_events': ['Alice_to_Bob_DECOY_DISCLOSURE']}, {'round_index': 4, 'phase': 'fair_ciphertexts', 'send_events': ['Alice_to_Bob_C_A_fair', 'Bob_to_Alice_C_B_fair']}, {'round_index': 5, 'phase': 'authenticated_commitment_exchange', 'send_events': ['Alice_commitments', 'Bob_commitments']}, {'round_index': 6, 'phase': 'fair_opening_block_0', 'send_events': ['Bob_opening_0', 'Alice_opening_0']}, {'round_index': 7, 'phase': 'fair_opening_block_1', 'send_events': ['Alice_opening_1', 'Bob_opening_1']}, {'round_index': 8, 'phase': 'fair_opening_block_2', 'send_events': ['Bob_opening_2', 'Alice_opening_2']}, {'round_index': 9, 'phase': 'fair_opening_block_3', 'send_events': ['Alice_opening_3', 'Bob_opening_3']}, {'round_index': 10, 'phase': 'fair_opening_block_4', 'send_events': ['Bob_opening_4', 'Alice_opening_4']}, {'round_index': 11, 'phase': 'fair_opening_block_5', 'send_events': ['Alice_opening_5', 'Bob_opening_5']}, {'round_index': 12, 'phase': 'fair_opening_block_6', 'send_events': ['Bob_opening_6', 'Alice_opening_6']}, {'round_index': 13, 'phase': 'fair_opening_block_7', 'send_events': ['Alice_opening_7', 'Bob_opening_7']}, {'round_index': 14, 'phase': 'keyed_message_confirmation', 'send_events': ['Alice_to_Bob_gamma_A', 'Bob_to_Alice_gamma_B']}]",not_measured,ideal_test_fixture_external_not_measured,67,True
fair,8,16,4,155,79.89170666163166,76.35434996336699,7.288263773182575,11.294925236143172,77.28368288946282,82.4997304338005,403.55160115136067,265572,19648,4118,22,10,COMPLETED,1.0,30,"Python reference implementation; excludes quantum hardware, optical/network latency, and external KE/QKD",358,326,32,19648,3281,5199,12271,704,6,6,22,22,4,4,8,8,8,8,2,2,1,1,1,1,2,2,8,8,8,8,"{'IAQD/ack/B2A': 1, 'IAQD/conf/A': 1, 'IAQD/conf/B': 1, 'IAQD/dist/A2B': 1, 'IAQD/mac/A': 1, 'IAQD/mac/B': 1, 'IAQD/otp/A': 1, 'IAQD/otp/B': 1}",1,1,1,16,24,48,310,358,16,26,26,52,22,"[{'round_index': 1, 'phase': 'session_and_parameter_negotiation', 'send_events': ['N_A_and_params', 'N_B_and_params']}, {'round_index': 2, 'phase': 'authenticated_quantum_receipt', 'send_events': ['Bob_to_Alice_QRECV']}, {'round_index': 3, 'phase': 'authenticated_decoy_disclosure', 'send_events': ['Alice_to_Bob_DECOY_DISCLOSURE']}, {'round_index': 4, 'phase': 'fair_ciphertexts', 'send_events': ['Alice_to_Bob_C_A_fair', 'Bob_to_Alice_C_B_fair']}, {'round_index': 5, 'phase': 'authenticated_commitment_exchange', 'send_events': ['Alice_commitments', 'Bob_commitments']}, {'round_index': 6, 'phase': 'fair_opening_block_0', 'send_events': ['Bob_opening_0', 'Alice_opening_0']}, {'round_index': 7, 'phase': 'fair_opening_block_1', 'send_events': ['Alice_opening_1', 'Bob_opening_1']}, {'round_index': 8, 'phase': 'fair_opening_block_2', 'send_events': ['Bob_opening_2', 'Alice_opening_2']}, {'round_index': 9, 'phase': 'fair_opening_block_3', 'send_events': ['Alice_opening_3', 'Bob_opening_3']}, {'round_index': 10, 'phase': 'keyed_message_confirmation', 'send_events': ['Alice_to_Bob_gamma_A', 'Bob_to_Alice_gamma_B']}]",not_measured,ideal_test_fixture_external_not_measured,43,True
fair,8,16,8,155,66.34637334694465,64.03705012053251,7.218342903641767,4.893074976280332,63.76336997683701,68.92937671705228,486.75878443383004,169180,13722,4118,14,8,COMPLETED,1.0,30,"Python reference implementation; excludes quantum hardware, optical/network latency, and external KE/QKD",358,326,32,13722,3281,4511,7825,448,6,6,14,14,4,4,4,4,4,4,2,2,1,1,1,1,2,2,4,4,4,8,"{'IAQD/ack/B2A': 1, 'IAQD/conf/A': 1, 'IAQD/conf/B': 1, 'IAQD/dist/A2B': 1, 'IAQD/mac/A': 1, 'IAQD/mac/B': 1, 'IAQD/otp/A': 1, 'IAQD/otp/B': 1}",1,1,1,8,24,48,310,358,16,18,18,36,14,"[{'round_index': 1, 'phase': 'session_and_parameter_negotiation', 'send_events': ['N_A_and_params', 'N_B_and_params']}, {'round_index': 2, 'phase': 'authenticated_quantum_receipt', 'send_events': ['Bob_to_Alice_QRECV']}, {'round_index': 3, 'phase': 'authenticated_decoy_disclosure', 'send_events': ['Alice_to_Bob_DECOY_DISCLOSURE']}, {'round_index': 4, 'phase': 'fair_ciphertexts', 'send_events': ['Alice_to_Bob_C_A_fair', 'Bob_to_Alice_C_B_fair']}, {'round_index': 5, 'phase': 'authenticated_commitment_exchange', 'send_events': ['Alice_commitments', 'Bob_commitments']}, {'round_index': 6, 'phase': 'fair_opening_block_0', 'send_events': ['Bob_opening_0', 'Alice_opening_0']}, {'round_index': 7, 'phase': 'fair_opening_block_1', 'send_events': ['Alice_opening_1', 'Bob_opening_1']}, {'round_index': 8, 'phase': 'keyed_message_confirmation', 'send_events': ['Alice_to_Bob_gamma_A', 'Bob_to_Alice_gamma_B']}]",not_measured,ideal_test_fixture_external_not_measured,31,True
fair,16,32,1,155,295.26853669279564,291.106199962087,12.979063297231944,5.256400094367564,290.6241238843273,299.912949501264,217.11801196347054,2956150,110473,4186,134,38,COMPLETED,1.0,30,"Python reference implementation; excludes quantum hardware, optical/network latency, and external KE/QKD",406,342,64,110473,3292,14970,82237,4288,6,6,134,134,4,4,64,64,64,64,2,2,1,1,1,1,2,2,64,64,64,8,"{'IAQD/ack/B2A': 1, 'IAQD/conf/A': 1, 'IAQD/conf/B': 1, 'IAQD/dist/A2B': 1, 'IAQD/mac/A': 1, 'IAQD/mac/B': 1, 'IAQD/otp/A': 1, 'IAQD/otp/B': 1}",1,1,1,128,48,96,310,406,32,138,138,276,134,"[{'round_index': 1, 'phase': 'session_and_parameter_negotiation', 'send_events': ['N_A_and_params', 'N_B_and_params']}, {'round_index': 2, 'phase': 'authenticated_quantum_receipt', 'send_events': ['Bob_to_Alice_QRECV']}, {'round_index': 3, 'phase': 'authenticated_decoy_disclosure', 'send_events': ['Alice_to_Bob_DECOY_DISCLOSURE']}, {'round_index': 4, 'phase': 'fair_ciphertexts', 'send_events': ['Alice_to_Bob_C_A_fair', 'Bob_to_Alice_C_B_fair']}, {'round_index': 5, 'phase': 'authenticated_commitment_exchange', 'send_events': ['Alice_commitments', 'Bob_commitments']}, {'round_index': 6, 'phase': 'fair_opening_block_0', 'send_events': ['Bob_opening_0', 'Alice_opening_0']}, {'round_index': 7, 'phase': 'fair_opening_block_1', 'send_events': ['Alice_opening_1', 'Bob_opening_1']}, {'round_index': 8, 'phase': 'fair_opening_block_2', 'send_events': ['Bob_opening_2', 'Alice_opening_2']}, {'round_index': 9, 'phase': 'fair_opening_block_3', 'send_events': ['Alice_opening_3', 'Bob_opening_3']}, {'round_index': 10, 'phase': 'fair_opening_block_4', 'send_events': ['Bob_opening_4', 'Alice_opening_4']}, {'round_index': 11, 'phase': 'fair_opening_block_5', 'send_events': ['Alice_opening_5', 'Bob_opening_5']}, {'round_index': 12, 'phase': 'fair_opening_block_6', 'send_events': ['Bob_opening_6', 'Alice_opening_6']}, {'round_index': 13, 'phase': 'fair_opening_block_7', 'send_events': ['Alice_opening_7', 'Bob_opening_7']}, {'round_index': 14, 'phase': 'fair_opening_block_8', 'send_events': ['Bob_opening_8', 'Alice_opening_8']}, {'round_index': 15, 'phase': 'fair_opening_block_9', 'send_events': ['Alice_opening_9', 'Bob_opening_9']}, {'round_index': 16, 'phase': 'fair_opening_block_10', 'send_events': ['Bob_opening_10', 'Alice_opening_10']}, {'round_index': 17, 'phase': 'fair_opening_block_11', 'send_events': ['Alice_opening_11', 'Bob_opening_11']}, {'round_index': 18, 'phase': 'fair_opening_block_12', 'send_events': ['Bob_opening_12', 'Alice_opening_12']}, {'round_index': 19, 'phase': 'fair_opening_block_13', 'send_events': ['Alice_opening_13', 'Bob_opening_13']}, {'round_index': 20, 'phase': 'fair_opening_block_14', 'send_events': ['Bob_opening_14', 'Alice_opening_14']}, {'round_index': 21, 'phase': 'fair_opening_block_15', 'send_events': ['Alice_opening_15', 'Bob_opening_15']}, {'round_index': 22, 'phase': 'fair_opening_block_16', 'send_events': ['Bob_opening_16', 'Alice_opening_16']}, {'round_index': 23, 'phase': 'fair_opening_block_17', 'send_events': ['Alice_opening_17', 'Bob_opening_17']}, {'round_index': 24, 'phase': 'fair_opening_block_18', 'send_events': ['Bob_opening_18', 'Alice_opening_18']}, {'round_index': 25, 'phase': 'fair_opening_block_19', 'send_events': ['Alice_opening_19', 'Bob_opening_19']}, {'round_index': 26, 'phase': 'fair_opening_block_20', 'send_events': ['Bob_opening_20', 'Alice_opening_20']}, {'round_index': 27, 'phase': 'fair_opening_block_21', 'send_events': ['Alice_opening_21', 'Bob_opening_21']}, {'round_index': 28, 'phase': 'fair_opening_block_22', 'send_events': ['Bob_opening_22', 'Alice_opening_22']}, {'round_index': 29, 'phase': 'fair_opening_block_23', 'send_events': ['Alice_opening_23', 'Bob_opening_23']}, {'round_index': 30, 'phase': 'fair_opening_block_24', 'send_events': ['Bob_opening_24', 'Alice_opening_24']}, {'round_index': 31, 'phase': 'fair_opening_block_25', 'send_events': ['Alice_opening_25', 'Bob_opening_25']}, {'round_index': 32, 'phase': 'fair_opening_block_26', 'send_events': ['Bob_opening_26', 'Alice_opening_26']}, {'round_index': 33, 'phase': 'fair_opening_block_27', 'send_events': ['Alice_opening_27', 'Bob_opening_27']}, {'round_index': 34, 'phase': 'fair_opening_block_28', 'send_events': ['Bob_opening_28', 'Alice_opening_28']}, {'round_index': 35, 'phase': 'fair_opening_block_29', 'send_events': ['Alice_opening_29', 'Bob_opening_29']}, {'round_index': 36, 'phase': 'fair_opening_block_30', 'send_events': ['Bob_opening_30', 'Alice_opening_30']}, {'round_index': 37, 'phase': 'fair_opening_block_31', 'send_events': ['Alice_opening_31', 'Bob_opening_31']}, {'round_index': 38, 'phase': 'keyed_message_confirmation', 'send_events': ['Alice_to_Bob_gamma_A', 'Bob_to_Alice_gamma_B']}]",not_measured,ideal_test_fixture_external_not_measured,211,True
fair,16,32,2,155,157.25564337335527,156.726700020954,2.6096157098117216,4.109349974896759,156.3218215442858,158.18946520242474,407.08854419614613,1153790,59305,4186,70,22,COMPLETED,1.0,30,"Python reference implementation; excludes quantum hardware, optical/network latency, and external KE/QKD",406,342,64,59305,3292,9402,42973,2240,6,6,70,70,4,4,32,32,32,32,2,2,1,1,1,1,2,2,32,32,32,8,"{'IAQD/ack/B2A': 1, 'IAQD/conf/A': 1, 'IAQD/conf/B': 1, 'IAQD/dist/A2B': 1, 'IAQD/mac/A': 1, 'IAQD/mac/B': 1, 'IAQD/otp/A': 1, 'IAQD/otp/B': 1}",1,1,1,64,48,96,310,406,32,74,74,148,70,"[{'round_index': 1, 'phase': 'session_and_parameter_negotiation', 'send_events': ['N_A_and_params', 'N_B_and_params']}, {'round_index': 2, 'phase': 'authenticated_quantum_receipt', 'send_events': ['Bob_to_Alice_QRECV']}, {'round_index': 3, 'phase': 'authenticated_decoy_disclosure', 'send_events': ['Alice_to_Bob_DECOY_DISCLOSURE']}, {'round_index': 4, 'phase': 'fair_ciphertexts', 'send_events': ['Alice_to_Bob_C_A_fair', 'Bob_to_Alice_C_B_fair']}, {'round_index': 5, 'phase': 'authenticated_commitment_exchange', 'send_events': ['Alice_commitments', 'Bob_commitments']}, {'round_index': 6, 'phase': 'fair_opening_block_0', 'send_events': ['Bob_opening_0', 'Alice_opening_0']}, {'round_index': 7, 'phase': 'fair_opening_block_1', 'send_events': ['Alice_opening_1', 'Bob_opening_1']}, {'round_index': 8, 'phase': 'fair_opening_block_2', 'send_events': ['Bob_opening_2', 'Alice_opening_2']}, {'round_index': 9, 'phase': 'fair_opening_block_3', 'send_events': ['Alice_opening_3', 'Bob_opening_3']}, {'round_index': 10, 'phase': 'fair_opening_block_4', 'send_events': ['Bob_opening_4', 'Alice_opening_4']}, {'round_index': 11, 'phase': 'fair_opening_block_5', 'send_events': ['Alice_opening_5', 'Bob_opening_5']}, {'round_index': 12, 'phase': 'fair_opening_block_6', 'send_events': ['Bob_opening_6', 'Alice_opening_6']}, {'round_index': 13, 'phase': 'fair_opening_block_7', 'send_events': ['Alice_opening_7', 'Bob_opening_7']}, {'round_index': 14, 'phase': 'fair_opening_block_8', 'send_events': ['Bob_opening_8', 'Alice_opening_8']}, {'round_index': 15, 'phase': 'fair_opening_block_9', 'send_events': ['Alice_opening_9', 'Bob_opening_9']}, {'round_index': 16, 'phase': 'fair_opening_block_10', 'send_events': ['Bob_opening_10', 'Alice_opening_10']}, {'round_index': 17, 'phase': 'fair_opening_block_11', 'send_events': ['Alice_opening_11', 'Bob_opening_11']}, {'round_index': 18, 'phase': 'fair_opening_block_12', 'send_events': ['Bob_opening_12', 'Alice_opening_12']}, {'round_index': 19, 'phase': 'fair_opening_block_13', 'send_events': ['Alice_opening_13', 'Bob_opening_13']}, {'round_index': 20, 'phase': 'fair_opening_block_14', 'send_events': ['Bob_opening_14', 'Alice_opening_14']}, {'round_index': 21, 'phase': 'fair_opening_block_15', 'send_events': ['Alice_opening_15', 'Bob_opening_15']}, {'round_index': 22, 'phase': 'keyed_message_confirmation', 'send_events': ['Alice_to_Bob_gamma_A', 'Bob_to_Alice_gamma_B']}]",not_measured,ideal_test_fixture_external_not_measured,115,True
fair,16,32,4,155,103.00040664927413,102.84015000797808,2.292372428787846,1.8211000715382397,102.18010678431295,103.8207065142353,621.6449784551376,529500,33729,4186,38,14,COMPLETED,1.0,30,"Python reference implementation; excludes quantum hardware, optical/network latency, and external KE/QKD",406,342,64,33729,3292,6626,23341,1216,6,6,38,38,4,4,16,16,16,16,2,2,1,1,1,1,2,2,16,16,16,8,"{'IAQD/ack/B2A': 1, 'IAQD/conf/A': 1, 'IAQD/conf/B': 1, 'IAQD/dist/A2B': 1, 'IAQD/mac/A': 1, 'IAQD/mac/B': 1, 'IAQD/otp/A': 1, 'IAQD/otp/B': 1}",1,1,1,32,48,96,310,406,32,42,42,84,38,"[{'round_index': 1, 'phase': 'session_and_parameter_negotiation', 'send_events': ['N_A_and_params', 'N_B_and_params']}, {'round_index': 2, 'phase': 'authenticated_quantum_receipt', 'send_events': ['Bob_to_Alice_QRECV']}, {'round_index': 3, 'phase': 'authenticated_decoy_disclosure', 'send_events': ['Alice_to_Bob_DECOY_DISCLOSURE']}, {'round_index': 4, 'phase': 'fair_ciphertexts', 'send_events': ['Alice_to_Bob_C_A_fair', 'Bob_to_Alice_C_B_fair']}, {'round_index': 5, 'phase': 'authenticated_commitment_exchange', 'send_events': ['Alice_commitments', 'Bob_commitments']}, {'round_index': 6, 'phase': 'fair_opening_block_0', 'send_events': ['Bob_opening_0', 'Alice_opening_0']}, {'round_index': 7, 'phase': 'fair_opening_block_1', 'send_events': ['Alice_opening_1', 'Bob_opening_1']}, {'round_index': 8, 'phase': 'fair_opening_block_2', 'send_events': ['Bob_opening_2', 'Alice_opening_2']}, {'round_index': 9, 'phase': 'fair_opening_block_3', 'send_events': ['Alice_opening_3', 'Bob_opening_3']}, {'round_index': 10, 'phase': 'fair_opening_block_4', 'send_events': ['Bob_opening_4', 'Alice_opening_4']}, {'round_index': 11, 'phase': 'fair_opening_block_5', 'send_events': ['Alice_opening_5', 'Bob_opening_5']}, {'round_index': 12, 'phase': 'fair_opening_block_6', 'send_events': ['Bob_opening_6', 'Alice_opening_6']}, {'round_index': 13, 'phase': 'fair_opening_block_7', 'send_events': ['Alice_opening_7', 'Bob_opening_7']}, {'round_index': 14, 'phase': 'keyed_message_confirmation', 'send_events': ['Alice_to_Bob_gamma_A', 'Bob_to_Alice_gamma_B']}]",not_measured,ideal_test_fixture_external_not_measured,67,True
fair,16,32,8,155,79.82366333405177,78.0092499917373,8.204815238367212,1.4130250201560557,76.88766185909819,82.75966480900536,807.5451506721348,299462,20953,4186,22,10,COMPLETED,1.0,30,"Python reference implementation; excludes quantum hardware, optical/network latency, and external KE/QKD",406,342,64,20953,3292,5250,13525,704,6,6,22,22,4,4,8,8,8,8,2,2,1,1,1,1,2,2,8,8,8,8,"{'IAQD/ack/B2A': 1, 'IAQD/conf/A': 1, 'IAQD/conf/B': 1, 'IAQD/dist/A2B': 1, 'IAQD/mac/A': 1, 'IAQD/mac/B': 1, 'IAQD/otp/A': 1, 'IAQD/otp/B': 1}",1,1,1,16,48,96,310,406,32,26,26,52,22,"[{'round_index': 1, 'phase': 'session_and_parameter_negotiation', 'send_events': ['N_A_and_params', 'N_B_and_params']}, {'round_index': 2, 'phase': 'authenticated_quantum_receipt', 'send_events': ['Bob_to_Alice_QRECV']}, {'round_index': 3, 'phase': 'authenticated_decoy_disclosure', 'send_events': ['Alice_to_Bob_DECOY_DISCLOSURE']}, {'round_index': 4, 'phase': 'fair_ciphertexts', 'send_events': ['Alice_to_Bob_C_A_fair', 'Bob_to_Alice_C_B_fair']}, {'round_index': 5, 'phase': 'authenticated_commitment_exchange', 'send_events': ['Alice_commitments', 'Bob_commitments']}, {'round_index': 6, 'phase': 'fair_opening_block_0', 'send_events': ['Bob_opening_0', 'Alice_opening_0']}, {'round_index': 7, 'phase': 'fair_opening_block_1', 'send_events': ['Alice_opening_1', 'Bob_opening_1']}, {'round_index': 8, 'phase': 'fair_opening_block_2', 'send_events': ['Bob_opening_2', 'Alice_opening_2']}, {'round_index': 9, 'phase': 'fair_opening_block_3', 'send_events': ['Alice_opening_3', 'Bob_opening_3']}, {'round_index': 10, 'phase': 'keyed_message_confirmation', 'send_events': ['Alice_to_Bob_gamma_A', 'Bob_to_Alice_gamma_B']}]",not_measured,ideal_test_fixture_external_not_measured,43,True
fair,32,64,1,155,696.2971766556924,693.0744000710547,14.48665222880884,8.2423000712879,691.113289989722,701.4810633216628,183.9030638048524,9023802,242311,4314,262,70,COMPLETED,1.0,30,"Python reference implementation; excludes quantum hardware, optical/network latency, and external KE/QKD",502,374,128,242311,3308,26202,190171,8384,6,6,262,262,4,4,128,128,128,128,2,2,1,1,1,1,2,2,128,128,128,8,"{'IAQD/ack/B2A': 1, 'IAQD/conf/A': 1, 'IAQD/conf/B': 1, 'IAQD/dist/A2B': 1, 'IAQD/mac/A': 1, 'IAQD/mac/B': 1, 'IAQD/otp/A': 1, 'IAQD/otp/B': 1}",1,1,1,256,96,192,310,502,64,266,266,532,262,"[{'round_index': 1, 'phase': 'session_and_parameter_negotiation', 'send_events': ['N_A_and_params', 'N_B_and_params']}, {'round_index': 2, 'phase': 'authenticated_quantum_receipt', 'send_events': ['Bob_to_Alice_QRECV']}, {'round_index': 3, 'phase': 'authenticated_decoy_disclosure', 'send_events': ['Alice_to_Bob_DECOY_DISCLOSURE']}, {'round_index': 4, 'phase': 'fair_ciphertexts', 'send_events': ['Alice_to_Bob_C_A_fair', 'Bob_to_Alice_C_B_fair']}, {'round_index': 5, 'phase': 'authenticated_commitment_exchange', 'send_events': ['Alice_commitments', 'Bob_commitments']}, {'round_index': 6, 'phase': 'fair_opening_block_0', 'send_events': ['Bob_opening_0', 'Alice_opening_0']}, {'round_index': 7, 'phase': 'fair_opening_block_1', 'send_events': ['Alice_opening_1', 'Bob_opening_1']}, {'round_index': 8, 'phase': 'fair_opening_block_2', 'send_events': ['Bob_opening_2', 'Alice_opening_2']}, {'round_index': 9, 'phase': 'fair_opening_block_3', 'send_events': ['Alice_opening_3', 'Bob_opening_3']}, {'round_index': 10, 'phase': 'fair_opening_block_4', 'send_events': ['Bob_opening_4', 'Alice_opening_4']}, {'round_index': 11, 'phase': 'fair_opening_block_5', 'send_events': ['Alice_opening_5', 'Bob_opening_5']}, {'round_index': 12, 'phase': 'fair_opening_block_6', 'send_events': ['Bob_opening_6', 'Alice_opening_6']}, {'round_index': 13, 'phase': 'fair_opening_block_7', 'send_events': ['Alice_opening_7', 'Bob_opening_7']}, {'round_index': 14, 'phase': 'fair_opening_block_8', 'send_events': ['Bob_opening_8', 'Alice_opening_8']}, {'round_index': 15, 'phase': 'fair_opening_block_9', 'send_events': ['Alice_opening_9', 'Bob_opening_9']}, {'round_index': 16, 'phase': 'fair_opening_block_10', 'send_events': ['Bob_opening_10', 'Alice_opening_10']}, {'round_index': 17, 'phase': 'fair_opening_block_11', 'send_events': ['Alice_opening_11', 'Bob_opening_11']}, {'round_index': 18, 'phase': 'fair_opening_block_12', 'send_events': ['Bob_opening_12', 'Alice_opening_12']}, {'round_index': 19, 'phase': 'fair_opening_block_13', 'send_events': ['Alice_opening_13', 'Bob_opening_13']}, {'round_index': 20, 'phase': 'fair_opening_block_14', 'send_events': ['Bob_opening_14', 'Alice_opening_14']}, {'round_index': 21, 'phase': 'fair_opening_block_15', 'send_events': ['Alice_opening_15', 'Bob_opening_15']}, {'round_index': 22, 'phase': 'fair_opening_block_16', 'send_events': ['Bob_opening_16', 'Alice_opening_16']}, {'round_index': 23, 'phase': 'fair_opening_block_17', 'send_events': ['Alice_opening_17', 'Bob_opening_17']}, {'round_index': 24, 'phase': 'fair_opening_block_18', 'send_events': ['Bob_opening_18', 'Alice_opening_18']}, {'round_index': 25, 'phase': 'fair_opening_block_19', 'send_events': ['Alice_opening_19', 'Bob_opening_19']}, {'round_index': 26, 'phase': 'fair_opening_block_20', 'send_events': ['Bob_opening_20', 'Alice_opening_20']}, {'round_index': 27, 'phase': 'fair_opening_block_21', 'send_events': ['Alice_opening_21', 'Bob_opening_21']}, {'round_index': 28, 'phase': 'fair_opening_block_22', 'send_events': ['Bob_opening_22', 'Alice_opening_22']}, {'round_index': 29, 'phase': 'fair_opening_block_23', 'send_events': ['Alice_opening_23', 'Bob_opening_23']}, {'round_index': 30, 'phase': 'fair_opening_block_24', 'send_events': ['Bob_opening_24', 'Alice_opening_24']}, {'round_index': 31, 'phase': 'fair_opening_block_25', 'send_events': ['Alice_opening_25', 'Bob_opening_25']}, {'round_index': 32, 'phase': 'fair_opening_block_26', 'send_events': ['Bob_opening_26', 'Alice_opening_26']}, {'round_index': 33, 'phase': 'fair_opening_block_27', 'send_events': ['Alice_opening_27', 'Bob_opening_27']}, {'round_index': 34, 'phase': 'fair_opening_block_28', 'send_events': ['Bob_opening_28', 'Alice_opening_28']}, {'round_index': 35, 'phase': 'fair_opening_block_29', 'send_events': ['Alice_opening_29', 'Bob_opening_29']}, {'round_index': 36, 'phase': 'fair_opening_block_30', 'send_events': ['Bob_opening_30', 'Alice_opening_30']}, {'round_index': 37, 'phase': 'fair_opening_block_31', 'send_events': ['Alice_opening_31', 'Bob_opening_31']}, {'round_index': 38, 'phase': 'fair_opening_block_32', 'send_events': ['Bob_opening_32', 'Alice_opening_32']}, {'round_index': 39, 'phase': 'fair_opening_block_33', 'send_events': ['Alice_opening_33', 'Bob_opening_33']}, {'round_index': 40, 'phase': 'fair_opening_block_34', 'send_events': ['Bob_opening_34', 'Alice_opening_34']}, {'round_index': 41, 'phase': 'fair_opening_block_35', 'send_events': ['Alice_opening_35', 'Bob_opening_35']}, {'round_index': 42, 'phase': 'fair_opening_block_36', 'send_events': ['Bob_opening_36', 'Alice_opening_36']}, {'round_index': 43, 'phase': 'fair_opening_block_37', 'send_events': ['Alice_opening_37', 'Bob_opening_37']}, {'round_index': 44, 'phase': 'fair_opening_block_38', 'send_events': ['Bob_opening_38', 'Alice_opening_38']}, {'round_index': 45, 'phase': 'fair_opening_block_39', 'send_events': ['Alice_opening_39', 'Bob_opening_39']}, {'round_index': 46, 'phase': 'fair_opening_block_40', 'send_events': ['Bob_opening_40', 'Alice_opening_40']}, {'round_index': 47, 'phase': 'fair_opening_block_41', 'send_events': ['Alice_opening_41', 'Bob_opening_41']}, {'round_index': 48, 'phase': 'fair_opening_block_42', 'send_events': ['Bob_opening_42', 'Alice_opening_42']}, {'round_index': 49, 'phase': 'fair_opening_block_43', 'send_events': ['Alice_opening_43', 'Bob_opening_43']}, {'round_index': 50, 'phase': 'fair_opening_block_44', 'send_events': ['Bob_opening_44', 'Alice_opening_44']}, {'round_index': 51, 'phase': 'fair_opening_block_45', 'send_events': ['Alice_opening_45', 'Bob_opening_45']}, {'round_index': 52, 'phase': 'fair_opening_block_46', 'send_events': ['Bob_opening_46', 'Alice_opening_46']}, {'round_index': 53, 'phase': 'fair_opening_block_47', 'send_events': ['Alice_opening_47', 'Bob_opening_47']}, {'round_index': 54, 'phase': 'fair_opening_block_48', 'send_events': ['Bob_opening_48', 'Alice_opening_48']}, {'round_index': 55, 'phase': 'fair_opening_block_49', 'send_events': ['Alice_opening_49', 'Bob_opening_49']}, {'round_index': 56, 'phase': 'fair_opening_block_50', 'send_events': ['Bob_opening_50', 'Alice_opening_50']}, {'round_index': 57, 'phase': 'fair_opening_block_51', 'send_events': ['Alice_opening_51', 'Bob_opening_51']}, {'round_index': 58, 'phase': 'fair_opening_block_52', 'send_events': ['Bob_opening_52', 'Alice_opening_52']}, {'round_index': 59, 'phase': 'fair_opening_block_53', 'send_events': ['Alice_opening_53', 'Bob_opening_53']}, {'round_index': 60, 'phase': 'fair_opening_block_54', 'send_events': ['Bob_opening_54', 'Alice_opening_54']}, {'round_index': 61, 'phase': 'fair_opening_block_55', 'send_events': ['Alice_opening_55', 'Bob_opening_55']}, {'round_index': 62, 'phase': 'fair_opening_block_56', 'send_events': ['Bob_opening_56', 'Alice_opening_56']}, {'round_index': 63, 'phase': 'fair_opening_block_57', 'send_events': ['Alice_opening_57', 'Bob_opening_57']}, {'round_index': 64, 'phase': 'fair_opening_block_58', 'send_events': ['Bob_opening_58', 'Alice_opening_58']}, {'round_index': 65, 'phase': 'fair_opening_block_59', 'send_events': ['Alice_opening_59', 'Bob_opening_59']}, {'round_index': 66, 'phase': 'fair_opening_block_60', 'send_events': ['Bob_opening_60', 'Alice_opening_60']}, {'round_index': 67, 'phase': 'fair_opening_block_61', 'send_events': ['Alice_opening_61', 'Bob_opening_61']}, {'round_index': 68, 'phase': 'fair_opening_block_62', 'send_events': ['Bob_opening_62', 'Alice_opening_62']}, {'round_index': 69, 'phase': 'fair_opening_block_63', 'send_events': ['Alice_opening_63', 'Bob_opening_63']}, {'round_index': 70, 'phase': 'keyed_message_confirmation', 'send_events': ['Alice_to_Bob_gamma_A', 'Bob_to_Alice_gamma_B']}]",not_measured,ideal_test_fixture_external_not_measured,403,True
fair,32,64,2,155,319.3462667055428,313.636599923484,20.36393662440648,7.622924982570112,312.0592594752597,326.6332739358259,402.17642066302136,3144091,125577,4314,134,38,COMPLETED,1.0,30,"Python reference implementation; excludes quantum hardware, optical/network latency, and external KE/QKD",502,374,128,125577,3308,15066,97245,4288,6,6,134,134,4,4,64,64,64,64,2,2,1,1,1,1,2,2,64,64,64,8,"{'IAQD/ack/B2A': 1, 'IAQD/conf/A': 1, 'IAQD/conf/B': 1, 'IAQD/dist/A2B': 1, 'IAQD/mac/A': 1, 'IAQD/mac/B': 1, 'IAQD/otp/A': 1, 'IAQD/otp/B': 1}",1,1,1,128,96,192,310,502,64,138,138,276,134,"[{'round_index': 1, 'phase': 'session_and_parameter_negotiation', 'send_events': ['N_A_and_params', 'N_B_and_params']}, {'round_index': 2, 'phase': 'authenticated_quantum_receipt', 'send_events': ['Bob_to_Alice_QRECV']}, {'round_index': 3, 'phase': 'authenticated_decoy_disclosure', 'send_events': ['Alice_to_Bob_DECOY_DISCLOSURE']}, {'round_index': 4, 'phase': 'fair_ciphertexts', 'send_events': ['Alice_to_Bob_C_A_fair', 'Bob_to_Alice_C_B_fair']}, {'round_index': 5, 'phase': 'authenticated_commitment_exchange', 'send_events': ['Alice_commitments', 'Bob_commitments']}, {'round_index': 6, 'phase': 'fair_opening_block_0', 'send_events': ['Bob_opening_0', 'Alice_opening_0']}, {'round_index': 7, 'phase': 'fair_opening_block_1', 'send_events': ['Alice_opening_1', 'Bob_opening_1']}, {'round_index': 8, 'phase': 'fair_opening_block_2', 'send_events': ['Bob_opening_2', 'Alice_opening_2']}, {'round_index': 9, 'phase': 'fair_opening_block_3', 'send_events': ['Alice_opening_3', 'Bob_opening_3']}, {'round_index': 10, 'phase': 'fair_opening_block_4', 'send_events': ['Bob_opening_4', 'Alice_opening_4']}, {'round_index': 11, 'phase': 'fair_opening_block_5', 'send_events': ['Alice_opening_5', 'Bob_opening_5']}, {'round_index': 12, 'phase': 'fair_opening_block_6', 'send_events': ['Bob_opening_6', 'Alice_opening_6']}, {'round_index': 13, 'phase': 'fair_opening_block_7', 'send_events': ['Alice_opening_7', 'Bob_opening_7']}, {'round_index': 14, 'phase': 'fair_opening_block_8', 'send_events': ['Bob_opening_8', 'Alice_opening_8']}, {'round_index': 15, 'phase': 'fair_opening_block_9', 'send_events': ['Alice_opening_9', 'Bob_opening_9']}, {'round_index': 16, 'phase': 'fair_opening_block_10', 'send_events': ['Bob_opening_10', 'Alice_opening_10']}, {'round_index': 17, 'phase': 'fair_opening_block_11', 'send_events': ['Alice_opening_11', 'Bob_opening_11']}, {'round_index': 18, 'phase': 'fair_opening_block_12', 'send_events': ['Bob_opening_12', 'Alice_opening_12']}, {'round_index': 19, 'phase': 'fair_opening_block_13', 'send_events': ['Alice_opening_13', 'Bob_opening_13']}, {'round_index': 20, 'phase': 'fair_opening_block_14', 'send_events': ['Bob_opening_14', 'Alice_opening_14']}, {'round_index': 21, 'phase': 'fair_opening_block_15', 'send_events': ['Alice_opening_15', 'Bob_opening_15']}, {'round_index': 22, 'phase': 'fair_opening_block_16', 'send_events': ['Bob_opening_16', 'Alice_opening_16']}, {'round_index': 23, 'phase': 'fair_opening_block_17', 'send_events': ['Alice_opening_17', 'Bob_opening_17']}, {'round_index': 24, 'phase': 'fair_opening_block_18', 'send_events': ['Bob_opening_18', 'Alice_opening_18']}, {'round_index': 25, 'phase': 'fair_opening_block_19', 'send_events': ['Alice_opening_19', 'Bob_opening_19']}, {'round_index': 26, 'phase': 'fair_opening_block_20', 'send_events': ['Bob_opening_20', 'Alice_opening_20']}, {'round_index': 27, 'phase': 'fair_opening_block_21', 'send_events': ['Alice_opening_21', 'Bob_opening_21']}, {'round_index': 28, 'phase': 'fair_opening_block_22', 'send_events': ['Bob_opening_22', 'Alice_opening_22']}, {'round_index': 29, 'phase': 'fair_opening_block_23', 'send_events': ['Alice_opening_23', 'Bob_opening_23']}, {'round_index': 30, 'phase': 'fair_opening_block_24', 'send_events': ['Bob_opening_24', 'Alice_opening_24']}, {'round_index': 31, 'phase': 'fair_opening_block_25', 'send_events': ['Alice_opening_25', 'Bob_opening_25']}, {'round_index': 32, 'phase': 'fair_opening_block_26', 'send_events': ['Bob_opening_26', 'Alice_opening_26']}, {'round_index': 33, 'phase': 'fair_opening_block_27', 'send_events': ['Alice_opening_27', 'Bob_opening_27']}, {'round_index': 34, 'phase': 'fair_opening_block_28', 'send_events': ['Bob_opening_28', 'Alice_opening_28']}, {'round_index': 35, 'phase': 'fair_opening_block_29', 'send_events': ['Alice_opening_29', 'Bob_opening_29']}, {'round_index': 36, 'phase': 'fair_opening_block_30', 'send_events': ['Bob_opening_30', 'Alice_opening_30']}, {'round_index': 37, 'phase': 'fair_opening_block_31', 'send_events': ['Alice_opening_31', 'Bob_opening_31']}, {'round_index': 38, 'phase': 'keyed_message_confirmation', 'send_events': ['Alice_to_Bob_gamma_A', 'Bob_to_Alice_gamma_B']}]",not_measured,ideal_test_fixture_external_not_measured,211,True
fair,32,64,4,155,172.1659533524265,170.20089994184673,9.238044416221113,4.120875091757625,168.86022235864613,175.47168434620687,745.1493144530193,1278071,67241,4314,70,22,COMPLETED,1.0,30,"Python reference implementation; excludes quantum hardware, optical/network latency, and external KE/QKD",502,374,128,67241,3308,9498,50813,2240,6,6,70,70,4,4,32,32,32,32,2,2,1,1,1,1,2,2,32,32,32,8,"{'IAQD/ack/B2A': 1, 'IAQD/conf/A': 1, 'IAQD/conf/B': 1, 'IAQD/dist/A2B': 1, 'IAQD/mac/A': 1, 'IAQD/mac/B': 1, 'IAQD/otp/A': 1, 'IAQD/otp/B': 1}",1,1,1,64,96,192,310,502,64,74,74,148,70,"[{'round_index': 1, 'phase': 'session_and_parameter_negotiation', 'send_events': ['N_A_and_params', 'N_B_and_params']}, {'round_index': 2, 'phase': 'authenticated_quantum_receipt', 'send_events': ['Bob_to_Alice_QRECV']}, {'round_index': 3, 'phase': 'authenticated_decoy_disclosure', 'send_events': ['Alice_to_Bob_DECOY_DISCLOSURE']}, {'round_index': 4, 'phase': 'fair_ciphertexts', 'send_events': ['Alice_to_Bob_C_A_fair', 'Bob_to_Alice_C_B_fair']}, {'round_index': 5, 'phase': 'authenticated_commitment_exchange', 'send_events': ['Alice_commitments', 'Bob_commitments']}, {'round_index': 6, 'phase': 'fair_opening_block_0', 'send_events': ['Bob_opening_0', 'Alice_opening_0']}, {'round_index': 7, 'phase': 'fair_opening_block_1', 'send_events': ['Alice_opening_1', 'Bob_opening_1']}, {'round_index': 8, 'phase': 'fair_opening_block_2', 'send_events': ['Bob_opening_2', 'Alice_opening_2']}, {'round_index': 9, 'phase': 'fair_opening_block_3', 'send_events': ['Alice_opening_3', 'Bob_opening_3']}, {'round_index': 10, 'phase': 'fair_opening_block_4', 'send_events': ['Bob_opening_4', 'Alice_opening_4']}, {'round_index': 11, 'phase': 'fair_opening_block_5', 'send_events': ['Alice_opening_5', 'Bob_opening_5']}, {'round_index': 12, 'phase': 'fair_opening_block_6', 'send_events': ['Bob_opening_6', 'Alice_opening_6']}, {'round_index': 13, 'phase': 'fair_opening_block_7', 'send_events': ['Alice_opening_7', 'Bob_opening_7']}, {'round_index': 14, 'phase': 'fair_opening_block_8', 'send_events': ['Bob_opening_8', 'Alice_opening_8']}, {'round_index': 15, 'phase': 'fair_opening_block_9', 'send_events': ['Alice_opening_9', 'Bob_opening_9']}, {'round_index': 16, 'phase': 'fair_opening_block_10', 'send_events': ['Bob_opening_10', 'Alice_opening_10']}, {'round_index': 17, 'phase': 'fair_opening_block_11', 'send_events': ['Alice_opening_11', 'Bob_opening_11']}, {'round_index': 18, 'phase': 'fair_opening_block_12', 'send_events': ['Bob_opening_12', 'Alice_opening_12']}, {'round_index': 19, 'phase': 'fair_opening_block_13', 'send_events': ['Alice_opening_13', 'Bob_opening_13']}, {'round_index': 20, 'phase': 'fair_opening_block_14', 'send_events': ['Bob_opening_14', 'Alice_opening_14']}, {'round_index': 21, 'phase': 'fair_opening_block_15', 'send_events': ['Alice_opening_15', 'Bob_opening_15']}, {'round_index': 22, 'phase': 'keyed_message_confirmation', 'send_events': ['Alice_to_Bob_gamma_A', 'Bob_to_Alice_gamma_B']}]",not_measured,ideal_test_fixture_external_not_measured,115,True
fair,32,64,8,155,111.03025334111105,110.90400000102818,1.7228816189152947,2.101625024806708,110.41373940053481,111.64676728168729,1153.1056921571185,613298,38081,4314,38,14,COMPLETED,1.0,30,"Python reference implementation; excludes quantum hardware, optical/network latency, and external KE/QKD",502,374,128,38081,3308,6722,27597,1216,6,6,38,38,4,4,16,16,16,16,2,2,1,1,1,1,2,2,16,16,16,8,"{'IAQD/ack/B2A': 1, 'IAQD/conf/A': 1, 'IAQD/conf/B': 1, 'IAQD/dist/A2B': 1, 'IAQD/mac/A': 1, 'IAQD/mac/B': 1, 'IAQD/otp/A': 1, 'IAQD/otp/B': 1}",1,1,1,32,96,192,310,502,64,42,42,84,38,"[{'round_index': 1, 'phase': 'session_and_parameter_negotiation', 'send_events': ['N_A_and_params', 'N_B_and_params']}, {'round_index': 2, 'phase': 'authenticated_quantum_receipt', 'send_events': ['Bob_to_Alice_QRECV']}, {'round_index': 3, 'phase': 'authenticated_decoy_disclosure', 'send_events': ['Alice_to_Bob_DECOY_DISCLOSURE']}, {'round_index': 4, 'phase': 'fair_ciphertexts', 'send_events': ['Alice_to_Bob_C_A_fair', 'Bob_to_Alice_C_B_fair']}, {'round_index': 5, 'phase': 'authenticated_commitment_exchange', 'send_events': ['Alice_commitments', 'Bob_commitments']}, {'round_index': 6, 'phase': 'fair_opening_block_0', 'send_events': ['Bob_opening_0', 'Alice_opening_0']}, {'round_index': 7, 'phase': 'fair_opening_block_1', 'send_events': ['Alice_opening_1', 'Bob_opening_1']}, {'round_index': 8, 'phase': 'fair_opening_block_2', 'send_events': ['Bob_opening_2', 'Alice_opening_2']}, {'round_index': 9, 'phase': 'fair_opening_block_3', 'send_events': ['Alice_opening_3', 'Bob_opening_3']}, {'round_index': 10, 'phase': 'fair_opening_block_4', 'send_events': ['Bob_opening_4', 'Alice_opening_4']}, {'round_index': 11, 'phase': 'fair_opening_block_5', 'send_events': ['Alice_opening_5', 'Bob_opening_5']}, {'round_index': 12, 'phase': 'fair_opening_block_6', 'send_events': ['Bob_opening_6', 'Alice_opening_6']}, {'round_index': 13, 'phase': 'fair_opening_block_7', 'send_events': ['Alice_opening_7', 'Bob_opening_7']}, {'round_index': 14, 'phase': 'keyed_message_confirmation', 'send_events': ['Alice_to_Bob_gamma_A', 'Bob_to_Alice_gamma_B']}]",not_measured,ideal_test_fixture_external_not_measured,67,True
