(phase,outcome,waiting,next_send_seq_h,next_recv_seq_h,honest_commit_sent,peer_commit_verified,sent_blocks_h,verified_blocks_peer,sent_honest,verified_peer,max_gap,adversary_verified_honest,adversary_skipped_verification,honest_confirm_sent,peer_confirm_verified,last_actor,last_direction,last_type,last_seq,last_block,last_event,reject_reason)
0:(0,0,false,0,0,false,false,0,0,0,0,0,0,false,false,false,0,0,0,0,0,0,0)
1:(0,0,true,0,0,false,false,0,0,0,0,0,0,false,false,false,1,1,1,0,0,6,0)
2:(1,0,false,0,0,false,false,0,0,0,0,0,0,false,false,false,1,1,1,0,0,2,0)
3:(2,0,false,1,0,false,false,0,0,0,0,0,0,false,false,false,2,2,2,0,0,1,0)
4:(2,0,true,1,0,false,false,0,0,0,0,0,0,false,false,false,1,1,3,0,0,6,0)
5:(3,0,false,1,1,false,false,0,0,0,0,0,0,false,false,false,1,1,3,0,0,2,0)
6:(4,0,false,1,1,false,false,0,0,0,0,0,0,false,false,false,2,0,0,0,0,2,0)
7:(5,0,false,2,1,false,false,0,0,0,0,0,0,false,false,false,2,2,4,1,0,1,0)
8:(5,0,true,2,1,false,false,0,0,0,0,0,0,false,false,false,1,1,5,1,0,6,0)
9:(6,0,false,2,2,false,false,0,0,0,0,0,0,false,false,false,1,1,5,1,0,2,0)
10:(6,0,false,2,3,false,true,0,0,0,0,0,0,false,false,false,1,1,6,2,0,2,0)
11:(6,0,false,3,2,true,false,0,0,0,0,0,0,false,false,false,2,2,6,2,0,1,0)
12:(6,0,false,3,2,true,false,0,0,0,0,0,0,true,false,false,2,2,6,2,0,1,0)
13:(6,0,false,3,3,true,true,0,0,0,0,0,0,false,false,false,1,1,6,2,0,2,0)
14:(6,0,false,3,3,true,true,0,0,0,0,0,0,false,false,false,2,2,6,2,0,1,0)
15:(6,0,false,3,3,true,true,0,0,0,0,0,0,true,false,false,1,1,6,2,0,2,0)
16:(6,0,false,3,3,true,true,0,0,0,0,0,0,true,false,false,2,2,6,2,0,1,0)
17:(6,0,true,3,2,true,false,0,0,0,0,0,0,false,false,false,1,1,6,2,0,6,0)
18:(6,0,true,3,2,true,false,0,0,0,0,0,0,true,false,false,1,1,6,2,0,6,0)
19:(7,0,false,3,3,true,true,0,0,0,0,0,0,false,false,false,0,0,0,0,0,9,0)
20:(7,0,false,3,3,true,true,0,0,0,0,0,0,true,false,false,0,0,0,0,0,9,0)
21:(7,0,false,3,4,true,true,0,1,0,2,0,0,false,false,false,1,1,7,3,1,2,0)
22:(7,0,false,3,4,true,true,0,1,0,2,0,0,true,false,false,1,1,7,3,1,2,0)
23:(7,0,false,3,5,true,true,0,2,0,4,0,0,false,false,false,1,1,7,4,2,2,0)
24:(7,0,false,3,5,true,true,0,2,0,4,0,0,true,false,false,1,1,7,4,2,2,0)
25:(7,0,false,3,6,true,true,0,3,0,6,0,0,false,false,false,1,1,7,5,3,2,0)
26:(7,0,false,3,6,true,true,0,3,0,6,0,0,true,false,false,1,1,7,5,3,2,0)
27:(7,0,false,3,7,true,true,0,4,0,8,0,0,false,false,false,1,1,7,6,4,2,0)
28:(7,0,false,3,7,true,true,0,4,0,8,0,0,true,false,false,1,1,7,6,4,2,0)
29:(7,0,false,3,8,true,true,0,5,0,10,0,0,false,false,false,1,1,7,7,5,2,0)
30:(7,0,false,3,8,true,true,0,5,0,10,0,0,true,false,false,1,1,7,7,5,2,0)
31:(7,0,false,3,9,true,true,0,6,0,12,0,0,false,false,false,1,1,7,8,6,2,0)
32:(7,0,false,3,9,true,true,0,6,0,12,0,0,true,false,false,1,1,7,8,6,2,0)
33:(7,0,false,3,10,true,true,0,7,0,14,0,0,false,false,false,1,1,7,9,7,2,0)
34:(7,0,false,3,10,true,true,0,7,0,14,0,0,true,false,false,1,1,7,9,7,2,0)
35:(7,0,false,3,11,true,true,0,8,0,16,0,0,false,false,false,1,1,7,10,8,2,0)
36:(7,0,false,3,11,true,true,0,8,0,16,0,0,true,false,false,1,1,7,10,8,2,0)
37:(7,0,false,4,4,true,true,1,1,2,2,0,0,true,false,false,2,2,7,3,1,11,0)
38:(7,0,false,4,4,true,true,1,1,2,2,0,0,true,false,false,2,2,7,3,1,14,0)
39:(7,0,false,4,4,true,true,1,1,2,2,0,2,false,false,false,2,2,7,3,1,10,0)
40:(7,0,false,4,4,true,true,1,1,2,2,0,2,false,false,false,2,2,7,3,1,14,0)
41:(7,0,false,4,4,true,true,1,1,2,2,0,2,true,false,false,2,2,7,3,1,10,0)
42:(7,0,false,4,4,true,true,1,1,2,2,0,2,true,false,false,2,2,7,3,1,14,0)
43:(7,0,false,4,5,true,true,1,2,2,4,0,0,true,false,false,1,1,7,4,2,2,0)
44:(7,0,false,4,5,true,true,1,2,2,4,0,0,true,false,false,2,2,7,3,1,11,0)
45:(7,0,false,4,5,true,true,1,2,2,4,0,0,true,false,false,2,2,7,3,1,14,0)
46:(7,0,false,4,5,true,true,1,2,2,4,0,2,false,false,false,1,1,7,4,2,2,0)
47:(7,0,false,4,5,true,true,1,2,2,4,0,2,false,false,false,2,2,7,3,1,10,0)
48:(7,0,false,4,5,true,true,1,2,2,4,0,2,false,false,false,2,2,7,3,1,14,0)
49:(7,0,false,4,5,true,true,1,2,2,4,0,2,true,false,false,1,1,7,4,2,2,0)
50:(7,0,false,4,5,true,true,1,2,2,4,0,2,true,false,false,2,2,7,3,1,10,0)
51:(7,0,false,4,5,true,true,1,2,2,4,0,2,true,false,false,2,2,7,3,1,14,0)
52:(7,0,false,4,6,true,true,1,3,2,6,0,0,true,false,false,1,1,7,5,3,2,0)
53:(7,0,false,4,6,true,true,1,3,2,6,0,0,true,false,false,2,2,7,3,1,11,0)
54:(7,0,false,4,6,true,true,1,3,2,6,0,0,true,false,false,2,2,7,3,1,14,0)
55:(7,0,false,4,6,true,true,1,3,2,6,0,2,false,false,false,1,1,7,5,3,2,0)
56:(7,0,false,4,6,true,true,1,3,2,6,0,2,false,false,false,2,2,7,3,1,10,0)
57:(7,0,false,4,6,true,true,1,3,2,6,0,2,false,false,false,2,2,7,3,1,14,0)
58:(7,0,false,4,6,true,true,1,3,2,6,0,2,true,false,false,1,1,7,5,3,2,0)
59:(7,0,false,4,6,true,true,1,3,2,6,0,2,true,false,false,2,2,7,3,1,10,0)
60:(7,0,false,4,6,true,true,1,3,2,6,0,2,true,false,false,2,2,7,3,1,14,0)
61:(7,0,false,4,7,true,true,1,4,2,8,0,0,true,false,false,1,1,7,6,4,2,0)
62:(7,0,false,4,7,true,true,1,4,2,8,0,0,true,false,false,2,2,7,3,1,11,0)
63:(7,0,false,4,7,true,true,1,4,2,8,0,0,true,false,false,2,2,7,3,1,14,0)
64:(7,0,false,4,7,true,true,1,4,2,8,0,2,false,false,false,1,1,7,6,4,2,0)
65:(7,0,false,4,7,true,true,1,4,2,8,0,2,false,false,false,2,2,7,3,1,10,0)
66:(7,0,false,4,7,true,true,1,4,2,8,0,2,false,false,false,2,2,7,3,1,14,0)
67:(7,0,false,4,7,true,true,1,4,2,8,0,2,true,false,false,1,1,7,6,4,2,0)
68:(7,0,false,4,7,true,true,1,4,2,8,0,2,true,false,false,2,2,7,3,1,10,0)
69:(7,0,false,4,7,true,true,1,4,2,8,0,2,true,false,false,2,2,7,3,1,14,0)
70:(7,0,false,4,8,true,true,1,5,2,10,0,0,true,false,false,1,1,7,7,5,2,0)
71:(7,0,false,4,8,true,true,1,5,2,10,0,0,true,false,false,2,2,7,3,1,11,0)
72:(7,0,false,4,8,true,true,1,5,2,10,0,0,true,false,false,2,2,7,3,1,14,0)
73:(7,0,false,4,8,true,true,1,5,2,10,0,2,false,false,false,1,1,7,7,5,2,0)
74:(7,0,false,4,8,true,true,1,5,2,10,0,2,false,false,false,2,2,7,3,1,10,0)
75:(7,0,false,4,8,true,true,1,5,2,10,0,2,false,false,false,2,2,7,3,1,14,0)
76:(7,0,false,4,8,true,true,1,5,2,10,0,2,true,false,false,1,1,7,7,5,2,0)
77:(7,0,false,4,8,true,true,1,5,2,10,0,2,true,false,false,2,2,7,3,1,10,0)
78:(7,0,false,4,8,true,true,1,5,2,10,0,2,true,false,false,2,2,7,3,1,14,0)
79:(7,0,false,4,9,true,true,1,6,2,12,0,0,true,false,false,1,1,7,8,6,2,0)
80:(7,0,false,4,9,true,true,1,6,2,12,0,0,true,false,false,2,2,7,3,1,11,0)
81:(7,0,false,4,9,true,true,1,6,2,12,0,0,true,false,false,2,2,7,3,1,14,0)
82:(7,0,false,4,9,true,true,1,6,2,12,0,2,false,false,false,1,1,7,8,6,2,0)
83:(7,0,false,4,9,true,true,1,6,2,12,0,2,false,false,false,2,2,7,3,1,10,0)
84:(7,0,false,4,9,true,true,1,6,2,12,0,2,false,false,false,2,2,7,3,1,14,0)
85:(7,0,false,4,9,true,true,1,6,2,12,0,2,true,false,false,1,1,7,8,6,2,0)
86:(7,0,false,4,9,true,true,1,6,2,12,0,2,true,false,false,2,2,7,3,1,10,0)
87:(7,0,false,4,9,true,true,1,6,2,12,0,2,true,false,false,2,2,7,3,1,14,0)
88:(7,0,false,4,10,true,true,1,7,2,14,0,0,true,false,false,1,1,7,9,7,2,0)
89:(7,0,false,4,10,true,true,1,7,2,14,0,0,true,false,false,2,2,7,3,1,11,0)
90:(7,0,false,4,10,true,true,1,7,2,14,0,0,true,false,false,2,2,7,3,1,14,0)
91:(7,0,false,4,10,true,true,1,7,2,14,0,2,false,false,false,1,1,7,9,7,2,0)
92:(7,0,false,4,10,true,true,1,7,2,14,0,2,false,false,false,2,2,7,3,1,10,0)
93:(7,0,false,4,10,true,true,1,7,2,14,0,2,false,false,false,2,2,7,3,1,14,0)
94:(7,0,false,4,10,true,true,1,7,2,14,0,2,true,false,false,1,1,7,9,7,2,0)
95:(7,0,false,4,10,true,true,1,7,2,14,0,2,true,false,false,2,2,7,3,1,10,0)
96:(7,0,false,4,10,true,true,1,7,2,14,0,2,true,false,false,2,2,7,3,1,14,0)
97:(7,0,false,4,11,true,true,1,8,2,16,0,0,true,false,false,1,1,7,10,8,2,0)
98:(7,0,false,4,11,true,true,1,8,2,16,0,0,true,false,false,2,2,7,3,1,11,0)
99:(7,0,false,4,11,true,true,1,8,2,16,0,0,true,false,false,2,2,7,3,1,14,0)
100:(7,0,false,4,11,true,true,1,8,2,16,0,2,false,false,false,1,1,7,10,8,2,0)
101:(7,0,false,4,11,true,true,1,8,2,16,0,2,false,false,false,2,2,7,3,1,10,0)
102:(7,0,false,4,11,true,true,1,8,2,16,0,2,false,false,false,2,2,7,3,1,14,0)
103:(7,0,false,4,11,true,true,1,8,2,16,0,2,true,false,false,1,1,7,10,8,2,0)
104:(7,0,false,4,11,true,true,1,8,2,16,0,2,true,false,false,2,2,7,3,1,10,0)
105:(7,0,false,4,11,true,true,1,8,2,16,0,2,true,false,false,2,2,7,3,1,14,0)
106:(7,0,false,5,4,true,true,2,1,4,2,2,0,true,false,false,2,2,7,4,2,11,0)
107:(7,0,false,5,4,true,true,2,1,4,2,2,0,true,false,false,2,2,7,4,2,14,0)
108:(7,0,false,5,4,true,true,2,1,4,2,2,2,true,false,false,2,2,7,4,2,10,0)
109:(7,0,false,5,4,true,true,2,1,4,2,2,2,true,false,false,2,2,7,4,2,11,0)
110:(7,0,false,5,4,true,true,2,1,4,2,2,2,true,false,false,2,2,7,4,2,14,0)
111:(7,0,false,5,4,true,true,2,1,4,2,2,4,false,false,false,2,2,7,4,2,10,0)
112:(7,0,false,5,4,true,true,2,1,4,2,2,4,false,false,false,2,2,7,4,2,14,0)
113:(7,0,false,5,4,true,true,2,1,4,2,2,4,true,false,false,2,2,7,4,2,10,0)
114:(7,0,false,5,4,true,true,2,1,4,2,2,4,true,false,false,2,2,7,4,2,14,0)
115:(7,0,false,5,5,true,true,2,2,4,4,0,0,true,false,false,2,2,7,4,2,11,0)
116:(7,0,false,5,5,true,true,2,2,4,4,0,0,true,false,false,2,2,7,4,2,14,0)
117:(7,0,false,5,5,true,true,2,2,4,4,0,2,true,false,false,2,2,7,4,2,10,0)
118:(7,0,false,5,5,true,true,2,2,4,4,0,2,true,false,false,2,2,7,4,2,11,0)
119:(7,0,false,5,5,true,true,2,2,4,4,0,2,true,false,false,2,2,7,4,2,14,0)
120:(7,0,false,5,5,true,true,2,2,4,4,0,4,false,false,false,2,2,7,4,2,10,0)
121:(7,0,false,5,5,true,true,2,2,4,4,0,4,false,false,false,2,2,7,4,2,14,0)
122:(7,0,false,5,5,true,true,2,2,4,4,0,4,true,false,false,2,2,7,4,2,10,0)
123:(7,0,false,5,5,true,true,2,2,4,4,0,4,true,false,false,2,2,7,4,2,14,0)
124:(7,0,false,5,5,true,true,2,2,4,4,2,0,true,false,false,1,1,7,4,2,2,0)
125:(7,0,false,5,5,true,true,2,2,4,4,2,0,true,false,false,2,2,7,4,2,14,0)
126:(7,0,false,5,5,true,true,2,2,4,4,2,2,true,false,false,1,1,7,4,2,2,0)
127:(7,0,false,5,5,true,true,2,2,4,4,2,2,true,false,false,2,2,7,4,2,14,0)
128:(7,0,false,5,5,true,true,2,2,4,4,2,4,false,false,false,1,1,7,4,2,2,0)
129:(7,0,false,5,5,true,true,2,2,4,4,2,4,false,false,false,2,2,7,4,2,14,0)
130:(7,0,false,5,5,true,true,2,2,4,4,2,4,true,false,false,1,1,7,4,2,2,0)
131:(7,0,false,5,5,true,true,2,2,4,4,2,4,true,false,false,2,2,7,4,2,14,0)
132:(7,0,false,5,6,true,true,2,3,4,6,0,0,true,false,false,1,1,7,5,3,2,0)
133:(7,0,false,5,6,true,true,2,3,4,6,0,0,true,false,false,2,2,7,4,2,11,0)
134:(7,0,false,5,6,true,true,2,3,4,6,0,0,true,false,false,2,2,7,4,2,14,0)
135:(7,0,false,5,6,true,true,2,3,4,6,0,2,true,false,false,1,1,7,5,3,2,0)
136:(7,0,false,5,6,true,true,2,3,4,6,0,2,true,false,false,2,2,7,4,2,10,0)
137:(7,0,false,5,6,true,true,2,3,4,6,0,2,true,false,false,2,2,7,4,2,11,0)
138:(7,0,false,5,6,true,true,2,3,4,6,0,2,true,false,false,2,2,7,4,2,14,0)
139:(7,0,false,5,6,true,true,2,3,4,6,0,4,false,false,false,1,1,7,5,3,2,0)
140:(7,0,false,5,6,true,true,2,3,4,6,0,4,false,false,false,2,2,7,4,2,10,0)
141:(7,0,false,5,6,true,true,2,3,4,6,0,4,false,false,false,2,2,7,4,2,14,0)
142:(7,0,false,5,6,true,true,2,3,4,6,0,4,true,false,false,1,1,7,5,3,2,0)
143:(7,0,false,5,6,true,true,2,3,4,6,0,4,true,false,false,2,2,7,4,2,10,0)
144:(7,0,false,5,6,true,true,2,3,4,6,0,4,true,false,false,2,2,7,4,2,14,0)
145:(7,0,false,5,6,true,true,2,3,4,6,2,0,true,false,false,1,1,7,5,3,2,0)
146:(7,0,false,5,6,true,true,2,3,4,6,2,0,true,false,false,2,2,7,4,2,14,0)
147:(7,0,false,5,6,true,true,2,3,4,6,2,2,true,false,false,1,1,7,5,3,2,0)
148:(7,0,false,5,6,true,true,2,3,4,6,2,2,true,false,false,2,2,7,4,2,14,0)
149:(7,0,false,5,6,true,true,2,3,4,6,2,4,false,false,false,1,1,7,5,3,2,0)
150:(7,0,false,5,6,true,true,2,3,4,6,2,4,false,false,false,2,2,7,4,2,14,0)
151:(7,0,false,5,6,true,true,2,3,4,6,2,4,true,false,false,1,1,7,5,3,2,0)
152:(7,0,false,5,6,true,true,2,3,4,6,2,4,true,false,false,2,2,7,4,2,14,0)
153:(7,0,false,5,7,true,true,2,4,4,8,0,0,true,false,false,1,1,7,6,4,2,0)
154:(7,0,false,5,7,true,true,2,4,4,8,0,0,true,false,false,2,2,7,4,2,11,0)
155:(7,0,false,5,7,true,true,2,4,4,8,0,0,true,false,false,2,2,7,4,2,14,0)
156:(7,0,false,5,7,true,true,2,4,4,8,0,2,true,false,false,1,1,7,6,4,2,0)
157:(7,0,false,5,7,true,true,2,4,4,8,0,2,true,false,false,2,2,7,4,2,10,0)
158:(7,0,false,5,7,true,true,2,4,4,8,0,2,true,false,false,2,2,7,4,2,11,0)
159:(7,0,false,5,7,true,true,2,4,4,8,0,2,true,false,false,2,2,7,4,2,14,0)
160:(7,0,false,5,7,true,true,2,4,4,8,0,4,false,false,false,1,1,7,6,4,2,0)
161:(7,0,false,5,7,true,true,2,4,4,8,0,4,false,false,false,2,2,7,4,2,10,0)
162:(7,0,false,5,7,true,true,2,4,4,8,0,4,false,false,false,2,2,7,4,2,14,0)
163:(7,0,false,5,7,true,true,2,4,4,8,0,4,true,false,false,1,1,7,6,4,2,0)
164:(7,0,false,5,7,true,true,2,4,4,8,0,4,true,false,false,2,2,7,4,2,10,0)
165:(7,0,false,5,7,true,true,2,4,4,8,0,4,true,false,false,2,2,7,4,2,14,0)
166:(7,0,false,5,7,true,true,2,4,4,8,2,0,true,false,false,1,1,7,6,4,2,0)
167:(7,0,false,5,7,true,true,2,4,4,8,2,0,true,false,false,2,2,7,4,2,14,0)
168:(7,0,false,5,7,true,true,2,4,4,8,2,2,true,false,false,1,1,7,6,4,2,0)
169:(7,0,false,5,7,true,true,2,4,4,8,2,2,true,false,false,2,2,7,4,2,14,0)
170:(7,0,false,5,7,true,true,2,4,4,8,2,4,false,false,false,1,1,7,6,4,2,0)
171:(7,0,false,5,7,true,true,2,4,4,8,2,4,false,false,false,2,2,7,4,2,14,0)
172:(7,0,false,5,7,true,true,2,4,4,8,2,4,true,false,false,1,1,7,6,4,2,0)
173:(7,0,false,5,7,true,true,2,4,4,8,2,4,true,false,false,2,2,7,4,2,14,0)
174:(7,0,false,5,8,true,true,2,5,4,10,0,0,true,false,false,1,1,7,7,5,2,0)
175:(7,0,false,5,8,true,true,2,5,4,10,0,0,true,false,false,2,2,7,4,2,11,0)
176:(7,0,false,5,8,true,true,2,5,4,10,0,0,true,false,false,2,2,7,4,2,14,0)
177:(7,0,false,5,8,true,true,2,5,4,10,0,2,true,false,false,1,1,7,7,5,2,0)
178:(7,0,false,5,8,true,true,2,5,4,10,0,2,true,false,false,2,2,7,4,2,10,0)
179:(7,0,false,5,8,true,true,2,5,4,10,0,2,true,false,false,2,2,7,4,2,11,0)
180:(7,0,false,5,8,true,true,2,5,4,10,0,2,true,false,false,2,2,7,4,2,14,0)
181:(7,0,false,5,8,true,true,2,5,4,10,0,4,false,false,false,1,1,7,7,5,2,0)
182:(7,0,false,5,8,true,true,2,5,4,10,0,4,false,false,false,2,2,7,4,2,10,0)
183:(7,0,false,5,8,true,true,2,5,4,10,0,4,false,false,false,2,2,7,4,2,14,0)
184:(7,0,false,5,8,true,true,2,5,4,10,0,4,true,false,false,1,1,7,7,5,2,0)
185:(7,0,false,5,8,true,true,2,5,4,10,0,4,true,false,false,2,2,7,4,2,10,0)
186:(7,0,false,5,8,true,true,2,5,4,10,0,4,true,false,false,2,2,7,4,2,14,0)
187:(7,0,false,5,8,true,true,2,5,4,10,2,0,true,false,false,1,1,7,7,5,2,0)
188:(7,0,false,5,8,true,true,2,5,4,10,2,0,true,false,false,2,2,7,4,2,14,0)
189:(7,0,false,5,8,true,true,2,5,4,10,2,2,true,false,false,1,1,7,7,5,2,0)
190:(7,0,false,5,8,true,true,2,5,4,10,2,2,true,false,false,2,2,7,4,2,14,0)
191:(7,0,false,5,8,true,true,2,5,4,10,2,4,false,false,false,1,1,7,7,5,2,0)
192:(7,0,false,5,8,true,true,2,5,4,10,2,4,false,false,false,2,2,7,4,2,14,0)
193:(7,0,false,5,8,true,true,2,5,4,10,2,4,true,false,false,1,1,7,7,5,2,0)
194:(7,0,false,5,8,true,true,2,5,4,10,2,4,true,false,false,2,2,7,4,2,14,0)
195:(7,0,false,5,9,true,true,2,6,4,12,0,0,true,false,false,1,1,7,8,6,2,0)
196:(7,0,false,5,9,true,true,2,6,4,12,0,0,true,false,false,2,2,7,4,2,11,0)
197:(7,0,false,5,9,true,true,2,6,4,12,0,0,true,false,false,2,2,7,4,2,14,0)
198:(7,0,false,5,9,true,true,2,6,4,12,0,2,true,false,false,1,1,7,8,6,2,0)
199:(7,0,false,5,9,true,true,2,6,4,12,0,2,true,false,false,2,2,7,4,2,10,0)
200:(7,0,false,5,9,true,true,2,6,4,12,0,2,true,false,false,2,2,7,4,2,11,0)
201:(7,0,false,5,9,true,true,2,6,4,12,0,2,true,false,false,2,2,7,4,2,14,0)
202:(7,0,false,5,9,true,true,2,6,4,12,0,4,false,false,false,1,1,7,8,6,2,0)
203:(7,0,false,5,9,true,true,2,6,4,12,0,4,false,false,false,2,2,7,4,2,10,0)
204:(7,0,false,5,9,true,true,2,6,4,12,0,4,false,false,false,2,2,7,4,2,14,0)
205:(7,0,false,5,9,true,true,2,6,4,12,0,4,true,false,false,1,1,7,8,6,2,0)
206:(7,0,false,5,9,true,true,2,6,4,12,0,4,true,false,false,2,2,7,4,2,10,0)
207:(7,0,false,5,9,true,true,2,6,4,12,0,4,true,false,false,2,2,7,4,2,14,0)
208:(7,0,false,5,9,true,true,2,6,4,12,2,0,true,false,false,1,1,7,8,6,2,0)
209:(7,0,false,5,9,true,true,2,6,4,12,2,0,true,false,false,2,2,7,4,2,14,0)
210:(7,0,false,5,9,true,true,2,6,4,12,2,2,true,false,false,1,1,7,8,6,2,0)
211:(7,0,false,5,9,true,true,2,6,4,12,2,2,true,false,false,2,2,7,4,2,14,0)
212:(7,0,false,5,9,true,true,2,6,4,12,2,4,false,false,false,1,1,7,8,6,2,0)
213:(7,0,false,5,9,true,true,2,6,4,12,2,4,false,false,false,2,2,7,4,2,14,0)
214:(7,0,false,5,9,true,true,2,6,4,12,2,4,true,false,false,1,1,7,8,6,2,0)
215:(7,0,false,5,9,true,true,2,6,4,12,2,4,true,false,false,2,2,7,4,2,14,0)
216:(7,0,false,5,10,true,true,2,7,4,14,0,0,true,false,false,1,1,7,9,7,2,0)
217:(7,0,false,5,10,true,true,2,7,4,14,0,0,true,false,false,2,2,7,4,2,11,0)
218:(7,0,false,5,10,true,true,2,7,4,14,0,0,true,false,false,2,2,7,4,2,14,0)
219:(7,0,false,5,10,true,true,2,7,4,14,0,2,true,false,false,1,1,7,9,7,2,0)
220:(7,0,false,5,10,true,true,2,7,4,14,0,2,true,false,false,2,2,7,4,2,10,0)
221:(7,0,false,5,10,true,true,2,7,4,14,0,2,true,false,false,2,2,7,4,2,11,0)
222:(7,0,false,5,10,true,true,2,7,4,14,0,2,true,false,false,2,2,7,4,2,14,0)
223:(7,0,false,5,10,true,true,2,7,4,14,0,4,false,false,false,1,1,7,9,7,2,0)
224:(7,0,false,5,10,true,true,2,7,4,14,0,4,false,false,false,2,2,7,4,2,10,0)
225:(7,0,false,5,10,true,true,2,7,4,14,0,4,false,false,false,2,2,7,4,2,14,0)
226:(7,0,false,5,10,true,true,2,7,4,14,0,4,true,false,false,1,1,7,9,7,2,0)
227:(7,0,false,5,10,true,true,2,7,4,14,0,4,true,false,false,2,2,7,4,2,10,0)
228:(7,0,false,5,10,true,true,2,7,4,14,0,4,true,false,false,2,2,7,4,2,14,0)
229:(7,0,false,5,10,true,true,2,7,4,14,2,0,true,false,false,1,1,7,9,7,2,0)
230:(7,0,false,5,10,true,true,2,7,4,14,2,0,true,false,false,2,2,7,4,2,14,0)
231:(7,0,false,5,10,true,true,2,7,4,14,2,2,true,false,false,1,1,7,9,7,2,0)
232:(7,0,false,5,10,true,true,2,7,4,14,2,2,true,false,false,2,2,7,4,2,14,0)
233:(7,0,false,5,10,true,true,2,7,4,14,2,4,false,false,false,1,1,7,9,7,2,0)
234:(7,0,false,5,10,true,true,2,7,4,14,2,4,false,false,false,2,2,7,4,2,14,0)
235:(7,0,false,5,10,true,true,2,7,4,14,2,4,true,false,false,1,1,7,9,7,2,0)
236:(7,0,false,5,10,true,true,2,7,4,14,2,4,true,false,false,2,2,7,4,2,14,0)
237:(7,0,false,5,11,true,true,2,8,4,16,0,0,true,false,false,1,1,7,10,8,2,0)
238:(7,0,false,5,11,true,true,2,8,4,16,0,0,true,false,false,2,2,7,4,2,11,0)
239:(7,0,false,5,11,true,true,2,8,4,16,0,0,true,false,false,2,2,7,4,2,14,0)
240:(7,0,false,5,11,true,true,2,8,4,16,0,2,true,false,false,1,1,7,10,8,2,0)
241:(7,0,false,5,11,true,true,2,8,4,16,0,2,true,false,false,2,2,7,4,2,10,0)
242:(7,0,false,5,11,true,true,2,8,4,16,0,2,true,false,false,2,2,7,4,2,11,0)
243:(7,0,false,5,11,true,true,2,8,4,16,0,2,true,false,false,2,2,7,4,2,14,0)
244:(7,0,false,5,11,true,true,2,8,4,16,0,4,false,false,false,1,1,7,10,8,2,0)
245:(7,0,false,5,11,true,true,2,8,4,16,0,4,false,false,false,2,2,7,4,2,10,0)
246:(7,0,false,5,11,true,true,2,8,4,16,0,4,false,false,false,2,2,7,4,2,14,0)
247:(7,0,false,5,11,true,true,2,8,4,16,0,4,true,false,false,1,1,7,10,8,2,0)
248:(7,0,false,5,11,true,true,2,8,4,16,0,4,true,false,false,2,2,7,4,2,10,0)
249:(7,0,false,5,11,true,true,2,8,4,16,0,4,true,false,false,2,2,7,4,2,14,0)
250:(7,0,false,5,11,true,true,2,8,4,16,2,0,true,false,false,1,1,7,10,8,2,0)
251:(7,0,false,5,11,true,true,2,8,4,16,2,0,true,false,false,2,2,7,4,2,14,0)
252:(7,0,false,5,11,true,true,2,8,4,16,2,2,true,false,false,1,1,7,10,8,2,0)
253:(7,0,false,5,11,true,true,2,8,4,16,2,2,true,false,false,2,2,7,4,2,14,0)
254:(7,0,false,5,11,true,true,2,8,4,16,2,4,false,false,false,1,1,7,10,8,2,0)
255:(7,0,false,5,11,true,true,2,8,4,16,2,4,false,false,false,2,2,7,4,2,14,0)
256:(7,0,false,5,11,true,true,2,8,4,16,2,4,true,false,false,1,1,7,10,8,2,0)
257:(7,0,false,5,11,true,true,2,8,4,16,2,4,true,false,false,2,2,7,4,2,14,0)
258:(7,0,false,6,6,true,true,3,3,6,6,0,0,true,false,false,2,2,7,5,3,11,0)
259:(7,0,false,6,6,true,true,3,3,6,6,0,0,true,false,false,2,2,7,5,3,14,0)
260:(7,0,false,6,6,true,true,3,3,6,6,0,2,true,false,false,2,2,7,5,3,10,0)
261:(7,0,false,6,6,true,true,3,3,6,6,0,2,true,false,false,2,2,7,5,3,11,0)
262:(7,0,false,6,6,true,true,3,3,6,6,0,2,true,false,false,2,2,7,5,3,14,0)
263:(7,0,false,6,6,true,true,3,3,6,6,0,4,true,false,false,2,2,7,5,3,10,0)
264:(7,0,false,6,6,true,true,3,3,6,6,0,4,true,false,false,2,2,7,5,3,11,0)
265:(7,0,false,6,6,true,true,3,3,6,6,0,4,true,false,false,2,2,7,5,3,14,0)
266:(7,0,false,6,6,true,true,3,3,6,6,0,6,false,false,false,2,2,7,5,3,10,0)
267:(7,0,false,6,6,true,true,3,3,6,6,0,6,false,false,false,2,2,7,5,3,14,0)
268:(7,0,false,6,6,true,true,3,3,6,6,0,6,true,false,false,2,2,7,5,3,10,0)
269:(7,0,false,6,6,true,true,3,3,6,6,0,6,true,false,false,2,2,7,5,3,14,0)
270:(7,0,false,6,6,true,true,3,3,6,6,2,0,true,false,false,2,2,7,5,3,11,0)
271:(7,0,false,6,6,true,true,3,3,6,6,2,0,true,false,false,2,2,7,5,3,14,0)
272:(7,0,false,6,6,true,true,3,3,6,6,2,2,true,false,false,2,2,7,5,3,10,0)
273:(7,0,false,6,6,true,true,3,3,6,6,2,2,true,false,false,2,2,7,5,3,11,0)
274:(7,0,false,6,6,true,true,3,3,6,6,2,2,true,false,false,2,2,7,5,3,14,0)
275:(7,0,false,6,6,true,true,3,3,6,6,2,4,true,false,false,2,2,7,5,3,10,0)
276:(7,0,false,6,6,true,true,3,3,6,6,2,4,true,false,false,2,2,7,5,3,11,0)
277:(7,0,false,6,6,true,true,3,3,6,6,2,4,true,false,false,2,2,7,5,3,14,0)
278:(7,0,false,6,6,true,true,3,3,6,6,2,6,false,false,false,2,2,7,5,3,10,0)
279:(7,0,false,6,6,true,true,3,3,6,6,2,6,false,false,false,2,2,7,5,3,14,0)
280:(7,0,false,6,6,true,true,3,3,6,6,2,6,true,false,false,2,2,7,5,3,10,0)
281:(7,0,false,6,6,true,true,3,3,6,6,2,6,true,false,false,2,2,7,5,3,14,0)
282:(7,0,false,6,7,true,true,3,4,6,8,0,0,true,false,false,1,1,7,6,4,2,0)
283:(7,0,false,6,7,true,true,3,4,6,8,0,0,true,false,false,2,2,7,5,3,11,0)
284:(7,0,false,6,7,true,true,3,4,6,8,0,0,true,false,false,2,2,7,5,3,14,0)
285:(7,0,false,6,7,true,true,3,4,6,8,0,2,true,false,false,1,1,7,6,4,2,0)
286:(7,0,false,6,7,true,true,3,4,6,8,0,2,true,false,false,2,2,7,5,3,10,0)
287:(7,0,false,6,7,true,true,3,4,6,8,0,2,true,false,false,2,2,7,5,3,11,0)
288:(7,0,false,6,7,true,true,3,4,6,8,0,2,true,false,false,2,2,7,5,3,14,0)
289:(7,0,false,6,7,true,true,3,4,6,8,0,4,true,false,false,1,1,7,6,4,2,0)
290:(7,0,false,6,7,true,true,3,4,6,8,0,4,true,false,false,2,2,7,5,3,10,0)
291:(7,0,false,6,7,true,true,3,4,6,8,0,4,true,false,false,2,2,7,5,3,11,0)
292:(7,0,false,6,7,true,true,3,4,6,8,0,4,true,false,false,2,2,7,5,3,14,0)
293:(7,0,false,6,7,true,true,3,4,6,8,0,6,false,false,false,1,1,7,6,4,2,0)
294:(7,0,false,6,7,true,true,3,4,6,8,0,6,false,false,false,2,2,7,5,3,10,0)
295:(7,0,false,6,7,true,true,3,4,6,8,0,6,false,false,false,2,2,7,5,3,14,0)
296:(7,0,false,6,7,true,true,3,4,6,8,0,6,true,false,false,1,1,7,6,4,2,0)
297:(7,0,false,6,7,true,true,3,4,6,8,0,6,true,false,false,2,2,7,5,3,10,0)
298:(7,0,false,6,7,true,true,3,4,6,8,0,6,true,false,false,2,2,7,5,3,14,0)
299:(7,0,false,6,7,true,true,3,4,6,8,2,0,true,false,false,1,1,7,6,4,2,0)
300:(7,0,false,6,7,true,true,3,4,6,8,2,0,true,false,false,2,2,7,5,3,11,0)
301:(7,0,false,6,7,true,true,3,4,6,8,2,0,true,false,false,2,2,7,5,3,14,0)
302:(7,0,false,6,7,true,true,3,4,6,8,2,2,true,false,false,1,1,7,6,4,2,0)
303:(7,0,false,6,7,true,true,3,4,6,8,2,2,true,false,false,2,2,7,5,3,10,0)
304:(7,0,false,6,7,true,true,3,4,6,8,2,2,true,false,false,2,2,7,5,3,11,0)
305:(7,0,false,6,7,true,true,3,4,6,8,2,2,true,false,false,2,2,7,5,3,14,0)
306:(7,0,false,6,7,true,true,3,4,6,8,2,4,true,false,false,1,1,7,6,4,2,0)
307:(7,0,false,6,7,true,true,3,4,6,8,2,4,true,false,false,2,2,7,5,3,10,0)
308:(7,0,false,6,7,true,true,3,4,6,8,2,4,true,false,false,2,2,7,5,3,11,0)
309:(7,0,false,6,7,true,true,3,4,6,8,2,4,true,false,false,2,2,7,5,3,14,0)
310:(7,0,false,6,7,true,true,3,4,6,8,2,6,false,false,false,1,1,7,6,4,2,0)
311:(7,0,false,6,7,true,true,3,4,6,8,2,6,false,false,false,2,2,7,5,3,10,0)
312:(7,0,false,6,7,true,true,3,4,6,8,2,6,false,false,false,2,2,7,5,3,14,0)
313:(7,0,false,6,7,true,true,3,4,6,8,2,6,true,false,false,1,1,7,6,4,2,0)
314:(7,0,false,6,7,true,true,3,4,6,8,2,6,true,false,false,2,2,7,5,3,10,0)
315:(7,0,false,6,7,true,true,3,4,6,8,2,6,true,false,false,2,2,7,5,3,14,0)
316:(7,0,false,6,8,true,true,3,5,6,10,0,0,true,false,false,1,1,7,7,5,2,0)
317:(7,0,false,6,8,true,true,3,5,6,10,0,0,true,false,false,2,2,7,5,3,11,0)
318:(7,0,false,6,8,true,true,3,5,6,10,0,0,true,false,false,2,2,7,5,3,14,0)
319:(7,0,false,6,8,true,true,3,5,6,10,0,2,true,false,false,1,1,7,7,5,2,0)
320:(7,0,false,6,8,true,true,3,5,6,10,0,2,true,false,false,2,2,7,5,3,10,0)
321:(7,0,false,6,8,true,true,3,5,6,10,0,2,true,false,false,2,2,7,5,3,11,0)
322:(7,0,false,6,8,true,true,3,5,6,10,0,2,true,false,false,2,2,7,5,3,14,0)
323:(7,0,false,6,8,true,true,3,5,6,10,0,4,true,false,false,1,1,7,7,5,2,0)
324:(7,0,false,6,8,true,true,3,5,6,10,0,4,true,false,false,2,2,7,5,3,10,0)
325:(7,0,false,6,8,true,true,3,5,6,10,0,4,true,false,false,2,2,7,5,3,11,0)
326:(7,0,false,6,8,true,true,3,5,6,10,0,4,true,false,false,2,2,7,5,3,14,0)
327:(7,0,false,6,8,true,true,3,5,6,10,0,6,false,false,false,1,1,7,7,5,2,0)
328:(7,0,false,6,8,true,true,3,5,6,10,0,6,false,false,false,2,2,7,5,3,10,0)
329:(7,0,false,6,8,true,true,3,5,6,10,0,6,false,false,false,2,2,7,5,3,14,0)
330:(7,0,false,6,8,true,true,3,5,6,10,0,6,true,false,false,1,1,7,7,5,2,0)
331:(7,0,false,6,8,true,true,3,5,6,10,0,6,true,false,false,2,2,7,5,3,10,0)
332:(7,0,false,6,8,true,true,3,5,6,10,0,6,true,false,false,2,2,7,5,3,14,0)
333:(7,0,false,6,8,true,true,3,5,6,10,2,0,true,false,false,1,1,7,7,5,2,0)
334:(7,0,false,6,8,true,true,3,5,6,10,2,0,true,false,false,2,2,7,5,3,11,0)
335:(7,0,false,6,8,true,true,3,5,6,10,2,0,true,false,false,2,2,7,5,3,14,0)
336:(7,0,false,6,8,true,true,3,5,6,10,2,2,true,false,false,1,1,7,7,5,2,0)
337:(7,0,false,6,8,true,true,3,5,6,10,2,2,true,false,false,2,2,7,5,3,10,0)
338:(7,0,false,6,8,true,true,3,5,6,10,2,2,true,false,false,2,2,7,5,3,11,0)
339:(7,0,false,6,8,true,true,3,5,6,10,2,2,true,false,false,2,2,7,5,3,14,0)
340:(7,0,false,6,8,true,true,3,5,6,10,2,4,true,false,false,1,1,7,7,5,2,0)
341:(7,0,false,6,8,true,true,3,5,6,10,2,4,true,false,false,2,2,7,5,3,10,0)
342:(7,0,false,6,8,true,true,3,5,6,10,2,4,true,false,false,2,2,7,5,3,11,0)
343:(7,0,false,6,8,true,true,3,5,6,10,2,4,true,false,false,2,2,7,5,3,14,0)
344:(7,0,false,6,8,true,true,3,5,6,10,2,6,false,false,false,1,1,7,7,5,2,0)
345:(7,0,false,6,8,true,true,3,5,6,10,2,6,false,false,false,2,2,7,5,3,10,0)
346:(7,0,false,6,8,true,true,3,5,6,10,2,6,false,false,false,2,2,7,5,3,14,0)
347:(7,0,false,6,8,true,true,3,5,6,10,2,6,true,false,false,1,1,7,7,5,2,0)
348:(7,0,false,6,8,true,true,3,5,6,10,2,6,true,false,false,2,2,7,5,3,10,0)
349:(7,0,false,6,8,true,true,3,5,6,10,2,6,true,false,false,2,2,7,5,3,14,0)
350:(7,0,false,6,9,true,true,3,6,6,12,0,0,true,false,false,1,1,7,8,6,2,0)
351:(7,0,false,6,9,true,true,3,6,6,12,0,0,true,false,false,2,2,7,5,3,11,0)
352:(7,0,false,6,9,true,true,3,6,6,12,0,0,true,false,false,2,2,7,5,3,14,0)
353:(7,0,false,6,9,true,true,3,6,6,12,0,2,true,false,false,1,1,7,8,6,2,0)
354:(7,0,false,6,9,true,true,3,6,6,12,0,2,true,false,false,2,2,7,5,3,10,0)
355:(7,0,false,6,9,true,true,3,6,6,12,0,2,true,false,false,2,2,7,5,3,11,0)
356:(7,0,false,6,9,true,true,3,6,6,12,0,2,true,false,false,2,2,7,5,3,14,0)
357:(7,0,false,6,9,true,true,3,6,6,12,0,4,true,false,false,1,1,7,8,6,2,0)
358:(7,0,false,6,9,true,true,3,6,6,12,0,4,true,false,false,2,2,7,5,3,10,0)
359:(7,0,false,6,9,true,true,3,6,6,12,0,4,true,false,false,2,2,7,5,3,11,0)
360:(7,0,false,6,9,true,true,3,6,6,12,0,4,true,false,false,2,2,7,5,3,14,0)
361:(7,0,false,6,9,true,true,3,6,6,12,0,6,false,false,false,1,1,7,8,6,2,0)
362:(7,0,false,6,9,true,true,3,6,6,12,0,6,false,false,false,2,2,7,5,3,10,0)
363:(7,0,false,6,9,true,true,3,6,6,12,0,6,false,false,false,2,2,7,5,3,14,0)
364:(7,0,false,6,9,true,true,3,6,6,12,0,6,true,false,false,1,1,7,8,6,2,0)
365:(7,0,false,6,9,true,true,3,6,6,12,0,6,true,false,false,2,2,7,5,3,10,0)
366:(7,0,false,6,9,true,true,3,6,6,12,0,6,true,false,false,2,2,7,5,3,14,0)
367:(7,0,false,6,9,true,true,3,6,6,12,2,0,true,false,false,1,1,7,8,6,2,0)
368:(7,0,false,6,9,true,true,3,6,6,12,2,0,true,false,false,2,2,7,5,3,11,0)
369:(7,0,false,6,9,true,true,3,6,6,12,2,0,true,false,false,2,2,7,5,3,14,0)
370:(7,0,false,6,9,true,true,3,6,6,12,2,2,true,false,false,1,1,7,8,6,2,0)
371:(7,0,false,6,9,true,true,3,6,6,12,2,2,true,false,false,2,2,7,5,3,10,0)
372:(7,0,false,6,9,true,true,3,6,6,12,2,2,true,false,false,2,2,7,5,3,11,0)
373:(7,0,false,6,9,true,true,3,6,6,12,2,2,true,false,false,2,2,7,5,3,14,0)
374:(7,0,false,6,9,true,true,3,6,6,12,2,4,true,false,false,1,1,7,8,6,2,0)
375:(7,0,false,6,9,true,true,3,6,6,12,2,4,true,false,false,2,2,7,5,3,10,0)
376:(7,0,false,6,9,true,true,3,6,6,12,2,4,true,false,false,2,2,7,5,3,11,0)
377:(7,0,false,6,9,true,true,3,6,6,12,2,4,true,false,false,2,2,7,5,3,14,0)
378:(7,0,false,6,9,true,true,3,6,6,12,2,6,false,false,false,1,1,7,8,6,2,0)
379:(7,0,false,6,9,true,true,3,6,6,12,2,6,false,false,false,2,2,7,5,3,10,0)
380:(7,0,false,6,9,true,true,3,6,6,12,2,6,false,false,false,2,2,7,5,3,14,0)
381:(7,0,false,6,9,true,true,3,6,6,12,2,6,true,false,false,1,1,7,8,6,2,0)
382:(7,0,false,6,9,true,true,3,6,6,12,2,6,true,false,false,2,2,7,5,3,10,0)
383:(7,0,false,6,9,true,true,3,6,6,12,2,6,true,false,false,2,2,7,5,3,14,0)
384:(7,0,false,6,10,true,true,3,7,6,14,0,0,true,false,false,1,1,7,9,7,2,0)
385:(7,0,false,6,10,true,true,3,7,6,14,0,0,true,false,false,2,2,7,5,3,11,0)
386:(7,0,false,6,10,true,true,3,7,6,14,0,0,true,false,false,2,2,7,5,3,14,0)
387:(7,0,false,6,10,true,true,3,7,6,14,0,2,true,false,false,1,1,7,9,7,2,0)
388:(7,0,false,6,10,true,true,3,7,6,14,0,2,true,false,false,2,2,7,5,3,10,0)
389:(7,0,false,6,10,true,true,3,7,6,14,0,2,true,false,false,2,2,7,5,3,11,0)
390:(7,0,false,6,10,true,true,3,7,6,14,0,2,true,false,false,2,2,7,5,3,14,0)
391:(7,0,false,6,10,true,true,3,7,6,14,0,4,true,false,false,1,1,7,9,7,2,0)
392:(7,0,false,6,10,true,true,3,7,6,14,0,4,true,false,false,2,2,7,5,3,10,0)
393:(7,0,false,6,10,true,true,3,7,6,14,0,4,true,false,false,2,2,7,5,3,11,0)
394:(7,0,false,6,10,true,true,3,7,6,14,0,4,true,false,false,2,2,7,5,3,14,0)
395:(7,0,false,6,10,true,true,3,7,6,14,0,6,false,false,false,1,1,7,9,7,2,0)
396:(7,0,false,6,10,true,true,3,7,6,14,0,6,false,false,false,2,2,7,5,3,10,0)
397:(7,0,false,6,10,true,true,3,7,6,14,0,6,false,false,false,2,2,7,5,3,14,0)
398:(7,0,false,6,10,true,true,3,7,6,14,0,6,true,false,false,1,1,7,9,7,2,0)
399:(7,0,false,6,10,true,true,3,7,6,14,0,6,true,false,false,2,2,7,5,3,10,0)
400:(7,0,false,6,10,true,true,3,7,6,14,0,6,true,false,false,2,2,7,5,3,14,0)
401:(7,0,false,6,10,true,true,3,7,6,14,2,0,true,false,false,1,1,7,9,7,2,0)
402:(7,0,false,6,10,true,true,3,7,6,14,2,0,true,false,false,2,2,7,5,3,11,0)
403:(7,0,false,6,10,true,true,3,7,6,14,2,0,true,false,false,2,2,7,5,3,14,0)
404:(7,0,false,6,10,true,true,3,7,6,14,2,2,true,false,false,1,1,7,9,7,2,0)
405:(7,0,false,6,10,true,true,3,7,6,14,2,2,true,false,false,2,2,7,5,3,10,0)
406:(7,0,false,6,10,true,true,3,7,6,14,2,2,true,false,false,2,2,7,5,3,11,0)
407:(7,0,false,6,10,true,true,3,7,6,14,2,2,true,false,false,2,2,7,5,3,14,0)
408:(7,0,false,6,10,true,true,3,7,6,14,2,4,true,false,false,1,1,7,9,7,2,0)
409:(7,0,false,6,10,true,true,3,7,6,14,2,4,true,false,false,2,2,7,5,3,10,0)
410:(7,0,false,6,10,true,true,3,7,6,14,2,4,true,false,false,2,2,7,5,3,11,0)
411:(7,0,false,6,10,true,true,3,7,6,14,2,4,true,false,false,2,2,7,5,3,14,0)
412:(7,0,false,6,10,true,true,3,7,6,14,2,6,false,false,false,1,1,7,9,7,2,0)
413:(7,0,false,6,10,true,true,3,7,6,14,2,6,false,false,false,2,2,7,5,3,10,0)
414:(7,0,false,6,10,true,true,3,7,6,14,2,6,false,false,false,2,2,7,5,3,14,0)
415:(7,0,false,6,10,true,true,3,7,6,14,2,6,true,false,false,1,1,7,9,7,2,0)
416:(7,0,false,6,10,true,true,3,7,6,14,2,6,true,false,false,2,2,7,5,3,10,0)
417:(7,0,false,6,10,true,true,3,7,6,14,2,6,true,false,false,2,2,7,5,3,14,0)
418:(7,0,false,6,11,true,true,3,8,6,16,0,0,true,false,false,1,1,7,10,8,2,0)
419:(7,0,false,6,11,true,true,3,8,6,16,0,0,true,false,false,2,2,7,5,3,11,0)
420:(7,0,false,6,11,true,true,3,8,6,16,0,0,true,false,false,2,2,7,5,3,14,0)
421:(7,0,false,6,11,true,true,3,8,6,16,0,2,true,false,false,1,1,7,10,8,2,0)
422:(7,0,false,6,11,true,true,3,8,6,16,0,2,true,false,false,2,2,7,5,3,10,0)
423:(7,0,false,6,11,true,true,3,8,6,16,0,2,true,false,false,2,2,7,5,3,11,0)
424:(7,0,false,6,11,true,true,3,8,6,16,0,2,true,false,false,2,2,7,5,3,14,0)
425:(7,0,false,6,11,true,true,3,8,6,16,0,4,true,false,false,1,1,7,10,8,2,0)
426:(7,0,false,6,11,true,true,3,8,6,16,0,4,true,false,false,2,2,7,5,3,10,0)
427:(7,0,false,6,11,true,true,3,8,6,16,0,4,true,false,false,2,2,7,5,3,11,0)
428:(7,0,false,6,11,true,true,3,8,6,16,0,4,true,false,false,2,2,7,5,3,14,0)
429:(7,0,false,6,11,true,true,3,8,6,16,0,6,false,false,false,1,1,7,10,8,2,0)
430:(7,0,false,6,11,true,true,3,8,6,16,0,6,false,false,false,2,2,7,5,3,10,0)
431:(7,0,false,6,11,true,true,3,8,6,16,0,6,false,false,false,2,2,7,5,3,14,0)
432:(7,0,false,6,11,true,true,3,8,6,16,0,6,true,false,false,1,1,7,10,8,2,0)
433:(7,0,false,6,11,true,true,3,8,6,16,0,6,true,false,false,2,2,7,5,3,10,0)
434:(7,0,false,6,11,true,true,3,8,6,16,0,6,true,false,false,2,2,7,5,3,14,0)
435:(7,0,false,6,11,true,true,3,8,6,16,2,0,true,false,false,1,1,7,10,8,2,0)
436:(7,0,false,6,11,true,true,3,8,6,16,2,0,true,false,false,2,2,7,5,3,11,0)
437:(7,0,false,6,11,true,true,3,8,6,16,2,0,true,false,false,2,2,7,5,3,14,0)
438:(7,0,false,6,11,true,true,3,8,6,16,2,2,true,false,false,1,1,7,10,8,2,0)
439:(7,0,false,6,11,true,true,3,8,6,16,2,2,true,false,false,2,2,7,5,3,10,0)
440:(7,0,false,6,11,true,true,3,8,6,16,2,2,true,false,false,2,2,7,5,3,11,0)
441:(7,0,false,6,11,true,true,3,8,6,16,2,2,true,false,false,2,2,7,5,3,14,0)
442:(7,0,false,6,11,true,true,3,8,6,16,2,4,true,false,false,1,1,7,10,8,2,0)
443:(7,0,false,6,11,true,true,3,8,6,16,2,4,true,false,false,2,2,7,5,3,10,0)
444:(7,0,false,6,11,true,true,3,8,6,16,2,4,true,false,false,2,2,7,5,3,11,0)
445:(7,0,false,6,11,true,true,3,8,6,16,2,4,true,false,false,2,2,7,5,3,14,0)
446:(7,0,false,6,11,true,true,3,8,6,16,2,6,false,false,false,1,1,7,10,8,2,0)
447:(7,0,false,6,11,true,true,3,8,6,16,2,6,false,false,false,2,2,7,5,3,10,0)
448:(7,0,false,6,11,true,true,3,8,6,16,2,6,false,false,false,2,2,7,5,3,14,0)
449:(7,0,false,6,11,true,true,3,8,6,16,2,6,true,false,false,1,1,7,10,8,2,0)
450:(7,0,false,6,11,true,true,3,8,6,16,2,6,true,false,false,2,2,7,5,3,10,0)
451:(7,0,false,6,11,true,true,3,8,6,16,2,6,true,false,false,2,2,7,5,3,14,0)
452:(7,0,false,7,6,true,true,4,3,8,6,2,0,true,false,false,2,2,7,6,4,11,0)
453:(7,0,false,7,6,true,true,4,3,8,6,2,0,true,false,false,2,2,7,6,4,14,0)
454:(7,0,false,7,6,true,true,4,3,8,6,2,2,true,false,false,2,2,7,6,4,10,0)
455:(7,0,false,7,6,true,true,4,3,8,6,2,2,true,false,false,2,2,7,6,4,11,0)
456:(7,0,false,7,6,true,true,4,3,8,6,2,2,true,false,false,2,2,7,6,4,14,0)
457:(7,0,false,7,6,true,true,4,3,8,6,2,4,true,false,false,2,2,7,6,4,10,0)
458:(7,0,false,7,6,true,true,4,3,8,6,2,4,true,false,false,2,2,7,6,4,11,0)
459:(7,0,false,7,6,true,true,4,3,8,6,2,4,true,false,false,2,2,7,6,4,14,0)
460:(7,0,false,7,6,true,true,4,3,8,6,2,6,true,false,false,2,2,7,6,4,10,0)
461:(7,0,false,7,6,true,true,4,3,8,6,2,6,true,false,false,2,2,7,6,4,11,0)
462:(7,0,false,7,6,true,true,4,3,8,6,2,6,true,false,false,2,2,7,6,4,14,0)
463:(7,0,false,7,6,true,true,4,3,8,6,2,8,false,false,false,2,2,7,6,4,10,0)
464:(7,0,false,7,6,true,true,4,3,8,6,2,8,false,false,false,2,2,7,6,4,14,0)
465:(7,0,false,7,6,true,true,4,3,8,6,2,8,true,false,false,2,2,7,6,4,10,0)
466:(7,0,false,7,6,true,true,4,3,8,6,2,8,true,false,false,2,2,7,6,4,14,0)
467:(7,0,false,7,7,true,true,4,4,8,8,0,0,true,false,false,2,2,7,6,4,11,0)
468:(7,0,false,7,7,true,true,4,4,8,8,0,0,true,false,false,2,2,7,6,4,14,0)
469:(7,0,false,7,7,true,true,4,4,8,8,0,2,true,false,false,2,2,7,6,4,10,0)
470:(7,0,false,7,7,true,true,4,4,8,8,0,2,true,false,false,2,2,7,6,4,11,0)
471:(7,0,false,7,7,true,true,4,4,8,8,0,2,true,false,false,2,2,7,6,4,14,0)
472:(7,0,false,7,7,true,true,4,4,8,8,0,4,true,false,false,2,2,7,6,4,10,0)
473:(7,0,false,7,7,true,true,4,4,8,8,0,4,true,false,false,2,2,7,6,4,11,0)
474:(7,0,false,7,7,true,true,4,4,8,8,0,4,true,false,false,2,2,7,6,4,14,0)
475:(7,0,false,7,7,true,true,4,4,8,8,0,6,true,false,false,2,2,7,6,4,10,0)
476:(7,0,false,7,7,true,true,4,4,8,8,0,6,true,false,false,2,2,7,6,4,11,0)
477:(7,0,false,7,7,true,true,4,4,8,8,0,6,true,false,false,2,2,7,6,4,14,0)
478:(7,0,false,7,7,true,true,4,4,8,8,0,8,false,false,false,2,2,7,6,4,10,0)
479:(7,0,false,7,7,true,true,4,4,8,8,0,8,false,false,false,2,2,7,6,4,14,0)
480:(7,0,false,7,7,true,true,4,4,8,8,0,8,true,false,false,2,2,7,6,4,10,0)
481:(7,0,false,7,7,true,true,4,4,8,8,0,8,true,false,false,2,2,7,6,4,14,0)
482:(7,0,false,7,7,true,true,4,4,8,8,2,0,true,false,false,1,1,7,6,4,2,0)
483:(7,0,false,7,7,true,true,4,4,8,8,2,0,true,false,false,2,2,7,6,4,11,0)
484:(7,0,false,7,7,true,true,4,4,8,8,2,0,true,false,false,2,2,7,6,4,14,0)
485:(7,0,false,7,7,true,true,4,4,8,8,2,2,true,false,false,1,1,7,6,4,2,0)
486:(7,0,false,7,7,true,true,4,4,8,8,2,2,true,false,false,2,2,7,6,4,10,0)
487:(7,0,false,7,7,true,true,4,4,8,8,2,2,true,false,false,2,2,7,6,4,11,0)
488:(7,0,false,7,7,true,true,4,4,8,8,2,2,true,false,false,2,2,7,6,4,14,0)
489:(7,0,false,7,7,true,true,4,4,8,8,2,4,true,false,false,1,1,7,6,4,2,0)
490:(7,0,false,7,7,true,true,4,4,8,8,2,4,true,false,false,2,2,7,6,4,10,0)
491:(7,0,false,7,7,true,true,4,4,8,8,2,4,true,false,false,2,2,7,6,4,11,0)
492:(7,0,false,7,7,true,true,4,4,8,8,2,4,true,false,false,2,2,7,6,4,14,0)
493:(7,0,false,7,7,true,true,4,4,8,8,2,6,true,false,false,1,1,7,6,4,2,0)
494:(7,0,false,7,7,true,true,4,4,8,8,2,6,true,false,false,2,2,7,6,4,10,0)
495:(7,0,false,7,7,true,true,4,4,8,8,2,6,true,false,false,2,2,7,6,4,11,0)
496:(7,0,false,7,7,true,true,4,4,8,8,2,6,true,false,false,2,2,7,6,4,14,0)
497:(7,0,false,7,7,true,true,4,4,8,8,2,8,false,false,false,1,1,7,6,4,2,0)
498:(7,0,false,7,7,true,true,4,4,8,8,2,8,false,false,false,2,2,7,6,4,10,0)
499:(7,0,false,7,7,true,true,4,4,8,8,2,8,false,false,false,2,2,7,6,4,14,0)
500:(7,0,false,7,7,true,true,4,4,8,8,2,8,true,false,false,1,1,7,6,4,2,0)
501:(7,0,false,7,7,true,true,4,4,8,8,2,8,true,false,false,2,2,7,6,4,10,0)
502:(7,0,false,7,7,true,true,4,4,8,8,2,8,true,false,false,2,2,7,6,4,14,0)
503:(7,0,false,7,8,true,true,4,5,8,10,0,0,true,false,false,1,1,7,7,5,2,0)
504:(7,0,false,7,8,true,true,4,5,8,10,0,0,true,false,false,2,2,7,6,4,11,0)
505:(7,0,false,7,8,true,true,4,5,8,10,0,0,true,false,false,2,2,7,6,4,14,0)
506:(7,0,false,7,8,true,true,4,5,8,10,0,2,true,false,false,1,1,7,7,5,2,0)
507:(7,0,false,7,8,true,true,4,5,8,10,0,2,true,false,false,2,2,7,6,4,10,0)
508:(7,0,false,7,8,true,true,4,5,8,10,0,2,true,false,false,2,2,7,6,4,11,0)
509:(7,0,false,7,8,true,true,4,5,8,10,0,2,true,false,false,2,2,7,6,4,14,0)
510:(7,0,false,7,8,true,true,4,5,8,10,0,4,true,false,false,1,1,7,7,5,2,0)
511:(7,0,false,7,8,true,true,4,5,8,10,0,4,true,false,false,2,2,7,6,4,10,0)
512:(7,0,false,7,8,true,true,4,5,8,10,0,4,true,false,false,2,2,7,6,4,11,0)
513:(7,0,false,7,8,true,true,4,5,8,10,0,4,true,false,false,2,2,7,6,4,14,0)
514:(7,0,false,7,8,true,true,4,5,8,10,0,6,true,false,false,1,1,7,7,5,2,0)
515:(7,0,false,7,8,true,true,4,5,8,10,0,6,true,false,false,2,2,7,6,4,10,0)
516:(7,0,false,7,8,true,true,4,5,8,10,0,6,true,false,false,2,2,7,6,4,11,0)
517:(7,0,false,7,8,true,true,4,5,8,10,0,6,true,false,false,2,2,7,6,4,14,0)
518:(7,0,false,7,8,true,true,4,5,8,10,0,8,false,false,false,1,1,7,7,5,2,0)
519:(7,0,false,7,8,true,true,4,5,8,10,0,8,false,false,false,2,2,7,6,4,10,0)
520:(7,0,false,7,8,true,true,4,5,8,10,0,8,false,false,false,2,2,7,6,4,14,0)
521:(7,0,false,7,8,true,true,4,5,8,10,0,8,true,false,false,1,1,7,7,5,2,0)
522:(7,0,false,7,8,true,true,4,5,8,10,0,8,true,false,false,2,2,7,6,4,10,0)
523:(7,0,false,7,8,true,true,4,5,8,10,0,8,true,false,false,2,2,7,6,4,14,0)
524:(7,0,false,7,8,true,true,4,5,8,10,2,0,true,false,false,1,1,7,7,5,2,0)
525:(7,0,false,7,8,true,true,4,5,8,10,2,0,true,false,false,2,2,7,6,4,11,0)
526:(7,0,false,7,8,true,true,4,5,8,10,2,0,true,false,false,2,2,7,6,4,14,0)
527:(7,0,false,7,8,true,true,4,5,8,10,2,2,true,false,false,1,1,7,7,5,2,0)
528:(7,0,false,7,8,true,true,4,5,8,10,2,2,true,false,false,2,2,7,6,4,10,0)
529:(7,0,false,7,8,true,true,4,5,8,10,2,2,true,false,false,2,2,7,6,4,11,0)
530:(7,0,false,7,8,true,true,4,5,8,10,2,2,true,false,false,2,2,7,6,4,14,0)
531:(7,0,false,7,8,true,true,4,5,8,10,2,4,true,false,false,1,1,7,7,5,2,0)
532:(7,0,false,7,8,true,true,4,5,8,10,2,4,true,false,false,2,2,7,6,4,10,0)
533:(7,0,false,7,8,true,true,4,5,8,10,2,4,true,false,false,2,2,7,6,4,11,0)
534:(7,0,false,7,8,true,true,4,5,8,10,2,4,true,false,false,2,2,7,6,4,14,0)
535:(7,0,false,7,8,true,true,4,5,8,10,2,6,true,false,false,1,1,7,7,5,2,0)
536:(7,0,false,7,8,true,true,4,5,8,10,2,6,true,false,false,2,2,7,6,4,10,0)
537:(7,0,false,7,8,true,true,4,5,8,10,2,6,true,false,false,2,2,7,6,4,11,0)
538:(7,0,false,7,8,true,true,4,5,8,10,2,6,true,false,false,2,2,7,6,4,14,0)
539:(7,0,false,7,8,true,true,4,5,8,10,2,8,false,false,false,1,1,7,7,5,2,0)
540:(7,0,false,7,8,true,true,4,5,8,10,2,8,false,false,false,2,2,7,6,4,10,0)
541:(7,0,false,7,8,true,true,4,5,8,10,2,8,false,false,false,2,2,7,6,4,14,0)
542:(7,0,false,7,8,true,true,4,5,8,10,2,8,true,false,false,1,1,7,7,5,2,0)
543:(7,0,false,7,8,true,true,4,5,8,10,2,8,true,false,false,2,2,7,6,4,10,0)
544:(7,0,false,7,8,true,true,4,5,8,10,2,8,true,false,false,2,2,7,6,4,14,0)
545:(7,0,false,7,9,true,true,4,6,8,12,0,0,true,false,false,1,1,7,8,6,2,0)
546:(7,0,false,7,9,true,true,4,6,8,12,0,0,true,false,false,2,2,7,6,4,11,0)
547:(7,0,false,7,9,true,true,4,6,8,12,0,0,true,false,false,2,2,7,6,4,14,0)
548:(7,0,false,7,9,true,true,4,6,8,12,0,2,true,false,false,1,1,7,8,6,2,0)
549:(7,0,false,7,9,true,true,4,6,8,12,0,2,true,false,false,2,2,7,6,4,10,0)
550:(7,0,false,7,9,true,true,4,6,8,12,0,2,true,false,false,2,2,7,6,4,11,0)
551:(7,0,false,7,9,true,true,4,6,8,12,0,2,true,false,false,2,2,7,6,4,14,0)
552:(7,0,false,7,9,true,true,4,6,8,12,0,4,true,false,false,1,1,7,8,6,2,0)
553:(7,0,false,7,9,true,true,4,6,8,12,0,4,true,false,false,2,2,7,6,4,10,0)
554:(7,0,false,7,9,true,true,4,6,8,12,0,4,true,false,false,2,2,7,6,4,11,0)
555:(7,0,false,7,9,true,true,4,6,8,12,0,4,true,false,false,2,2,7,6,4,14,0)
556:(7,0,false,7,9,true,true,4,6,8,12,0,6,true,false,false,1,1,7,8,6,2,0)
557:(7,0,false,7,9,true,true,4,6,8,12,0,6,true,false,false,2,2,7,6,4,10,0)
558:(7,0,false,7,9,true,true,4,6,8,12,0,6,true,false,false,2,2,7,6,4,11,0)
559:(7,0,false,7,9,true,true,4,6,8,12,0,6,true,false,false,2,2,7,6,4,14,0)
560:(7,0,false,7,9,true,true,4,6,8,12,0,8,false,false,false,1,1,7,8,6,2,0)
561:(7,0,false,7,9,true,true,4,6,8,12,0,8,false,false,false,2,2,7,6,4,10,0)
562:(7,0,false,7,9,true,true,4,6,8,12,0,8,false,false,false,2,2,7,6,4,14,0)
563:(7,0,false,7,9,true,true,4,6,8,12,0,8,true,false,false,1,1,7,8,6,2,0)
564:(7,0,false,7,9,true,true,4,6,8,12,0,8,true,false,false,2,2,7,6,4,10,0)
565:(7,0,false,7,9,true,true,4,6,8,12,0,8,true,false,false,2,2,7,6,4,14,0)
566:(7,0,false,7,9,true,true,4,6,8,12,2,0,true,false,false,1,1,7,8,6,2,0)
567:(7,0,false,7,9,true,true,4,6,8,12,2,0,true,false,false,2,2,7,6,4,11,0)
568:(7,0,false,7,9,true,true,4,6,8,12,2,0,true,false,false,2,2,7,6,4,14,0)
569:(7,0,false,7,9,true,true,4,6,8,12,2,2,true,false,false,1,1,7,8,6,2,0)
570:(7,0,false,7,9,true,true,4,6,8,12,2,2,true,false,false,2,2,7,6,4,10,0)
571:(7,0,false,7,9,true,true,4,6,8,12,2,2,true,false,false,2,2,7,6,4,11,0)
572:(7,0,false,7,9,true,true,4,6,8,12,2,2,true,false,false,2,2,7,6,4,14,0)
573:(7,0,false,7,9,true,true,4,6,8,12,2,4,true,false,false,1,1,7,8,6,2,0)
574:(7,0,false,7,9,true,true,4,6,8,12,2,4,true,false,false,2,2,7,6,4,10,0)
575:(7,0,false,7,9,true,true,4,6,8,12,2,4,true,false,false,2,2,7,6,4,11,0)
576:(7,0,false,7,9,true,true,4,6,8,12,2,4,true,false,false,2,2,7,6,4,14,0)
577:(7,0,false,7,9,true,true,4,6,8,12,2,6,true,false,false,1,1,7,8,6,2,0)
578:(7,0,false,7,9,true,true,4,6,8,12,2,6,true,false,false,2,2,7,6,4,10,0)
579:(7,0,false,7,9,true,true,4,6,8,12,2,6,true,false,false,2,2,7,6,4,11,0)
580:(7,0,false,7,9,true,true,4,6,8,12,2,6,true,false,false,2,2,7,6,4,14,0)
581:(7,0,false,7,9,true,true,4,6,8,12,2,8,false,false,false,1,1,7,8,6,2,0)
582:(7,0,false,7,9,true,true,4,6,8,12,2,8,false,false,false,2,2,7,6,4,10,0)
583:(7,0,false,7,9,true,true,4,6,8,12,2,8,false,false,false,2,2,7,6,4,14,0)
584:(7,0,false,7,9,true,true,4,6,8,12,2,8,true,false,false,1,1,7,8,6,2,0)
585:(7,0,false,7,9,true,true,4,6,8,12,2,8,true,false,false,2,2,7,6,4,10,0)
586:(7,0,false,7,9,true,true,4,6,8,12,2,8,true,false,false,2,2,7,6,4,14,0)
587:(7,0,false,7,10,true,true,4,7,8,14,0,0,true,false,false,1,1,7,9,7,2,0)
588:(7,0,false,7,10,true,true,4,7,8,14,0,0,true,false,false,2,2,7,6,4,11,0)
589:(7,0,false,7,10,true,true,4,7,8,14,0,0,true,false,false,2,2,7,6,4,14,0)
590:(7,0,false,7,10,true,true,4,7,8,14,0,2,true,false,false,1,1,7,9,7,2,0)
591:(7,0,false,7,10,true,true,4,7,8,14,0,2,true,false,false,2,2,7,6,4,10,0)
592:(7,0,false,7,10,true,true,4,7,8,14,0,2,true,false,false,2,2,7,6,4,11,0)
593:(7,0,false,7,10,true,true,4,7,8,14,0,2,true,false,false,2,2,7,6,4,14,0)
594:(7,0,false,7,10,true,true,4,7,8,14,0,4,true,false,false,1,1,7,9,7,2,0)
595:(7,0,false,7,10,true,true,4,7,8,14,0,4,true,false,false,2,2,7,6,4,10,0)
596:(7,0,false,7,10,true,true,4,7,8,14,0,4,true,false,false,2,2,7,6,4,11,0)
597:(7,0,false,7,10,true,true,4,7,8,14,0,4,true,false,false,2,2,7,6,4,14,0)
598:(7,0,false,7,10,true,true,4,7,8,14,0,6,true,false,false,1,1,7,9,7,2,0)
599:(7,0,false,7,10,true,true,4,7,8,14,0,6,true,false,false,2,2,7,6,4,10,0)
600:(7,0,false,7,10,true,true,4,7,8,14,0,6,true,false,false,2,2,7,6,4,11,0)
601:(7,0,false,7,10,true,true,4,7,8,14,0,6,true,false,false,2,2,7,6,4,14,0)
602:(7,0,false,7,10,true,true,4,7,8,14,0,8,false,false,false,1,1,7,9,7,2,0)
603:(7,0,false,7,10,true,true,4,7,8,14,0,8,false,false,false,2,2,7,6,4,10,0)
604:(7,0,false,7,10,true,true,4,7,8,14,0,8,false,false,false,2,2,7,6,4,14,0)
605:(7,0,false,7,10,true,true,4,7,8,14,0,8,true,false,false,1,1,7,9,7,2,0)
606:(7,0,false,7,10,true,true,4,7,8,14,0,8,true,false,false,2,2,7,6,4,10,0)
607:(7,0,false,7,10,true,true,4,7,8,14,0,8,true,false,false,2,2,7,6,4,14,0)
608:(7,0,false,7,10,true,true,4,7,8,14,2,0,true,false,false,1,1,7,9,7,2,0)
609:(7,0,false,7,10,true,true,4,7,8,14,2,0,true,false,false,2,2,7,6,4,11,0)
610:(7,0,false,7,10,true,true,4,7,8,14,2,0,true,false,false,2,2,7,6,4,14,0)
611:(7,0,false,7,10,true,true,4,7,8,14,2,2,true,false,false,1,1,7,9,7,2,0)
612:(7,0,false,7,10,true,true,4,7,8,14,2,2,true,false,false,2,2,7,6,4,10,0)
613:(7,0,false,7,10,true,true,4,7,8,14,2,2,true,false,false,2,2,7,6,4,11,0)
614:(7,0,false,7,10,true,true,4,7,8,14,2,2,true,false,false,2,2,7,6,4,14,0)
615:(7,0,false,7,10,true,true,4,7,8,14,2,4,true,false,false,1,1,7,9,7,2,0)
616:(7,0,false,7,10,true,true,4,7,8,14,2,4,true,false,false,2,2,7,6,4,10,0)
617:(7,0,false,7,10,true,true,4,7,8,14,2,4,true,false,false,2,2,7,6,4,11,0)
618:(7,0,false,7,10,true,true,4,7,8,14,2,4,true,false,false,2,2,7,6,4,14,0)
619:(7,0,false,7,10,true,true,4,7,8,14,2,6,true,false,false,1,1,7,9,7,2,0)
620:(7,0,false,7,10,true,true,4,7,8,14,2,6,true,false,false,2,2,7,6,4,10,0)
621:(7,0,false,7,10,true,true,4,7,8,14,2,6,true,false,false,2,2,7,6,4,11,0)
622:(7,0,false,7,10,true,true,4,7,8,14,2,6,true,false,false,2,2,7,6,4,14,0)
623:(7,0,false,7,10,true,true,4,7,8,14,2,8,false,false,false,1,1,7,9,7,2,0)
624:(7,0,false,7,10,true,true,4,7,8,14,2,8,false,false,false,2,2,7,6,4,10,0)
625:(7,0,false,7,10,true,true,4,7,8,14,2,8,false,false,false,2,2,7,6,4,14,0)
626:(7,0,false,7,10,true,true,4,7,8,14,2,8,true,false,false,1,1,7,9,7,2,0)
627:(7,0,false,7,10,true,true,4,7,8,14,2,8,true,false,false,2,2,7,6,4,10,0)
628:(7,0,false,7,10,true,true,4,7,8,14,2,8,true,false,false,2,2,7,6,4,14,0)
629:(7,0,false,7,11,true,true,4,8,8,16,0,0,true,false,false,1,1,7,10,8,2,0)
630:(7,0,false,7,11,true,true,4,8,8,16,0,0,true,false,false,2,2,7,6,4,11,0)
631:(7,0,false,7,11,true,true,4,8,8,16,0,0,true,false,false,2,2,7,6,4,14,0)
632:(7,0,false,7,11,true,true,4,8,8,16,0,2,true,false,false,1,1,7,10,8,2,0)
633:(7,0,false,7,11,true,true,4,8,8,16,0,2,true,false,false,2,2,7,6,4,10,0)
634:(7,0,false,7,11,true,true,4,8,8,16,0,2,true,false,false,2,2,7,6,4,11,0)
635:(7,0,false,7,11,true,true,4,8,8,16,0,2,true,false,false,2,2,7,6,4,14,0)
636:(7,0,false,7,11,true,true,4,8,8,16,0,4,true,false,false,1,1,7,10,8,2,0)
637:(7,0,false,7,11,true,true,4,8,8,16,0,4,true,false,false,2,2,7,6,4,10,0)
638:(7,0,false,7,11,true,true,4,8,8,16,0,4,true,false,false,2,2,7,6,4,11,0)
639:(7,0,false,7,11,true,true,4,8,8,16,0,4,true,false,false,2,2,7,6,4,14,0)
640:(7,0,false,7,11,true,true,4,8,8,16,0,6,true,false,false,1,1,7,10,8,2,0)
641:(7,0,false,7,11,true,true,4,8,8,16,0,6,true,false,false,2,2,7,6,4,10,0)
642:(7,0,false,7,11,true,true,4,8,8,16,0,6,true,false,false,2,2,7,6,4,11,0)
643:(7,0,false,7,11,true,true,4,8,8,16,0,6,true,false,false,2,2,7,6,4,14,0)
644:(7,0,false,7,11,true,true,4,8,8,16,0,8,false,false,false,1,1,7,10,8,2,0)
645:(7,0,false,7,11,true,true,4,8,8,16,0,8,false,false,false,2,2,7,6,4,10,0)
646:(7,0,false,7,11,true,true,4,8,8,16,0,8,false,false,false,2,2,7,6,4,14,0)
647:(7,0,false,7,11,true,true,4,8,8,16,0,8,true,false,false,1,1,7,10,8,2,0)
648:(7,0,false,7,11,true,true,4,8,8,16,0,8,true,false,false,2,2,7,6,4,10,0)
649:(7,0,false,7,11,true,true,4,8,8,16,0,8,true,false,false,2,2,7,6,4,14,0)
650:(7,0,false,7,11,true,true,4,8,8,16,2,0,true,false,false,1,1,7,10,8,2,0)
651:(7,0,false,7,11,true,true,4,8,8,16,2,0,true,false,false,2,2,7,6,4,11,0)
652:(7,0,false,7,11,true,true,4,8,8,16,2,0,true,false,false,2,2,7,6,4,14,0)
653:(7,0,false,7,11,true,true,4,8,8,16,2,2,true,false,false,1,1,7,10,8,2,0)
654:(7,0,false,7,11,true,true,4,8,8,16,2,2,true,false,false,2,2,7,6,4,10,0)
655:(7,0,false,7,11,true,true,4,8,8,16,2,2,true,false,false,2,2,7,6,4,11,0)
656:(7,0,false,7,11,true,true,4,8,8,16,2,2,true,false,false,2,2,7,6,4,14,0)
657:(7,0,false,7,11,true,true,4,8,8,16,2,4,true,false,false,1,1,7,10,8,2,0)
658:(7,0,false,7,11,true,true,4,8,8,16,2,4,true,false,false,2,2,7,6,4,10,0)
659:(7,0,false,7,11,true,true,4,8,8,16,2,4,true,false,false,2,2,7,6,4,11,0)
660:(7,0,false,7,11,true,true,4,8,8,16,2,4,true,false,false,2,2,7,6,4,14,0)
661:(7,0,false,7,11,true,true,4,8,8,16,2,6,true,false,false,1,1,7,10,8,2,0)
662:(7,0,false,7,11,true,true,4,8,8,16,2,6,true,false,false,2,2,7,6,4,10,0)
663:(7,0,false,7,11,true,true,4,8,8,16,2,6,true,false,false,2,2,7,6,4,11,0)
664:(7,0,false,7,11,true,true,4,8,8,16,2,6,true,false,false,2,2,7,6,4,14,0)
665:(7,0,false,7,11,true,true,4,8,8,16,2,8,false,false,false,1,1,7,10,8,2,0)
666:(7,0,false,7,11,true,true,4,8,8,16,2,8,false,false,false,2,2,7,6,4,10,0)
667:(7,0,false,7,11,true,true,4,8,8,16,2,8,false,false,false,2,2,7,6,4,14,0)
668:(7,0,false,7,11,true,true,4,8,8,16,2,8,true,false,false,1,1,7,10,8,2,0)
669:(7,0,false,7,11,true,true,4,8,8,16,2,8,true,false,false,2,2,7,6,4,10,0)
670:(7,0,false,7,11,true,true,4,8,8,16,2,8,true,false,false,2,2,7,6,4,14,0)
671:(7,0,false,8,8,true,true,5,5,10,10,0,0,true,false,false,2,2,7,7,5,11,0)
672:(7,0,false,8,8,true,true,5,5,10,10,0,0,true,false,false,2,2,7,7,5,14,0)
673:(7,0,false,8,8,true,true,5,5,10,10,0,2,true,false,false,2,2,7,7,5,10,0)
674:(7,0,false,8,8,true,true,5,5,10,10,0,2,true,false,false,2,2,7,7,5,11,0)
675:(7,0,false,8,8,true,true,5,5,10,10,0,2,true,false,false,2,2,7,7,5,14,0)
676:(7,0,false,8,8,true,true,5,5,10,10,0,4,true,false,false,2,2,7,7,5,10,0)
677:(7,0,false,8,8,true,true,5,5,10,10,0,4,true,false,false,2,2,7,7,5,11,0)
678:(7,0,false,8,8,true,true,5,5,10,10,0,4,true,false,false,2,2,7,7,5,14,0)
679:(7,0,false,8,8,true,true,5,5,10,10,0,6,true,false,false,2,2,7,7,5,10,0)
680:(7,0,false,8,8,true,true,5,5,10,10,0,6,true,false,false,2,2,7,7,5,11,0)
681:(7,0,false,8,8,true,true,5,5,10,10,0,6,true,false,false,2,2,7,7,5,14,0)
682:(7,0,false,8,8,true,true,5,5,10,10,0,8,true,false,false,2,2,7,7,5,10,0)
683:(7,0,false,8,8,true,true,5,5,10,10,0,8,true,false,false,2,2,7,7,5,11,0)
684:(7,0,false,8,8,true,true,5,5,10,10,0,8,true,false,false,2,2,7,7,5,14,0)
685:(7,0,false,8,8,true,true,5,5,10,10,0,10,false,false,false,2,2,7,7,5,10,0)
686:(7,0,false,8,8,true,true,5,5,10,10,0,10,false,false,false,2,2,7,7,5,14,0)
687:(7,0,false,8,8,true,true,5,5,10,10,0,10,true,false,false,2,2,7,7,5,10,0)
688:(7,0,false,8,8,true,true,5,5,10,10,0,10,true,false,false,2,2,7,7,5,14,0)
689:(7,0,false,8,8,true,true,5,5,10,10,2,0,true,false,false,2,2,7,7,5,11,0)
690:(7,0,false,8,8,true,true,5,5,10,10,2,0,true,false,false,2,2,7,7,5,14,0)
691:(7,0,false,8,8,true,true,5,5,10,10,2,2,true,false,false,2,2,7,7,5,10,0)
692:(7,0,false,8,8,true,true,5,5,10,10,2,2,true,false,false,2,2,7,7,5,11,0)
693:(7,0,false,8,8,true,true,5,5,10,10,2,2,true,false,false,2,2,7,7,5,14,0)
694:(7,0,false,8,8,true,true,5,5,10,10,2,4,true,false,false,2,2,7,7,5,10,0)
695:(7,0,false,8,8,true,true,5,5,10,10,2,4,true,false,false,2,2,7,7,5,11,0)
696:(7,0,false,8,8,true,true,5,5,10,10,2,4,true,false,false,2,2,7,7,5,14,0)
697:(7,0,false,8,8,true,true,5,5,10,10,2,6,true,false,false,2,2,7,7,5,10,0)
698:(7,0,false,8,8,true,true,5,5,10,10,2,6,true,false,false,2,2,7,7,5,11,0)
699:(7,0,false,8,8,true,true,5,5,10,10,2,6,true,false,false,2,2,7,7,5,14,0)
700:(7,0,false,8,8,true,true,5,5,10,10,2,8,true,false,false,2,2,7,7,5,10,0)
701:(7,0,false,8,8,true,true,5,5,10,10,2,8,true,false,false,2,2,7,7,5,11,0)
702:(7,0,false,8,8,true,true,5,5,10,10,2,8,true,false,false,2,2,7,7,5,14,0)
703:(7,0,false,8,8,true,true,5,5,10,10,2,10,false,false,false,2,2,7,7,5,10,0)
704:(7,0,false,8,8,true,true,5,5,10,10,2,10,false,false,false,2,2,7,7,5,14,0)
705:(7,0,false,8,8,true,true,5,5,10,10,2,10,true,false,false,2,2,7,7,5,10,0)
706:(7,0,false,8,8,true,true,5,5,10,10,2,10,true,false,false,2,2,7,7,5,14,0)
707:(7,0,false,8,9,true,true,5,6,10,12,0,0,true,false,false,1,1,7,8,6,2,0)
708:(7,0,false,8,9,true,true,5,6,10,12,0,0,true,false,false,2,2,7,7,5,11,0)
709:(7,0,false,8,9,true,true,5,6,10,12,0,0,true,false,false,2,2,7,7,5,14,0)
710:(7,0,false,8,9,true,true,5,6,10,12,0,2,true,false,false,1,1,7,8,6,2,0)
711:(7,0,false,8,9,true,true,5,6,10,12,0,2,true,false,false,2,2,7,7,5,10,0)
712:(7,0,false,8,9,true,true,5,6,10,12,0,2,true,false,false,2,2,7,7,5,11,0)
713:(7,0,false,8,9,true,true,5,6,10,12,0,2,true,false,false,2,2,7,7,5,14,0)
714:(7,0,false,8,9,true,true,5,6,10,12,0,4,true,false,false,1,1,7,8,6,2,0)
715:(7,0,false,8,9,true,true,5,6,10,12,0,4,true,false,false,2,2,7,7,5,10,0)
716:(7,0,false,8,9,true,true,5,6,10,12,0,4,true,false,false,2,2,7,7,5,11,0)
717:(7,0,false,8,9,true,true,5,6,10,12,0,4,true,false,false,2,2,7,7,5,14,0)
718:(7,0,false,8,9,true,true,5,6,10,12,0,6,true,false,false,1,1,7,8,6,2,0)
719:(7,0,false,8,9,true,true,5,6,10,12,0,6,true,false,false,2,2,7,7,5,10,0)
720:(7,0,false,8,9,true,true,5,6,10,12,0,6,true,false,false,2,2,7,7,5,11,0)
721:(7,0,false,8,9,true,true,5,6,10,12,0,6,true,false,false,2,2,7,7,5,14,0)
722:(7,0,false,8,9,true,true,5,6,10,12,0,8,true,false,false,1,1,7,8,6,2,0)
723:(7,0,false,8,9,true,true,5,6,10,12,0,8,true,false,false,2,2,7,7,5,10,0)
724:(7,0,false,8,9,true,true,5,6,10,12,0,8,true,false,false,2,2,7,7,5,11,0)
725:(7,0,false,8,9,true,true,5,6,10,12,0,8,true,false,false,2,2,7,7,5,14,0)
726:(7,0,false,8,9,true,true,5,6,10,12,0,10,false,false,false,1,1,7,8,6,2,0)
727:(7,0,false,8,9,true,true,5,6,10,12,0,10,false,false,false,2,2,7,7,5,10,0)
728:(7,0,false,8,9,true,true,5,6,10,12,0,10,false,false,false,2,2,7,7,5,14,0)
729:(7,0,false,8,9,true,true,5,6,10,12,0,10,true,false,false,1,1,7,8,6,2,0)
730:(7,0,false,8,9,true,true,5,6,10,12,0,10,true,false,false,2,2,7,7,5,10,0)
731:(7,0,false,8,9,true,true,5,6,10,12,0,10,true,false,false,2,2,7,7,5,14,0)
732:(7,0,false,8,9,true,true,5,6,10,12,2,0,true,false,false,1,1,7,8,6,2,0)
733:(7,0,false,8,9,true,true,5,6,10,12,2,0,true,false,false,2,2,7,7,5,11,0)
734:(7,0,false,8,9,true,true,5,6,10,12,2,0,true,false,false,2,2,7,7,5,14,0)
735:(7,0,false,8,9,true,true,5,6,10,12,2,2,true,false,false,1,1,7,8,6,2,0)
736:(7,0,false,8,9,true,true,5,6,10,12,2,2,true,false,false,2,2,7,7,5,10,0)
737:(7,0,false,8,9,true,true,5,6,10,12,2,2,true,false,false,2,2,7,7,5,11,0)
738:(7,0,false,8,9,true,true,5,6,10,12,2,2,true,false,false,2,2,7,7,5,14,0)
739:(7,0,false,8,9,true,true,5,6,10,12,2,4,true,false,false,1,1,7,8,6,2,0)
740:(7,0,false,8,9,true,true,5,6,10,12,2,4,true,false,false,2,2,7,7,5,10,0)
741:(7,0,false,8,9,true,true,5,6,10,12,2,4,true,false,false,2,2,7,7,5,11,0)
742:(7,0,false,8,9,true,true,5,6,10,12,2,4,true,false,false,2,2,7,7,5,14,0)
743:(7,0,false,8,9,true,true,5,6,10,12,2,6,true,false,false,1,1,7,8,6,2,0)
744:(7,0,false,8,9,true,true,5,6,10,12,2,6,true,false,false,2,2,7,7,5,10,0)
745:(7,0,false,8,9,true,true,5,6,10,12,2,6,true,false,false,2,2,7,7,5,11,0)
746:(7,0,false,8,9,true,true,5,6,10,12,2,6,true,false,false,2,2,7,7,5,14,0)
747:(7,0,false,8,9,true,true,5,6,10,12,2,8,true,false,false,1,1,7,8,6,2,0)
748:(7,0,false,8,9,true,true,5,6,10,12,2,8,true,false,false,2,2,7,7,5,10,0)
749:(7,0,false,8,9,true,true,5,6,10,12,2,8,true,false,false,2,2,7,7,5,11,0)
750:(7,0,false,8,9,true,true,5,6,10,12,2,8,true,false,false,2,2,7,7,5,14,0)
751:(7,0,false,8,9,true,true,5,6,10,12,2,10,false,false,false,1,1,7,8,6,2,0)
752:(7,0,false,8,9,true,true,5,6,10,12,2,10,false,false,false,2,2,7,7,5,10,0)
753:(7,0,false,8,9,true,true,5,6,10,12,2,10,false,false,false,2,2,7,7,5,14,0)
754:(7,0,false,8,9,true,true,5,6,10,12,2,10,true,false,false,1,1,7,8,6,2,0)
755:(7,0,false,8,9,true,true,5,6,10,12,2,10,true,false,false,2,2,7,7,5,10,0)
756:(7,0,false,8,9,true,true,5,6,10,12,2,10,true,false,false,2,2,7,7,5,14,0)
757:(7,0,false,8,10,true,true,5,7,10,14,0,0,true,false,false,1,1,7,9,7,2,0)
758:(7,0,false,8,10,true,true,5,7,10,14,0,0,true,false,false,2,2,7,7,5,11,0)
759:(7,0,false,8,10,true,true,5,7,10,14,0,0,true,false,false,2,2,7,7,5,14,0)
760:(7,0,false,8,10,true,true,5,7,10,14,0,2,true,false,false,1,1,7,9,7,2,0)
761:(7,0,false,8,10,true,true,5,7,10,14,0,2,true,false,false,2,2,7,7,5,10,0)
762:(7,0,false,8,10,true,true,5,7,10,14,0,2,true,false,false,2,2,7,7,5,11,0)
763:(7,0,false,8,10,true,true,5,7,10,14,0,2,true,false,false,2,2,7,7,5,14,0)
764:(7,0,false,8,10,true,true,5,7,10,14,0,4,true,false,false,1,1,7,9,7,2,0)
765:(7,0,false,8,10,true,true,5,7,10,14,0,4,true,false,false,2,2,7,7,5,10,0)
766:(7,0,false,8,10,true,true,5,7,10,14,0,4,true,false,false,2,2,7,7,5,11,0)
767:(7,0,false,8,10,true,true,5,7,10,14,0,4,true,false,false,2,2,7,7,5,14,0)
768:(7,0,false,8,10,true,true,5,7,10,14,0,6,true,false,false,1,1,7,9,7,2,0)
769:(7,0,false,8,10,true,true,5,7,10,14,0,6,true,false,false,2,2,7,7,5,10,0)
770:(7,0,false,8,10,true,true,5,7,10,14,0,6,true,false,false,2,2,7,7,5,11,0)
771:(7,0,false,8,10,true,true,5,7,10,14,0,6,true,false,false,2,2,7,7,5,14,0)
772:(7,0,false,8,10,true,true,5,7,10,14,0,8,true,false,false,1,1,7,9,7,2,0)
773:(7,0,false,8,10,true,true,5,7,10,14,0,8,true,false,false,2,2,7,7,5,10,0)
774:(7,0,false,8,10,true,true,5,7,10,14,0,8,true,false,false,2,2,7,7,5,11,0)
775:(7,0,false,8,10,true,true,5,7,10,14,0,8,true,false,false,2,2,7,7,5,14,0)
776:(7,0,false,8,10,true,true,5,7,10,14,0,10,false,false,false,1,1,7,9,7,2,0)
777:(7,0,false,8,10,true,true,5,7,10,14,0,10,false,false,false,2,2,7,7,5,10,0)
778:(7,0,false,8,10,true,true,5,7,10,14,0,10,false,false,false,2,2,7,7,5,14,0)
779:(7,0,false,8,10,true,true,5,7,10,14,0,10,true,false,false,1,1,7,9,7,2,0)
780:(7,0,false,8,10,true,true,5,7,10,14,0,10,true,false,false,2,2,7,7,5,10,0)
781:(7,0,false,8,10,true,true,5,7,10,14,0,10,true,false,false,2,2,7,7,5,14,0)
782:(7,0,false,8,10,true,true,5,7,10,14,2,0,true,false,false,1,1,7,9,7,2,0)
783:(7,0,false,8,10,true,true,5,7,10,14,2,0,true,false,false,2,2,7,7,5,11,0)
784:(7,0,false,8,10,true,true,5,7,10,14,2,0,true,false,false,2,2,7,7,5,14,0)
785:(7,0,false,8,10,true,true,5,7,10,14,2,2,true,false,false,1,1,7,9,7,2,0)
786:(7,0,false,8,10,true,true,5,7,10,14,2,2,true,false,false,2,2,7,7,5,10,0)
787:(7,0,false,8,10,true,true,5,7,10,14,2,2,true,false,false,2,2,7,7,5,11,0)
788:(7,0,false,8,10,true,true,5,7,10,14,2,2,true,false,false,2,2,7,7,5,14,0)
789:(7,0,false,8,10,true,true,5,7,10,14,2,4,true,false,false,1,1,7,9,7,2,0)
790:(7,0,false,8,10,true,true,5,7,10,14,2,4,true,false,false,2,2,7,7,5,10,0)
791:(7,0,false,8,10,true,true,5,7,10,14,2,4,true,false,false,2,2,7,7,5,11,0)
792:(7,0,false,8,10,true,true,5,7,10,14,2,4,true,false,false,2,2,7,7,5,14,0)
793:(7,0,false,8,10,true,true,5,7,10,14,2,6,true,false,false,1,1,7,9,7,2,0)
794:(7,0,false,8,10,true,true,5,7,10,14,2,6,true,false,false,2,2,7,7,5,10,0)
795:(7,0,false,8,10,true,true,5,7,10,14,2,6,true,false,false,2,2,7,7,5,11,0)
796:(7,0,false,8,10,true,true,5,7,10,14,2,6,true,false,false,2,2,7,7,5,14,0)
797:(7,0,false,8,10,true,true,5,7,10,14,2,8,true,false,false,1,1,7,9,7,2,0)
798:(7,0,false,8,10,true,true,5,7,10,14,2,8,true,false,false,2,2,7,7,5,10,0)
799:(7,0,false,8,10,true,true,5,7,10,14,2,8,true,false,false,2,2,7,7,5,11,0)
800:(7,0,false,8,10,true,true,5,7,10,14,2,8,true,false,false,2,2,7,7,5,14,0)
801:(7,0,false,8,10,true,true,5,7,10,14,2,10,false,false,false,1,1,7,9,7,2,0)
802:(7,0,false,8,10,true,true,5,7,10,14,2,10,false,false,false,2,2,7,7,5,10,0)
803:(7,0,false,8,10,true,true,5,7,10,14,2,10,false,false,false,2,2,7,7,5,14,0)
804:(7,0,false,8,10,true,true,5,7,10,14,2,10,true,false,false,1,1,7,9,7,2,0)
805:(7,0,false,8,10,true,true,5,7,10,14,2,10,true,false,false,2,2,7,7,5,10,0)
806:(7,0,false,8,10,true,true,5,7,10,14,2,10,true,false,false,2,2,7,7,5,14,0)
807:(7,0,false,8,11,true,true,5,8,10,16,0,0,true,false,false,1,1,7,10,8,2,0)
808:(7,0,false,8,11,true,true,5,8,10,16,0,0,true,false,false,2,2,7,7,5,11,0)
809:(7,0,false,8,11,true,true,5,8,10,16,0,0,true,false,false,2,2,7,7,5,14,0)
810:(7,0,false,8,11,true,true,5,8,10,16,0,2,true,false,false,1,1,7,10,8,2,0)
811:(7,0,false,8,11,true,true,5,8,10,16,0,2,true,false,false,2,2,7,7,5,10,0)
812:(7,0,false,8,11,true,true,5,8,10,16,0,2,true,false,false,2,2,7,7,5,11,0)
813:(7,0,false,8,11,true,true,5,8,10,16,0,2,true,false,false,2,2,7,7,5,14,0)
814:(7,0,false,8,11,true,true,5,8,10,16,0,4,true,false,false,1,1,7,10,8,2,0)
815:(7,0,false,8,11,true,true,5,8,10,16,0,4,true,false,false,2,2,7,7,5,10,0)
816:(7,0,false,8,11,true,true,5,8,10,16,0,4,true,false,false,2,2,7,7,5,11,0)
817:(7,0,false,8,11,true,true,5,8,10,16,0,4,true,false,false,2,2,7,7,5,14,0)
818:(7,0,false,8,11,true,true,5,8,10,16,0,6,true,false,false,1,1,7,10,8,2,0)
819:(7,0,false,8,11,true,true,5,8,10,16,0,6,true,false,false,2,2,7,7,5,10,0)
820:(7,0,false,8,11,true,true,5,8,10,16,0,6,true,false,false,2,2,7,7,5,11,0)
821:(7,0,false,8,11,true,true,5,8,10,16,0,6,true,false,false,2,2,7,7,5,14,0)
822:(7,0,false,8,11,true,true,5,8,10,16,0,8,true,false,false,1,1,7,10,8,2,0)
823:(7,0,false,8,11,true,true,5,8,10,16,0,8,true,false,false,2,2,7,7,5,10,0)
824:(7,0,false,8,11,true,true,5,8,10,16,0,8,true,false,false,2,2,7,7,5,11,0)
825:(7,0,false,8,11,true,true,5,8,10,16,0,8,true,false,false,2,2,7,7,5,14,0)
826:(7,0,false,8,11,true,true,5,8,10,16,0,10,false,false,false,1,1,7,10,8,2,0)
827:(7,0,false,8,11,true,true,5,8,10,16,0,10,false,false,false,2,2,7,7,5,10,0)
828:(7,0,false,8,11,true,true,5,8,10,16,0,10,false,false,false,2,2,7,7,5,14,0)
829:(7,0,false,8,11,true,true,5,8,10,16,0,10,true,false,false,1,1,7,10,8,2,0)
830:(7,0,false,8,11,true,true,5,8,10,16,0,10,true,false,false,2,2,7,7,5,10,0)
831:(7,0,false,8,11,true,true,5,8,10,16,0,10,true,false,false,2,2,7,7,5,14,0)
832:(7,0,false,8,11,true,true,5,8,10,16,2,0,true,false,false,1,1,7,10,8,2,0)
833:(7,0,false,8,11,true,true,5,8,10,16,2,0,true,false,false,2,2,7,7,5,11,0)
834:(7,0,false,8,11,true,true,5,8,10,16,2,0,true,false,false,2,2,7,7,5,14,0)
835:(7,0,false,8,11,true,true,5,8,10,16,2,2,true,false,false,1,1,7,10,8,2,0)
836:(7,0,false,8,11,true,true,5,8,10,16,2,2,true,false,false,2,2,7,7,5,10,0)
837:(7,0,false,8,11,true,true,5,8,10,16,2,2,true,false,false,2,2,7,7,5,11,0)
838:(7,0,false,8,11,true,true,5,8,10,16,2,2,true,false,false,2,2,7,7,5,14,0)
839:(7,0,false,8,11,true,true,5,8,10,16,2,4,true,false,false,1,1,7,10,8,2,0)
840:(7,0,false,8,11,true,true,5,8,10,16,2,4,true,false,false,2,2,7,7,5,10,0)
841:(7,0,false,8,11,true,true,5,8,10,16,2,4,true,false,false,2,2,7,7,5,11,0)
842:(7,0,false,8,11,true,true,5,8,10,16,2,4,true,false,false,2,2,7,7,5,14,0)
843:(7,0,false,8,11,true,true,5,8,10,16,2,6,true,false,false,1,1,7,10,8,2,0)
844:(7,0,false,8,11,true,true,5,8,10,16,2,6,true,false,false,2,2,7,7,5,10,0)
845:(7,0,false,8,11,true,true,5,8,10,16,2,6,true,false,false,2,2,7,7,5,11,0)
846:(7,0,false,8,11,true,true,5,8,10,16,2,6,true,false,false,2,2,7,7,5,14,0)
847:(7,0,false,8,11,true,true,5,8,10,16,2,8,true,false,false,1,1,7,10,8,2,0)
848:(7,0,false,8,11,true,true,5,8,10,16,2,8,true,false,false,2,2,7,7,5,10,0)
849:(7,0,false,8,11,true,true,5,8,10,16,2,8,true,false,false,2,2,7,7,5,11,0)
850:(7,0,false,8,11,true,true,5,8,10,16,2,8,true,false,false,2,2,7,7,5,14,0)
851:(7,0,false,8,11,true,true,5,8,10,16,2,10,false,false,false,1,1,7,10,8,2,0)
852:(7,0,false,8,11,true,true,5,8,10,16,2,10,false,false,false,2,2,7,7,5,10,0)
853:(7,0,false,8,11,true,true,5,8,10,16,2,10,false,false,false,2,2,7,7,5,14,0)
854:(7,0,false,8,11,true,true,5,8,10,16,2,10,true,false,false,1,1,7,10,8,2,0)
855:(7,0,false,8,11,true,true,5,8,10,16,2,10,true,false,false,2,2,7,7,5,10,0)
856:(7,0,false,8,11,true,true,5,8,10,16,2,10,true,false,false,2,2,7,7,5,14,0)
857:(7,0,false,9,8,true,true,6,5,12,10,2,0,true,false,false,2,2,7,8,6,11,0)
858:(7,0,false,9,8,true,true,6,5,12,10,2,0,true,false,false,2,2,7,8,6,14,0)
859:(7,0,false,9,8,true,true,6,5,12,10,2,2,true,false,false,2,2,7,8,6,10,0)
860:(7,0,false,9,8,true,true,6,5,12,10,2,2,true,false,false,2,2,7,8,6,11,0)
861:(7,0,false,9,8,true,true,6,5,12,10,2,2,true,false,false,2,2,7,8,6,14,0)
862:(7,0,false,9,8,true,true,6,5,12,10,2,4,true,false,false,2,2,7,8,6,10,0)
863:(7,0,false,9,8,true,true,6,5,12,10,2,4,true,false,false,2,2,7,8,6,11,0)
864:(7,0,false,9,8,true,true,6,5,12,10,2,4,true,false,false,2,2,7,8,6,14,0)
865:(7,0,false,9,8,true,true,6,5,12,10,2,6,true,false,false,2,2,7,8,6,10,0)
866:(7,0,false,9,8,true,true,6,5,12,10,2,6,true,false,false,2,2,7,8,6,11,0)
867:(7,0,false,9,8,true,true,6,5,12,10,2,6,true,false,false,2,2,7,8,6,14,0)
868:(7,0,false,9,8,true,true,6,5,12,10,2,8,true,false,false,2,2,7,8,6,10,0)
869:(7,0,false,9,8,true,true,6,5,12,10,2,8,true,false,false,2,2,7,8,6,11,0)
870:(7,0,false,9,8,true,true,6,5,12,10,2,8,true,false,false,2,2,7,8,6,14,0)
871:(7,0,false,9,8,true,true,6,5,12,10,2,10,true,false,false,2,2,7,8,6,10,0)
872:(7,0,false,9,8,true,true,6,5,12,10,2,10,true,false,false,2,2,7,8,6,11,0)
873:(7,0,false,9,8,true,true,6,5,12,10,2,10,true,false,false,2,2,7,8,6,14,0)
874:(7,0,false,9,8,true,true,6,5,12,10,2,12,false,false,false,2,2,7,8,6,10,0)
875:(7,0,false,9,8,true,true,6,5,12,10,2,12,false,false,false,2,2,7,8,6,14,0)
876:(7,0,false,9,8,true,true,6,5,12,10,2,12,true,false,false,2,2,7,8,6,10,0)
877:(7,0,false,9,8,true,true,6,5,12,10,2,12,true,false,false,2,2,7,8,6,14,0)
878:(7,0,false,9,9,true,true,6,6,12,12,0,0,true,false,false,2,2,7,8,6,11,0)
879:(7,0,false,9,9,true,true,6,6,12,12,0,0,true,false,false,2,2,7,8,6,14,0)
880:(7,0,false,9,9,true,true,6,6,12,12,0,2,true,false,false,2,2,7,8,6,10,0)
881:(7,0,false,9,9,true,true,6,6,12,12,0,2,true,false,false,2,2,7,8,6,11,0)
882:(7,0,false,9,9,true,true,6,6,12,12,0,2,true,false,false,2,2,7,8,6,14,0)
883:(7,0,false,9,9,true,true,6,6,12,12,0,4,true,false,false,2,2,7,8,6,10,0)
884:(7,0,false,9,9,true,true,6,6,12,12,0,4,true,false,false,2,2,7,8,6,11,0)
885:(7,0,false,9,9,true,true,6,6,12,12,0,4,true,false,false,2,2,7,8,6,14,0)
886:(7,0,false,9,9,true,true,6,6,12,12,0,6,true,false,false,2,2,7,8,6,10,0)
887:(7,0,false,9,9,true,true,6,6,12,12,0,6,true,false,false,2,2,7,8,6,11,0)
888:(7,0,false,9,9,true,true,6,6,12,12,0,6,true,false,false,2,2,7,8,6,14,0)
889:(7,0,false,9,9,true,true,6,6,12,12,0,8,true,false,false,2,2,7,8,6,10,0)
890:(7,0,false,9,9,true,true,6,6,12,12,0,8,true,false,false,2,2,7,8,6,11,0)
891:(7,0,false,9,9,true,true,6,6,12,12,0,8,true,false,false,2,2,7,8,6,14,0)
892:(7,0,false,9,9,true,true,6,6,12,12,0,10,true,false,false,2,2,7,8,6,10,0)
893:(7,0,false,9,9,true,true,6,6,12,12,0,10,true,false,false,2,2,7,8,6,11,0)
894:(7,0,false,9,9,true,true,6,6,12,12,0,10,true,false,false,2,2,7,8,6,14,0)
895:(7,0,false,9,9,true,true,6,6,12,12,0,12,false,false,false,2,2,7,8,6,10,0)
896:(7,0,false,9,9,true,true,6,6,12,12,0,12,false,false,false,2,2,7,8,6,14,0)
897:(7,0,false,9,9,true,true,6,6,12,12,0,12,true,false,false,2,2,7,8,6,10,0)
898:(7,0,false,9,9,true,true,6,6,12,12,0,12,true,false,false,2,2,7,8,6,14,0)
899:(7,0,false,9,9,true,true,6,6,12,12,2,0,true,false,false,1,1,7,8,6,2,0)
900:(7,0,false,9,9,true,true,6,6,12,12,2,0,true,false,false,2,2,7,8,6,11,0)
901:(7,0,false,9,9,true,true,6,6,12,12,2,0,true,false,false,2,2,7,8,6,14,0)
902:(7,0,false,9,9,true,true,6,6,12,12,2,2,true,false,false,1,1,7,8,6,2,0)
903:(7,0,false,9,9,true,true,6,6,12,12,2,2,true,false,false,2,2,7,8,6,10,0)
904:(7,0,false,9,9,true,true,6,6,12,12,2,2,true,false,false,2,2,7,8,6,11,0)
905:(7,0,false,9,9,true,true,6,6,12,12,2,2,true,false,false,2,2,7,8,6,14,0)
906:(7,0,false,9,9,true,true,6,6,12,12,2,4,true,false,false,1,1,7,8,6,2,0)
907:(7,0,false,9,9,true,true,6,6,12,12,2,4,true,false,false,2,2,7,8,6,10,0)
908:(7,0,false,9,9,true,true,6,6,12,12,2,4,true,false,false,2,2,7,8,6,11,0)
909:(7,0,false,9,9,true,true,6,6,12,12,2,4,true,false,false,2,2,7,8,6,14,0)
910:(7,0,false,9,9,true,true,6,6,12,12,2,6,true,false,false,1,1,7,8,6,2,0)
911:(7,0,false,9,9,true,true,6,6,12,12,2,6,true,false,false,2,2,7,8,6,10,0)
912:(7,0,false,9,9,true,true,6,6,12,12,2,6,true,false,false,2,2,7,8,6,11,0)
913:(7,0,false,9,9,true,true,6,6,12,12,2,6,true,false,false,2,2,7,8,6,14,0)
914:(7,0,false,9,9,true,true,6,6,12,12,2,8,true,false,false,1,1,7,8,6,2,0)
915:(7,0,false,9,9,true,true,6,6,12,12,2,8,true,false,false,2,2,7,8,6,10,0)
916:(7,0,false,9,9,true,true,6,6,12,12,2,8,true,false,false,2,2,7,8,6,11,0)
917:(7,0,false,9,9,true,true,6,6,12,12,2,8,true,false,false,2,2,7,8,6,14,0)
918:(7,0,false,9,9,true,true,6,6,12,12,2,10,true,false,false,1,1,7,8,6,2,0)
919:(7,0,false,9,9,true,true,6,6,12,12,2,10,true,false,false,2,2,7,8,6,10,0)
920:(7,0,false,9,9,true,true,6,6,12,12,2,10,true,false,false,2,2,7,8,6,11,0)
921:(7,0,false,9,9,true,true,6,6,12,12,2,10,true,false,false,2,2,7,8,6,14,0)
922:(7,0,false,9,9,true,true,6,6,12,12,2,12,false,false,false,1,1,7,8,6,2,0)
923:(7,0,false,9,9,true,true,6,6,12,12,2,12,false,false,false,2,2,7,8,6,10,0)
924:(7,0,false,9,9,true,true,6,6,12,12,2,12,false,false,false,2,2,7,8,6,14,0)
925:(7,0,false,9,9,true,true,6,6,12,12,2,12,true,false,false,1,1,7,8,6,2,0)
926:(7,0,false,9,9,true,true,6,6,12,12,2,12,true,false,false,2,2,7,8,6,10,0)
927:(7,0,false,9,9,true,true,6,6,12,12,2,12,true,false,false,2,2,7,8,6,14,0)
928:(7,0,false,9,10,true,true,6,7,12,14,0,0,true,false,false,1,1,7,9,7,2,0)
929:(7,0,false,9,10,true,true,6,7,12,14,0,0,true,false,false,2,2,7,8,6,11,0)
930:(7,0,false,9,10,true,true,6,7,12,14,0,0,true,false,false,2,2,7,8,6,14,0)
931:(7,0,false,9,10,true,true,6,7,12,14,0,2,true,false,false,1,1,7,9,7,2,0)
932:(7,0,false,9,10,true,true,6,7,12,14,0,2,true,false,false,2,2,7,8,6,10,0)
933:(7,0,false,9,10,true,true,6,7,12,14,0,2,true,false,false,2,2,7,8,6,11,0)
934:(7,0,false,9,10,true,true,6,7,12,14,0,2,true,false,false,2,2,7,8,6,14,0)
935:(7,0,false,9,10,true,true,6,7,12,14,0,4,true,false,false,1,1,7,9,7,2,0)
936:(7,0,false,9,10,true,true,6,7,12,14,0,4,true,false,false,2,2,7,8,6,10,0)
937:(7,0,false,9,10,true,true,6,7,12,14,0,4,true,false,false,2,2,7,8,6,11,0)
938:(7,0,false,9,10,true,true,6,7,12,14,0,4,true,false,false,2,2,7,8,6,14,0)
939:(7,0,false,9,10,true,true,6,7,12,14,0,6,true,false,false,1,1,7,9,7,2,0)
940:(7,0,false,9,10,true,true,6,7,12,14,0,6,true,false,false,2,2,7,8,6,10,0)
941:(7,0,false,9,10,true,true,6,7,12,14,0,6,true,false,false,2,2,7,8,6,11,0)
942:(7,0,false,9,10,true,true,6,7,12,14,0,6,true,false,false,2,2,7,8,6,14,0)
943:(7,0,false,9,10,true,true,6,7,12,14,0,8,true,false,false,1,1,7,9,7,2,0)
944:(7,0,false,9,10,true,true,6,7,12,14,0,8,true,false,false,2,2,7,8,6,10,0)
945:(7,0,false,9,10,true,true,6,7,12,14,0,8,true,false,false,2,2,7,8,6,11,0)
946:(7,0,false,9,10,true,true,6,7,12,14,0,8,true,false,false,2,2,7,8,6,14,0)
947:(7,0,false,9,10,true,true,6,7,12,14,0,10,true,false,false,1,1,7,9,7,2,0)
948:(7,0,false,9,10,true,true,6,7,12,14,0,10,true,false,false,2,2,7,8,6,10,0)
949:(7,0,false,9,10,true,true,6,7,12,14,0,10,true,false,false,2,2,7,8,6,11,0)
950:(7,0,false,9,10,true,true,6,7,12,14,0,10,true,false,false,2,2,7,8,6,14,0)
951:(7,0,false,9,10,true,true,6,7,12,14,0,12,false,false,false,1,1,7,9,7,2,0)
952:(7,0,false,9,10,true,true,6,7,12,14,0,12,false,false,false,2,2,7,8,6,10,0)
953:(7,0,false,9,10,true,true,6,7,12,14,0,12,false,false,false,2,2,7,8,6,14,0)
954:(7,0,false,9,10,true,true,6,7,12,14,0,12,true,false,false,1,1,7,9,7,2,0)
955:(7,0,false,9,10,true,true,6,7,12,14,0,12,true,false,false,2,2,7,8,6,10,0)
956:(7,0,false,9,10,true,true,6,7,12,14,0,12,true,false,false,2,2,7,8,6,14,0)
957:(7,0,false,9,10,true,true,6,7,12,14,2,0,true,false,false,1,1,7,9,7,2,0)
958:(7,0,false,9,10,true,true,6,7,12,14,2,0,true,false,false,2,2,7,8,6,11,0)
959:(7,0,false,9,10,true,true,6,7,12,14,2,0,true,false,false,2,2,7,8,6,14,0)
960:(7,0,false,9,10,true,true,6,7,12,14,2,2,true,false,false,1,1,7,9,7,2,0)
961:(7,0,false,9,10,true,true,6,7,12,14,2,2,true,false,false,2,2,7,8,6,10,0)
962:(7,0,false,9,10,true,true,6,7,12,14,2,2,true,false,false,2,2,7,8,6,11,0)
963:(7,0,false,9,10,true,true,6,7,12,14,2,2,true,false,false,2,2,7,8,6,14,0)
964:(7,0,false,9,10,true,true,6,7,12,14,2,4,true,false,false,1,1,7,9,7,2,0)
965:(7,0,false,9,10,true,true,6,7,12,14,2,4,true,false,false,2,2,7,8,6,10,0)
966:(7,0,false,9,10,true,true,6,7,12,14,2,4,true,false,false,2,2,7,8,6,11,0)
967:(7,0,false,9,10,true,true,6,7,12,14,2,4,true,false,false,2,2,7,8,6,14,0)
968:(7,0,false,9,10,true,true,6,7,12,14,2,6,true,false,false,1,1,7,9,7,2,0)
969:(7,0,false,9,10,true,true,6,7,12,14,2,6,true,false,false,2,2,7,8,6,10,0)
970:(7,0,false,9,10,true,true,6,7,12,14,2,6,true,false,false,2,2,7,8,6,11,0)
971:(7,0,false,9,10,true,true,6,7,12,14,2,6,true,false,false,2,2,7,8,6,14,0)
972:(7,0,false,9,10,true,true,6,7,12,14,2,8,true,false,false,1,1,7,9,7,2,0)
973:(7,0,false,9,10,true,true,6,7,12,14,2,8,true,false,false,2,2,7,8,6,10,0)
974:(7,0,false,9,10,true,true,6,7,12,14,2,8,true,false,false,2,2,7,8,6,11,0)
975:(7,0,false,9,10,true,true,6,7,12,14,2,8,true,false,false,2,2,7,8,6,14,0)
976:(7,0,false,9,10,true,true,6,7,12,14,2,10,true,false,false,1,1,7,9,7,2,0)
977:(7,0,false,9,10,true,true,6,7,12,14,2,10,true,false,false,2,2,7,8,6,10,0)
978:(7,0,false,9,10,true,true,6,7,12,14,2,10,true,false,false,2,2,7,8,6,11,0)
979:(7,0,false,9,10,true,true,6,7,12,14,2,10,true,false,false,2,2,7,8,6,14,0)
980:(7,0,false,9,10,true,true,6,7,12,14,2,12,false,false,false,1,1,7,9,7,2,0)
981:(7,0,false,9,10,true,true,6,7,12,14,2,12,false,false,false,2,2,7,8,6,10,0)
982:(7,0,false,9,10,true,true,6,7,12,14,2,12,false,false,false,2,2,7,8,6,14,0)
983:(7,0,false,9,10,true,true,6,7,12,14,2,12,true,false,false,1,1,7,9,7,2,0)
984:(7,0,false,9,10,true,true,6,7,12,14,2,12,true,false,false,2,2,7,8,6,10,0)
985:(7,0,false,9,10,true,true,6,7,12,14,2,12,true,false,false,2,2,7,8,6,14,0)
986:(7,0,false,9,11,true,true,6,8,12,16,0,0,true,false,false,1,1,7,10,8,2,0)
987:(7,0,false,9,11,true,true,6,8,12,16,0,0,true,false,false,2,2,7,8,6,11,0)
988:(7,0,false,9,11,true,true,6,8,12,16,0,0,true,false,false,2,2,7,8,6,14,0)
989:(7,0,false,9,11,true,true,6,8,12,16,0,2,true,false,false,1,1,7,10,8,2,0)
990:(7,0,false,9,11,true,true,6,8,12,16,0,2,true,false,false,2,2,7,8,6,10,0)
991:(7,0,false,9,11,true,true,6,8,12,16,0,2,true,false,false,2,2,7,8,6,11,0)
992:(7,0,false,9,11,true,true,6,8,12,16,0,2,true,false,false,2,2,7,8,6,14,0)
993:(7,0,false,9,11,true,true,6,8,12,16,0,4,true,false,false,1,1,7,10,8,2,0)
994:(7,0,false,9,11,true,true,6,8,12,16,0,4,true,false,false,2,2,7,8,6,10,0)
995:(7,0,false,9,11,true,true,6,8,12,16,0,4,true,false,false,2,2,7,8,6,11,0)
996:(7,0,false,9,11,true,true,6,8,12,16,0,4,true,false,false,2,2,7,8,6,14,0)
997:(7,0,false,9,11,true,true,6,8,12,16,0,6,true,false,false,1,1,7,10,8,2,0)
998:(7,0,false,9,11,true,true,6,8,12,16,0,6,true,false,false,2,2,7,8,6,10,0)
999:(7,0,false,9,11,true,true,6,8,12,16,0,6,true,false,false,2,2,7,8,6,11,0)
1000:(7,0,false,9,11,true,true,6,8,12,16,0,6,true,false,false,2,2,7,8,6,14,0)
1001:(7,0,false,9,11,true,true,6,8,12,16,0,8,true,false,false,1,1,7,10,8,2,0)
1002:(7,0,false,9,11,true,true,6,8,12,16,0,8,true,false,false,2,2,7,8,6,10,0)
1003:(7,0,false,9,11,true,true,6,8,12,16,0,8,true,false,false,2,2,7,8,6,11,0)
1004:(7,0,false,9,11,true,true,6,8,12,16,0,8,true,false,false,2,2,7,8,6,14,0)
1005:(7,0,false,9,11,true,true,6,8,12,16,0,10,true,false,false,1,1,7,10,8,2,0)
1006:(7,0,false,9,11,true,true,6,8,12,16,0,10,true,false,false,2,2,7,8,6,10,0)
1007:(7,0,false,9,11,true,true,6,8,12,16,0,10,true,false,false,2,2,7,8,6,11,0)
1008:(7,0,false,9,11,true,true,6,8,12,16,0,10,true,false,false,2,2,7,8,6,14,0)
1009:(7,0,false,9,11,true,true,6,8,12,16,0,12,false,false,false,1,1,7,10,8,2,0)
1010:(7,0,false,9,11,true,true,6,8,12,16,0,12,false,false,false,2,2,7,8,6,10,0)
1011:(7,0,false,9,11,true,true,6,8,12,16,0,12,false,false,false,2,2,7,8,6,14,0)
1012:(7,0,false,9,11,true,true,6,8,12,16,0,12,true,false,false,1,1,7,10,8,2,0)
1013:(7,0,false,9,11,true,true,6,8,12,16,0,12,true,false,false,2,2,7,8,6,10,0)
1014:(7,0,false,9,11,true,true,6,8,12,16,0,12,true,false,false,2,2,7,8,6,14,0)
1015:(7,0,false,9,11,true,true,6,8,12,16,2,0,true,false,false,1,1,7,10,8,2,0)
1016:(7,0,false,9,11,true,true,6,8,12,16,2,0,true,false,false,2,2,7,8,6,11,0)
1017:(7,0,false,9,11,true,true,6,8,12,16,2,0,true,false,false,2,2,7,8,6,14,0)
1018:(7,0,false,9,11,true,true,6,8,12,16,2,2,true,false,false,1,1,7,10,8,2,0)
1019:(7,0,false,9,11,true,true,6,8,12,16,2,2,true,false,false,2,2,7,8,6,10,0)
1020:(7,0,false,9,11,true,true,6,8,12,16,2,2,true,false,false,2,2,7,8,6,11,0)
1021:(7,0,false,9,11,true,true,6,8,12,16,2,2,true,false,false,2,2,7,8,6,14,0)
1022:(7,0,false,9,11,true,true,6,8,12,16,2,4,true,false,false,1,1,7,10,8,2,0)
1023:(7,0,false,9,11,true,true,6,8,12,16,2,4,true,false,false,2,2,7,8,6,10,0)
1024:(7,0,false,9,11,true,true,6,8,12,16,2,4,true,false,false,2,2,7,8,6,11,0)
1025:(7,0,false,9,11,true,true,6,8,12,16,2,4,true,false,false,2,2,7,8,6,14,0)
1026:(7,0,false,9,11,true,true,6,8,12,16,2,6,true,false,false,1,1,7,10,8,2,0)
1027:(7,0,false,9,11,true,true,6,8,12,16,2,6,true,false,false,2,2,7,8,6,10,0)
1028:(7,0,false,9,11,true,true,6,8,12,16,2,6,true,false,false,2,2,7,8,6,11,0)
1029:(7,0,false,9,11,true,true,6,8,12,16,2,6,true,false,false,2,2,7,8,6,14,0)
1030:(7,0,false,9,11,true,true,6,8,12,16,2,8,true,false,false,1,1,7,10,8,2,0)
1031:(7,0,false,9,11,true,true,6,8,12,16,2,8,true,false,false,2,2,7,8,6,10,0)
1032:(7,0,false,9,11,true,true,6,8,12,16,2,8,true,false,false,2,2,7,8,6,11,0)
1033:(7,0,false,9,11,true,true,6,8,12,16,2,8,true,false,false,2,2,7,8,6,14,0)
1034:(7,0,false,9,11,true,true,6,8,12,16,2,10,true,false,false,1,1,7,10,8,2,0)
1035:(7,0,false,9,11,true,true,6,8,12,16,2,10,true,false,false,2,2,7,8,6,10,0)
1036:(7,0,false,9,11,true,true,6,8,12,16,2,10,true,false,false,2,2,7,8,6,11,0)
1037:(7,0,false,9,11,true,true,6,8,12,16,2,10,true,false,false,2,2,7,8,6,14,0)
1038:(7,0,false,9,11,true,true,6,8,12,16,2,12,false,false,false,1,1,7,10,8,2,0)
1039:(7,0,false,9,11,true,true,6,8,12,16,2,12,false,false,false,2,2,7,8,6,10,0)
1040:(7,0,false,9,11,true,true,6,8,12,16,2,12,false,false,false,2,2,7,8,6,14,0)
1041:(7,0,false,9,11,true,true,6,8,12,16,2,12,true,false,false,1,1,7,10,8,2,0)
1042:(7,0,false,9,11,true,true,6,8,12,16,2,12,true,false,false,2,2,7,8,6,10,0)
1043:(7,0,false,9,11,true,true,6,8,12,16,2,12,true,false,false,2,2,7,8,6,14,0)
1044:(7,0,false,10,10,true,true,7,7,14,14,0,0,true,false,false,2,2,7,9,7,11,0)
1045:(7,0,false,10,10,true,true,7,7,14,14,0,0,true,false,false,2,2,7,9,7,14,0)
1046:(7,0,false,10,10,true,true,7,7,14,14,0,2,true,false,false,2,2,7,9,7,10,0)
1047:(7,0,false,10,10,true,true,7,7,14,14,0,2,true,false,false,2,2,7,9,7,11,0)
1048:(7,0,false,10,10,true,true,7,7,14,14,0,2,true,false,false,2,2,7,9,7,14,0)
1049:(7,0,false,10,10,true,true,7,7,14,14,0,4,true,false,false,2,2,7,9,7,10,0)
1050:(7,0,false,10,10,true,true,7,7,14,14,0,4,true,false,false,2,2,7,9,7,11,0)
1051:(7,0,false,10,10,true,true,7,7,14,14,0,4,true,false,false,2,2,7,9,7,14,0)
1052:(7,0,false,10,10,true,true,7,7,14,14,0,6,true,false,false,2,2,7,9,7,10,0)
1053:(7,0,false,10,10,true,true,7,7,14,14,0,6,true,false,false,2,2,7,9,7,11,0)
1054:(7,0,false,10,10,true,true,7,7,14,14,0,6,true,false,false,2,2,7,9,7,14,0)
1055:(7,0,false,10,10,true,true,7,7,14,14,0,8,true,false,false,2,2,7,9,7,10,0)
1056:(7,0,false,10,10,true,true,7,7,14,14,0,8,true,false,false,2,2,7,9,7,11,0)
1057:(7,0,false,10,10,true,true,7,7,14,14,0,8,true,false,false,2,2,7,9,7,14,0)
1058:(7,0,false,10,10,true,true,7,7,14,14,0,10,true,false,false,2,2,7,9,7,10,0)
1059:(7,0,false,10,10,true,true,7,7,14,14,0,10,true,false,false,2,2,7,9,7,11,0)
1060:(7,0,false,10,10,true,true,7,7,14,14,0,10,true,false,false,2,2,7,9,7,14,0)
1061:(7,0,false,10,10,true,true,7,7,14,14,0,12,true,false,false,2,2,7,9,7,10,0)
1062:(7,0,false,10,10,true,true,7,7,14,14,0,12,true,false,false,2,2,7,9,7,11,0)
1063:(7,0,false,10,10,true,true,7,7,14,14,0,12,true,false,false,2,2,7,9,7,14,0)
1064:(7,0,false,10,10,true,true,7,7,14,14,0,14,false,false,false,2,2,7,9,7,10,0)
1065:(7,0,false,10,10,true,true,7,7,14,14,0,14,false,false,false,2,2,7,9,7,14,0)
1066:(7,0,false,10,10,true,true,7,7,14,14,0,14,true,false,false,2,2,7,9,7,10,0)
1067:(7,0,false,10,10,true,true,7,7,14,14,0,14,true,false,false,2,2,7,9,7,14,0)
1068:(7,0,false,10,10,true,true,7,7,14,14,2,0,true,false,false,2,2,7,9,7,11,0)
1069:(7,0,false,10,10,true,true,7,7,14,14,2,0,true,false,false,2,2,7,9,7,14,0)
1070:(7,0,false,10,10,true,true,7,7,14,14,2,2,true,false,false,2,2,7,9,7,10,0)
1071:(7,0,false,10,10,true,true,7,7,14,14,2,2,true,false,false,2,2,7,9,7,11,0)
1072:(7,0,false,10,10,true,true,7,7,14,14,2,2,true,false,false,2,2,7,9,7,14,0)
1073:(7,0,false,10,10,true,true,7,7,14,14,2,4,true,false,false,2,2,7,9,7,10,0)
1074:(7,0,false,10,10,true,true,7,7,14,14,2,4,true,false,false,2,2,7,9,7,11,0)
1075:(7,0,false,10,10,true,true,7,7,14,14,2,4,true,false,false,2,2,7,9,7,14,0)
1076:(7,0,false,10,10,true,true,7,7,14,14,2,6,true,false,false,2,2,7,9,7,10,0)
1077:(7,0,false,10,10,true,true,7,7,14,14,2,6,true,false,false,2,2,7,9,7,11,0)
1078:(7,0,false,10,10,true,true,7,7,14,14,2,6,true,false,false,2,2,7,9,7,14,0)
1079:(7,0,false,10,10,true,true,7,7,14,14,2,8,true,false,false,2,2,7,9,7,10,0)
1080:(7,0,false,10,10,true,true,7,7,14,14,2,8,true,false,false,2,2,7,9,7,11,0)
1081:(7,0,false,10,10,true,true,7,7,14,14,2,8,true,false,false,2,2,7,9,7,14,0)
1082:(7,0,false,10,10,true,true,7,7,14,14,2,10,true,false,false,2,2,7,9,7,10,0)
1083:(7,0,false,10,10,true,true,7,7,14,14,2,10,true,false,false,2,2,7,9,7,11,0)
1084:(7,0,false,10,10,true,true,7,7,14,14,2,10,true,false,false,2,2,7,9,7,14,0)
1085:(7,0,false,10,10,true,true,7,7,14,14,2,12,true,false,false,2,2,7,9,7,10,0)
1086:(7,0,false,10,10,true,true,7,7,14,14,2,12,true,false,false,2,2,7,9,7,11,0)
1087:(7,0,false,10,10,true,true,7,7,14,14,2,12,true,false,false,2,2,7,9,7,14,0)
1088:(7,0,false,10,10,true,true,7,7,14,14,2,14,false,false,false,2,2,7,9,7,10,0)
1089:(7,0,false,10,10,true,true,7,7,14,14,2,14,false,false,false,2,2,7,9,7,14,0)
1090:(7,0,false,10,10,true,true,7,7,14,14,2,14,true,false,false,2,2,7,9,7,10,0)
1091:(7,0,false,10,10,true,true,7,7,14,14,2,14,true,false,false,2,2,7,9,7,14,0)
1092:(7,0,false,10,11,true,true,7,8,14,16,0,0,true,false,false,1,1,7,10,8,2,0)
1093:(7,0,false,10,11,true,true,7,8,14,16,0,0,true,false,false,2,2,7,9,7,11,0)
1094:(7,0,false,10,11,true,true,7,8,14,16,0,0,true,false,false,2,2,7,9,7,14,0)
1095:(7,0,false,10,11,true,true,7,8,14,16,0,2,true,false,false,1,1,7,10,8,2,0)
1096:(7,0,false,10,11,true,true,7,8,14,16,0,2,true,false,false,2,2,7,9,7,10,0)
1097:(7,0,false,10,11,true,true,7,8,14,16,0,2,true,false,false,2,2,7,9,7,11,0)
1098:(7,0,false,10,11,true,true,7,8,14,16,0,2,true,false,false,2,2,7,9,7,14,0)
1099:(7,0,false,10,11,true,true,7,8,14,16,0,4,true,false,false,1,1,7,10,8,2,0)
1100:(7,0,false,10,11,true,true,7,8,14,16,0,4,true,false,false,2,2,7,9,7,10,0)
1101:(7,0,false,10,11,true,true,7,8,14,16,0,4,true,false,false,2,2,7,9,7,11,0)
1102:(7,0,false,10,11,true,true,7,8,14,16,0,4,true,false,false,2,2,7,9,7,14,0)
1103:(7,0,false,10,11,true,true,7,8,14,16,0,6,true,false,false,1,1,7,10,8,2,0)
1104:(7,0,false,10,11,true,true,7,8,14,16,0,6,true,false,false,2,2,7,9,7,10,0)
1105:(7,0,false,10,11,true,true,7,8,14,16,0,6,true,false,false,2,2,7,9,7,11,0)
1106:(7,0,false,10,11,true,true,7,8,14,16,0,6,true,false,false,2,2,7,9,7,14,0)
1107:(7,0,false,10,11,true,true,7,8,14,16,0,8,true,false,false,1,1,7,10,8,2,0)
1108:(7,0,false,10,11,true,true,7,8,14,16,0,8,true,false,false,2,2,7,9,7,10,0)
1109:(7,0,false,10,11,true,true,7,8,14,16,0,8,true,false,false,2,2,7,9,7,11,0)
1110:(7,0,false,10,11,true,true,7,8,14,16,0,8,true,false,false,2,2,7,9,7,14,0)
1111:(7,0,false,10,11,true,true,7,8,14,16,0,10,true,false,false,1,1,7,10,8,2,0)
1112:(7,0,false,10,11,true,true,7,8,14,16,0,10,true,false,false,2,2,7,9,7,10,0)
1113:(7,0,false,10,11,true,true,7,8,14,16,0,10,true,false,false,2,2,7,9,7,11,0)
1114:(7,0,false,10,11,true,true,7,8,14,16,0,10,true,false,false,2,2,7,9,7,14,0)
1115:(7,0,false,10,11,true,true,7,8,14,16,0,12,true,false,false,1,1,7,10,8,2,0)
1116:(7,0,false,10,11,true,true,7,8,14,16,0,12,true,false,false,2,2,7,9,7,10,0)
1117:(7,0,false,10,11,true,true,7,8,14,16,0,12,true,false,false,2,2,7,9,7,11,0)
1118:(7,0,false,10,11,true,true,7,8,14,16,0,12,true,false,false,2,2,7,9,7,14,0)
1119:(7,0,false,10,11,true,true,7,8,14,16,0,14,false,false,false,1,1,7,10,8,2,0)
1120:(7,0,false,10,11,true,true,7,8,14,16,0,14,false,false,false,2,2,7,9,7,10,0)
1121:(7,0,false,10,11,true,true,7,8,14,16,0,14,false,false,false,2,2,7,9,7,14,0)
1122:(7,0,false,10,11,true,true,7,8,14,16,0,14,true,false,false,1,1,7,10,8,2,0)
1123:(7,0,false,10,11,true,true,7,8,14,16,0,14,true,false,false,2,2,7,9,7,10,0)
1124:(7,0,false,10,11,true,true,7,8,14,16,0,14,true,false,false,2,2,7,9,7,14,0)
1125:(7,0,false,10,11,true,true,7,8,14,16,2,0,true,false,false,1,1,7,10,8,2,0)
1126:(7,0,false,10,11,true,true,7,8,14,16,2,0,true,false,false,2,2,7,9,7,11,0)
1127:(7,0,false,10,11,true,true,7,8,14,16,2,0,true,false,false,2,2,7,9,7,14,0)
1128:(7,0,false,10,11,true,true,7,8,14,16,2,2,true,false,false,1,1,7,10,8,2,0)
1129:(7,0,false,10,11,true,true,7,8,14,16,2,2,true,false,false,2,2,7,9,7,10,0)
1130:(7,0,false,10,11,true,true,7,8,14,16,2,2,true,false,false,2,2,7,9,7,11,0)
1131:(7,0,false,10,11,true,true,7,8,14,16,2,2,true,false,false,2,2,7,9,7,14,0)
1132:(7,0,false,10,11,true,true,7,8,14,16,2,4,true,false,false,1,1,7,10,8,2,0)
1133:(7,0,false,10,11,true,true,7,8,14,16,2,4,true,false,false,2,2,7,9,7,10,0)
1134:(7,0,false,10,11,true,true,7,8,14,16,2,4,true,false,false,2,2,7,9,7,11,0)
1135:(7,0,false,10,11,true,true,7,8,14,16,2,4,true,false,false,2,2,7,9,7,14,0)
1136:(7,0,false,10,11,true,true,7,8,14,16,2,6,true,false,false,1,1,7,10,8,2,0)
1137:(7,0,false,10,11,true,true,7,8,14,16,2,6,true,false,false,2,2,7,9,7,10,0)
1138:(7,0,false,10,11,true,true,7,8,14,16,2,6,true,false,false,2,2,7,9,7,11,0)
1139:(7,0,false,10,11,true,true,7,8,14,16,2,6,true,false,false,2,2,7,9,7,14,0)
1140:(7,0,false,10,11,true,true,7,8,14,16,2,8,true,false,false,1,1,7,10,8,2,0)
1141:(7,0,false,10,11,true,true,7,8,14,16,2,8,true,false,false,2,2,7,9,7,10,0)
1142:(7,0,false,10,11,true,true,7,8,14,16,2,8,true,false,false,2,2,7,9,7,11,0)
1143:(7,0,false,10,11,true,true,7,8,14,16,2,8,true,false,false,2,2,7,9,7,14,0)
1144:(7,0,false,10,11,true,true,7,8,14,16,2,10,true,false,false,1,1,7,10,8,2,0)
1145:(7,0,false,10,11,true,true,7,8,14,16,2,10,true,false,false,2,2,7,9,7,10,0)
1146:(7,0,false,10,11,true,true,7,8,14,16,2,10,true,false,false,2,2,7,9,7,11,0)
1147:(7,0,false,10,11,true,true,7,8,14,16,2,10,true,false,false,2,2,7,9,7,14,0)
1148:(7,0,false,10,11,true,true,7,8,14,16,2,12,true,false,false,1,1,7,10,8,2,0)
1149:(7,0,false,10,11,true,true,7,8,14,16,2,12,true,false,false,2,2,7,9,7,10,0)
1150:(7,0,false,10,11,true,true,7,8,14,16,2,12,true,false,false,2,2,7,9,7,11,0)
1151:(7,0,false,10,11,true,true,7,8,14,16,2,12,true,false,false,2,2,7,9,7,14,0)
1152:(7,0,false,10,11,true,true,7,8,14,16,2,14,false,false,false,1,1,7,10,8,2,0)
1153:(7,0,false,10,11,true,true,7,8,14,16,2,14,false,false,false,2,2,7,9,7,10,0)
1154:(7,0,false,10,11,true,true,7,8,14,16,2,14,false,false,false,2,2,7,9,7,14,0)
1155:(7,0,false,10,11,true,true,7,8,14,16,2,14,true,false,false,1,1,7,10,8,2,0)
1156:(7,0,false,10,11,true,true,7,8,14,16,2,14,true,false,false,2,2,7,9,7,10,0)
1157:(7,0,false,10,11,true,true,7,8,14,16,2,14,true,false,false,2,2,7,9,7,14,0)
1158:(7,0,false,11,10,true,true,8,7,16,14,2,0,true,false,false,2,2,7,10,8,11,0)
1159:(7,0,false,11,10,true,true,8,7,16,14,2,0,true,false,false,2,2,7,10,8,14,0)
1160:(7,0,false,11,10,true,true,8,7,16,14,2,2,true,false,false,2,2,7,10,8,10,0)
1161:(7,0,false,11,10,true,true,8,7,16,14,2,2,true,false,false,2,2,7,10,8,11,0)
1162:(7,0,false,11,10,true,true,8,7,16,14,2,2,true,false,false,2,2,7,10,8,14,0)
1163:(7,0,false,11,10,true,true,8,7,16,14,2,4,true,false,false,2,2,7,10,8,10,0)
1164:(7,0,false,11,10,true,true,8,7,16,14,2,4,true,false,false,2,2,7,10,8,11,0)
1165:(7,0,false,11,10,true,true,8,7,16,14,2,4,true,false,false,2,2,7,10,8,14,0)
1166:(7,0,false,11,10,true,true,8,7,16,14,2,6,true,false,false,2,2,7,10,8,10,0)
1167:(7,0,false,11,10,true,true,8,7,16,14,2,6,true,false,false,2,2,7,10,8,11,0)
1168:(7,0,false,11,10,true,true,8,7,16,14,2,6,true,false,false,2,2,7,10,8,14,0)
1169:(7,0,false,11,10,true,true,8,7,16,14,2,8,true,false,false,2,2,7,10,8,10,0)
1170:(7,0,false,11,10,true,true,8,7,16,14,2,8,true,false,false,2,2,7,10,8,11,0)
1171:(7,0,false,11,10,true,true,8,7,16,14,2,8,true,false,false,2,2,7,10,8,14,0)
1172:(7,0,false,11,10,true,true,8,7,16,14,2,10,true,false,false,2,2,7,10,8,10,0)
1173:(7,0,false,11,10,true,true,8,7,16,14,2,10,true,false,false,2,2,7,10,8,11,0)
1174:(7,0,false,11,10,true,true,8,7,16,14,2,10,true,false,false,2,2,7,10,8,14,0)
1175:(7,0,false,11,10,true,true,8,7,16,14,2,12,true,false,false,2,2,7,10,8,10,0)
1176:(7,0,false,11,10,true,true,8,7,16,14,2,12,true,false,false,2,2,7,10,8,11,0)
1177:(7,0,false,11,10,true,true,8,7,16,14,2,12,true,false,false,2,2,7,10,8,14,0)
1178:(7,0,false,11,10,true,true,8,7,16,14,2,14,true,false,false,2,2,7,10,8,10,0)
1179:(7,0,false,11,10,true,true,8,7,16,14,2,14,true,false,false,2,2,7,10,8,11,0)
1180:(7,0,false,11,10,true,true,8,7,16,14,2,14,true,false,false,2,2,7,10,8,14,0)
1181:(7,0,false,11,10,true,true,8,7,16,14,2,16,false,false,false,2,2,7,10,8,10,0)
1182:(7,0,false,11,10,true,true,8,7,16,14,2,16,false,false,false,2,2,7,10,8,14,0)
1183:(7,0,false,11,10,true,true,8,7,16,14,2,16,true,false,false,2,2,7,10,8,10,0)
1184:(7,0,false,11,10,true,true,8,7,16,14,2,16,true,false,false,2,2,7,10,8,14,0)
1185:(7,0,false,11,11,true,true,8,8,16,16,0,0,true,false,false,2,2,7,10,8,11,0)
1186:(7,0,false,11,11,true,true,8,8,16,16,0,0,true,false,false,2,2,7,10,8,14,0)
1187:(7,0,false,11,11,true,true,8,8,16,16,0,2,true,false,false,2,2,7,10,8,10,0)
1188:(7,0,false,11,11,true,true,8,8,16,16,0,2,true,false,false,2,2,7,10,8,11,0)
1189:(7,0,false,11,11,true,true,8,8,16,16,0,2,true,false,false,2,2,7,10,8,14,0)
1190:(7,0,false,11,11,true,true,8,8,16,16,0,4,true,false,false,2,2,7,10,8,10,0)
1191:(7,0,false,11,11,true,true,8,8,16,16,0,4,true,false,false,2,2,7,10,8,11,0)
1192:(7,0,false,11,11,true,true,8,8,16,16,0,4,true,false,false,2,2,7,10,8,14,0)
1193:(7,0,false,11,11,true,true,8,8,16,16,0,6,true,false,false,2,2,7,10,8,10,0)
1194:(7,0,false,11,11,true,true,8,8,16,16,0,6,true,false,false,2,2,7,10,8,11,0)
1195:(7,0,false,11,11,true,true,8,8,16,16,0,6,true,false,false,2,2,7,10,8,14,0)
1196:(7,0,false,11,11,true,true,8,8,16,16,0,8,true,false,false,2,2,7,10,8,10,0)
1197:(7,0,false,11,11,true,true,8,8,16,16,0,8,true,false,false,2,2,7,10,8,11,0)
1198:(7,0,false,11,11,true,true,8,8,16,16,0,8,true,false,false,2,2,7,10,8,14,0)
1199:(7,0,false,11,11,true,true,8,8,16,16,0,10,true,false,false,2,2,7,10,8,10,0)
1200:(7,0,false,11,11,true,true,8,8,16,16,0,10,true,false,false,2,2,7,10,8,11,0)
1201:(7,0,false,11,11,true,true,8,8,16,16,0,10,true,false,false,2,2,7,10,8,14,0)
1202:(7,0,false,11,11,true,true,8,8,16,16,0,12,true,false,false,2,2,7,10,8,10,0)
1203:(7,0,false,11,11,true,true,8,8,16,16,0,12,true,false,false,2,2,7,10,8,11,0)
1204:(7,0,false,11,11,true,true,8,8,16,16,0,12,true,false,false,2,2,7,10,8,14,0)
1205:(7,0,false,11,11,true,true,8,8,16,16,0,14,true,false,false,2,2,7,10,8,10,0)
1206:(7,0,false,11,11,true,true,8,8,16,16,0,14,true,false,false,2,2,7,10,8,11,0)
1207:(7,0,false,11,11,true,true,8,8,16,16,0,14,true,false,false,2,2,7,10,8,14,0)
1208:(7,0,false,11,11,true,true,8,8,16,16,0,16,false,false,false,2,2,7,10,8,10,0)
1209:(7,0,false,11,11,true,true,8,8,16,16,0,16,false,false,false,2,2,7,10,8,14,0)
1210:(7,0,false,11,11,true,true,8,8,16,16,0,16,true,false,false,2,2,7,10,8,10,0)
1211:(7,0,false,11,11,true,true,8,8,16,16,0,16,true,false,false,2,2,7,10,8,14,0)
1212:(7,0,false,11,11,true,true,8,8,16,16,2,0,true,false,false,1,1,7,10,8,2,0)
1213:(7,0,false,11,11,true,true,8,8,16,16,2,0,true,false,false,2,2,7,10,8,11,0)
1214:(7,0,false,11,11,true,true,8,8,16,16,2,0,true,false,false,2,2,7,10,8,14,0)
1215:(7,0,false,11,11,true,true,8,8,16,16,2,2,true,false,false,1,1,7,10,8,2,0)
1216:(7,0,false,11,11,true,true,8,8,16,16,2,2,true,false,false,2,2,7,10,8,10,0)
1217:(7,0,false,11,11,true,true,8,8,16,16,2,2,true,false,false,2,2,7,10,8,11,0)
1218:(7,0,false,11,11,true,true,8,8,16,16,2,2,true,false,false,2,2,7,10,8,14,0)
1219:(7,0,false,11,11,true,true,8,8,16,16,2,4,true,false,false,1,1,7,10,8,2,0)
1220:(7,0,false,11,11,true,true,8,8,16,16,2,4,true,false,false,2,2,7,10,8,10,0)
1221:(7,0,false,11,11,true,true,8,8,16,16,2,4,true,false,false,2,2,7,10,8,11,0)
1222:(7,0,false,11,11,true,true,8,8,16,16,2,4,true,false,false,2,2,7,10,8,14,0)
1223:(7,0,false,11,11,true,true,8,8,16,16,2,6,true,false,false,1,1,7,10,8,2,0)
1224:(7,0,false,11,11,true,true,8,8,16,16,2,6,true,false,false,2,2,7,10,8,10,0)
1225:(7,0,false,11,11,true,true,8,8,16,16,2,6,true,false,false,2,2,7,10,8,11,0)
1226:(7,0,false,11,11,true,true,8,8,16,16,2,6,true,false,false,2,2,7,10,8,14,0)
1227:(7,0,false,11,11,true,true,8,8,16,16,2,8,true,false,false,1,1,7,10,8,2,0)
1228:(7,0,false,11,11,true,true,8,8,16,16,2,8,true,false,false,2,2,7,10,8,10,0)
1229:(7,0,false,11,11,true,true,8,8,16,16,2,8,true,false,false,2,2,7,10,8,11,0)
1230:(7,0,false,11,11,true,true,8,8,16,16,2,8,true,false,false,2,2,7,10,8,14,0)
1231:(7,0,false,11,11,true,true,8,8,16,16,2,10,true,false,false,1,1,7,10,8,2,0)
1232:(7,0,false,11,11,true,true,8,8,16,16,2,10,true,false,false,2,2,7,10,8,10,0)
1233:(7,0,false,11,11,true,true,8,8,16,16,2,10,true,false,false,2,2,7,10,8,11,0)
1234:(7,0,false,11,11,true,true,8,8,16,16,2,10,true,false,false,2,2,7,10,8,14,0)
1235:(7,0,false,11,11,true,true,8,8,16,16,2,12,true,false,false,1,1,7,10,8,2,0)
1236:(7,0,false,11,11,true,true,8,8,16,16,2,12,true,false,false,2,2,7,10,8,10,0)
1237:(7,0,false,11,11,true,true,8,8,16,16,2,12,true,false,false,2,2,7,10,8,11,0)
1238:(7,0,false,11,11,true,true,8,8,16,16,2,12,true,false,false,2,2,7,10,8,14,0)
1239:(7,0,false,11,11,true,true,8,8,16,16,2,14,true,false,false,1,1,7,10,8,2,0)
1240:(7,0,false,11,11,true,true,8,8,16,16,2,14,true,false,false,2,2,7,10,8,10,0)
1241:(7,0,false,11,11,true,true,8,8,16,16,2,14,true,false,false,2,2,7,10,8,11,0)
1242:(7,0,false,11,11,true,true,8,8,16,16,2,14,true,false,false,2,2,7,10,8,14,0)
1243:(7,0,false,11,11,true,true,8,8,16,16,2,16,false,false,false,1,1,7,10,8,2,0)
1244:(7,0,false,11,11,true,true,8,8,16,16,2,16,false,false,false,2,2,7,10,8,10,0)
1245:(7,0,false,11,11,true,true,8,8,16,16,2,16,false,false,false,2,2,7,10,8,14,0)
1246:(7,0,false,11,11,true,true,8,8,16,16,2,16,true,false,false,1,1,7,10,8,2,0)
1247:(7,0,false,11,11,true,true,8,8,16,16,2,16,true,false,false,2,2,7,10,8,10,0)
1248:(7,0,false,11,11,true,true,8,8,16,16,2,16,true,false,false,2,2,7,10,8,14,0)
1249:(7,0,true,3,3,true,true,0,0,0,0,0,0,false,false,false,1,1,7,3,1,6,0)
1250:(7,0,true,3,3,true,true,0,0,0,0,0,0,true,false,false,1,1,7,3,1,6,0)
1251:(7,0,true,5,4,true,true,2,1,4,2,2,0,true,false,false,1,1,7,4,2,6,0)
1252:(7,0,true,5,4,true,true,2,1,4,2,2,2,true,false,false,1,1,7,4,2,6,0)
1253:(7,0,true,5,4,true,true,2,1,4,2,2,4,false,false,false,1,1,7,4,2,6,0)
1254:(7,0,true,5,4,true,true,2,1,4,2,2,4,true,false,false,1,1,7,4,2,6,0)
1255:(7,0,true,5,5,true,true,2,2,4,4,0,0,true,false,false,1,1,7,5,3,6,0)
1256:(7,0,true,5,5,true,true,2,2,4,4,0,2,true,false,false,1,1,7,5,3,6,0)
1257:(7,0,true,5,5,true,true,2,2,4,4,0,4,false,false,false,1,1,7,5,3,6,0)
1258:(7,0,true,5,5,true,true,2,2,4,4,0,4,true,false,false,1,1,7,5,3,6,0)
1259:(7,0,true,5,5,true,true,2,2,4,4,2,0,true,false,false,1,1,7,5,3,6,0)
1260:(7,0,true,5,5,true,true,2,2,4,4,2,2,true,false,false,1,1,7,5,3,6,0)
1261:(7,0,true,5,5,true,true,2,2,4,4,2,4,false,false,false,1,1,7,5,3,6,0)
1262:(7,0,true,5,5,true,true,2,2,4,4,2,4,true,false,false,1,1,7,5,3,6,0)
1263:(7,0,true,7,6,true,true,4,3,8,6,2,0,true,false,false,1,1,7,6,4,6,0)
1264:(7,0,true,7,6,true,true,4,3,8,6,2,2,true,false,false,1,1,7,6,4,6,0)
1265:(7,0,true,7,6,true,true,4,3,8,6,2,4,true,false,false,1,1,7,6,4,6,0)
1266:(7,0,true,7,6,true,true,4,3,8,6,2,6,true,false,false,1,1,7,6,4,6,0)
1267:(7,0,true,7,6,true,true,4,3,8,6,2,8,false,false,false,1,1,7,6,4,6,0)
1268:(7,0,true,7,6,true,true,4,3,8,6,2,8,true,false,false,1,1,7,6,4,6,0)
1269:(7,0,true,7,7,true,true,4,4,8,8,0,0,true,false,false,1,1,7,7,5,6,0)
1270:(7,0,true,7,7,true,true,4,4,8,8,0,2,true,false,false,1,1,7,7,5,6,0)
1271:(7,0,true,7,7,true,true,4,4,8,8,0,4,true,false,false,1,1,7,7,5,6,0)
1272:(7,0,true,7,7,true,true,4,4,8,8,0,6,true,false,false,1,1,7,7,5,6,0)
1273:(7,0,true,7,7,true,true,4,4,8,8,0,8,false,false,false,1,1,7,7,5,6,0)
1274:(7,0,true,7,7,true,true,4,4,8,8,0,8,true,false,false,1,1,7,7,5,6,0)
1275:(7,0,true,7,7,true,true,4,4,8,8,2,0,true,false,false,1,1,7,7,5,6,0)
1276:(7,0,true,7,7,true,true,4,4,8,8,2,2,true,false,false,1,1,7,7,5,6,0)
1277:(7,0,true,7,7,true,true,4,4,8,8,2,4,true,false,false,1,1,7,7,5,6,0)
1278:(7,0,true,7,7,true,true,4,4,8,8,2,6,true,false,false,1,1,7,7,5,6,0)
1279:(7,0,true,7,7,true,true,4,4,8,8,2,8,false,false,false,1,1,7,7,5,6,0)
1280:(7,0,true,7,7,true,true,4,4,8,8,2,8,true,false,false,1,1,7,7,5,6,0)
1281:(7,0,true,9,8,true,true,6,5,12,10,2,0,true,false,false,1,1,7,8,6,6,0)
1282:(7,0,true,9,8,true,true,6,5,12,10,2,2,true,false,false,1,1,7,8,6,6,0)
1283:(7,0,true,9,8,true,true,6,5,12,10,2,4,true,false,false,1,1,7,8,6,6,0)
1284:(7,0,true,9,8,true,true,6,5,12,10,2,6,true,false,false,1,1,7,8,6,6,0)
1285:(7,0,true,9,8,true,true,6,5,12,10,2,8,true,false,false,1,1,7,8,6,6,0)
1286:(7,0,true,9,8,true,true,6,5,12,10,2,10,true,false,false,1,1,7,8,6,6,0)
1287:(7,0,true,9,8,true,true,6,5,12,10,2,12,false,false,false,1,1,7,8,6,6,0)
1288:(7,0,true,9,8,true,true,6,5,12,10,2,12,true,false,false,1,1,7,8,6,6,0)
1289:(7,0,true,9,9,true,true,6,6,12,12,0,0,true,false,false,1,1,7,9,7,6,0)
1290:(7,0,true,9,9,true,true,6,6,12,12,0,2,true,false,false,1,1,7,9,7,6,0)
1291:(7,0,true,9,9,true,true,6,6,12,12,0,4,true,false,false,1,1,7,9,7,6,0)
1292:(7,0,true,9,9,true,true,6,6,12,12,0,6,true,false,false,1,1,7,9,7,6,0)
1293:(7,0,true,9,9,true,true,6,6,12,12,0,8,true,false,false,1,1,7,9,7,6,0)
1294:(7,0,true,9,9,true,true,6,6,12,12,0,10,true,false,false,1,1,7,9,7,6,0)
1295:(7,0,true,9,9,true,true,6,6,12,12,0,12,false,false,false,1,1,7,9,7,6,0)
1296:(7,0,true,9,9,true,true,6,6,12,12,0,12,true,false,false,1,1,7,9,7,6,0)
1297:(7,0,true,9,9,true,true,6,6,12,12,2,0,true,false,false,1,1,7,9,7,6,0)
1298:(7,0,true,9,9,true,true,6,6,12,12,2,2,true,false,false,1,1,7,9,7,6,0)
1299:(7,0,true,9,9,true,true,6,6,12,12,2,4,true,false,false,1,1,7,9,7,6,0)
1300:(7,0,true,9,9,true,true,6,6,12,12,2,6,true,false,false,1,1,7,9,7,6,0)
1301:(7,0,true,9,9,true,true,6,6,12,12,2,8,true,false,false,1,1,7,9,7,6,0)
1302:(7,0,true,9,9,true,true,6,6,12,12,2,10,true,false,false,1,1,7,9,7,6,0)
1303:(7,0,true,9,9,true,true,6,6,12,12,2,12,false,false,false,1,1,7,9,7,6,0)
1304:(7,0,true,9,9,true,true,6,6,12,12,2,12,true,false,false,1,1,7,9,7,6,0)
1305:(7,0,true,11,10,true,true,8,7,16,14,2,0,true,false,false,1,1,7,10,8,6,0)
1306:(7,0,true,11,10,true,true,8,7,16,14,2,2,true,false,false,1,1,7,10,8,6,0)
1307:(7,0,true,11,10,true,true,8,7,16,14,2,4,true,false,false,1,1,7,10,8,6,0)
1308:(7,0,true,11,10,true,true,8,7,16,14,2,6,true,false,false,1,1,7,10,8,6,0)
1309:(7,0,true,11,10,true,true,8,7,16,14,2,8,true,false,false,1,1,7,10,8,6,0)
1310:(7,0,true,11,10,true,true,8,7,16,14,2,10,true,false,false,1,1,7,10,8,6,0)
1311:(7,0,true,11,10,true,true,8,7,16,14,2,12,true,false,false,1,1,7,10,8,6,0)
1312:(7,0,true,11,10,true,true,8,7,16,14,2,14,true,false,false,1,1,7,10,8,6,0)
1313:(7,0,true,11,10,true,true,8,7,16,14,2,16,false,false,false,1,1,7,10,8,6,0)
1314:(7,0,true,11,10,true,true,8,7,16,14,2,16,true,false,false,1,1,7,10,8,6,0)
1315:(8,0,false,11,11,true,true,8,8,16,16,0,0,true,false,false,0,0,0,0,0,2,0)
1316:(8,0,false,11,11,true,true,8,8,16,16,0,2,true,false,false,0,0,0,0,0,2,0)
1317:(8,0,false,11,11,true,true,8,8,16,16,0,4,true,false,false,0,0,0,0,0,2,0)
1318:(8,0,false,11,11,true,true,8,8,16,16,0,6,true,false,false,0,0,0,0,0,2,0)
1319:(8,0,false,11,11,true,true,8,8,16,16,0,8,true,false,false,0,0,0,0,0,2,0)
1320:(8,0,false,11,11,true,true,8,8,16,16,0,10,true,false,false,0,0,0,0,0,2,0)
1321:(8,0,false,11,11,true,true,8,8,16,16,0,12,true,false,false,0,0,0,0,0,2,0)
1322:(8,0,false,11,11,true,true,8,8,16,16,0,14,true,false,false,0,0,0,0,0,2,0)
1323:(8,0,false,11,11,true,true,8,8,16,16,0,16,false,false,false,0,0,0,0,0,2,0)
1324:(8,0,false,11,11,true,true,8,8,16,16,0,16,true,false,false,0,0,0,0,0,2,0)
1325:(8,0,false,11,11,true,true,8,8,16,16,2,0,true,false,false,0,0,0,0,0,2,0)
1326:(8,0,false,11,11,true,true,8,8,16,16,2,2,true,false,false,0,0,0,0,0,2,0)
1327:(8,0,false,11,11,true,true,8,8,16,16,2,4,true,false,false,0,0,0,0,0,2,0)
1328:(8,0,false,11,11,true,true,8,8,16,16,2,6,true,false,false,0,0,0,0,0,2,0)
1329:(8,0,false,11,11,true,true,8,8,16,16,2,8,true,false,false,0,0,0,0,0,2,0)
1330:(8,0,false,11,11,true,true,8,8,16,16,2,10,true,false,false,0,0,0,0,0,2,0)
1331:(8,0,false,11,11,true,true,8,8,16,16,2,12,true,false,false,0,0,0,0,0,2,0)
1332:(8,0,false,11,11,true,true,8,8,16,16,2,14,true,false,false,0,0,0,0,0,2,0)
1333:(8,0,false,11,11,true,true,8,8,16,16,2,16,false,false,false,0,0,0,0,0,2,0)
1334:(8,0,false,11,11,true,true,8,8,16,16,2,16,true,false,false,0,0,0,0,0,2,0)
1335:(8,0,false,11,12,true,true,8,8,16,16,0,0,true,false,true,1,1,8,11,0,2,0)
1336:(8,0,false,11,12,true,true,8,8,16,16,0,2,true,false,true,1,1,8,11,0,2,0)
1337:(8,0,false,11,12,true,true,8,8,16,16,0,4,true,false,true,1,1,8,11,0,2,0)
1338:(8,0,false,11,12,true,true,8,8,16,16,0,6,true,false,true,1,1,8,11,0,2,0)
1339:(8,0,false,11,12,true,true,8,8,16,16,0,8,true,false,true,1,1,8,11,0,2,0)
1340:(8,0,false,11,12,true,true,8,8,16,16,0,10,true,false,true,1,1,8,11,0,2,0)
1341:(8,0,false,11,12,true,true,8,8,16,16,0,12,true,false,true,1,1,8,11,0,2,0)
1342:(8,0,false,11,12,true,true,8,8,16,16,0,14,true,false,true,1,1,8,11,0,2,0)
1343:(8,0,false,11,12,true,true,8,8,16,16,0,16,false,false,true,1,1,8,11,0,2,0)
1344:(8,0,false,11,12,true,true,8,8,16,16,0,16,true,false,true,1,1,8,11,0,2,0)
1345:(8,0,false,11,12,true,true,8,8,16,16,2,0,true,false,true,1,1,8,11,0,2,0)
1346:(8,0,false,11,12,true,true,8,8,16,16,2,2,true,false,true,1,1,8,11,0,2,0)
1347:(8,0,false,11,12,true,true,8,8,16,16,2,4,true,false,true,1,1,8,11,0,2,0)
1348:(8,0,false,11,12,true,true,8,8,16,16,2,6,true,false,true,1,1,8,11,0,2,0)
1349:(8,0,false,11,12,true,true,8,8,16,16,2,8,true,false,true,1,1,8,11,0,2,0)
1350:(8,0,false,11,12,true,true,8,8,16,16,2,10,true,false,true,1,1,8,11,0,2,0)
1351:(8,0,false,11,12,true,true,8,8,16,16,2,12,true,false,true,1,1,8,11,0,2,0)
1352:(8,0,false,11,12,true,true,8,8,16,16,2,14,true,false,true,1,1,8,11,0,2,0)
1353:(8,0,false,11,12,true,true,8,8,16,16,2,16,false,false,true,1,1,8,11,0,2,0)
1354:(8,0,false,11,12,true,true,8,8,16,16,2,16,true,false,true,1,1,8,11,0,2,0)
1355:(8,0,false,12,11,true,true,8,8,16,16,0,0,true,true,false,2,2,8,11,0,1,0)
1356:(8,0,false,12,11,true,true,8,8,16,16,0,2,true,true,false,2,2,8,11,0,1,0)
1357:(8,0,false,12,11,true,true,8,8,16,16,0,4,true,true,false,2,2,8,11,0,1,0)
1358:(8,0,false,12,11,true,true,8,8,16,16,0,6,true,true,false,2,2,8,11,0,1,0)
1359:(8,0,false,12,11,true,true,8,8,16,16,0,8,true,true,false,2,2,8,11,0,1,0)
1360:(8,0,false,12,11,true,true,8,8,16,16,0,10,true,true,false,2,2,8,11,0,1,0)
1361:(8,0,false,12,11,true,true,8,8,16,16,0,12,true,true,false,2,2,8,11,0,1,0)
1362:(8,0,false,12,11,true,true,8,8,16,16,0,14,true,true,false,2,2,8,11,0,1,0)
1363:(8,0,false,12,11,true,true,8,8,16,16,0,16,false,true,false,2,2,8,11,0,1,0)
1364:(8,0,false,12,11,true,true,8,8,16,16,0,16,true,true,false,2,2,8,11,0,1,0)
1365:(8,0,false,12,11,true,true,8,8,16,16,2,0,true,true,false,2,2,8,11,0,1,0)
1366:(8,0,false,12,11,true,true,8,8,16,16,2,2,true,true,false,2,2,8,11,0,1,0)
1367:(8,0,false,12,11,true,true,8,8,16,16,2,4,true,true,false,2,2,8,11,0,1,0)
1368:(8,0,false,12,11,true,true,8,8,16,16,2,6,true,true,false,2,2,8,11,0,1,0)
1369:(8,0,false,12,11,true,true,8,8,16,16,2,8,true,true,false,2,2,8,11,0,1,0)
1370:(8,0,false,12,11,true,true,8,8,16,16,2,10,true,true,false,2,2,8,11,0,1,0)
1371:(8,0,false,12,11,true,true,8,8,16,16,2,12,true,true,false,2,2,8,11,0,1,0)
1372:(8,0,false,12,11,true,true,8,8,16,16,2,14,true,true,false,2,2,8,11,0,1,0)
1373:(8,0,false,12,11,true,true,8,8,16,16,2,16,false,true,false,2,2,8,11,0,1,0)
1374:(8,0,false,12,11,true,true,8,8,16,16,2,16,true,true,false,2,2,8,11,0,1,0)
1375:(8,0,false,12,12,true,true,8,8,16,16,0,0,true,true,true,1,1,8,11,0,2,0)
1376:(8,0,false,12,12,true,true,8,8,16,16,0,0,true,true,true,2,2,8,11,0,1,0)
1377:(8,0,false,12,12,true,true,8,8,16,16,0,2,true,true,true,1,1,8,11,0,2,0)
1378:(8,0,false,12,12,true,true,8,8,16,16,0,2,true,true,true,2,2,8,11,0,1,0)
1379:(8,0,false,12,12,true,true,8,8,16,16,0,4,true,true,true,1,1,8,11,0,2,0)
1380:(8,0,false,12,12,true,true,8,8,16,16,0,4,true,true,true,2,2,8,11,0,1,0)
1381:(8,0,false,12,12,true,true,8,8,16,16,0,6,true,true,true,1,1,8,11,0,2,0)
1382:(8,0,false,12,12,true,true,8,8,16,16,0,6,true,true,true,2,2,8,11,0,1,0)
1383:(8,0,false,12,12,true,true,8,8,16,16,0,8,true,true,true,1,1,8,11,0,2,0)
1384:(8,0,false,12,12,true,true,8,8,16,16,0,8,true,true,true,2,2,8,11,0,1,0)
1385:(8,0,false,12,12,true,true,8,8,16,16,0,10,true,true,true,1,1,8,11,0,2,0)
1386:(8,0,false,12,12,true,true,8,8,16,16,0,10,true,true,true,2,2,8,11,0,1,0)
1387:(8,0,false,12,12,true,true,8,8,16,16,0,12,true,true,true,1,1,8,11,0,2,0)
1388:(8,0,false,12,12,true,true,8,8,16,16,0,12,true,true,true,2,2,8,11,0,1,0)
1389:(8,0,false,12,12,true,true,8,8,16,16,0,14,true,true,true,1,1,8,11,0,2,0)
1390:(8,0,false,12,12,true,true,8,8,16,16,0,14,true,true,true,2,2,8,11,0,1,0)
1391:(8,0,false,12,12,true,true,8,8,16,16,0,16,false,true,true,1,1,8,11,0,2,0)
1392:(8,0,false,12,12,true,true,8,8,16,16,0,16,false,true,true,2,2,8,11,0,1,0)
1393:(8,0,false,12,12,true,true,8,8,16,16,0,16,true,true,true,1,1,8,11,0,2,0)
1394:(8,0,false,12,12,true,true,8,8,16,16,0,16,true,true,true,2,2,8,11,0,1,0)
1395:(8,0,false,12,12,true,true,8,8,16,16,2,0,true,true,true,1,1,8,11,0,2,0)
1396:(8,0,false,12,12,true,true,8,8,16,16,2,0,true,true,true,2,2,8,11,0,1,0)
1397:(8,0,false,12,12,true,true,8,8,16,16,2,2,true,true,true,1,1,8,11,0,2,0)
1398:(8,0,false,12,12,true,true,8,8,16,16,2,2,true,true,true,2,2,8,11,0,1,0)
1399:(8,0,false,12,12,true,true,8,8,16,16,2,4,true,true,true,1,1,8,11,0,2,0)
1400:(8,0,false,12,12,true,true,8,8,16,16,2,4,true,true,true,2,2,8,11,0,1,0)
1401:(8,0,false,12,12,true,true,8,8,16,16,2,6,true,true,true,1,1,8,11,0,2,0)
1402:(8,0,false,12,12,true,true,8,8,16,16,2,6,true,true,true,2,2,8,11,0,1,0)
1403:(8,0,false,12,12,true,true,8,8,16,16,2,8,true,true,true,1,1,8,11,0,2,0)
1404:(8,0,false,12,12,true,true,8,8,16,16,2,8,true,true,true,2,2,8,11,0,1,0)
1405:(8,0,false,12,12,true,true,8,8,16,16,2,10,true,true,true,1,1,8,11,0,2,0)
1406:(8,0,false,12,12,true,true,8,8,16,16,2,10,true,true,true,2,2,8,11,0,1,0)
1407:(8,0,false,12,12,true,true,8,8,16,16,2,12,true,true,true,1,1,8,11,0,2,0)
1408:(8,0,false,12,12,true,true,8,8,16,16,2,12,true,true,true,2,2,8,11,0,1,0)
1409:(8,0,false,12,12,true,true,8,8,16,16,2,14,true,true,true,1,1,8,11,0,2,0)
1410:(8,0,false,12,12,true,true,8,8,16,16,2,14,true,true,true,2,2,8,11,0,1,0)
1411:(8,0,false,12,12,true,true,8,8,16,16,2,16,false,true,true,1,1,8,11,0,2,0)
1412:(8,0,false,12,12,true,true,8,8,16,16,2,16,false,true,true,2,2,8,11,0,1,0)
1413:(8,0,false,12,12,true,true,8,8,16,16,2,16,true,true,true,1,1,8,11,0,2,0)
1414:(8,0,false,12,12,true,true,8,8,16,16,2,16,true,true,true,2,2,8,11,0,1,0)
1415:(8,0,true,12,11,true,true,8,8,16,16,0,0,true,true,false,1,1,8,11,0,6,0)
1416:(8,0,true,12,11,true,true,8,8,16,16,0,2,true,true,false,1,1,8,11,0,6,0)
1417:(8,0,true,12,11,true,true,8,8,16,16,0,4,true,true,false,1,1,8,11,0,6,0)
1418:(8,0,true,12,11,true,true,8,8,16,16,0,6,true,true,false,1,1,8,11,0,6,0)
1419:(8,0,true,12,11,true,true,8,8,16,16,0,8,true,true,false,1,1,8,11,0,6,0)
1420:(8,0,true,12,11,true,true,8,8,16,16,0,10,true,true,false,1,1,8,11,0,6,0)
1421:(8,0,true,12,11,true,true,8,8,16,16,0,12,true,true,false,1,1,8,11,0,6,0)
1422:(8,0,true,12,11,true,true,8,8,16,16,0,14,true,true,false,1,1,8,11,0,6,0)
1423:(8,0,true,12,11,true,true,8,8,16,16,0,16,false,true,false,1,1,8,11,0,6,0)
1424:(8,0,true,12,11,true,true,8,8,16,16,0,16,true,true,false,1,1,8,11,0,6,0)
1425:(8,0,true,12,11,true,true,8,8,16,16,2,0,true,true,false,1,1,8,11,0,6,0)
1426:(8,0,true,12,11,true,true,8,8,16,16,2,2,true,true,false,1,1,8,11,0,6,0)
1427:(8,0,true,12,11,true,true,8,8,16,16,2,4,true,true,false,1,1,8,11,0,6,0)
1428:(8,0,true,12,11,true,true,8,8,16,16,2,6,true,true,false,1,1,8,11,0,6,0)
1429:(8,0,true,12,11,true,true,8,8,16,16,2,8,true,true,false,1,1,8,11,0,6,0)
1430:(8,0,true,12,11,true,true,8,8,16,16,2,10,true,true,false,1,1,8,11,0,6,0)
1431:(8,0,true,12,11,true,true,8,8,16,16,2,12,true,true,false,1,1,8,11,0,6,0)
1432:(8,0,true,12,11,true,true,8,8,16,16,2,14,true,true,false,1,1,8,11,0,6,0)
1433:(8,0,true,12,11,true,true,8,8,16,16,2,16,false,true,false,1,1,8,11,0,6,0)
1434:(8,0,true,12,11,true,true,8,8,16,16,2,16,true,true,false,1,1,8,11,0,6,0)
1435:(9,1,false,12,12,true,true,8,8,16,16,0,0,true,true,true,0,0,0,0,0,12,0)
1436:(9,1,false,12,12,true,true,8,8,16,16,0,2,true,true,true,0,0,0,0,0,12,0)
1437:(9,1,false,12,12,true,true,8,8,16,16,0,4,true,true,true,0,0,0,0,0,12,0)
1438:(9,1,false,12,12,true,true,8,8,16,16,0,6,true,true,true,0,0,0,0,0,12,0)
1439:(9,1,false,12,12,true,true,8,8,16,16,0,8,true,true,true,0,0,0,0,0,12,0)
1440:(9,1,false,12,12,true,true,8,8,16,16,0,10,true,true,true,0,0,0,0,0,12,0)
1441:(9,1,false,12,12,true,true,8,8,16,16,0,12,true,true,true,0,0,0,0,0,12,0)
1442:(9,1,false,12,12,true,true,8,8,16,16,0,14,true,true,true,0,0,0,0,0,12,0)
1443:(9,1,false,12,12,true,true,8,8,16,16,0,16,false,true,true,0,0,0,0,0,12,0)
1444:(9,1,false,12,12,true,true,8,8,16,16,0,16,true,true,true,0,0,0,0,0,12,0)
1445:(9,1,false,12,12,true,true,8,8,16,16,2,0,true,true,true,0,0,0,0,0,12,0)
1446:(9,1,false,12,12,true,true,8,8,16,16,2,2,true,true,true,0,0,0,0,0,12,0)
1447:(9,1,false,12,12,true,true,8,8,16,16,2,4,true,true,true,0,0,0,0,0,12,0)
1448:(9,1,false,12,12,true,true,8,8,16,16,2,6,true,true,true,0,0,0,0,0,12,0)
1449:(9,1,false,12,12,true,true,8,8,16,16,2,8,true,true,true,0,0,0,0,0,12,0)
1450:(9,1,false,12,12,true,true,8,8,16,16,2,10,true,true,true,0,0,0,0,0,12,0)
1451:(9,1,false,12,12,true,true,8,8,16,16,2,12,true,true,true,0,0,0,0,0,12,0)
1452:(9,1,false,12,12,true,true,8,8,16,16,2,14,true,true,true,0,0,0,0,0,12,0)
1453:(9,1,false,12,12,true,true,8,8,16,16,2,16,false,true,true,0,0,0,0,0,12,0)
1454:(9,1,false,12,12,true,true,8,8,16,16,2,16,true,true,true,0,0,0,0,0,12,0)
1455:(9,2,false,0,0,false,false,0,0,0,0,0,0,false,false,false,1,1,1,0,0,3,1)
1456:(9,2,false,1,0,false,false,0,0,0,0,0,0,false,false,false,1,1,3,0,0,3,1)
1457:(9,2,false,1,0,false,false,0,0,0,0,0,0,false,false,false,1,1,3,0,0,4,3)
1458:(9,2,false,1,0,false,false,0,0,0,0,0,0,false,false,false,1,1,3,1,0,5,2)
1459:(9,2,false,1,0,false,false,0,0,0,0,0,0,false,false,false,1,2,3,0,0,15,4)
1460:(9,2,false,1,1,false,false,0,0,0,0,0,0,false,false,false,2,0,0,0,0,8,6)
1461:(9,2,false,2,1,false,false,0,0,0,0,0,0,false,false,false,1,1,5,0,0,4,3)
1462:(9,2,false,2,1,false,false,0,0,0,0,0,0,false,false,false,1,1,5,1,0,3,1)
1463:(9,2,false,2,1,false,false,0,0,0,0,0,0,false,false,false,1,1,5,2,0,5,2)
1464:(9,2,false,2,1,false,false,0,0,0,0,0,0,false,false,false,1,2,5,1,0,15,4)
1465:(9,2,false,2,2,false,false,0,0,0,0,0,0,false,false,false,1,1,6,2,0,3,5)
1466:(9,2,false,2,2,false,false,0,0,0,0,0,0,false,false,false,1,1,6,3,0,5,2)
1467:(9,2,false,3,2,true,false,0,0,0,0,0,0,false,false,false,1,1,6,2,0,3,5)
1468:(9,2,false,3,2,true,false,0,0,0,0,0,0,false,false,false,1,1,6,3,0,5,2)
1469:(9,2,false,3,2,true,false,0,0,0,0,0,0,true,false,false,1,1,6,2,0,3,5)
1470:(9,2,false,3,2,true,false,0,0,0,0,0,0,true,false,false,1,1,6,3,0,5,2)
1471:(9,2,false,3,3,true,true,0,0,0,0,0,0,false,false,false,1,1,7,3,1,3,5)
1472:(9,2,false,3,3,true,true,0,0,0,0,0,0,false,false,false,1,1,7,4,2,5,2)
1473:(9,2,false,3,3,true,true,0,0,0,0,0,0,false,false,false,1,2,7,3,1,15,4)
1474:(9,2,false,3,3,true,true,0,0,0,0,0,0,true,false,false,1,1,7,3,1,3,5)
1475:(9,2,false,3,3,true,true,0,0,0,0,0,0,true,false,false,1,1,7,4,2,5,2)
1476:(9,2,false,3,3,true,true,0,0,0,0,0,0,true,false,false,1,2,7,3,1,15,4)
1477:(9,2,false,3,4,true,true,0,1,0,2,0,0,false,false,false,1,1,7,3,1,4,3)
1478:(9,2,false,3,4,true,true,0,1,0,2,0,0,false,false,false,1,1,7,4,2,3,5)
1479:(9,2,false,3,4,true,true,0,1,0,2,0,0,false,false,false,1,1,7,5,3,5,2)
1480:(9,2,false,3,4,true,true,0,1,0,2,0,0,false,false,false,1,2,7,4,2,15,4)
1481:(9,2,false,3,4,true,true,0,1,0,2,0,0,true,false,false,1,1,7,3,1,4,3)
1482:(9,2,false,3,4,true,true,0,1,0,2,0,0,true,false,false,1,1,7,4,2,3,5)
1483:(9,2,false,3,4,true,true,0,1,0,2,0,0,true,false,false,1,1,7,5,3,5,2)
1484:(9,2,false,3,4,true,true,0,1,0,2,0,0,true,false,false,1,2,7,4,2,15,4)
1485:(9,2,false,3,5,true,true,0,2,0,4,0,0,false,false,false,1,1,7,4,2,4,3)
1486:(9,2,false,3,5,true,true,0,2,0,4,0,0,false,false,false,1,1,7,5,3,3,5)
1487:(9,2,false,3,5,true,true,0,2,0,4,0,0,false,false,false,1,1,7,6,4,5,2)
1488:(9,2,false,3,5,true,true,0,2,0,4,0,0,false,false,false,1,2,7,5,3,15,4)
1489:(9,2,false,3,5,true,true,0,2,0,4,0,0,true,false,false,1,1,7,4,2,4,3)
1490:(9,2,false,3,5,true,true,0,2,0,4,0,0,true,false,false,1,1,7,5,3,3,5)
1491:(9,2,false,3,5,true,true,0,2,0,4,0,0,true,false,false,1,1,7,6,4,5,2)
1492:(9,2,false,3,5,true,true,0,2,0,4,0,0,true,false,false,1,2,7,5,3,15,4)
1493:(9,2,false,3,6,true,true,0,3,0,6,0,0,false,false,false,1,1,7,5,3,4,3)
1494:(9,2,false,3,6,true,true,0,3,0,6,0,0,false,false,false,1,1,7,6,4,3,5)
1495:(9,2,false,3,6,true,true,0,3,0,6,0,0,false,false,false,1,1,7,7,5,5,2)
1496:(9,2,false,3,6,true,true,0,3,0,6,0,0,false,false,false,1,2,7,6,4,15,4)
1497:(9,2,false,3,6,true,true,0,3,0,6,0,0,true,false,false,1,1,7,5,3,4,3)
1498:(9,2,false,3,6,true,true,0,3,0,6,0,0,true,false,false,1,1,7,6,4,3,5)
1499:(9,2,false,3,6,true,true,0,3,0,6,0,0,true,false,false,1,1,7,7,5,5,2)
1500:(9,2,false,3,6,true,true,0,3,0,6,0,0,true,false,false,1,2,7,6,4,15,4)
1501:(9,2,false,3,7,true,true,0,4,0,8,0,0,false,false,false,1,1,7,6,4,4,3)
1502:(9,2,false,3,7,true,true,0,4,0,8,0,0,false,false,false,1,1,7,7,5,3,5)
1503:(9,2,false,3,7,true,true,0,4,0,8,0,0,false,false,false,1,1,7,8,6,5,2)
1504:(9,2,false,3,7,true,true,0,4,0,8,0,0,false,false,false,1,2,7,7,5,15,4)
1505:(9,2,false,3,7,true,true,0,4,0,8,0,0,true,false,false,1,1,7,6,4,4,3)
1506:(9,2,false,3,7,true,true,0,4,0,8,0,0,true,false,false,1,1,7,7,5,3,5)
1507:(9,2,false,3,7,true,true,0,4,0,8,0,0,true,false,false,1,1,7,8,6,5,2)
1508:(9,2,false,3,7,true,true,0,4,0,8,0,0,true,false,false,1,2,7,7,5,15,4)
1509:(9,2,false,3,8,true,true,0,5,0,10,0,0,false,false,false,1,1,7,7,5,4,3)
1510:(9,2,false,3,8,true,true,0,5,0,10,0,0,false,false,false,1,1,7,8,6,3,5)
1511:(9,2,false,3,8,true,true,0,5,0,10,0,0,false,false,false,1,1,7,9,7,5,2)
1512:(9,2,false,3,8,true,true,0,5,0,10,0,0,false,false,false,1,2,7,8,6,15,4)
1513:(9,2,false,3,8,true,true,0,5,0,10,0,0,true,false,false,1,1,7,7,5,4,3)
1514:(9,2,false,3,8,true,true,0,5,0,10,0,0,true,false,false,1,1,7,8,6,3,5)
1515:(9,2,false,3,8,true,true,0,5,0,10,0,0,true,false,false,1,1,7,9,7,5,2)
1516:(9,2,false,3,8,true,true,0,5,0,10,0,0,true,false,false,1,2,7,8,6,15,4)
1517:(9,2,false,3,9,true,true,0,6,0,12,0,0,false,false,false,1,1,7,8,6,4,3)
1518:(9,2,false,3,9,true,true,0,6,0,12,0,0,false,false,false,1,1,7,9,7,3,5)
1519:(9,2,false,3,9,true,true,0,6,0,12,0,0,false,false,false,1,1,7,10,8,5,2)
1520:(9,2,false,3,9,true,true,0,6,0,12,0,0,false,false,false,1,2,7,9,7,15,4)
1521:(9,2,false,3,9,true,true,0,6,0,12,0,0,true,false,false,1,1,7,8,6,4,3)
1522:(9,2,false,3,9,true,true,0,6,0,12,0,0,true,false,false,1,1,7,9,7,3,5)
1523:(9,2,false,3,9,true,true,0,6,0,12,0,0,true,false,false,1,1,7,10,8,5,2)
1524:(9,2,false,3,9,true,true,0,6,0,12,0,0,true,false,false,1,2,7,9,7,15,4)
1525:(9,2,false,3,10,true,true,0,7,0,14,0,0,false,false,false,1,1,7,9,7,4,3)
1526:(9,2,false,3,10,true,true,0,7,0,14,0,0,false,false,false,1,1,7,10,8,3,5)
1527:(9,2,false,3,10,true,true,0,7,0,14,0,0,false,false,false,1,1,7,11,9,5,2)
1528:(9,2,false,3,10,true,true,0,7,0,14,0,0,false,false,false,1,2,7,10,8,15,4)
1529:(9,2,false,3,10,true,true,0,7,0,14,0,0,true,false,false,1,1,7,9,7,4,3)
1530:(9,2,false,3,10,true,true,0,7,0,14,0,0,true,false,false,1,1,7,10,8,3,5)
1531:(9,2,false,3,10,true,true,0,7,0,14,0,0,true,false,false,1,1,7,11,9,5,2)
1532:(9,2,false,3,10,true,true,0,7,0,14,0,0,true,false,false,1,2,7,10,8,15,4)
1533:(9,2,false,3,11,true,true,0,8,0,16,0,0,false,false,false,1,1,7,10,8,4,3)
1534:(9,2,false,3,11,true,true,0,8,0,16,0,0,true,false,false,1,1,7,10,8,4,3)
1535:(9,2,false,4,4,true,true,1,1,2,2,0,0,true,false,false,1,1,7,3,1,4,3)
1536:(9,2,false,4,4,true,true,1,1,2,2,0,0,true,false,false,1,1,7,4,2,3,5)
1537:(9,2,false,4,4,true,true,1,1,2,2,0,0,true,false,false,1,1,7,5,3,5,2)
1538:(9,2,false,4,4,true,true,1,1,2,2,0,0,true,false,false,1,2,7,4,2,15,4)
1539:(9,2,false,4,4,true,true,1,1,2,2,0,2,false,false,false,1,1,7,3,1,4,3)
1540:(9,2,false,4,4,true,true,1,1,2,2,0,2,false,false,false,1,1,7,4,2,3,5)
1541:(9,2,false,4,4,true,true,1,1,2,2,0,2,false,false,false,1,1,7,5,3,5,2)
1542:(9,2,false,4,4,true,true,1,1,2,2,0,2,false,false,false,1,2,7,4,2,15,4)
1543:(9,2,false,4,4,true,true,1,1,2,2,0,2,true,false,false,1,1,7,3,1,4,3)
1544:(9,2,false,4,4,true,true,1,1,2,2,0,2,true,false,false,1,1,7,4,2,3,5)
1545:(9,2,false,4,4,true,true,1,1,2,2,0,2,true,false,false,1,1,7,5,3,5,2)
1546:(9,2,false,4,4,true,true,1,1,2,2,0,2,true,false,false,1,2,7,4,2,15,4)
1547:(9,2,false,4,5,true,true,1,2,2,4,0,0,true,false,false,1,1,7,4,2,4,3)
1548:(9,2,false,4,5,true,true,1,2,2,4,0,0,true,false,false,1,1,7,5,3,3,5)
1549:(9,2,false,4,5,true,true,1,2,2,4,0,0,true,false,false,1,1,7,6,4,5,2)
1550:(9,2,false,4,5,true,true,1,2,2,4,0,0,true,false,false,1,2,7,5,3,15,4)
1551:(9,2,false,4,5,true,true,1,2,2,4,0,2,false,false,false,1,1,7,4,2,4,3)
1552:(9,2,false,4,5,true,true,1,2,2,4,0,2,false,false,false,1,1,7,5,3,3,5)
1553:(9,2,false,4,5,true,true,1,2,2,4,0,2,false,false,false,1,1,7,6,4,5,2)
1554:(9,2,false,4,5,true,true,1,2,2,4,0,2,false,false,false,1,2,7,5,3,15,4)
1555:(9,2,false,4,5,true,true,1,2,2,4,0,2,true,false,false,1,1,7,4,2,4,3)
1556:(9,2,false,4,5,true,true,1,2,2,4,0,2,true,false,false,1,1,7,5,3,3,5)
1557:(9,2,false,4,5,true,true,1,2,2,4,0,2,true,false,false,1,1,7,6,4,5,2)
1558:(9,2,false,4,5,true,true,1,2,2,4,0,2,true,false,false,1,2,7,5,3,15,4)
1559:(9,2,false,4,6,true,true,1,3,2,6,0,0,true,false,false,1,1,7,5,3,4,3)
1560:(9,2,false,4,6,true,true,1,3,2,6,0,0,true,false,false,1,1,7,6,4,3,5)
1561:(9,2,false,4,6,true,true,1,3,2,6,0,0,true,false,false,1,1,7,7,5,5,2)
1562:(9,2,false,4,6,true,true,1,3,2,6,0,0,true,false,false,1,2,7,6,4,15,4)
1563:(9,2,false,4,6,true,true,1,3,2,6,0,2,false,false,false,1,1,7,5,3,4,3)
1564:(9,2,false,4,6,true,true,1,3,2,6,0,2,false,false,false,1,1,7,6,4,3,5)
1565:(9,2,false,4,6,true,true,1,3,2,6,0,2,false,false,false,1,1,7,7,5,5,2)
1566:(9,2,false,4,6,true,true,1,3,2,6,0,2,false,false,false,1,2,7,6,4,15,4)
1567:(9,2,false,4,6,true,true,1,3,2,6,0,2,true,false,false,1,1,7,5,3,4,3)
1568:(9,2,false,4,6,true,true,1,3,2,6,0,2,true,false,false,1,1,7,6,4,3,5)
1569:(9,2,false,4,6,true,true,1,3,2,6,0,2,true,false,false,1,1,7,7,5,5,2)
1570:(9,2,false,4,6,true,true,1,3,2,6,0,2,true,false,false,1,2,7,6,4,15,4)
1571:(9,2,false,4,7,true,true,1,4,2,8,0,0,true,false,false,1,1,7,6,4,4,3)
1572:(9,2,false,4,7,true,true,1,4,2,8,0,0,true,false,false,1,1,7,7,5,3,5)
1573:(9,2,false,4,7,true,true,1,4,2,8,0,0,true,false,false,1,1,7,8,6,5,2)
1574:(9,2,false,4,7,true,true,1,4,2,8,0,0,true,false,false,1,2,7,7,5,15,4)
1575:(9,2,false,4,7,true,true,1,4,2,8,0,2,false,false,false,1,1,7,6,4,4,3)
1576:(9,2,false,4,7,true,true,1,4,2,8,0,2,false,false,false,1,1,7,7,5,3,5)
1577:(9,2,false,4,7,true,true,1,4,2,8,0,2,false,false,false,1,1,7,8,6,5,2)
1578:(9,2,false,4,7,true,true,1,4,2,8,0,2,false,false,false,1,2,7,7,5,15,4)
1579:(9,2,false,4,7,true,true,1,4,2,8,0,2,true,false,false,1,1,7,6,4,4,3)
1580:(9,2,false,4,7,true,true,1,4,2,8,0,2,true,false,false,1,1,7,7,5,3,5)
1581:(9,2,false,4,7,true,true,1,4,2,8,0,2,true,false,false,1,1,7,8,6,5,2)
1582:(9,2,false,4,7,true,true,1,4,2,8,0,2,true,false,false,1,2,7,7,5,15,4)
1583:(9,2,false,4,8,true,true,1,5,2,10,0,0,true,false,false,1,1,7,7,5,4,3)
1584:(9,2,false,4,8,true,true,1,5,2,10,0,0,true,false,false,1,1,7,8,6,3,5)
1585:(9,2,false,4,8,true,true,1,5,2,10,0,0,true,false,false,1,1,7,9,7,5,2)
1586:(9,2,false,4,8,true,true,1,5,2,10,0,0,true,false,false,1,2,7,8,6,15,4)
1587:(9,2,false,4,8,true,true,1,5,2,10,0,2,false,false,false,1,1,7,7,5,4,3)
1588:(9,2,false,4,8,true,true,1,5,2,10,0,2,false,false,false,1,1,7,8,6,3,5)
1589:(9,2,false,4,8,true,true,1,5,2,10,0,2,false,false,false,1,1,7,9,7,5,2)
1590:(9,2,false,4,8,true,true,1,5,2,10,0,2,false,false,false,1,2,7,8,6,15,4)
1591:(9,2,false,4,8,true,true,1,5,2,10,0,2,true,false,false,1,1,7,7,5,4,3)
1592:(9,2,false,4,8,true,true,1,5,2,10,0,2,true,false,false,1,1,7,8,6,3,5)
1593:(9,2,false,4,8,true,true,1,5,2,10,0,2,true,false,false,1,1,7,9,7,5,2)
1594:(9,2,false,4,8,true,true,1,5,2,10,0,2,true,false,false,1,2,7,8,6,15,4)
1595:(9,2,false,4,9,true,true,1,6,2,12,0,0,true,false,false,1,1,7,8,6,4,3)
1596:(9,2,false,4,9,true,true,1,6,2,12,0,0,true,false,false,1,1,7,9,7,3,5)
1597:(9,2,false,4,9,true,true,1,6,2,12,0,0,true,false,false,1,1,7,10,8,5,2)
1598:(9,2,false,4,9,true,true,1,6,2,12,0,0,true,false,false,1,2,7,9,7,15,4)
1599:(9,2,false,4,9,true,true,1,6,2,12,0,2,false,false,false,1,1,7,8,6,4,3)
1600:(9,2,false,4,9,true,true,1,6,2,12,0,2,false,false,false,1,1,7,9,7,3,5)
1601:(9,2,false,4,9,true,true,1,6,2,12,0,2,false,false,false,1,1,7,10,8,5,2)
1602:(9,2,false,4,9,true,true,1,6,2,12,0,2,false,false,false,1,2,7,9,7,15,4)
1603:(9,2,false,4,9,true,true,1,6,2,12,0,2,true,false,false,1,1,7,8,6,4,3)
1604:(9,2,false,4,9,true,true,1,6,2,12,0,2,true,false,false,1,1,7,9,7,3,5)
1605:(9,2,false,4,9,true,true,1,6,2,12,0,2,true,false,false,1,1,7,10,8,5,2)
1606:(9,2,false,4,9,true,true,1,6,2,12,0,2,true,false,false,1,2,7,9,7,15,4)
1607:(9,2,false,4,10,true,true,1,7,2,14,0,0,true,false,false,1,1,7,9,7,4,3)
1608:(9,2,false,4,10,true,true,1,7,2,14,0,0,true,false,false,1,1,7,10,8,3,5)
1609:(9,2,false,4,10,true,true,1,7,2,14,0,0,true,false,false,1,1,7,11,9,5,2)
1610:(9,2,false,4,10,true,true,1,7,2,14,0,0,true,false,false,1,2,7,10,8,15,4)
1611:(9,2,false,4,10,true,true,1,7,2,14,0,2,false,false,false,1,1,7,9,7,4,3)
1612:(9,2,false,4,10,true,true,1,7,2,14,0,2,false,false,false,1,1,7,10,8,3,5)
1613:(9,2,false,4,10,true,true,1,7,2,14,0,2,false,false,false,1,1,7,11,9,5,2)
1614:(9,2,false,4,10,true,true,1,7,2,14,0,2,false,false,false,1,2,7,10,8,15,4)
1615:(9,2,false,4,10,true,true,1,7,2,14,0,2,true,false,false,1,1,7,9,7,4,3)
1616:(9,2,false,4,10,true,true,1,7,2,14,0,2,true,false,false,1,1,7,10,8,3,5)
1617:(9,2,false,4,10,true,true,1,7,2,14,0,2,true,false,false,1,1,7,11,9,5,2)
1618:(9,2,false,4,10,true,true,1,7,2,14,0,2,true,false,false,1,2,7,10,8,15,4)
1619:(9,2,false,4,11,true,true,1,8,2,16,0,0,true,false,false,1,1,7,10,8,4,3)
1620:(9,2,false,4,11,true,true,1,8,2,16,0,2,false,false,false,1,1,7,10,8,4,3)
1621:(9,2,false,4,11,true,true,1,8,2,16,0,2,true,false,false,1,1,7,10,8,4,3)
1622:(9,2,false,5,4,true,true,2,1,4,2,2,0,true,false,false,1,1,7,3,1,4,3)
1623:(9,2,false,5,4,true,true,2,1,4,2,2,0,true,false,false,1,1,7,4,2,3,5)
1624:(9,2,false,5,4,true,true,2,1,4,2,2,0,true,false,false,1,1,7,5,3,5,2)
1625:(9,2,false,5,4,true,true,2,1,4,2,2,0,true,false,false,1,2,7,4,2,15,4)
1626:(9,2,false,5,4,true,true,2,1,4,2,2,2,true,false,false,1,1,7,3,1,4,3)
1627:(9,2,false,5,4,true,true,2,1,4,2,2,2,true,false,false,1,1,7,4,2,3,5)
1628:(9,2,false,5,4,true,true,2,1,4,2,2,2,true,false,false,1,1,7,5,3,5,2)
1629:(9,2,false,5,4,true,true,2,1,4,2,2,2,true,false,false,1,2,7,4,2,15,4)
1630:(9,2,false,5,4,true,true,2,1,4,2,2,4,false,false,false,1,1,7,3,1,4,3)
1631:(9,2,false,5,4,true,true,2,1,4,2,2,4,false,false,false,1,1,7,4,2,3,5)
1632:(9,2,false,5,4,true,true,2,1,4,2,2,4,false,false,false,1,1,7,5,3,5,2)
1633:(9,2,false,5,4,true,true,2,1,4,2,2,4,false,false,false,1,2,7,4,2,15,4)
1634:(9,2,false,5,4,true,true,2,1,4,2,2,4,true,false,false,1,1,7,3,1,4,3)
1635:(9,2,false,5,4,true,true,2,1,4,2,2,4,true,false,false,1,1,7,4,2,3,5)
1636:(9,2,false,5,4,true,true,2,1,4,2,2,4,true,false,false,1,1,7,5,3,5,2)
1637:(9,2,false,5,4,true,true,2,1,4,2,2,4,true,false,false,1,2,7,4,2,15,4)
1638:(9,2,false,5,5,true,true,2,2,4,4,0,0,true,false,false,1,1,7,4,2,4,3)
1639:(9,2,false,5,5,true,true,2,2,4,4,0,0,true,false,false,1,1,7,5,3,3,5)
1640:(9,2,false,5,5,true,true,2,2,4,4,0,0,true,false,false,1,1,7,6,4,5,2)
1641:(9,2,false,5,5,true,true,2,2,4,4,0,0,true,false,false,1,2,7,5,3,15,4)
1642:(9,2,false,5,5,true,true,2,2,4,4,0,2,true,false,false,1,1,7,4,2,4,3)
1643:(9,2,false,5,5,true,true,2,2,4,4,0,2,true,false,false,1,1,7,5,3,3,5)
1644:(9,2,false,5,5,true,true,2,2,4,4,0,2,true,false,false,1,1,7,6,4,5,2)
1645:(9,2,false,5,5,true,true,2,2,4,4,0,2,true,false,false,1,2,7,5,3,15,4)
1646:(9,2,false,5,5,true,true,2,2,4,4,0,4,false,false,false,1,1,7,4,2,4,3)
1647:(9,2,false,5,5,true,true,2,2,4,4,0,4,false,false,false,1,1,7,5,3,3,5)
1648:(9,2,false,5,5,true,true,2,2,4,4,0,4,false,false,false,1,1,7,6,4,5,2)
1649:(9,2,false,5,5,true,true,2,2,4,4,0,4,false,false,false,1,2,7,5,3,15,4)
1650:(9,2,false,5,5,true,true,2,2,4,4,0,4,true,false,false,1,1,7,4,2,4,3)
1651:(9,2,false,5,5,true,true,2,2,4,4,0,4,true,false,false,1,1,7,5,3,3,5)
1652:(9,2,false,5,5,true,true,2,2,4,4,0,4,true,false,false,1,1,7,6,4,5,2)
1653:(9,2,false,5,5,true,true,2,2,4,4,0,4,true,false,false,1,2,7,5,3,15,4)
1654:(9,2,false,5,5,true,true,2,2,4,4,2,0,true,false,false,1,1,7,4,2,4,3)
1655:(9,2,false,5,5,true,true,2,2,4,4,2,0,true,false,false,1,1,7,5,3,3,5)
1656:(9,2,false,5,5,true,true,2,2,4,4,2,0,true,false,false,1,1,7,6,4,5,2)
1657:(9,2,false,5,5,true,true,2,2,4,4,2,0,true,false,false,1,2,7,5,3,15,4)
1658:(9,2,false,5,5,true,true,2,2,4,4,2,2,true,false,false,1,1,7,4,2,4,3)
1659:(9,2,false,5,5,true,true,2,2,4,4,2,2,true,false,false,1,1,7,5,3,3,5)
1660:(9,2,false,5,5,true,true,2,2,4,4,2,2,true,false,false,1,1,7,6,4,5,2)
1661:(9,2,false,5,5,true,true,2,2,4,4,2,2,true,false,false,1,2,7,5,3,15,4)
1662:(9,2,false,5,5,true,true,2,2,4,4,2,4,false,false,false,1,1,7,4,2,4,3)
1663:(9,2,false,5,5,true,true,2,2,4,4,2,4,false,false,false,1,1,7,5,3,3,5)
1664:(9,2,false,5,5,true,true,2,2,4,4,2,4,false,false,false,1,1,7,6,4,5,2)
1665:(9,2,false,5,5,true,true,2,2,4,4,2,4,false,false,false,1,2,7,5,3,15,4)
1666:(9,2,false,5,5,true,true,2,2,4,4,2,4,true,false,false,1,1,7,4,2,4,3)
1667:(9,2,false,5,5,true,true,2,2,4,4,2,4,true,false,false,1,1,7,5,3,3,5)
1668:(9,2,false,5,5,true,true,2,2,4,4,2,4,true,false,false,1,1,7,6,4,5,2)
1669:(9,2,false,5,5,true,true,2,2,4,4,2,4,true,false,false,1,2,7,5,3,15,4)
1670:(9,2,false,5,6,true,true,2,3,4,6,0,0,true,false,false,1,1,7,5,3,4,3)
1671:(9,2,false,5,6,true,true,2,3,4,6,0,0,true,false,false,1,1,7,6,4,3,5)
1672:(9,2,false,5,6,true,true,2,3,4,6,0,0,true,false,false,1,1,7,7,5,5,2)
1673:(9,2,false,5,6,true,true,2,3,4,6,0,0,true,false,false,1,2,7,6,4,15,4)
1674:(9,2,false,5,6,true,true,2,3,4,6,0,2,true,false,false,1,1,7,5,3,4,3)
1675:(9,2,false,5,6,true,true,2,3,4,6,0,2,true,false,false,1,1,7,6,4,3,5)
1676:(9,2,false,5,6,true,true,2,3,4,6,0,2,true,false,false,1,1,7,7,5,5,2)
1677:(9,2,false,5,6,true,true,2,3,4,6,0,2,true,false,false,1,2,7,6,4,15,4)
1678:(9,2,false,5,6,true,true,2,3,4,6,0,4,false,false,false,1,1,7,5,3,4,3)
1679:(9,2,false,5,6,true,true,2,3,4,6,0,4,false,false,false,1,1,7,6,4,3,5)
1680:(9,2,false,5,6,true,true,2,3,4,6,0,4,false,false,false,1,1,7,7,5,5,2)
1681:(9,2,false,5,6,true,true,2,3,4,6,0,4,false,false,false,1,2,7,6,4,15,4)
1682:(9,2,false,5,6,true,true,2,3,4,6,0,4,true,false,false,1,1,7,5,3,4,3)
1683:(9,2,false,5,6,true,true,2,3,4,6,0,4,true,false,false,1,1,7,6,4,3,5)
1684:(9,2,false,5,6,true,true,2,3,4,6,0,4,true,false,false,1,1,7,7,5,5,2)
1685:(9,2,false,5,6,true,true,2,3,4,6,0,4,true,false,false,1,2,7,6,4,15,4)
1686:(9,2,false,5,6,true,true,2,3,4,6,2,0,true,false,false,1,1,7,5,3,4,3)
1687:(9,2,false,5,6,true,true,2,3,4,6,2,0,true,false,false,1,1,7,6,4,3,5)
1688:(9,2,false,5,6,true,true,2,3,4,6,2,0,true,false,false,1,1,7,7,5,5,2)
1689:(9,2,false,5,6,true,true,2,3,4,6,2,0,true,false,false,1,2,7,6,4,15,4)
1690:(9,2,false,5,6,true,true,2,3,4,6,2,2,true,false,false,1,1,7,5,3,4,3)
1691:(9,2,false,5,6,true,true,2,3,4,6,2,2,true,false,false,1,1,7,6,4,3,5)
1692:(9,2,false,5,6,true,true,2,3,4,6,2,2,true,false,false,1,1,7,7,5,5,2)
1693:(9,2,false,5,6,true,true,2,3,4,6,2,2,true,false,false,1,2,7,6,4,15,4)
1694:(9,2,false,5,6,true,true,2,3,4,6,2,4,false,false,false,1,1,7,5,3,4,3)
1695:(9,2,false,5,6,true,true,2,3,4,6,2,4,false,false,false,1,1,7,6,4,3,5)
1696:(9,2,false,5,6,true,true,2,3,4,6,2,4,false,false,false,1,1,7,7,5,5,2)
1697:(9,2,false,5,6,true,true,2,3,4,6,2,4,false,false,false,1,2,7,6,4,15,4)
1698:(9,2,false,5,6,true,true,2,3,4,6,2,4,true,false,false,1,1,7,5,3,4,3)
1699:(9,2,false,5,6,true,true,2,3,4,6,2,4,true,false,false,1,1,7,6,4,3,5)
1700:(9,2,false,5,6,true,true,2,3,4,6,2,4,true,false,false,1,1,7,7,5,5,2)
1701:(9,2,false,5,6,true,true,2,3,4,6,2,4,true,false,false,1,2,7,6,4,15,4)
1702:(9,2,false,5,7,true,true,2,4,4,8,0,0,true,false,false,1,1,7,6,4,4,3)
1703:(9,2,false,5,7,true,true,2,4,4,8,0,0,true,false,false,1,1,7,7,5,3,5)
1704:(9,2,false,5,7,true,true,2,4,4,8,0,0,true,false,false,1,1,7,8,6,5,2)
1705:(9,2,false,5,7,true,true,2,4,4,8,0,0,true,false,false,1,2,7,7,5,15,4)
1706:(9,2,false,5,7,true,true,2,4,4,8,0,2,true,false,false,1,1,7,6,4,4,3)
1707:(9,2,false,5,7,true,true,2,4,4,8,0,2,true,false,false,1,1,7,7,5,3,5)
1708:(9,2,false,5,7,true,true,2,4,4,8,0,2,true,false,false,1,1,7,8,6,5,2)
1709:(9,2,false,5,7,true,true,2,4,4,8,0,2,true,false,false,1,2,7,7,5,15,4)
1710:(9,2,false,5,7,true,true,2,4,4,8,0,4,false,false,false,1,1,7,6,4,4,3)
1711:(9,2,false,5,7,true,true,2,4,4,8,0,4,false,false,false,1,1,7,7,5,3,5)
1712:(9,2,false,5,7,true,true,2,4,4,8,0,4,false,false,false,1,1,7,8,6,5,2)
1713:(9,2,false,5,7,true,true,2,4,4,8,0,4,false,false,false,1,2,7,7,5,15,4)
1714:(9,2,false,5,7,true,true,2,4,4,8,0,4,true,false,false,1,1,7,6,4,4,3)
1715:(9,2,false,5,7,true,true,2,4,4,8,0,4,true,false,false,1,1,7,7,5,3,5)
1716:(9,2,false,5,7,true,true,2,4,4,8,0,4,true,false,false,1,1,7,8,6,5,2)
1717:(9,2,false,5,7,true,true,2,4,4,8,0,4,true,false,false,1,2,7,7,5,15,4)
1718:(9,2,false,5,7,true,true,2,4,4,8,2,0,true,false,false,1,1,7,6,4,4,3)
1719:(9,2,false,5,7,true,true,2,4,4,8,2,0,true,false,false,1,1,7,7,5,3,5)
1720:(9,2,false,5,7,true,true,2,4,4,8,2,0,true,false,false,1,1,7,8,6,5,2)
1721:(9,2,false,5,7,true,true,2,4,4,8,2,0,true,false,false,1,2,7,7,5,15,4)
1722:(9,2,false,5,7,true,true,2,4,4,8,2,2,true,false,false,1,1,7,6,4,4,3)
1723:(9,2,false,5,7,true,true,2,4,4,8,2,2,true,false,false,1,1,7,7,5,3,5)
1724:(9,2,false,5,7,true,true,2,4,4,8,2,2,true,false,false,1,1,7,8,6,5,2)
1725:(9,2,false,5,7,true,true,2,4,4,8,2,2,true,false,false,1,2,7,7,5,15,4)
1726:(9,2,false,5,7,true,true,2,4,4,8,2,4,false,false,false,1,1,7,6,4,4,3)
1727:(9,2,false,5,7,true,true,2,4,4,8,2,4,false,false,false,1,1,7,7,5,3,5)
1728:(9,2,false,5,7,true,true,2,4,4,8,2,4,false,false,false,1,1,7,8,6,5,2)
1729:(9,2,false,5,7,true,true,2,4,4,8,2,4,false,false,false,1,2,7,7,5,15,4)
1730:(9,2,false,5,7,true,true,2,4,4,8,2,4,true,false,false,1,1,7,6,4,4,3)
1731:(9,2,false,5,7,true,true,2,4,4,8,2,4,true,false,false,1,1,7,7,5,3,5)
1732:(9,2,false,5,7,true,true,2,4,4,8,2,4,true,false,false,1,1,7,8,6,5,2)
1733:(9,2,false,5,7,true,true,2,4,4,8,2,4,true,false,false,1,2,7,7,5,15,4)
1734:(9,2,false,5,8,true,true,2,5,4,10,0,0,true,false,false,1,1,7,7,5,4,3)
1735:(9,2,false,5,8,true,true,2,5,4,10,0,0,true,false,false,1,1,7,8,6,3,5)
1736:(9,2,false,5,8,true,true,2,5,4,10,0,0,true,false,false,1,1,7,9,7,5,2)
1737:(9,2,false,5,8,true,true,2,5,4,10,0,0,true,false,false,1,2,7,8,6,15,4)
1738:(9,2,false,5,8,true,true,2,5,4,10,0,2,true,false,false,1,1,7,7,5,4,3)
1739:(9,2,false,5,8,true,true,2,5,4,10,0,2,true,false,false,1,1,7,8,6,3,5)
1740:(9,2,false,5,8,true,true,2,5,4,10,0,2,true,false,false,1,1,7,9,7,5,2)
1741:(9,2,false,5,8,true,true,2,5,4,10,0,2,true,false,false,1,2,7,8,6,15,4)
1742:(9,2,false,5,8,true,true,2,5,4,10,0,4,false,false,false,1,1,7,7,5,4,3)
1743:(9,2,false,5,8,true,true,2,5,4,10,0,4,false,false,false,1,1,7,8,6,3,5)
1744:(9,2,false,5,8,true,true,2,5,4,10,0,4,false,false,false,1,1,7,9,7,5,2)
1745:(9,2,false,5,8,true,true,2,5,4,10,0,4,false,false,false,1,2,7,8,6,15,4)
1746:(9,2,false,5,8,true,true,2,5,4,10,0,4,true,false,false,1,1,7,7,5,4,3)
1747:(9,2,false,5,8,true,true,2,5,4,10,0,4,true,false,false,1,1,7,8,6,3,5)
1748:(9,2,false,5,8,true,true,2,5,4,10,0,4,true,false,false,1,1,7,9,7,5,2)
1749:(9,2,false,5,8,true,true,2,5,4,10,0,4,true,false,false,1,2,7,8,6,15,4)
1750:(9,2,false,5,8,true,true,2,5,4,10,2,0,true,false,false,1,1,7,7,5,4,3)
1751:(9,2,false,5,8,true,true,2,5,4,10,2,0,true,false,false,1,1,7,8,6,3,5)
1752:(9,2,false,5,8,true,true,2,5,4,10,2,0,true,false,false,1,1,7,9,7,5,2)
1753:(9,2,false,5,8,true,true,2,5,4,10,2,0,true,false,false,1,2,7,8,6,15,4)
1754:(9,2,false,5,8,true,true,2,5,4,10,2,2,true,false,false,1,1,7,7,5,4,3)
1755:(9,2,false,5,8,true,true,2,5,4,10,2,2,true,false,false,1,1,7,8,6,3,5)
1756:(9,2,false,5,8,true,true,2,5,4,10,2,2,true,false,false,1,1,7,9,7,5,2)
1757:(9,2,false,5,8,true,true,2,5,4,10,2,2,true,false,false,1,2,7,8,6,15,4)
1758:(9,2,false,5,8,true,true,2,5,4,10,2,4,false,false,false,1,1,7,7,5,4,3)
1759:(9,2,false,5,8,true,true,2,5,4,10,2,4,false,false,false,1,1,7,8,6,3,5)
1760:(9,2,false,5,8,true,true,2,5,4,10,2,4,false,false,false,1,1,7,9,7,5,2)
1761:(9,2,false,5,8,true,true,2,5,4,10,2,4,false,false,false,1,2,7,8,6,15,4)
1762:(9,2,false,5,8,true,true,2,5,4,10,2,4,true,false,false,1,1,7,7,5,4,3)
1763:(9,2,false,5,8,true,true,2,5,4,10,2,4,true,false,false,1,1,7,8,6,3,5)
1764:(9,2,false,5,8,true,true,2,5,4,10,2,4,true,false,false,1,1,7,9,7,5,2)
1765:(9,2,false,5,8,true,true,2,5,4,10,2,4,true,false,false,1,2,7,8,6,15,4)
1766:(9,2,false,5,9,true,true,2,6,4,12,0,0,true,false,false,1,1,7,8,6,4,3)
1767:(9,2,false,5,9,true,true,2,6,4,12,0,0,true,false,false,1,1,7,9,7,3,5)
1768:(9,2,false,5,9,true,true,2,6,4,12,0,0,true,false,false,1,1,7,10,8,5,2)
1769:(9,2,false,5,9,true,true,2,6,4,12,0,0,true,false,false,1,2,7,9,7,15,4)
1770:(9,2,false,5,9,true,true,2,6,4,12,0,2,true,false,false,1,1,7,8,6,4,3)
1771:(9,2,false,5,9,true,true,2,6,4,12,0,2,true,false,false,1,1,7,9,7,3,5)
1772:(9,2,false,5,9,true,true,2,6,4,12,0,2,true,false,false,1,1,7,10,8,5,2)
1773:(9,2,false,5,9,true,true,2,6,4,12,0,2,true,false,false,1,2,7,9,7,15,4)
1774:(9,2,false,5,9,true,true,2,6,4,12,0,4,false,false,false,1,1,7,8,6,4,3)
1775:(9,2,false,5,9,true,true,2,6,4,12,0,4,false,false,false,1,1,7,9,7,3,5)
1776:(9,2,false,5,9,true,true,2,6,4,12,0,4,false,false,false,1,1,7,10,8,5,2)
1777:(9,2,false,5,9,true,true,2,6,4,12,0,4,false,false,false,1,2,7,9,7,15,4)
1778:(9,2,false,5,9,true,true,2,6,4,12,0,4,true,false,false,1,1,7,8,6,4,3)
1779:(9,2,false,5,9,true,true,2,6,4,12,0,4,true,false,false,1,1,7,9,7,3,5)
1780:(9,2,false,5,9,true,true,2,6,4,12,0,4,true,false,false,1,1,7,10,8,5,2)
1781:(9,2,false,5,9,true,true,2,6,4,12,0,4,true,false,false,1,2,7,9,7,15,4)
1782:(9,2,false,5,9,true,true,2,6,4,12,2,0,true,false,false,1,1,7,8,6,4,3)
1783:(9,2,false,5,9,true,true,2,6,4,12,2,0,true,false,false,1,1,7,9,7,3,5)
1784:(9,2,false,5,9,true,true,2,6,4,12,2,0,true,false,false,1,1,7,10,8,5,2)
1785:(9,2,false,5,9,true,true,2,6,4,12,2,0,true,false,false,1,2,7,9,7,15,4)
1786:(9,2,false,5,9,true,true,2,6,4,12,2,2,true,false,false,1,1,7,8,6,4,3)
1787:(9,2,false,5,9,true,true,2,6,4,12,2,2,true,false,false,1,1,7,9,7,3,5)
1788:(9,2,false,5,9,true,true,2,6,4,12,2,2,true,false,false,1,1,7,10,8,5,2)
1789:(9,2,false,5,9,true,true,2,6,4,12,2,2,true,false,false,1,2,7,9,7,15,4)
1790:(9,2,false,5,9,true,true,2,6,4,12,2,4,false,false,false,1,1,7,8,6,4,3)
1791:(9,2,false,5,9,true,true,2,6,4,12,2,4,false,false,false,1,1,7,9,7,3,5)
1792:(9,2,false,5,9,true,true,2,6,4,12,2,4,false,false,false,1,1,7,10,8,5,2)
1793:(9,2,false,5,9,true,true,2,6,4,12,2,4,false,false,false,1,2,7,9,7,15,4)
1794:(9,2,false,5,9,true,true,2,6,4,12,2,4,true,false,false,1,1,7,8,6,4,3)
1795:(9,2,false,5,9,true,true,2,6,4,12,2,4,true,false,false,1,1,7,9,7,3,5)
1796:(9,2,false,5,9,true,true,2,6,4,12,2,4,true,false,false,1,1,7,10,8,5,2)
1797:(9,2,false,5,9,true,true,2,6,4,12,2,4,true,false,false,1,2,7,9,7,15,4)
1798:(9,2,false,5,10,true,true,2,7,4,14,0,0,true,false,false,1,1,7,9,7,4,3)
1799:(9,2,false,5,10,true,true,2,7,4,14,0,0,true,false,false,1,1,7,10,8,3,5)
1800:(9,2,false,5,10,true,true,2,7,4,14,0,0,true,false,false,1,1,7,11,9,5,2)
1801:(9,2,false,5,10,true,true,2,7,4,14,0,0,true,false,false,1,2,7,10,8,15,4)
1802:(9,2,false,5,10,true,true,2,7,4,14,0,2,true,false,false,1,1,7,9,7,4,3)
1803:(9,2,false,5,10,true,true,2,7,4,14,0,2,true,false,false,1,1,7,10,8,3,5)
1804:(9,2,false,5,10,true,true,2,7,4,14,0,2,true,false,false,1,1,7,11,9,5,2)
1805:(9,2,false,5,10,true,true,2,7,4,14,0,2,true,false,false,1,2,7,10,8,15,4)
1806:(9,2,false,5,10,true,true,2,7,4,14,0,4,false,false,false,1,1,7,9,7,4,3)
1807:(9,2,false,5,10,true,true,2,7,4,14,0,4,false,false,false,1,1,7,10,8,3,5)
1808:(9,2,false,5,10,true,true,2,7,4,14,0,4,false,false,false,1,1,7,11,9,5,2)
1809:(9,2,false,5,10,true,true,2,7,4,14,0,4,false,false,false,1,2,7,10,8,15,4)
1810:(9,2,false,5,10,true,true,2,7,4,14,0,4,true,false,false,1,1,7,9,7,4,3)
1811:(9,2,false,5,10,true,true,2,7,4,14,0,4,true,false,false,1,1,7,10,8,3,5)
1812:(9,2,false,5,10,true,true,2,7,4,14,0,4,true,false,false,1,1,7,11,9,5,2)
1813:(9,2,false,5,10,true,true,2,7,4,14,0,4,true,false,false,1,2,7,10,8,15,4)
1814:(9,2,false,5,10,true,true,2,7,4,14,2,0,true,false,false,1,1,7,9,7,4,3)
1815:(9,2,false,5,10,true,true,2,7,4,14,2,0,true,false,false,1,1,7,10,8,3,5)
1816:(9,2,false,5,10,true,true,2,7,4,14,2,0,true,false,false,1,1,7,11,9,5,2)
1817:(9,2,false,5,10,true,true,2,7,4,14,2,0,true,false,false,1,2,7,10,8,15,4)
1818:(9,2,false,5,10,true,true,2,7,4,14,2,2,true,false,false,1,1,7,9,7,4,3)
1819:(9,2,false,5,10,true,true,2,7,4,14,2,2,true,false,false,1,1,7,10,8,3,5)
1820:(9,2,false,5,10,true,true,2,7,4,14,2,2,true,false,false,1,1,7,11,9,5,2)
1821:(9,2,false,5,10,true,true,2,7,4,14,2,2,true,false,false,1,2,7,10,8,15,4)
1822:(9,2,false,5,10,true,true,2,7,4,14,2,4,false,false,false,1,1,7,9,7,4,3)
1823:(9,2,false,5,10,true,true,2,7,4,14,2,4,false,false,false,1,1,7,10,8,3,5)
1824:(9,2,false,5,10,true,true,2,7,4,14,2,4,false,false,false,1,1,7,11,9,5,2)
1825:(9,2,false,5,10,true,true,2,7,4,14,2,4,false,false,false,1,2,7,10,8,15,4)
1826:(9,2,false,5,10,true,true,2,7,4,14,2,4,true,false,false,1,1,7,9,7,4,3)
1827:(9,2,false,5,10,true,true,2,7,4,14,2,4,true,false,false,1,1,7,10,8,3,5)
1828:(9,2,false,5,10,true,true,2,7,4,14,2,4,true,false,false,1,1,7,11,9,5,2)
1829:(9,2,false,5,10,true,true,2,7,4,14,2,4,true,false,false,1,2,7,10,8,15,4)
1830:(9,2,false,5,11,true,true,2,8,4,16,0,0,true,false,false,1,1,7,10,8,4,3)
1831:(9,2,false,5,11,true,true,2,8,4,16,0,2,true,false,false,1,1,7,10,8,4,3)
1832:(9,2,false,5,11,true,true,2,8,4,16,0,4,false,false,false,1,1,7,10,8,4,3)
1833:(9,2,false,5,11,true,true,2,8,4,16,0,4,true,false,false,1,1,7,10,8,4,3)
1834:(9,2,false,5,11,true,true,2,8,4,16,2,0,true,false,false,1,1,7,10,8,4,3)
1835:(9,2,false,5,11,true,true,2,8,4,16,2,2,true,false,false,1,1,7,10,8,4,3)
1836:(9,2,false,5,11,true,true,2,8,4,16,2,4,false,false,false,1,1,7,10,8,4,3)
1837:(9,2,false,5,11,true,true,2,8,4,16,2,4,true,false,false,1,1,7,10,8,4,3)
1838:(9,2,false,6,6,true,true,3,3,6,6,0,0,true,false,false,1,1,7,5,3,4,3)
1839:(9,2,false,6,6,true,true,3,3,6,6,0,0,true,false,false,1,1,7,6,4,3,5)
1840:(9,2,false,6,6,true,true,3,3,6,6,0,0,true,false,false,1,1,7,7,5,5,2)
1841:(9,2,false,6,6,true,true,3,3,6,6,0,0,true,false,false,1,2,7,6,4,15,4)
1842:(9,2,false,6,6,true,true,3,3,6,6,0,2,true,false,false,1,1,7,5,3,4,3)
1843:(9,2,false,6,6,true,true,3,3,6,6,0,2,true,false,false,1,1,7,6,4,3,5)
1844:(9,2,false,6,6,true,true,3,3,6,6,0,2,true,false,false,1,1,7,7,5,5,2)
1845:(9,2,false,6,6,true,true,3,3,6,6,0,2,true,false,false,1,2,7,6,4,15,4)
1846:(9,2,false,6,6,true,true,3,3,6,6,0,4,true,false,false,1,1,7,5,3,4,3)
1847:(9,2,false,6,6,true,true,3,3,6,6,0,4,true,false,false,1,1,7,6,4,3,5)
1848:(9,2,false,6,6,true,true,3,3,6,6,0,4,true,false,false,1,1,7,7,5,5,2)
1849:(9,2,false,6,6,true,true,3,3,6,6,0,4,true,false,false,1,2,7,6,4,15,4)
1850:(9,2,false,6,6,true,true,3,3,6,6,0,6,false,false,false,1,1,7,5,3,4,3)
1851:(9,2,false,6,6,true,true,3,3,6,6,0,6,false,false,false,1,1,7,6,4,3,5)
1852:(9,2,false,6,6,true,true,3,3,6,6,0,6,false,false,false,1,1,7,7,5,5,2)
1853:(9,2,false,6,6,true,true,3,3,6,6,0,6,false,false,false,1,2,7,6,4,15,4)
1854:(9,2,false,6,6,true,true,3,3,6,6,0,6,true,false,false,1,1,7,5,3,4,3)
1855:(9,2,false,6,6,true,true,3,3,6,6,0,6,true,false,false,1,1,7,6,4,3,5)
1856:(9,2,false,6,6,true,true,3,3,6,6,0,6,true,false,false,1,1,7,7,5,5,2)
1857:(9,2,false,6,6,true,true,3,3,6,6,0,6,true,false,false,1,2,7,6,4,15,4)
1858:(9,2,false,6,6,true,true,3,3,6,6,2,0,true,false,false,1,1,7,5,3,4,3)
1859:(9,2,false,6,6,true,true,3,3,6,6,2,0,true,false,false,1,1,7,6,4,3,5)
1860:(9,2,false,6,6,true,true,3,3,6,6,2,0,true,false,false,1,1,7,7,5,5,2)
1861:(9,2,false,6,6,true,true,3,3,6,6,2,0,true,false,false,1,2,7,6,4,15,4)
1862:(9,2,false,6,6,true,true,3,3,6,6,2,2,true,false,false,1,1,7,5,3,4,3)
1863:(9,2,false,6,6,true,true,3,3,6,6,2,2,true,false,false,1,1,7,6,4,3,5)
1864:(9,2,false,6,6,true,true,3,3,6,6,2,2,true,false,false,1,1,7,7,5,5,2)
1865:(9,2,false,6,6,true,true,3,3,6,6,2,2,true,false,false,1,2,7,6,4,15,4)
1866:(9,2,false,6,6,true,true,3,3,6,6,2,4,true,false,false,1,1,7,5,3,4,3)
1867:(9,2,false,6,6,true,true,3,3,6,6,2,4,true,false,false,1,1,7,6,4,3,5)
1868:(9,2,false,6,6,true,true,3,3,6,6,2,4,true,false,false,1,1,7,7,5,5,2)
1869:(9,2,false,6,6,true,true,3,3,6,6,2,4,true,false,false,1,2,7,6,4,15,4)
1870:(9,2,false,6,6,true,true,3,3,6,6,2,6,false,false,false,1,1,7,5,3,4,3)
1871:(9,2,false,6,6,true,true,3,3,6,6,2,6,false,false,false,1,1,7,6,4,3,5)
1872:(9,2,false,6,6,true,true,3,3,6,6,2,6,false,false,false,1,1,7,7,5,5,2)
1873:(9,2,false,6,6,true,true,3,3,6,6,2,6,false,false,false,1,2,7,6,4,15,4)
1874:(9,2,false,6,6,true,true,3,3,6,6,2,6,true,false,false,1,1,7,5,3,4,3)
1875:(9,2,false,6,6,true,true,3,3,6,6,2,6,true,false,false,1,1,7,6,4,3,5)
1876:(9,2,false,6,6,true,true,3,3,6,6,2,6,true,false,false,1,1,7,7,5,5,2)
1877:(9,2,false,6,6,true,true,3,3,6,6,2,6,true,false,false,1,2,7,6,4,15,4)
1878:(9,2,false,6,7,true,true,3,4,6,8,0,0,true,false,false,1,1,7,6,4,4,3)
1879:(9,2,false,6,7,true,true,3,4,6,8,0,0,true,false,false,1,1,7,7,5,3,5)
1880:(9,2,false,6,7,true,true,3,4,6,8,0,0,true,false,false,1,1,7,8,6,5,2)
1881:(9,2,false,6,7,true,true,3,4,6,8,0,0,true,false,false,1,2,7,7,5,15,4)
1882:(9,2,false,6,7,true,true,3,4,6,8,0,2,true,false,false,1,1,7,6,4,4,3)
1883:(9,2,false,6,7,true,true,3,4,6,8,0,2,true,false,false,1,1,7,7,5,3,5)
1884:(9,2,false,6,7,true,true,3,4,6,8,0,2,true,false,false,1,1,7,8,6,5,2)
1885:(9,2,false,6,7,true,true,3,4,6,8,0,2,true,false,false,1,2,7,7,5,15,4)
1886:(9,2,false,6,7,true,true,3,4,6,8,0,4,true,false,false,1,1,7,6,4,4,3)
1887:(9,2,false,6,7,true,true,3,4,6,8,0,4,true,false,false,1,1,7,7,5,3,5)
1888:(9,2,false,6,7,true,true,3,4,6,8,0,4,true,false,false,1,1,7,8,6,5,2)
1889:(9,2,false,6,7,true,true,3,4,6,8,0,4,true,false,false,1,2,7,7,5,15,4)
1890:(9,2,false,6,7,true,true,3,4,6,8,0,6,false,false,false,1,1,7,6,4,4,3)
1891:(9,2,false,6,7,true,true,3,4,6,8,0,6,false,false,false,1,1,7,7,5,3,5)
1892:(9,2,false,6,7,true,true,3,4,6,8,0,6,false,false,false,1,1,7,8,6,5,2)
1893:(9,2,false,6,7,true,true,3,4,6,8,0,6,false,false,false,1,2,7,7,5,15,4)
1894:(9,2,false,6,7,true,true,3,4,6,8,0,6,true,false,false,1,1,7,6,4,4,3)
1895:(9,2,false,6,7,true,true,3,4,6,8,0,6,true,false,false,1,1,7,7,5,3,5)
1896:(9,2,false,6,7,true,true,3,4,6,8,0,6,true,false,false,1,1,7,8,6,5,2)
1897:(9,2,false,6,7,true,true,3,4,6,8,0,6,true,false,false,1,2,7,7,5,15,4)
1898:(9,2,false,6,7,true,true,3,4,6,8,2,0,true,false,false,1,1,7,6,4,4,3)
1899:(9,2,false,6,7,true,true,3,4,6,8,2,0,true,false,false,1,1,7,7,5,3,5)
1900:(9,2,false,6,7,true,true,3,4,6,8,2,0,true,false,false,1,1,7,8,6,5,2)
1901:(9,2,false,6,7,true,true,3,4,6,8,2,0,true,false,false,1,2,7,7,5,15,4)
1902:(9,2,false,6,7,true,true,3,4,6,8,2,2,true,false,false,1,1,7,6,4,4,3)
1903:(9,2,false,6,7,true,true,3,4,6,8,2,2,true,false,false,1,1,7,7,5,3,5)
1904:(9,2,false,6,7,true,true,3,4,6,8,2,2,true,false,false,1,1,7,8,6,5,2)
1905:(9,2,false,6,7,true,true,3,4,6,8,2,2,true,false,false,1,2,7,7,5,15,4)
1906:(9,2,false,6,7,true,true,3,4,6,8,2,4,true,false,false,1,1,7,6,4,4,3)
1907:(9,2,false,6,7,true,true,3,4,6,8,2,4,true,false,false,1,1,7,7,5,3,5)
1908:(9,2,false,6,7,true,true,3,4,6,8,2,4,true,false,false,1,1,7,8,6,5,2)
1909:(9,2,false,6,7,true,true,3,4,6,8,2,4,true,false,false,1,2,7,7,5,15,4)
1910:(9,2,false,6,7,true,true,3,4,6,8,2,6,false,false,false,1,1,7,6,4,4,3)
1911:(9,2,false,6,7,true,true,3,4,6,8,2,6,false,false,false,1,1,7,7,5,3,5)
1912:(9,2,false,6,7,true,true,3,4,6,8,2,6,false,false,false,1,1,7,8,6,5,2)
1913:(9,2,false,6,7,true,true,3,4,6,8,2,6,false,false,false,1,2,7,7,5,15,4)
1914:(9,2,false,6,7,true,true,3,4,6,8,2,6,true,false,false,1,1,7,6,4,4,3)
1915:(9,2,false,6,7,true,true,3,4,6,8,2,6,true,false,false,1,1,7,7,5,3,5)
1916:(9,2,false,6,7,true,true,3,4,6,8,2,6,true,false,false,1,1,7,8,6,5,2)
1917:(9,2,false,6,7,true,true,3,4,6,8,2,6,true,false,false,1,2,7,7,5,15,4)
1918:(9,2,false,6,8,true,true,3,5,6,10,0,0,true,false,false,1,1,7,7,5,4,3)
1919:(9,2,false,6,8,true,true,3,5,6,10,0,0,true,false,false,1,1,7,8,6,3,5)
1920:(9,2,false,6,8,true,true,3,5,6,10,0,0,true,false,false,1,1,7,9,7,5,2)
1921:(9,2,false,6,8,true,true,3,5,6,10,0,0,true,false,false,1,2,7,8,6,15,4)
1922:(9,2,false,6,8,true,true,3,5,6,10,0,2,true,false,false,1,1,7,7,5,4,3)
1923:(9,2,false,6,8,true,true,3,5,6,10,0,2,true,false,false,1,1,7,8,6,3,5)
1924:(9,2,false,6,8,true,true,3,5,6,10,0,2,true,false,false,1,1,7,9,7,5,2)
1925:(9,2,false,6,8,true,true,3,5,6,10,0,2,true,false,false,1,2,7,8,6,15,4)
1926:(9,2,false,6,8,true,true,3,5,6,10,0,4,true,false,false,1,1,7,7,5,4,3)
1927:(9,2,false,6,8,true,true,3,5,6,10,0,4,true,false,false,1,1,7,8,6,3,5)
1928:(9,2,false,6,8,true,true,3,5,6,10,0,4,true,false,false,1,1,7,9,7,5,2)
1929:(9,2,false,6,8,true,true,3,5,6,10,0,4,true,false,false,1,2,7,8,6,15,4)
1930:(9,2,false,6,8,true,true,3,5,6,10,0,6,false,false,false,1,1,7,7,5,4,3)
1931:(9,2,false,6,8,true,true,3,5,6,10,0,6,false,false,false,1,1,7,8,6,3,5)
1932:(9,2,false,6,8,true,true,3,5,6,10,0,6,false,false,false,1,1,7,9,7,5,2)
1933:(9,2,false,6,8,true,true,3,5,6,10,0,6,false,false,false,1,2,7,8,6,15,4)
1934:(9,2,false,6,8,true,true,3,5,6,10,0,6,true,false,false,1,1,7,7,5,4,3)
1935:(9,2,false,6,8,true,true,3,5,6,10,0,6,true,false,false,1,1,7,8,6,3,5)
1936:(9,2,false,6,8,true,true,3,5,6,10,0,6,true,false,false,1,1,7,9,7,5,2)
1937:(9,2,false,6,8,true,true,3,5,6,10,0,6,true,false,false,1,2,7,8,6,15,4)
1938:(9,2,false,6,8,true,true,3,5,6,10,2,0,true,false,false,1,1,7,7,5,4,3)
1939:(9,2,false,6,8,true,true,3,5,6,10,2,0,true,false,false,1,1,7,8,6,3,5)
1940:(9,2,false,6,8,true,true,3,5,6,10,2,0,true,false,false,1,1,7,9,7,5,2)
1941:(9,2,false,6,8,true,true,3,5,6,10,2,0,true,false,false,1,2,7,8,6,15,4)
1942:(9,2,false,6,8,true,true,3,5,6,10,2,2,true,false,false,1,1,7,7,5,4,3)
1943:(9,2,false,6,8,true,true,3,5,6,10,2,2,true,false,false,1,1,7,8,6,3,5)
1944:(9,2,false,6,8,true,true,3,5,6,10,2,2,true,false,false,1,1,7,9,7,5,2)
1945:(9,2,false,6,8,true,true,3,5,6,10,2,2,true,false,false,1,2,7,8,6,15,4)
1946:(9,2,false,6,8,true,true,3,5,6,10,2,4,true,false,false,1,1,7,7,5,4,3)
1947:(9,2,false,6,8,true,true,3,5,6,10,2,4,true,false,false,1,1,7,8,6,3,5)
1948:(9,2,false,6,8,true,true,3,5,6,10,2,4,true,false,false,1,1,7,9,7,5,2)
1949:(9,2,false,6,8,true,true,3,5,6,10,2,4,true,false,false,1,2,7,8,6,15,4)
1950:(9,2,false,6,8,true,true,3,5,6,10,2,6,false,false,false,1,1,7,7,5,4,3)
1951:(9,2,false,6,8,true,true,3,5,6,10,2,6,false,false,false,1,1,7,8,6,3,5)
1952:(9,2,false,6,8,true,true,3,5,6,10,2,6,false,false,false,1,1,7,9,7,5,2)
1953:(9,2,false,6,8,true,true,3,5,6,10,2,6,false,false,false,1,2,7,8,6,15,4)
1954:(9,2,false,6,8,true,true,3,5,6,10,2,6,true,false,false,1,1,7,7,5,4,3)
1955:(9,2,false,6,8,true,true,3,5,6,10,2,6,true,false,false,1,1,7,8,6,3,5)
1956:(9,2,false,6,8,true,true,3,5,6,10,2,6,true,false,false,1,1,7,9,7,5,2)
1957:(9,2,false,6,8,true,true,3,5,6,10,2,6,true,false,false,1,2,7,8,6,15,4)
1958:(9,2,false,6,9,true,true,3,6,6,12,0,0,true,false,false,1,1,7,8,6,4,3)
1959:(9,2,false,6,9,true,true,3,6,6,12,0,0,true,false,false,1,1,7,9,7,3,5)
1960:(9,2,false,6,9,true,true,3,6,6,12,0,0,true,false,false,1,1,7,10,8,5,2)
1961:(9,2,false,6,9,true,true,3,6,6,12,0,0,true,false,false,1,2,7,9,7,15,4)
1962:(9,2,false,6,9,true,true,3,6,6,12,0,2,true,false,false,1,1,7,8,6,4,3)
1963:(9,2,false,6,9,true,true,3,6,6,12,0,2,true,false,false,1,1,7,9,7,3,5)
1964:(9,2,false,6,9,true,true,3,6,6,12,0,2,true,false,false,1,1,7,10,8,5,2)
1965:(9,2,false,6,9,true,true,3,6,6,12,0,2,true,false,false,1,2,7,9,7,15,4)
1966:(9,2,false,6,9,true,true,3,6,6,12,0,4,true,false,false,1,1,7,8,6,4,3)
1967:(9,2,false,6,9,true,true,3,6,6,12,0,4,true,false,false,1,1,7,9,7,3,5)
1968:(9,2,false,6,9,true,true,3,6,6,12,0,4,true,false,false,1,1,7,10,8,5,2)
1969:(9,2,false,6,9,true,true,3,6,6,12,0,4,true,false,false,1,2,7,9,7,15,4)
1970:(9,2,false,6,9,true,true,3,6,6,12,0,6,false,false,false,1,1,7,8,6,4,3)
1971:(9,2,false,6,9,true,true,3,6,6,12,0,6,false,false,false,1,1,7,9,7,3,5)
1972:(9,2,false,6,9,true,true,3,6,6,12,0,6,false,false,false,1,1,7,10,8,5,2)
1973:(9,2,false,6,9,true,true,3,6,6,12,0,6,false,false,false,1,2,7,9,7,15,4)
1974:(9,2,false,6,9,true,true,3,6,6,12,0,6,true,false,false,1,1,7,8,6,4,3)
1975:(9,2,false,6,9,true,true,3,6,6,12,0,6,true,false,false,1,1,7,9,7,3,5)
1976:(9,2,false,6,9,true,true,3,6,6,12,0,6,true,false,false,1,1,7,10,8,5,2)
1977:(9,2,false,6,9,true,true,3,6,6,12,0,6,true,false,false,1,2,7,9,7,15,4)
1978:(9,2,false,6,9,true,true,3,6,6,12,2,0,true,false,false,1,1,7,8,6,4,3)
1979:(9,2,false,6,9,true,true,3,6,6,12,2,0,true,false,false,1,1,7,9,7,3,5)
1980:(9,2,false,6,9,true,true,3,6,6,12,2,0,true,false,false,1,1,7,10,8,5,2)
1981:(9,2,false,6,9,true,true,3,6,6,12,2,0,true,false,false,1,2,7,9,7,15,4)
1982:(9,2,false,6,9,true,true,3,6,6,12,2,2,true,false,false,1,1,7,8,6,4,3)
1983:(9,2,false,6,9,true,true,3,6,6,12,2,2,true,false,false,1,1,7,9,7,3,5)
1984:(9,2,false,6,9,true,true,3,6,6,12,2,2,true,false,false,1,1,7,10,8,5,2)
1985:(9,2,false,6,9,true,true,3,6,6,12,2,2,true,false,false,1,2,7,9,7,15,4)
1986:(9,2,false,6,9,true,true,3,6,6,12,2,4,true,false,false,1,1,7,8,6,4,3)
1987:(9,2,false,6,9,true,true,3,6,6,12,2,4,true,false,false,1,1,7,9,7,3,5)
1988:(9,2,false,6,9,true,true,3,6,6,12,2,4,true,false,false,1,1,7,10,8,5,2)
1989:(9,2,false,6,9,true,true,3,6,6,12,2,4,true,false,false,1,2,7,9,7,15,4)
1990:(9,2,false,6,9,true,true,3,6,6,12,2,6,false,false,false,1,1,7,8,6,4,3)
1991:(9,2,false,6,9,true,true,3,6,6,12,2,6,false,false,false,1,1,7,9,7,3,5)
1992:(9,2,false,6,9,true,true,3,6,6,12,2,6,false,false,false,1,1,7,10,8,5,2)
1993:(9,2,false,6,9,true,true,3,6,6,12,2,6,false,false,false,1,2,7,9,7,15,4)
1994:(9,2,false,6,9,true,true,3,6,6,12,2,6,true,false,false,1,1,7,8,6,4,3)
1995:(9,2,false,6,9,true,true,3,6,6,12,2,6,true,false,false,1,1,7,9,7,3,5)
1996:(9,2,false,6,9,true,true,3,6,6,12,2,6,true,false,false,1,1,7,10,8,5,2)
1997:(9,2,false,6,9,true,true,3,6,6,12,2,6,true,false,false,1,2,7,9,7,15,4)
1998:(9,2,false,6,10,true,true,3,7,6,14,0,0,true,false,false,1,1,7,9,7,4,3)
1999:(9,2,false,6,10,true,true,3,7,6,14,0,0,true,false,false,1,1,7,10,8,3,5)
2000:(9,2,false,6,10,true,true,3,7,6,14,0,0,true,false,false,1,1,7,11,9,5,2)
2001:(9,2,false,6,10,true,true,3,7,6,14,0,0,true,false,false,1,2,7,10,8,15,4)
2002:(9,2,false,6,10,true,true,3,7,6,14,0,2,true,false,false,1,1,7,9,7,4,3)
2003:(9,2,false,6,10,true,true,3,7,6,14,0,2,true,false,false,1,1,7,10,8,3,5)
2004:(9,2,false,6,10,true,true,3,7,6,14,0,2,true,false,false,1,1,7,11,9,5,2)
2005:(9,2,false,6,10,true,true,3,7,6,14,0,2,true,false,false,1,2,7,10,8,15,4)
2006:(9,2,false,6,10,true,true,3,7,6,14,0,4,true,false,false,1,1,7,9,7,4,3)
2007:(9,2,false,6,10,true,true,3,7,6,14,0,4,true,false,false,1,1,7,10,8,3,5)
2008:(9,2,false,6,10,true,true,3,7,6,14,0,4,true,false,false,1,1,7,11,9,5,2)
2009:(9,2,false,6,10,true,true,3,7,6,14,0,4,true,false,false,1,2,7,10,8,15,4)
2010:(9,2,false,6,10,true,true,3,7,6,14,0,6,false,false,false,1,1,7,9,7,4,3)
2011:(9,2,false,6,10,true,true,3,7,6,14,0,6,false,false,false,1,1,7,10,8,3,5)
2012:(9,2,false,6,10,true,true,3,7,6,14,0,6,false,false,false,1,1,7,11,9,5,2)
2013:(9,2,false,6,10,true,true,3,7,6,14,0,6,false,false,false,1,2,7,10,8,15,4)
2014:(9,2,false,6,10,true,true,3,7,6,14,0,6,true,false,false,1,1,7,9,7,4,3)
2015:(9,2,false,6,10,true,true,3,7,6,14,0,6,true,false,false,1,1,7,10,8,3,5)
2016:(9,2,false,6,10,true,true,3,7,6,14,0,6,true,false,false,1,1,7,11,9,5,2)
2017:(9,2,false,6,10,true,true,3,7,6,14,0,6,true,false,false,1,2,7,10,8,15,4)
2018:(9,2,false,6,10,true,true,3,7,6,14,2,0,true,false,false,1,1,7,9,7,4,3)
2019:(9,2,false,6,10,true,true,3,7,6,14,2,0,true,false,false,1,1,7,10,8,3,5)
2020:(9,2,false,6,10,true,true,3,7,6,14,2,0,true,false,false,1,1,7,11,9,5,2)
2021:(9,2,false,6,10,true,true,3,7,6,14,2,0,true,false,false,1,2,7,10,8,15,4)
2022:(9,2,false,6,10,true,true,3,7,6,14,2,2,true,false,false,1,1,7,9,7,4,3)
2023:(9,2,false,6,10,true,true,3,7,6,14,2,2,true,false,false,1,1,7,10,8,3,5)
2024:(9,2,false,6,10,true,true,3,7,6,14,2,2,true,false,false,1,1,7,11,9,5,2)
2025:(9,2,false,6,10,true,true,3,7,6,14,2,2,true,false,false,1,2,7,10,8,15,4)
2026:(9,2,false,6,10,true,true,3,7,6,14,2,4,true,false,false,1,1,7,9,7,4,3)
2027:(9,2,false,6,10,true,true,3,7,6,14,2,4,true,false,false,1,1,7,10,8,3,5)
2028:(9,2,false,6,10,true,true,3,7,6,14,2,4,true,false,false,1,1,7,11,9,5,2)
2029:(9,2,false,6,10,true,true,3,7,6,14,2,4,true,false,false,1,2,7,10,8,15,4)
2030:(9,2,false,6,10,true,true,3,7,6,14,2,6,false,false,false,1,1,7,9,7,4,3)
2031:(9,2,false,6,10,true,true,3,7,6,14,2,6,false,false,false,1,1,7,10,8,3,5)
2032:(9,2,false,6,10,true,true,3,7,6,14,2,6,false,false,false,1,1,7,11,9,5,2)
2033:(9,2,false,6,10,true,true,3,7,6,14,2,6,false,false,false,1,2,7,10,8,15,4)
2034:(9,2,false,6,10,true,true,3,7,6,14,2,6,true,false,false,1,1,7,9,7,4,3)
2035:(9,2,false,6,10,true,true,3,7,6,14,2,6,true,false,false,1,1,7,10,8,3,5)
2036:(9,2,false,6,10,true,true,3,7,6,14,2,6,true,false,false,1,1,7,11,9,5,2)
2037:(9,2,false,6,10,true,true,3,7,6,14,2,6,true,false,false,1,2,7,10,8,15,4)
2038:(9,2,false,6,11,true,true,3,8,6,16,0,0,true,false,false,1,1,7,10,8,4,3)
2039:(9,2,false,6,11,true,true,3,8,6,16,0,2,true,false,false,1,1,7,10,8,4,3)
2040:(9,2,false,6,11,true,true,3,8,6,16,0,4,true,false,false,1,1,7,10,8,4,3)
2041:(9,2,false,6,11,true,true,3,8,6,16,0,6,false,false,false,1,1,7,10,8,4,3)
2042:(9,2,false,6,11,true,true,3,8,6,16,0,6,true,false,false,1,1,7,10,8,4,3)
2043:(9,2,false,6,11,true,true,3,8,6,16,2,0,true,false,false,1,1,7,10,8,4,3)
2044:(9,2,false,6,11,true,true,3,8,6,16,2,2,true,false,false,1,1,7,10,8,4,3)
2045:(9,2,false,6,11,true,true,3,8,6,16,2,4,true,false,false,1,1,7,10,8,4,3)
2046:(9,2,false,6,11,true,true,3,8,6,16,2,6,false,false,false,1,1,7,10,8,4,3)
2047:(9,2,false,6,11,true,true,3,8,6,16,2,6,true,false,false,1,1,7,10,8,4,3)
2048:(9,2,false,7,6,true,true,4,3,8,6,2,0,true,false,false,1,1,7,5,3,4,3)
2049:(9,2,false,7,6,true,true,4,3,8,6,2,0,true,false,false,1,1,7,6,4,3,5)
2050:(9,2,false,7,6,true,true,4,3,8,6,2,0,true,false,false,1,1,7,7,5,5,2)
2051:(9,2,false,7,6,true,true,4,3,8,6,2,0,true,false,false,1,2,7,6,4,15,4)
2052:(9,2,false,7,6,true,true,4,3,8,6,2,2,true,false,false,1,1,7,5,3,4,3)
2053:(9,2,false,7,6,true,true,4,3,8,6,2,2,true,false,false,1,1,7,6,4,3,5)
2054:(9,2,false,7,6,true,true,4,3,8,6,2,2,true,false,false,1,1,7,7,5,5,2)
2055:(9,2,false,7,6,true,true,4,3,8,6,2,2,true,false,false,1,2,7,6,4,15,4)
2056:(9,2,false,7,6,true,true,4,3,8,6,2,4,true,false,false,1,1,7,5,3,4,3)
2057:(9,2,false,7,6,true,true,4,3,8,6,2,4,true,false,false,1,1,7,6,4,3,5)
2058:(9,2,false,7,6,true,true,4,3,8,6,2,4,true,false,false,1,1,7,7,5,5,2)
2059:(9,2,false,7,6,true,true,4,3,8,6,2,4,true,false,false,1,2,7,6,4,15,4)
2060:(9,2,false,7,6,true,true,4,3,8,6,2,6,true,false,false,1,1,7,5,3,4,3)
2061:(9,2,false,7,6,true,true,4,3,8,6,2,6,true,false,false,1,1,7,6,4,3,5)
2062:(9,2,false,7,6,true,true,4,3,8,6,2,6,true,false,false,1,1,7,7,5,5,2)
2063:(9,2,false,7,6,true,true,4,3,8,6,2,6,true,false,false,1,2,7,6,4,15,4)
2064:(9,2,false,7,6,true,true,4,3,8,6,2,8,false,false,false,1,1,7,5,3,4,3)
2065:(9,2,false,7,6,true,true,4,3,8,6,2,8,false,false,false,1,1,7,6,4,3,5)
2066:(9,2,false,7,6,true,true,4,3,8,6,2,8,false,false,false,1,1,7,7,5,5,2)
2067:(9,2,false,7,6,true,true,4,3,8,6,2,8,false,false,false,1,2,7,6,4,15,4)
2068:(9,2,false,7,6,true,true,4,3,8,6,2,8,true,false,false,1,1,7,5,3,4,3)
2069:(9,2,false,7,6,true,true,4,3,8,6,2,8,true,false,false,1,1,7,6,4,3,5)
2070:(9,2,false,7,6,true,true,4,3,8,6,2,8,true,false,false,1,1,7,7,5,5,2)
2071:(9,2,false,7,6,true,true,4,3,8,6,2,8,true,false,false,1,2,7,6,4,15,4)
2072:(9,2,false,7,7,true,true,4,4,8,8,0,0,true,false,false,1,1,7,6,4,4,3)
2073:(9,2,false,7,7,true,true,4,4,8,8,0,0,true,false,false,1,1,7,7,5,3,5)
2074:(9,2,false,7,7,true,true,4,4,8,8,0,0,true,false,false,1,1,7,8,6,5,2)
2075:(9,2,false,7,7,true,true,4,4,8,8,0,0,true,false,false,1,2,7,7,5,15,4)
2076:(9,2,false,7,7,true,true,4,4,8,8,0,2,true,false,false,1,1,7,6,4,4,3)
2077:(9,2,false,7,7,true,true,4,4,8,8,0,2,true,false,false,1,1,7,7,5,3,5)
2078:(9,2,false,7,7,true,true,4,4,8,8,0,2,true,false,false,1,1,7,8,6,5,2)
2079:(9,2,false,7,7,true,true,4,4,8,8,0,2,true,false,false,1,2,7,7,5,15,4)
2080:(9,2,false,7,7,true,true,4,4,8,8,0,4,true,false,false,1,1,7,6,4,4,3)
2081:(9,2,false,7,7,true,true,4,4,8,8,0,4,true,false,false,1,1,7,7,5,3,5)
2082:(9,2,false,7,7,true,true,4,4,8,8,0,4,true,false,false,1,1,7,8,6,5,2)
2083:(9,2,false,7,7,true,true,4,4,8,8,0,4,true,false,false,1,2,7,7,5,15,4)
2084:(9,2,false,7,7,true,true,4,4,8,8,0,6,true,false,false,1,1,7,6,4,4,3)
2085:(9,2,false,7,7,true,true,4,4,8,8,0,6,true,false,false,1,1,7,7,5,3,5)
2086:(9,2,false,7,7,true,true,4,4,8,8,0,6,true,false,false,1,1,7,8,6,5,2)
2087:(9,2,false,7,7,true,true,4,4,8,8,0,6,true,false,false,1,2,7,7,5,15,4)
2088:(9,2,false,7,7,true,true,4,4,8,8,0,8,false,false,false,1,1,7,6,4,4,3)
2089:(9,2,false,7,7,true,true,4,4,8,8,0,8,false,false,false,1,1,7,7,5,3,5)
2090:(9,2,false,7,7,true,true,4,4,8,8,0,8,false,false,false,1,1,7,8,6,5,2)
2091:(9,2,false,7,7,true,true,4,4,8,8,0,8,false,false,false,1,2,7,7,5,15,4)
2092:(9,2,false,7,7,true,true,4,4,8,8,0,8,true,false,false,1,1,7,6,4,4,3)
2093:(9,2,false,7,7,true,true,4,4,8,8,0,8,true,false,false,1,1,7,7,5,3,5)
2094:(9,2,false,7,7,true,true,4,4,8,8,0,8,true,false,false,1,1,7,8,6,5,2)
2095:(9,2,false,7,7,true,true,4,4,8,8,0,8,true,false,false,1,2,7,7,5,15,4)
2096:(9,2,false,7,7,true,true,4,4,8,8,2,0,true,false,false,1,1,7,6,4,4,3)
2097:(9,2,false,7,7,true,true,4,4,8,8,2,0,true,false,false,1,1,7,7,5,3,5)
2098:(9,2,false,7,7,true,true,4,4,8,8,2,0,true,false,false,1,1,7,8,6,5,2)
2099:(9,2,false,7,7,true,true,4,4,8,8,2,0,true,false,false,1,2,7,7,5,15,4)
2100:(9,2,false,7,7,true,true,4,4,8,8,2,2,true,false,false,1,1,7,6,4,4,3)
2101:(9,2,false,7,7,true,true,4,4,8,8,2,2,true,false,false,1,1,7,7,5,3,5)
2102:(9,2,false,7,7,true,true,4,4,8,8,2,2,true,false,false,1,1,7,8,6,5,2)
2103:(9,2,false,7,7,true,true,4,4,8,8,2,2,true,false,false,1,2,7,7,5,15,4)
2104:(9,2,false,7,7,true,true,4,4,8,8,2,4,true,false,false,1,1,7,6,4,4,3)
2105:(9,2,false,7,7,true,true,4,4,8,8,2,4,true,false,false,1,1,7,7,5,3,5)
2106:(9,2,false,7,7,true,true,4,4,8,8,2,4,true,false,false,1,1,7,8,6,5,2)
2107:(9,2,false,7,7,true,true,4,4,8,8,2,4,true,false,false,1,2,7,7,5,15,4)
2108:(9,2,false,7,7,true,true,4,4,8,8,2,6,true,false,false,1,1,7,6,4,4,3)
2109:(9,2,false,7,7,true,true,4,4,8,8,2,6,true,false,false,1,1,7,7,5,3,5)
2110:(9,2,false,7,7,true,true,4,4,8,8,2,6,true,false,false,1,1,7,8,6,5,2)
2111:(9,2,false,7,7,true,true,4,4,8,8,2,6,true,false,false,1,2,7,7,5,15,4)
2112:(9,2,false,7,7,true,true,4,4,8,8,2,8,false,false,false,1,1,7,6,4,4,3)
2113:(9,2,false,7,7,true,true,4,4,8,8,2,8,false,false,false,1,1,7,7,5,3,5)
2114:(9,2,false,7,7,true,true,4,4,8,8,2,8,false,false,false,1,1,7,8,6,5,2)
2115:(9,2,false,7,7,true,true,4,4,8,8,2,8,false,false,false,1,2,7,7,5,15,4)
2116:(9,2,false,7,7,true,true,4,4,8,8,2,8,true,false,false,1,1,7,6,4,4,3)
2117:(9,2,false,7,7,true,true,4,4,8,8,2,8,true,false,false,1,1,7,7,5,3,5)
2118:(9,2,false,7,7,true,true,4,4,8,8,2,8,true,false,false,1,1,7,8,6,5,2)
2119:(9,2,false,7,7,true,true,4,4,8,8,2,8,true,false,false,1,2,7,7,5,15,4)
2120:(9,2,false,7,8,true,true,4,5,8,10,0,0,true,false,false,1,1,7,7,5,4,3)
2121:(9,2,false,7,8,true,true,4,5,8,10,0,0,true,false,false,1,1,7,8,6,3,5)
2122:(9,2,false,7,8,true,true,4,5,8,10,0,0,true,false,false,1,1,7,9,7,5,2)
2123:(9,2,false,7,8,true,true,4,5,8,10,0,0,true,false,false,1,2,7,8,6,15,4)
2124:(9,2,false,7,8,true,true,4,5,8,10,0,2,true,false,false,1,1,7,7,5,4,3)
2125:(9,2,false,7,8,true,true,4,5,8,10,0,2,true,false,false,1,1,7,8,6,3,5)
2126:(9,2,false,7,8,true,true,4,5,8,10,0,2,true,false,false,1,1,7,9,7,5,2)
2127:(9,2,false,7,8,true,true,4,5,8,10,0,2,true,false,false,1,2,7,8,6,15,4)
2128:(9,2,false,7,8,true,true,4,5,8,10,0,4,true,false,false,1,1,7,7,5,4,3)
2129:(9,2,false,7,8,true,true,4,5,8,10,0,4,true,false,false,1,1,7,8,6,3,5)
2130:(9,2,false,7,8,true,true,4,5,8,10,0,4,true,false,false,1,1,7,9,7,5,2)
2131:(9,2,false,7,8,true,true,4,5,8,10,0,4,true,false,false,1,2,7,8,6,15,4)
2132:(9,2,false,7,8,true,true,4,5,8,10,0,6,true,false,false,1,1,7,7,5,4,3)
2133:(9,2,false,7,8,true,true,4,5,8,10,0,6,true,false,false,1,1,7,8,6,3,5)
2134:(9,2,false,7,8,true,true,4,5,8,10,0,6,true,false,false,1,1,7,9,7,5,2)
2135:(9,2,false,7,8,true,true,4,5,8,10,0,6,true,false,false,1,2,7,8,6,15,4)
2136:(9,2,false,7,8,true,true,4,5,8,10,0,8,false,false,false,1,1,7,7,5,4,3)
2137:(9,2,false,7,8,true,true,4,5,8,10,0,8,false,false,false,1,1,7,8,6,3,5)
2138:(9,2,false,7,8,true,true,4,5,8,10,0,8,false,false,false,1,1,7,9,7,5,2)
2139:(9,2,false,7,8,true,true,4,5,8,10,0,8,false,false,false,1,2,7,8,6,15,4)
2140:(9,2,false,7,8,true,true,4,5,8,10,0,8,true,false,false,1,1,7,7,5,4,3)
2141:(9,2,false,7,8,true,true,4,5,8,10,0,8,true,false,false,1,1,7,8,6,3,5)
2142:(9,2,false,7,8,true,true,4,5,8,10,0,8,true,false,false,1,1,7,9,7,5,2)
2143:(9,2,false,7,8,true,true,4,5,8,10,0,8,true,false,false,1,2,7,8,6,15,4)
2144:(9,2,false,7,8,true,true,4,5,8,10,2,0,true,false,false,1,1,7,7,5,4,3)
2145:(9,2,false,7,8,true,true,4,5,8,10,2,0,true,false,false,1,1,7,8,6,3,5)
2146:(9,2,false,7,8,true,true,4,5,8,10,2,0,true,false,false,1,1,7,9,7,5,2)
2147:(9,2,false,7,8,true,true,4,5,8,10,2,0,true,false,false,1,2,7,8,6,15,4)
2148:(9,2,false,7,8,true,true,4,5,8,10,2,2,true,false,false,1,1,7,7,5,4,3)
2149:(9,2,false,7,8,true,true,4,5,8,10,2,2,true,false,false,1,1,7,8,6,3,5)
2150:(9,2,false,7,8,true,true,4,5,8,10,2,2,true,false,false,1,1,7,9,7,5,2)
2151:(9,2,false,7,8,true,true,4,5,8,10,2,2,true,false,false,1,2,7,8,6,15,4)
2152:(9,2,false,7,8,true,true,4,5,8,10,2,4,true,false,false,1,1,7,7,5,4,3)
2153:(9,2,false,7,8,true,true,4,5,8,10,2,4,true,false,false,1,1,7,8,6,3,5)
2154:(9,2,false,7,8,true,true,4,5,8,10,2,4,true,false,false,1,1,7,9,7,5,2)
2155:(9,2,false,7,8,true,true,4,5,8,10,2,4,true,false,false,1,2,7,8,6,15,4)
2156:(9,2,false,7,8,true,true,4,5,8,10,2,6,true,false,false,1,1,7,7,5,4,3)
2157:(9,2,false,7,8,true,true,4,5,8,10,2,6,true,false,false,1,1,7,8,6,3,5)
2158:(9,2,false,7,8,true,true,4,5,8,10,2,6,true,false,false,1,1,7,9,7,5,2)
2159:(9,2,false,7,8,true,true,4,5,8,10,2,6,true,false,false,1,2,7,8,6,15,4)
2160:(9,2,false,7,8,true,true,4,5,8,10,2,8,false,false,false,1,1,7,7,5,4,3)
2161:(9,2,false,7,8,true,true,4,5,8,10,2,8,false,false,false,1,1,7,8,6,3,5)
2162:(9,2,false,7,8,true,true,4,5,8,10,2,8,false,false,false,1,1,7,9,7,5,2)
2163:(9,2,false,7,8,true,true,4,5,8,10,2,8,false,false,false,1,2,7,8,6,15,4)
2164:(9,2,false,7,8,true,true,4,5,8,10,2,8,true,false,false,1,1,7,7,5,4,3)
2165:(9,2,false,7,8,true,true,4,5,8,10,2,8,true,false,false,1,1,7,8,6,3,5)
2166:(9,2,false,7,8,true,true,4,5,8,10,2,8,true,false,false,1,1,7,9,7,5,2)
2167:(9,2,false,7,8,true,true,4,5,8,10,2,8,true,false,false,1,2,7,8,6,15,4)
2168:(9,2,false,7,9,true,true,4,6,8,12,0,0,true,false,false,1,1,7,8,6,4,3)
2169:(9,2,false,7,9,true,true,4,6,8,12,0,0,true,false,false,1,1,7,9,7,3,5)
2170:(9,2,false,7,9,true,true,4,6,8,12,0,0,true,false,false,1,1,7,10,8,5,2)
2171:(9,2,false,7,9,true,true,4,6,8,12,0,0,true,false,false,1,2,7,9,7,15,4)
2172:(9,2,false,7,9,true,true,4,6,8,12,0,2,true,false,false,1,1,7,8,6,4,3)
2173:(9,2,false,7,9,true,true,4,6,8,12,0,2,true,false,false,1,1,7,9,7,3,5)
2174:(9,2,false,7,9,true,true,4,6,8,12,0,2,true,false,false,1,1,7,10,8,5,2)
2175:(9,2,false,7,9,true,true,4,6,8,12,0,2,true,false,false,1,2,7,9,7,15,4)
2176:(9,2,false,7,9,true,true,4,6,8,12,0,4,true,false,false,1,1,7,8,6,4,3)
2177:(9,2,false,7,9,true,true,4,6,8,12,0,4,true,false,false,1,1,7,9,7,3,5)
2178:(9,2,false,7,9,true,true,4,6,8,12,0,4,true,false,false,1,1,7,10,8,5,2)
2179:(9,2,false,7,9,true,true,4,6,8,12,0,4,true,false,false,1,2,7,9,7,15,4)
2180:(9,2,false,7,9,true,true,4,6,8,12,0,6,true,false,false,1,1,7,8,6,4,3)
2181:(9,2,false,7,9,true,true,4,6,8,12,0,6,true,false,false,1,1,7,9,7,3,5)
2182:(9,2,false,7,9,true,true,4,6,8,12,0,6,true,false,false,1,1,7,10,8,5,2)
2183:(9,2,false,7,9,true,true,4,6,8,12,0,6,true,false,false,1,2,7,9,7,15,4)
2184:(9,2,false,7,9,true,true,4,6,8,12,0,8,false,false,false,1,1,7,8,6,4,3)
2185:(9,2,false,7,9,true,true,4,6,8,12,0,8,false,false,false,1,1,7,9,7,3,5)
2186:(9,2,false,7,9,true,true,4,6,8,12,0,8,false,false,false,1,1,7,10,8,5,2)
2187:(9,2,false,7,9,true,true,4,6,8,12,0,8,false,false,false,1,2,7,9,7,15,4)
2188:(9,2,false,7,9,true,true,4,6,8,12,0,8,true,false,false,1,1,7,8,6,4,3)
2189:(9,2,false,7,9,true,true,4,6,8,12,0,8,true,false,false,1,1,7,9,7,3,5)
2190:(9,2,false,7,9,true,true,4,6,8,12,0,8,true,false,false,1,1,7,10,8,5,2)
2191:(9,2,false,7,9,true,true,4,6,8,12,0,8,true,false,false,1,2,7,9,7,15,4)
2192:(9,2,false,7,9,true,true,4,6,8,12,2,0,true,false,false,1,1,7,8,6,4,3)
2193:(9,2,false,7,9,true,true,4,6,8,12,2,0,true,false,false,1,1,7,9,7,3,5)
2194:(9,2,false,7,9,true,true,4,6,8,12,2,0,true,false,false,1,1,7,10,8,5,2)
2195:(9,2,false,7,9,true,true,4,6,8,12,2,0,true,false,false,1,2,7,9,7,15,4)
2196:(9,2,false,7,9,true,true,4,6,8,12,2,2,true,false,false,1,1,7,8,6,4,3)
2197:(9,2,false,7,9,true,true,4,6,8,12,2,2,true,false,false,1,1,7,9,7,3,5)
2198:(9,2,false,7,9,true,true,4,6,8,12,2,2,true,false,false,1,1,7,10,8,5,2)
2199:(9,2,false,7,9,true,true,4,6,8,12,2,2,true,false,false,1,2,7,9,7,15,4)
2200:(9,2,false,7,9,true,true,4,6,8,12,2,4,true,false,false,1,1,7,8,6,4,3)
2201:(9,2,false,7,9,true,true,4,6,8,12,2,4,true,false,false,1,1,7,9,7,3,5)
2202:(9,2,false,7,9,true,true,4,6,8,12,2,4,true,false,false,1,1,7,10,8,5,2)
2203:(9,2,false,7,9,true,true,4,6,8,12,2,4,true,false,false,1,2,7,9,7,15,4)
2204:(9,2,false,7,9,true,true,4,6,8,12,2,6,true,false,false,1,1,7,8,6,4,3)
2205:(9,2,false,7,9,true,true,4,6,8,12,2,6,true,false,false,1,1,7,9,7,3,5)
2206:(9,2,false,7,9,true,true,4,6,8,12,2,6,true,false,false,1,1,7,10,8,5,2)
2207:(9,2,false,7,9,true,true,4,6,8,12,2,6,true,false,false,1,2,7,9,7,15,4)
2208:(9,2,false,7,9,true,true,4,6,8,12,2,8,false,false,false,1,1,7,8,6,4,3)
2209:(9,2,false,7,9,true,true,4,6,8,12,2,8,false,false,false,1,1,7,9,7,3,5)
2210:(9,2,false,7,9,true,true,4,6,8,12,2,8,false,false,false,1,1,7,10,8,5,2)
2211:(9,2,false,7,9,true,true,4,6,8,12,2,8,false,false,false,1,2,7,9,7,15,4)
2212:(9,2,false,7,9,true,true,4,6,8,12,2,8,true,false,false,1,1,7,8,6,4,3)
2213:(9,2,false,7,9,true,true,4,6,8,12,2,8,true,false,false,1,1,7,9,7,3,5)
2214:(9,2,false,7,9,true,true,4,6,8,12,2,8,true,false,false,1,1,7,10,8,5,2)
2215:(9,2,false,7,9,true,true,4,6,8,12,2,8,true,false,false,1,2,7,9,7,15,4)
2216:(9,2,false,7,10,true,true,4,7,8,14,0,0,true,false,false,1,1,7,9,7,4,3)
2217:(9,2,false,7,10,true,true,4,7,8,14,0,0,true,false,false,1,1,7,10,8,3,5)
2218:(9,2,false,7,10,true,true,4,7,8,14,0,0,true,false,false,1,1,7,11,9,5,2)
2219:(9,2,false,7,10,true,true,4,7,8,14,0,0,true,false,false,1,2,7,10,8,15,4)
2220:(9,2,false,7,10,true,true,4,7,8,14,0,2,true,false,false,1,1,7,9,7,4,3)
2221:(9,2,false,7,10,true,true,4,7,8,14,0,2,true,false,false,1,1,7,10,8,3,5)
2222:(9,2,false,7,10,true,true,4,7,8,14,0,2,true,false,false,1,1,7,11,9,5,2)
2223:(9,2,false,7,10,true,true,4,7,8,14,0,2,true,false,false,1,2,7,10,8,15,4)
2224:(9,2,false,7,10,true,true,4,7,8,14,0,4,true,false,false,1,1,7,9,7,4,3)
2225:(9,2,false,7,10,true,true,4,7,8,14,0,4,true,false,false,1,1,7,10,8,3,5)
2226:(9,2,false,7,10,true,true,4,7,8,14,0,4,true,false,false,1,1,7,11,9,5,2)
2227:(9,2,false,7,10,true,true,4,7,8,14,0,4,true,false,false,1,2,7,10,8,15,4)
2228:(9,2,false,7,10,true,true,4,7,8,14,0,6,true,false,false,1,1,7,9,7,4,3)
2229:(9,2,false,7,10,true,true,4,7,8,14,0,6,true,false,false,1,1,7,10,8,3,5)
2230:(9,2,false,7,10,true,true,4,7,8,14,0,6,true,false,false,1,1,7,11,9,5,2)
2231:(9,2,false,7,10,true,true,4,7,8,14,0,6,true,false,false,1,2,7,10,8,15,4)
2232:(9,2,false,7,10,true,true,4,7,8,14,0,8,false,false,false,1,1,7,9,7,4,3)
2233:(9,2,false,7,10,true,true,4,7,8,14,0,8,false,false,false,1,1,7,10,8,3,5)
2234:(9,2,false,7,10,true,true,4,7,8,14,0,8,false,false,false,1,1,7,11,9,5,2)
2235:(9,2,false,7,10,true,true,4,7,8,14,0,8,false,false,false,1,2,7,10,8,15,4)
2236:(9,2,false,7,10,true,true,4,7,8,14,0,8,true,false,false,1,1,7,9,7,4,3)
2237:(9,2,false,7,10,true,true,4,7,8,14,0,8,true,false,false,1,1,7,10,8,3,5)
2238:(9,2,false,7,10,true,true,4,7,8,14,0,8,true,false,false,1,1,7,11,9,5,2)
2239:(9,2,false,7,10,true,true,4,7,8,14,0,8,true,false,false,1,2,7,10,8,15,4)
2240:(9,2,false,7,10,true,true,4,7,8,14,2,0,true,false,false,1,1,7,9,7,4,3)
2241:(9,2,false,7,10,true,true,4,7,8,14,2,0,true,false,false,1,1,7,10,8,3,5)
2242:(9,2,false,7,10,true,true,4,7,8,14,2,0,true,false,false,1,1,7,11,9,5,2)
2243:(9,2,false,7,10,true,true,4,7,8,14,2,0,true,false,false,1,2,7,10,8,15,4)
2244:(9,2,false,7,10,true,true,4,7,8,14,2,2,true,false,false,1,1,7,9,7,4,3)
2245:(9,2,false,7,10,true,true,4,7,8,14,2,2,true,false,false,1,1,7,10,8,3,5)
2246:(9,2,false,7,10,true,true,4,7,8,14,2,2,true,false,false,1,1,7,11,9,5,2)
2247:(9,2,false,7,10,true,true,4,7,8,14,2,2,true,false,false,1,2,7,10,8,15,4)
2248:(9,2,false,7,10,true,true,4,7,8,14,2,4,true,false,false,1,1,7,9,7,4,3)
2249:(9,2,false,7,10,true,true,4,7,8,14,2,4,true,false,false,1,1,7,10,8,3,5)
2250:(9,2,false,7,10,true,true,4,7,8,14,2,4,true,false,false,1,1,7,11,9,5,2)
2251:(9,2,false,7,10,true,true,4,7,8,14,2,4,true,false,false,1,2,7,10,8,15,4)
2252:(9,2,false,7,10,true,true,4,7,8,14,2,6,true,false,false,1,1,7,9,7,4,3)
2253:(9,2,false,7,10,true,true,4,7,8,14,2,6,true,false,false,1,1,7,10,8,3,5)
2254:(9,2,false,7,10,true,true,4,7,8,14,2,6,true,false,false,1,1,7,11,9,5,2)
2255:(9,2,false,7,10,true,true,4,7,8,14,2,6,true,false,false,1,2,7,10,8,15,4)
2256:(9,2,false,7,10,true,true,4,7,8,14,2,8,false,false,false,1,1,7,9,7,4,3)
2257:(9,2,false,7,10,true,true,4,7,8,14,2,8,false,false,false,1,1,7,10,8,3,5)
2258:(9,2,false,7,10,true,true,4,7,8,14,2,8,false,false,false,1,1,7,11,9,5,2)
2259:(9,2,false,7,10,true,true,4,7,8,14,2,8,false,false,false,1,2,7,10,8,15,4)
2260:(9,2,false,7,10,true,true,4,7,8,14,2,8,true,false,false,1,1,7,9,7,4,3)
2261:(9,2,false,7,10,true,true,4,7,8,14,2,8,true,false,false,1,1,7,10,8,3,5)
2262:(9,2,false,7,10,true,true,4,7,8,14,2,8,true,false,false,1,1,7,11,9,5,2)
2263:(9,2,false,7,10,true,true,4,7,8,14,2,8,true,false,false,1,2,7,10,8,15,4)
2264:(9,2,false,7,11,true,true,4,8,8,16,0,0,true,false,false,1,1,7,10,8,4,3)
2265:(9,2,false,7,11,true,true,4,8,8,16,0,2,true,false,false,1,1,7,10,8,4,3)
2266:(9,2,false,7,11,true,true,4,8,8,16,0,4,true,false,false,1,1,7,10,8,4,3)
2267:(9,2,false,7,11,true,true,4,8,8,16,0,6,true,false,false,1,1,7,10,8,4,3)
2268:(9,2,false,7,11,true,true,4,8,8,16,0,8,false,false,false,1,1,7,10,8,4,3)
2269:(9,2,false,7,11,true,true,4,8,8,16,0,8,true,false,false,1,1,7,10,8,4,3)
2270:(9,2,false,7,11,true,true,4,8,8,16,2,0,true,false,false,1,1,7,10,8,4,3)
2271:(9,2,false,7,11,true,true,4,8,8,16,2,2,true,false,false,1,1,7,10,8,4,3)
2272:(9,2,false,7,11,true,true,4,8,8,16,2,4,true,false,false,1,1,7,10,8,4,3)
2273:(9,2,false,7,11,true,true,4,8,8,16,2,6,true,false,false,1,1,7,10,8,4,3)
2274:(9,2,false,7,11,true,true,4,8,8,16,2,8,false,false,false,1,1,7,10,8,4,3)
2275:(9,2,false,7,11,true,true,4,8,8,16,2,8,true,false,false,1,1,7,10,8,4,3)
2276:(9,2,false,8,8,true,true,5,5,10,10,0,0,true,false,false,1,1,7,7,5,4,3)
2277:(9,2,false,8,8,true,true,5,5,10,10,0,0,true,false,false,1,1,7,8,6,3,5)
2278:(9,2,false,8,8,true,true,5,5,10,10,0,0,true,false,false,1,1,7,9,7,5,2)
2279:(9,2,false,8,8,true,true,5,5,10,10,0,0,true,false,false,1,2,7,8,6,15,4)
2280:(9,2,false,8,8,true,true,5,5,10,10,0,2,true,false,false,1,1,7,7,5,4,3)
2281:(9,2,false,8,8,true,true,5,5,10,10,0,2,true,false,false,1,1,7,8,6,3,5)
2282:(9,2,false,8,8,true,true,5,5,10,10,0,2,true,false,false,1,1,7,9,7,5,2)
2283:(9,2,false,8,8,true,true,5,5,10,10,0,2,true,false,false,1,2,7,8,6,15,4)
2284:(9,2,false,8,8,true,true,5,5,10,10,0,4,true,false,false,1,1,7,7,5,4,3)
2285:(9,2,false,8,8,true,true,5,5,10,10,0,4,true,false,false,1,1,7,8,6,3,5)
2286:(9,2,false,8,8,true,true,5,5,10,10,0,4,true,false,false,1,1,7,9,7,5,2)
2287:(9,2,false,8,8,true,true,5,5,10,10,0,4,true,false,false,1,2,7,8,6,15,4)
2288:(9,2,false,8,8,true,true,5,5,10,10,0,6,true,false,false,1,1,7,7,5,4,3)
2289:(9,2,false,8,8,true,true,5,5,10,10,0,6,true,false,false,1,1,7,8,6,3,5)
2290:(9,2,false,8,8,true,true,5,5,10,10,0,6,true,false,false,1,1,7,9,7,5,2)
2291:(9,2,false,8,8,true,true,5,5,10,10,0,6,true,false,false,1,2,7,8,6,15,4)
2292:(9,2,false,8,8,true,true,5,5,10,10,0,8,true,false,false,1,1,7,7,5,4,3)
2293:(9,2,false,8,8,true,true,5,5,10,10,0,8,true,false,false,1,1,7,8,6,3,5)
2294:(9,2,false,8,8,true,true,5,5,10,10,0,8,true,false,false,1,1,7,9,7,5,2)
2295:(9,2,false,8,8,true,true,5,5,10,10,0,8,true,false,false,1,2,7,8,6,15,4)
2296:(9,2,false,8,8,true,true,5,5,10,10,0,10,false,false,false,1,1,7,7,5,4,3)
2297:(9,2,false,8,8,true,true,5,5,10,10,0,10,false,false,false,1,1,7,8,6,3,5)
2298:(9,2,false,8,8,true,true,5,5,10,10,0,10,false,false,false,1,1,7,9,7,5,2)
2299:(9,2,false,8,8,true,true,5,5,10,10,0,10,false,false,false,1,2,7,8,6,15,4)
2300:(9,2,false,8,8,true,true,5,5,10,10,0,10,true,false,false,1,1,7,7,5,4,3)
2301:(9,2,false,8,8,true,true,5,5,10,10,0,10,true,false,false,1,1,7,8,6,3,5)
2302:(9,2,false,8,8,true,true,5,5,10,10,0,10,true,false,false,1,1,7,9,7,5,2)
2303:(9,2,false,8,8,true,true,5,5,10,10,0,10,true,false,false,1,2,7,8,6,15,4)
2304:(9,2,false,8,8,true,true,5,5,10,10,2,0,true,false,false,1,1,7,7,5,4,3)
2305:(9,2,false,8,8,true,true,5,5,10,10,2,0,true,false,false,1,1,7,8,6,3,5)
2306:(9,2,false,8,8,true,true,5,5,10,10,2,0,true,false,false,1,1,7,9,7,5,2)
2307:(9,2,false,8,8,true,true,5,5,10,10,2,0,true,false,false,1,2,7,8,6,15,4)
2308:(9,2,false,8,8,true,true,5,5,10,10,2,2,true,false,false,1,1,7,7,5,4,3)
2309:(9,2,false,8,8,true,true,5,5,10,10,2,2,true,false,false,1,1,7,8,6,3,5)
2310:(9,2,false,8,8,true,true,5,5,10,10,2,2,true,false,false,1,1,7,9,7,5,2)
2311:(9,2,false,8,8,true,true,5,5,10,10,2,2,true,false,false,1,2,7,8,6,15,4)
2312:(9,2,false,8,8,true,true,5,5,10,10,2,4,true,false,false,1,1,7,7,5,4,3)
2313:(9,2,false,8,8,true,true,5,5,10,10,2,4,true,false,false,1,1,7,8,6,3,5)
2314:(9,2,false,8,8,true,true,5,5,10,10,2,4,true,false,false,1,1,7,9,7,5,2)
2315:(9,2,false,8,8,true,true,5,5,10,10,2,4,true,false,false,1,2,7,8,6,15,4)
2316:(9,2,false,8,8,true,true,5,5,10,10,2,6,true,false,false,1,1,7,7,5,4,3)
2317:(9,2,false,8,8,true,true,5,5,10,10,2,6,true,false,false,1,1,7,8,6,3,5)
2318:(9,2,false,8,8,true,true,5,5,10,10,2,6,true,false,false,1,1,7,9,7,5,2)
2319:(9,2,false,8,8,true,true,5,5,10,10,2,6,true,false,false,1,2,7,8,6,15,4)
2320:(9,2,false,8,8,true,true,5,5,10,10,2,8,true,false,false,1,1,7,7,5,4,3)
2321:(9,2,false,8,8,true,true,5,5,10,10,2,8,true,false,false,1,1,7,8,6,3,5)
2322:(9,2,false,8,8,true,true,5,5,10,10,2,8,true,false,false,1,1,7,9,7,5,2)
2323:(9,2,false,8,8,true,true,5,5,10,10,2,8,true,false,false,1,2,7,8,6,15,4)
2324:(9,2,false,8,8,true,true,5,5,10,10,2,10,false,false,false,1,1,7,7,5,4,3)
2325:(9,2,false,8,8,true,true,5,5,10,10,2,10,false,false,false,1,1,7,8,6,3,5)
2326:(9,2,false,8,8,true,true,5,5,10,10,2,10,false,false,false,1,1,7,9,7,5,2)
2327:(9,2,false,8,8,true,true,5,5,10,10,2,10,false,false,false,1,2,7,8,6,15,4)
2328:(9,2,false,8,8,true,true,5,5,10,10,2,10,true,false,false,1,1,7,7,5,4,3)
2329:(9,2,false,8,8,true,true,5,5,10,10,2,10,true,false,false,1,1,7,8,6,3,5)
2330:(9,2,false,8,8,true,true,5,5,10,10,2,10,true,false,false,1,1,7,9,7,5,2)
2331:(9,2,false,8,8,true,true,5,5,10,10,2,10,true,false,false,1,2,7,8,6,15,4)
2332:(9,2,false,8,9,true,true,5,6,10,12,0,0,true,false,false,1,1,7,8,6,4,3)
2333:(9,2,false,8,9,true,true,5,6,10,12,0,0,true,false,false,1,1,7,9,7,3,5)
2334:(9,2,false,8,9,true,true,5,6,10,12,0,0,true,false,false,1,1,7,10,8,5,2)
2335:(9,2,false,8,9,true,true,5,6,10,12,0,0,true,false,false,1,2,7,9,7,15,4)
2336:(9,2,false,8,9,true,true,5,6,10,12,0,2,true,false,false,1,1,7,8,6,4,3)
2337:(9,2,false,8,9,true,true,5,6,10,12,0,2,true,false,false,1,1,7,9,7,3,5)
2338:(9,2,false,8,9,true,true,5,6,10,12,0,2,true,false,false,1,1,7,10,8,5,2)
2339:(9,2,false,8,9,true,true,5,6,10,12,0,2,true,false,false,1,2,7,9,7,15,4)
2340:(9,2,false,8,9,true,true,5,6,10,12,0,4,true,false,false,1,1,7,8,6,4,3)
2341:(9,2,false,8,9,true,true,5,6,10,12,0,4,true,false,false,1,1,7,9,7,3,5)
2342:(9,2,false,8,9,true,true,5,6,10,12,0,4,true,false,false,1,1,7,10,8,5,2)
2343:(9,2,false,8,9,true,true,5,6,10,12,0,4,true,false,false,1,2,7,9,7,15,4)
2344:(9,2,false,8,9,true,true,5,6,10,12,0,6,true,false,false,1,1,7,8,6,4,3)
2345:(9,2,false,8,9,true,true,5,6,10,12,0,6,true,false,false,1,1,7,9,7,3,5)
2346:(9,2,false,8,9,true,true,5,6,10,12,0,6,true,false,false,1,1,7,10,8,5,2)
2347:(9,2,false,8,9,true,true,5,6,10,12,0,6,true,false,false,1,2,7,9,7,15,4)
2348:(9,2,false,8,9,true,true,5,6,10,12,0,8,true,false,false,1,1,7,8,6,4,3)
2349:(9,2,false,8,9,true,true,5,6,10,12,0,8,true,false,false,1,1,7,9,7,3,5)
2350:(9,2,false,8,9,true,true,5,6,10,12,0,8,true,false,false,1,1,7,10,8,5,2)
2351:(9,2,false,8,9,true,true,5,6,10,12,0,8,true,false,false,1,2,7,9,7,15,4)
2352:(9,2,false,8,9,true,true,5,6,10,12,0,10,false,false,false,1,1,7,8,6,4,3)
2353:(9,2,false,8,9,true,true,5,6,10,12,0,10,false,false,false,1,1,7,9,7,3,5)
2354:(9,2,false,8,9,true,true,5,6,10,12,0,10,false,false,false,1,1,7,10,8,5,2)
2355:(9,2,false,8,9,true,true,5,6,10,12,0,10,false,false,false,1,2,7,9,7,15,4)
2356:(9,2,false,8,9,true,true,5,6,10,12,0,10,true,false,false,1,1,7,8,6,4,3)
2357:(9,2,false,8,9,true,true,5,6,10,12,0,10,true,false,false,1,1,7,9,7,3,5)
2358:(9,2,false,8,9,true,true,5,6,10,12,0,10,true,false,false,1,1,7,10,8,5,2)
2359:(9,2,false,8,9,true,true,5,6,10,12,0,10,true,false,false,1,2,7,9,7,15,4)
2360:(9,2,false,8,9,true,true,5,6,10,12,2,0,true,false,false,1,1,7,8,6,4,3)
2361:(9,2,false,8,9,true,true,5,6,10,12,2,0,true,false,false,1,1,7,9,7,3,5)
2362:(9,2,false,8,9,true,true,5,6,10,12,2,0,true,false,false,1,1,7,10,8,5,2)
2363:(9,2,false,8,9,true,true,5,6,10,12,2,0,true,false,false,1,2,7,9,7,15,4)
2364:(9,2,false,8,9,true,true,5,6,10,12,2,2,true,false,false,1,1,7,8,6,4,3)
2365:(9,2,false,8,9,true,true,5,6,10,12,2,2,true,false,false,1,1,7,9,7,3,5)
2366:(9,2,false,8,9,true,true,5,6,10,12,2,2,true,false,false,1,1,7,10,8,5,2)
2367:(9,2,false,8,9,true,true,5,6,10,12,2,2,true,false,false,1,2,7,9,7,15,4)
2368:(9,2,false,8,9,true,true,5,6,10,12,2,4,true,false,false,1,1,7,8,6,4,3)
2369:(9,2,false,8,9,true,true,5,6,10,12,2,4,true,false,false,1,1,7,9,7,3,5)
2370:(9,2,false,8,9,true,true,5,6,10,12,2,4,true,false,false,1,1,7,10,8,5,2)
2371:(9,2,false,8,9,true,true,5,6,10,12,2,4,true,false,false,1,2,7,9,7,15,4)
2372:(9,2,false,8,9,true,true,5,6,10,12,2,6,true,false,false,1,1,7,8,6,4,3)
2373:(9,2,false,8,9,true,true,5,6,10,12,2,6,true,false,false,1,1,7,9,7,3,5)
2374:(9,2,false,8,9,true,true,5,6,10,12,2,6,true,false,false,1,1,7,10,8,5,2)
2375:(9,2,false,8,9,true,true,5,6,10,12,2,6,true,false,false,1,2,7,9,7,15,4)
2376:(9,2,false,8,9,true,true,5,6,10,12,2,8,true,false,false,1,1,7,8,6,4,3)
2377:(9,2,false,8,9,true,true,5,6,10,12,2,8,true,false,false,1,1,7,9,7,3,5)
2378:(9,2,false,8,9,true,true,5,6,10,12,2,8,true,false,false,1,1,7,10,8,5,2)
2379:(9,2,false,8,9,true,true,5,6,10,12,2,8,true,false,false,1,2,7,9,7,15,4)
2380:(9,2,false,8,9,true,true,5,6,10,12,2,10,false,false,false,1,1,7,8,6,4,3)
2381:(9,2,false,8,9,true,true,5,6,10,12,2,10,false,false,false,1,1,7,9,7,3,5)
2382:(9,2,false,8,9,true,true,5,6,10,12,2,10,false,false,false,1,1,7,10,8,5,2)
2383:(9,2,false,8,9,true,true,5,6,10,12,2,10,false,false,false,1,2,7,9,7,15,4)
2384:(9,2,false,8,9,true,true,5,6,10,12,2,10,true,false,false,1,1,7,8,6,4,3)
2385:(9,2,false,8,9,true,true,5,6,10,12,2,10,true,false,false,1,1,7,9,7,3,5)
2386:(9,2,false,8,9,true,true,5,6,10,12,2,10,true,false,false,1,1,7,10,8,5,2)
2387:(9,2,false,8,9,true,true,5,6,10,12,2,10,true,false,false,1,2,7,9,7,15,4)
2388:(9,2,false,8,10,true,true,5,7,10,14,0,0,true,false,false,1,1,7,9,7,4,3)
2389:(9,2,false,8,10,true,true,5,7,10,14,0,0,true,false,false,1,1,7,10,8,3,5)
2390:(9,2,false,8,10,true,true,5,7,10,14,0,0,true,false,false,1,1,7,11,9,5,2)
2391:(9,2,false,8,10,true,true,5,7,10,14,0,0,true,false,false,1,2,7,10,8,15,4)
2392:(9,2,false,8,10,true,true,5,7,10,14,0,2,true,false,false,1,1,7,9,7,4,3)
2393:(9,2,false,8,10,true,true,5,7,10,14,0,2,true,false,false,1,1,7,10,8,3,5)
2394:(9,2,false,8,10,true,true,5,7,10,14,0,2,true,false,false,1,1,7,11,9,5,2)
2395:(9,2,false,8,10,true,true,5,7,10,14,0,2,true,false,false,1,2,7,10,8,15,4)
2396:(9,2,false,8,10,true,true,5,7,10,14,0,4,true,false,false,1,1,7,9,7,4,3)
2397:(9,2,false,8,10,true,true,5,7,10,14,0,4,true,false,false,1,1,7,10,8,3,5)
2398:(9,2,false,8,10,true,true,5,7,10,14,0,4,true,false,false,1,1,7,11,9,5,2)
2399:(9,2,false,8,10,true,true,5,7,10,14,0,4,true,false,false,1,2,7,10,8,15,4)
2400:(9,2,false,8,10,true,true,5,7,10,14,0,6,true,false,false,1,1,7,9,7,4,3)
2401:(9,2,false,8,10,true,true,5,7,10,14,0,6,true,false,false,1,1,7,10,8,3,5)
2402:(9,2,false,8,10,true,true,5,7,10,14,0,6,true,false,false,1,1,7,11,9,5,2)
2403:(9,2,false,8,10,true,true,5,7,10,14,0,6,true,false,false,1,2,7,10,8,15,4)
2404:(9,2,false,8,10,true,true,5,7,10,14,0,8,true,false,false,1,1,7,9,7,4,3)
2405:(9,2,false,8,10,true,true,5,7,10,14,0,8,true,false,false,1,1,7,10,8,3,5)
2406:(9,2,false,8,10,true,true,5,7,10,14,0,8,true,false,false,1,1,7,11,9,5,2)
2407:(9,2,false,8,10,true,true,5,7,10,14,0,8,true,false,false,1,2,7,10,8,15,4)
2408:(9,2,false,8,10,true,true,5,7,10,14,0,10,false,false,false,1,1,7,9,7,4,3)
2409:(9,2,false,8,10,true,true,5,7,10,14,0,10,false,false,false,1,1,7,10,8,3,5)
2410:(9,2,false,8,10,true,true,5,7,10,14,0,10,false,false,false,1,1,7,11,9,5,2)
2411:(9,2,false,8,10,true,true,5,7,10,14,0,10,false,false,false,1,2,7,10,8,15,4)
2412:(9,2,false,8,10,true,true,5,7,10,14,0,10,true,false,false,1,1,7,9,7,4,3)
2413:(9,2,false,8,10,true,true,5,7,10,14,0,10,true,false,false,1,1,7,10,8,3,5)
2414:(9,2,false,8,10,true,true,5,7,10,14,0,10,true,false,false,1,1,7,11,9,5,2)
2415:(9,2,false,8,10,true,true,5,7,10,14,0,10,true,false,false,1,2,7,10,8,15,4)
2416:(9,2,false,8,10,true,true,5,7,10,14,2,0,true,false,false,1,1,7,9,7,4,3)
2417:(9,2,false,8,10,true,true,5,7,10,14,2,0,true,false,false,1,1,7,10,8,3,5)
2418:(9,2,false,8,10,true,true,5,7,10,14,2,0,true,false,false,1,1,7,11,9,5,2)
2419:(9,2,false,8,10,true,true,5,7,10,14,2,0,true,false,false,1,2,7,10,8,15,4)
2420:(9,2,false,8,10,true,true,5,7,10,14,2,2,true,false,false,1,1,7,9,7,4,3)
2421:(9,2,false,8,10,true,true,5,7,10,14,2,2,true,false,false,1,1,7,10,8,3,5)
2422:(9,2,false,8,10,true,true,5,7,10,14,2,2,true,false,false,1,1,7,11,9,5,2)
2423:(9,2,false,8,10,true,true,5,7,10,14,2,2,true,false,false,1,2,7,10,8,15,4)
2424:(9,2,false,8,10,true,true,5,7,10,14,2,4,true,false,false,1,1,7,9,7,4,3)
2425:(9,2,false,8,10,true,true,5,7,10,14,2,4,true,false,false,1,1,7,10,8,3,5)
2426:(9,2,false,8,10,true,true,5,7,10,14,2,4,true,false,false,1,1,7,11,9,5,2)
2427:(9,2,false,8,10,true,true,5,7,10,14,2,4,true,false,false,1,2,7,10,8,15,4)
2428:(9,2,false,8,10,true,true,5,7,10,14,2,6,true,false,false,1,1,7,9,7,4,3)
2429:(9,2,false,8,10,true,true,5,7,10,14,2,6,true,false,false,1,1,7,10,8,3,5)
2430:(9,2,false,8,10,true,true,5,7,10,14,2,6,true,false,false,1,1,7,11,9,5,2)
2431:(9,2,false,8,10,true,true,5,7,10,14,2,6,true,false,false,1,2,7,10,8,15,4)
2432:(9,2,false,8,10,true,true,5,7,10,14,2,8,true,false,false,1,1,7,9,7,4,3)
2433:(9,2,false,8,10,true,true,5,7,10,14,2,8,true,false,false,1,1,7,10,8,3,5)
2434:(9,2,false,8,10,true,true,5,7,10,14,2,8,true,false,false,1,1,7,11,9,5,2)
2435:(9,2,false,8,10,true,true,5,7,10,14,2,8,true,false,false,1,2,7,10,8,15,4)
2436:(9,2,false,8,10,true,true,5,7,10,14,2,10,false,false,false,1,1,7,9,7,4,3)
2437:(9,2,false,8,10,true,true,5,7,10,14,2,10,false,false,false,1,1,7,10,8,3,5)
2438:(9,2,false,8,10,true,true,5,7,10,14,2,10,false,false,false,1,1,7,11,9,5,2)
2439:(9,2,false,8,10,true,true,5,7,10,14,2,10,false,false,false,1,2,7,10,8,15,4)
2440:(9,2,false,8,10,true,true,5,7,10,14,2,10,true,false,false,1,1,7,9,7,4,3)
2441:(9,2,false,8,10,true,true,5,7,10,14,2,10,true,false,false,1,1,7,10,8,3,5)
2442:(9,2,false,8,10,true,true,5,7,10,14,2,10,true,false,false,1,1,7,11,9,5,2)
2443:(9,2,false,8,10,true,true,5,7,10,14,2,10,true,false,false,1,2,7,10,8,15,4)
2444:(9,2,false,8,11,true,true,5,8,10,16,0,0,true,false,false,1,1,7,10,8,4,3)
2445:(9,2,false,8,11,true,true,5,8,10,16,0,2,true,false,false,1,1,7,10,8,4,3)
2446:(9,2,false,8,11,true,true,5,8,10,16,0,4,true,false,false,1,1,7,10,8,4,3)
2447:(9,2,false,8,11,true,true,5,8,10,16,0,6,true,false,false,1,1,7,10,8,4,3)
2448:(9,2,false,8,11,true,true,5,8,10,16,0,8,true,false,false,1,1,7,10,8,4,3)
2449:(9,2,false,8,11,true,true,5,8,10,16,0,10,false,false,false,1,1,7,10,8,4,3)
2450:(9,2,false,8,11,true,true,5,8,10,16,0,10,true,false,false,1,1,7,10,8,4,3)
2451:(9,2,false,8,11,true,true,5,8,10,16,2,0,true,false,false,1,1,7,10,8,4,3)
2452:(9,2,false,8,11,true,true,5,8,10,16,2,2,true,false,false,1,1,7,10,8,4,3)
2453:(9,2,false,8,11,true,true,5,8,10,16,2,4,true,false,false,1,1,7,10,8,4,3)
2454:(9,2,false,8,11,true,true,5,8,10,16,2,6,true,false,false,1,1,7,10,8,4,3)
2455:(9,2,false,8,11,true,true,5,8,10,16,2,8,true,false,false,1,1,7,10,8,4,3)
2456:(9,2,false,8,11,true,true,5,8,10,16,2,10,false,false,false,1,1,7,10,8,4,3)
2457:(9,2,false,8,11,true,true,5,8,10,16,2,10,true,false,false,1,1,7,10,8,4,3)
2458:(9,2,false,9,8,true,true,6,5,12,10,2,0,true,false,false,1,1,7,7,5,4,3)
2459:(9,2,false,9,8,true,true,6,5,12,10,2,0,true,false,false,1,1,7,8,6,3,5)
2460:(9,2,false,9,8,true,true,6,5,12,10,2,0,true,false,false,1,1,7,9,7,5,2)
2461:(9,2,false,9,8,true,true,6,5,12,10,2,0,true,false,false,1,2,7,8,6,15,4)
2462:(9,2,false,9,8,true,true,6,5,12,10,2,2,true,false,false,1,1,7,7,5,4,3)
2463:(9,2,false,9,8,true,true,6,5,12,10,2,2,true,false,false,1,1,7,8,6,3,5)
2464:(9,2,false,9,8,true,true,6,5,12,10,2,2,true,false,false,1,1,7,9,7,5,2)
2465:(9,2,false,9,8,true,true,6,5,12,10,2,2,true,false,false,1,2,7,8,6,15,4)
2466:(9,2,false,9,8,true,true,6,5,12,10,2,4,true,false,false,1,1,7,7,5,4,3)
2467:(9,2,false,9,8,true,true,6,5,12,10,2,4,true,false,false,1,1,7,8,6,3,5)
2468:(9,2,false,9,8,true,true,6,5,12,10,2,4,true,false,false,1,1,7,9,7,5,2)
2469:(9,2,false,9,8,true,true,6,5,12,10,2,4,true,false,false,1,2,7,8,6,15,4)
2470:(9,2,false,9,8,true,true,6,5,12,10,2,6,true,false,false,1,1,7,7,5,4,3)
2471:(9,2,false,9,8,true,true,6,5,12,10,2,6,true,false,false,1,1,7,8,6,3,5)
2472:(9,2,false,9,8,true,true,6,5,12,10,2,6,true,false,false,1,1,7,9,7,5,2)
2473:(9,2,false,9,8,true,true,6,5,12,10,2,6,true,false,false,1,2,7,8,6,15,4)
2474:(9,2,false,9,8,true,true,6,5,12,10,2,8,true,false,false,1,1,7,7,5,4,3)
2475:(9,2,false,9,8,true,true,6,5,12,10,2,8,true,false,false,1,1,7,8,6,3,5)
2476:(9,2,false,9,8,true,true,6,5,12,10,2,8,true,false,false,1,1,7,9,7,5,2)
2477:(9,2,false,9,8,true,true,6,5,12,10,2,8,true,false,false,1,2,7,8,6,15,4)
2478:(9,2,false,9,8,true,true,6,5,12,10,2,10,true,false,false,1,1,7,7,5,4,3)
2479:(9,2,false,9,8,true,true,6,5,12,10,2,10,true,false,false,1,1,7,8,6,3,5)
2480:(9,2,false,9,8,true,true,6,5,12,10,2,10,true,false,false,1,1,7,9,7,5,2)
2481:(9,2,false,9,8,true,true,6,5,12,10,2,10,true,false,false,1,2,7,8,6,15,4)
2482:(9,2,false,9,8,true,true,6,5,12,10,2,12,false,false,false,1,1,7,7,5,4,3)
2483:(9,2,false,9,8,true,true,6,5,12,10,2,12,false,false,false,1,1,7,8,6,3,5)
2484:(9,2,false,9,8,true,true,6,5,12,10,2,12,false,false,false,1,1,7,9,7,5,2)
2485:(9,2,false,9,8,true,true,6,5,12,10,2,12,false,false,false,1,2,7,8,6,15,4)
2486:(9,2,false,9,8,true,true,6,5,12,10,2,12,true,false,false,1,1,7,7,5,4,3)
2487:(9,2,false,9,8,true,true,6,5,12,10,2,12,true,false,false,1,1,7,8,6,3,5)
2488:(9,2,false,9,8,true,true,6,5,12,10,2,12,true,false,false,1,1,7,9,7,5,2)
2489:(9,2,false,9,8,true,true,6,5,12,10,2,12,true,false,false,1,2,7,8,6,15,4)
2490:(9,2,false,9,9,true,true,6,6,12,12,0,0,true,false,false,1,1,7,8,6,4,3)
2491:(9,2,false,9,9,true,true,6,6,12,12,0,0,true,false,false,1,1,7,9,7,3,5)
2492:(9,2,false,9,9,true,true,6,6,12,12,0,0,true,false,false,1,1,7,10,8,5,2)
2493:(9,2,false,9,9,true,true,6,6,12,12,0,0,true,false,false,1,2,7,9,7,15,4)
2494:(9,2,false,9,9,true,true,6,6,12,12,0,2,true,false,false,1,1,7,8,6,4,3)
2495:(9,2,false,9,9,true,true,6,6,12,12,0,2,true,false,false,1,1,7,9,7,3,5)
2496:(9,2,false,9,9,true,true,6,6,12,12,0,2,true,false,false,1,1,7,10,8,5,2)
2497:(9,2,false,9,9,true,true,6,6,12,12,0,2,true,false,false,1,2,7,9,7,15,4)
2498:(9,2,false,9,9,true,true,6,6,12,12,0,4,true,false,false,1,1,7,8,6,4,3)
2499:(9,2,false,9,9,true,true,6,6,12,12,0,4,true,false,false,1,1,7,9,7,3,5)
2500:(9,2,false,9,9,true,true,6,6,12,12,0,4,true,false,false,1,1,7,10,8,5,2)
2501:(9,2,false,9,9,true,true,6,6,12,12,0,4,true,false,false,1,2,7,9,7,15,4)
2502:(9,2,false,9,9,true,true,6,6,12,12,0,6,true,false,false,1,1,7,8,6,4,3)
2503:(9,2,false,9,9,true,true,6,6,12,12,0,6,true,false,false,1,1,7,9,7,3,5)
2504:(9,2,false,9,9,true,true,6,6,12,12,0,6,true,false,false,1,1,7,10,8,5,2)
2505:(9,2,false,9,9,true,true,6,6,12,12,0,6,true,false,false,1,2,7,9,7,15,4)
2506:(9,2,false,9,9,true,true,6,6,12,12,0,8,true,false,false,1,1,7,8,6,4,3)
2507:(9,2,false,9,9,true,true,6,6,12,12,0,8,true,false,false,1,1,7,9,7,3,5)
2508:(9,2,false,9,9,true,true,6,6,12,12,0,8,true,false,false,1,1,7,10,8,5,2)
2509:(9,2,false,9,9,true,true,6,6,12,12,0,8,true,false,false,1,2,7,9,7,15,4)
2510:(9,2,false,9,9,true,true,6,6,12,12,0,10,true,false,false,1,1,7,8,6,4,3)
2511:(9,2,false,9,9,true,true,6,6,12,12,0,10,true,false,false,1,1,7,9,7,3,5)
2512:(9,2,false,9,9,true,true,6,6,12,12,0,10,true,false,false,1,1,7,10,8,5,2)
2513:(9,2,false,9,9,true,true,6,6,12,12,0,10,true,false,false,1,2,7,9,7,15,4)
2514:(9,2,false,9,9,true,true,6,6,12,12,0,12,false,false,false,1,1,7,8,6,4,3)
2515:(9,2,false,9,9,true,true,6,6,12,12,0,12,false,false,false,1,1,7,9,7,3,5)
2516:(9,2,false,9,9,true,true,6,6,12,12,0,12,false,false,false,1,1,7,10,8,5,2)
2517:(9,2,false,9,9,true,true,6,6,12,12,0,12,false,false,false,1,2,7,9,7,15,4)
2518:(9,2,false,9,9,true,true,6,6,12,12,0,12,true,false,false,1,1,7,8,6,4,3)
2519:(9,2,false,9,9,true,true,6,6,12,12,0,12,true,false,false,1,1,7,9,7,3,5)
2520:(9,2,false,9,9,true,true,6,6,12,12,0,12,true,false,false,1,1,7,10,8,5,2)
2521:(9,2,false,9,9,true,true,6,6,12,12,0,12,true,false,false,1,2,7,9,7,15,4)
2522:(9,2,false,9,9,true,true,6,6,12,12,2,0,true,false,false,1,1,7,8,6,4,3)
2523:(9,2,false,9,9,true,true,6,6,12,12,2,0,true,false,false,1,1,7,9,7,3,5)
2524:(9,2,false,9,9,true,true,6,6,12,12,2,0,true,false,false,1,1,7,10,8,5,2)
2525:(9,2,false,9,9,true,true,6,6,12,12,2,0,true,false,false,1,2,7,9,7,15,4)
2526:(9,2,false,9,9,true,true,6,6,12,12,2,2,true,false,false,1,1,7,8,6,4,3)
2527:(9,2,false,9,9,true,true,6,6,12,12,2,2,true,false,false,1,1,7,9,7,3,5)
2528:(9,2,false,9,9,true,true,6,6,12,12,2,2,true,false,false,1,1,7,10,8,5,2)
2529:(9,2,false,9,9,true,true,6,6,12,12,2,2,true,false,false,1,2,7,9,7,15,4)
2530:(9,2,false,9,9,true,true,6,6,12,12,2,4,true,false,false,1,1,7,8,6,4,3)
2531:(9,2,false,9,9,true,true,6,6,12,12,2,4,true,false,false,1,1,7,9,7,3,5)
2532:(9,2,false,9,9,true,true,6,6,12,12,2,4,true,false,false,1,1,7,10,8,5,2)
2533:(9,2,false,9,9,true,true,6,6,12,12,2,4,true,false,false,1,2,7,9,7,15,4)
2534:(9,2,false,9,9,true,true,6,6,12,12,2,6,true,false,false,1,1,7,8,6,4,3)
2535:(9,2,false,9,9,true,true,6,6,12,12,2,6,true,false,false,1,1,7,9,7,3,5)
2536:(9,2,false,9,9,true,true,6,6,12,12,2,6,true,false,false,1,1,7,10,8,5,2)
2537:(9,2,false,9,9,true,true,6,6,12,12,2,6,true,false,false,1,2,7,9,7,15,4)
2538:(9,2,false,9,9,true,true,6,6,12,12,2,8,true,false,false,1,1,7,8,6,4,3)
2539:(9,2,false,9,9,true,true,6,6,12,12,2,8,true,false,false,1,1,7,9,7,3,5)
2540:(9,2,false,9,9,true,true,6,6,12,12,2,8,true,false,false,1,1,7,10,8,5,2)
2541:(9,2,false,9,9,true,true,6,6,12,12,2,8,true,false,false,1,2,7,9,7,15,4)
2542:(9,2,false,9,9,true,true,6,6,12,12,2,10,true,false,false,1,1,7,8,6,4,3)
2543:(9,2,false,9,9,true,true,6,6,12,12,2,10,true,false,false,1,1,7,9,7,3,5)
2544:(9,2,false,9,9,true,true,6,6,12,12,2,10,true,false,false,1,1,7,10,8,5,2)
2545:(9,2,false,9,9,true,true,6,6,12,12,2,10,true,false,false,1,2,7,9,7,15,4)
2546:(9,2,false,9,9,true,true,6,6,12,12,2,12,false,false,false,1,1,7,8,6,4,3)
2547:(9,2,false,9,9,true,true,6,6,12,12,2,12,false,false,false,1,1,7,9,7,3,5)
2548:(9,2,false,9,9,true,true,6,6,12,12,2,12,false,false,false,1,1,7,10,8,5,2)
2549:(9,2,false,9,9,true,true,6,6,12,12,2,12,false,false,false,1,2,7,9,7,15,4)
2550:(9,2,false,9,9,true,true,6,6,12,12,2,12,true,false,false,1,1,7,8,6,4,3)
2551:(9,2,false,9,9,true,true,6,6,12,12,2,12,true,false,false,1,1,7,9,7,3,5)
2552:(9,2,false,9,9,true,true,6,6,12,12,2,12,true,false,false,1,1,7,10,8,5,2)
2553:(9,2,false,9,9,true,true,6,6,12,12,2,12,true,false,false,1,2,7,9,7,15,4)
2554:(9,2,false,9,10,true,true,6,7,12,14,0,0,true,false,false,1,1,7,9,7,4,3)
2555:(9,2,false,9,10,true,true,6,7,12,14,0,0,true,false,false,1,1,7,10,8,3,5)
2556:(9,2,false,9,10,true,true,6,7,12,14,0,0,true,false,false,1,1,7,11,9,5,2)
2557:(9,2,false,9,10,true,true,6,7,12,14,0,0,true,false,false,1,2,7,10,8,15,4)
2558:(9,2,false,9,10,true,true,6,7,12,14,0,2,true,false,false,1,1,7,9,7,4,3)
2559:(9,2,false,9,10,true,true,6,7,12,14,0,2,true,false,false,1,1,7,10,8,3,5)
2560:(9,2,false,9,10,true,true,6,7,12,14,0,2,true,false,false,1,1,7,11,9,5,2)
2561:(9,2,false,9,10,true,true,6,7,12,14,0,2,true,false,false,1,2,7,10,8,15,4)
2562:(9,2,false,9,10,true,true,6,7,12,14,0,4,true,false,false,1,1,7,9,7,4,3)
2563:(9,2,false,9,10,true,true,6,7,12,14,0,4,true,false,false,1,1,7,10,8,3,5)
2564:(9,2,false,9,10,true,true,6,7,12,14,0,4,true,false,false,1,1,7,11,9,5,2)
2565:(9,2,false,9,10,true,true,6,7,12,14,0,4,true,false,false,1,2,7,10,8,15,4)
2566:(9,2,false,9,10,true,true,6,7,12,14,0,6,true,false,false,1,1,7,9,7,4,3)
2567:(9,2,false,9,10,true,true,6,7,12,14,0,6,true,false,false,1,1,7,10,8,3,5)
2568:(9,2,false,9,10,true,true,6,7,12,14,0,6,true,false,false,1,1,7,11,9,5,2)
2569:(9,2,false,9,10,true,true,6,7,12,14,0,6,true,false,false,1,2,7,10,8,15,4)
2570:(9,2,false,9,10,true,true,6,7,12,14,0,8,true,false,false,1,1,7,9,7,4,3)
2571:(9,2,false,9,10,true,true,6,7,12,14,0,8,true,false,false,1,1,7,10,8,3,5)
2572:(9,2,false,9,10,true,true,6,7,12,14,0,8,true,false,false,1,1,7,11,9,5,2)
2573:(9,2,false,9,10,true,true,6,7,12,14,0,8,true,false,false,1,2,7,10,8,15,4)
2574:(9,2,false,9,10,true,true,6,7,12,14,0,10,true,false,false,1,1,7,9,7,4,3)
2575:(9,2,false,9,10,true,true,6,7,12,14,0,10,true,false,false,1,1,7,10,8,3,5)
2576:(9,2,false,9,10,true,true,6,7,12,14,0,10,true,false,false,1,1,7,11,9,5,2)
2577:(9,2,false,9,10,true,true,6,7,12,14,0,10,true,false,false,1,2,7,10,8,15,4)
2578:(9,2,false,9,10,true,true,6,7,12,14,0,12,false,false,false,1,1,7,9,7,4,3)
2579:(9,2,false,9,10,true,true,6,7,12,14,0,12,false,false,false,1,1,7,10,8,3,5)
2580:(9,2,false,9,10,true,true,6,7,12,14,0,12,false,false,false,1,1,7,11,9,5,2)
2581:(9,2,false,9,10,true,true,6,7,12,14,0,12,false,false,false,1,2,7,10,8,15,4)
2582:(9,2,false,9,10,true,true,6,7,12,14,0,12,true,false,false,1,1,7,9,7,4,3)
2583:(9,2,false,9,10,true,true,6,7,12,14,0,12,true,false,false,1,1,7,10,8,3,5)
2584:(9,2,false,9,10,true,true,6,7,12,14,0,12,true,false,false,1,1,7,11,9,5,2)
2585:(9,2,false,9,10,true,true,6,7,12,14,0,12,true,false,false,1,2,7,10,8,15,4)
2586:(9,2,false,9,10,true,true,6,7,12,14,2,0,true,false,false,1,1,7,9,7,4,3)
2587:(9,2,false,9,10,true,true,6,7,12,14,2,0,true,false,false,1,1,7,10,8,3,5)
2588:(9,2,false,9,10,true,true,6,7,12,14,2,0,true,false,false,1,1,7,11,9,5,2)
2589:(9,2,false,9,10,true,true,6,7,12,14,2,0,true,false,false,1,2,7,10,8,15,4)
2590:(9,2,false,9,10,true,true,6,7,12,14,2,2,true,false,false,1,1,7,9,7,4,3)
2591:(9,2,false,9,10,true,true,6,7,12,14,2,2,true,false,false,1,1,7,10,8,3,5)
2592:(9,2,false,9,10,true,true,6,7,12,14,2,2,true,false,false,1,1,7,11,9,5,2)
2593:(9,2,false,9,10,true,true,6,7,12,14,2,2,true,false,false,1,2,7,10,8,15,4)
2594:(9,2,false,9,10,true,true,6,7,12,14,2,4,true,false,false,1,1,7,9,7,4,3)
2595:(9,2,false,9,10,true,true,6,7,12,14,2,4,true,false,false,1,1,7,10,8,3,5)
2596:(9,2,false,9,10,true,true,6,7,12,14,2,4,true,false,false,1,1,7,11,9,5,2)
2597:(9,2,false,9,10,true,true,6,7,12,14,2,4,true,false,false,1,2,7,10,8,15,4)
2598:(9,2,false,9,10,true,true,6,7,12,14,2,6,true,false,false,1,1,7,9,7,4,3)
2599:(9,2,false,9,10,true,true,6,7,12,14,2,6,true,false,false,1,1,7,10,8,3,5)
2600:(9,2,false,9,10,true,true,6,7,12,14,2,6,true,false,false,1,1,7,11,9,5,2)
2601:(9,2,false,9,10,true,true,6,7,12,14,2,6,true,false,false,1,2,7,10,8,15,4)
2602:(9,2,false,9,10,true,true,6,7,12,14,2,8,true,false,false,1,1,7,9,7,4,3)
2603:(9,2,false,9,10,true,true,6,7,12,14,2,8,true,false,false,1,1,7,10,8,3,5)
2604:(9,2,false,9,10,true,true,6,7,12,14,2,8,true,false,false,1,1,7,11,9,5,2)
2605:(9,2,false,9,10,true,true,6,7,12,14,2,8,true,false,false,1,2,7,10,8,15,4)
2606:(9,2,false,9,10,true,true,6,7,12,14,2,10,true,false,false,1,1,7,9,7,4,3)
2607:(9,2,false,9,10,true,true,6,7,12,14,2,10,true,false,false,1,1,7,10,8,3,5)
2608:(9,2,false,9,10,true,true,6,7,12,14,2,10,true,false,false,1,1,7,11,9,5,2)
2609:(9,2,false,9,10,true,true,6,7,12,14,2,10,true,false,false,1,2,7,10,8,15,4)
2610:(9,2,false,9,10,true,true,6,7,12,14,2,12,false,false,false,1,1,7,9,7,4,3)
2611:(9,2,false,9,10,true,true,6,7,12,14,2,12,false,false,false,1,1,7,10,8,3,5)
2612:(9,2,false,9,10,true,true,6,7,12,14,2,12,false,false,false,1,1,7,11,9,5,2)
2613:(9,2,false,9,10,true,true,6,7,12,14,2,12,false,false,false,1,2,7,10,8,15,4)
2614:(9,2,false,9,10,true,true,6,7,12,14,2,12,true,false,false,1,1,7,9,7,4,3)
2615:(9,2,false,9,10,true,true,6,7,12,14,2,12,true,false,false,1,1,7,10,8,3,5)
2616:(9,2,false,9,10,true,true,6,7,12,14,2,12,true,false,false,1,1,7,11,9,5,2)
2617:(9,2,false,9,10,true,true,6,7,12,14,2,12,true,false,false,1,2,7,10,8,15,4)
2618:(9,2,false,9,11,true,true,6,8,12,16,0,0,true,false,false,1,1,7,10,8,4,3)
2619:(9,2,false,9,11,true,true,6,8,12,16,0,2,true,false,false,1,1,7,10,8,4,3)
2620:(9,2,false,9,11,true,true,6,8,12,16,0,4,true,false,false,1,1,7,10,8,4,3)
2621:(9,2,false,9,11,true,true,6,8,12,16,0,6,true,false,false,1,1,7,10,8,4,3)
2622:(9,2,false,9,11,true,true,6,8,12,16,0,8,true,false,false,1,1,7,10,8,4,3)
2623:(9,2,false,9,11,true,true,6,8,12,16,0,10,true,false,false,1,1,7,10,8,4,3)
2624:(9,2,false,9,11,true,true,6,8,12,16,0,12,false,false,false,1,1,7,10,8,4,3)
2625:(9,2,false,9,11,true,true,6,8,12,16,0,12,true,false,false,1,1,7,10,8,4,3)
2626:(9,2,false,9,11,true,true,6,8,12,16,2,0,true,false,false,1,1,7,10,8,4,3)
2627:(9,2,false,9,11,true,true,6,8,12,16,2,2,true,false,false,1,1,7,10,8,4,3)
2628:(9,2,false,9,11,true,true,6,8,12,16,2,4,true,false,false,1,1,7,10,8,4,3)
2629:(9,2,false,9,11,true,true,6,8,12,16,2,6,true,false,false,1,1,7,10,8,4,3)
2630:(9,2,false,9,11,true,true,6,8,12,16,2,8,true,false,false,1,1,7,10,8,4,3)
2631:(9,2,false,9,11,true,true,6,8,12,16,2,10,true,false,false,1,1,7,10,8,4,3)
2632:(9,2,false,9,11,true,true,6,8,12,16,2,12,false,false,false,1,1,7,10,8,4,3)
2633:(9,2,false,9,11,true,true,6,8,12,16,2,12,true,false,false,1,1,7,10,8,4,3)
2634:(9,2,false,10,10,true,true,7,7,14,14,0,0,true,false,false,1,1,7,9,7,4,3)
2635:(9,2,false,10,10,true,true,7,7,14,14,0,0,true,false,false,1,1,7,10,8,3,5)
2636:(9,2,false,10,10,true,true,7,7,14,14,0,0,true,false,false,1,1,7,11,9,5,2)
2637:(9,2,false,10,10,true,true,7,7,14,14,0,0,true,false,false,1,2,7,10,8,15,4)
2638:(9,2,false,10,10,true,true,7,7,14,14,0,2,true,false,false,1,1,7,9,7,4,3)
2639:(9,2,false,10,10,true,true,7,7,14,14,0,2,true,false,false,1,1,7,10,8,3,5)
2640:(9,2,false,10,10,true,true,7,7,14,14,0,2,true,false,false,1,1,7,11,9,5,2)
2641:(9,2,false,10,10,true,true,7,7,14,14,0,2,true,false,false,1,2,7,10,8,15,4)
2642:(9,2,false,10,10,true,true,7,7,14,14,0,4,true,false,false,1,1,7,9,7,4,3)
2643:(9,2,false,10,10,true,true,7,7,14,14,0,4,true,false,false,1,1,7,10,8,3,5)
2644:(9,2,false,10,10,true,true,7,7,14,14,0,4,true,false,false,1,1,7,11,9,5,2)
2645:(9,2,false,10,10,true,true,7,7,14,14,0,4,true,false,false,1,2,7,10,8,15,4)
2646:(9,2,false,10,10,true,true,7,7,14,14,0,6,true,false,false,1,1,7,9,7,4,3)
2647:(9,2,false,10,10,true,true,7,7,14,14,0,6,true,false,false,1,1,7,10,8,3,5)
2648:(9,2,false,10,10,true,true,7,7,14,14,0,6,true,false,false,1,1,7,11,9,5,2)
2649:(9,2,false,10,10,true,true,7,7,14,14,0,6,true,false,false,1,2,7,10,8,15,4)
2650:(9,2,false,10,10,true,true,7,7,14,14,0,8,true,false,false,1,1,7,9,7,4,3)
2651:(9,2,false,10,10,true,true,7,7,14,14,0,8,true,false,false,1,1,7,10,8,3,5)
2652:(9,2,false,10,10,true,true,7,7,14,14,0,8,true,false,false,1,1,7,11,9,5,2)
2653:(9,2,false,10,10,true,true,7,7,14,14,0,8,true,false,false,1,2,7,10,8,15,4)
2654:(9,2,false,10,10,true,true,7,7,14,14,0,10,true,false,false,1,1,7,9,7,4,3)
2655:(9,2,false,10,10,true,true,7,7,14,14,0,10,true,false,false,1,1,7,10,8,3,5)
2656:(9,2,false,10,10,true,true,7,7,14,14,0,10,true,false,false,1,1,7,11,9,5,2)
2657:(9,2,false,10,10,true,true,7,7,14,14,0,10,true,false,false,1,2,7,10,8,15,4)
2658:(9,2,false,10,10,true,true,7,7,14,14,0,12,true,false,false,1,1,7,9,7,4,3)
2659:(9,2,false,10,10,true,true,7,7,14,14,0,12,true,false,false,1,1,7,10,8,3,5)
2660:(9,2,false,10,10,true,true,7,7,14,14,0,12,true,false,false,1,1,7,11,9,5,2)
2661:(9,2,false,10,10,true,true,7,7,14,14,0,12,true,false,false,1,2,7,10,8,15,4)
2662:(9,2,false,10,10,true,true,7,7,14,14,0,14,false,false,false,1,1,7,9,7,4,3)
2663:(9,2,false,10,10,true,true,7,7,14,14,0,14,false,false,false,1,1,7,10,8,3,5)
2664:(9,2,false,10,10,true,true,7,7,14,14,0,14,false,false,false,1,1,7,11,9,5,2)
2665:(9,2,false,10,10,true,true,7,7,14,14,0,14,false,false,false,1,2,7,10,8,15,4)
2666:(9,2,false,10,10,true,true,7,7,14,14,0,14,true,false,false,1,1,7,9,7,4,3)
2667:(9,2,false,10,10,true,true,7,7,14,14,0,14,true,false,false,1,1,7,10,8,3,5)
2668:(9,2,false,10,10,true,true,7,7,14,14,0,14,true,false,false,1,1,7,11,9,5,2)
2669:(9,2,false,10,10,true,true,7,7,14,14,0,14,true,false,false,1,2,7,10,8,15,4)
2670:(9,2,false,10,10,true,true,7,7,14,14,2,0,true,false,false,1,1,7,9,7,4,3)
2671:(9,2,false,10,10,true,true,7,7,14,14,2,0,true,false,false,1,1,7,10,8,3,5)
2672:(9,2,false,10,10,true,true,7,7,14,14,2,0,true,false,false,1,1,7,11,9,5,2)
2673:(9,2,false,10,10,true,true,7,7,14,14,2,0,true,false,false,1,2,7,10,8,15,4)
2674:(9,2,false,10,10,true,true,7,7,14,14,2,2,true,false,false,1,1,7,9,7,4,3)
2675:(9,2,false,10,10,true,true,7,7,14,14,2,2,true,false,false,1,1,7,10,8,3,5)
2676:(9,2,false,10,10,true,true,7,7,14,14,2,2,true,false,false,1,1,7,11,9,5,2)
2677:(9,2,false,10,10,true,true,7,7,14,14,2,2,true,false,false,1,2,7,10,8,15,4)
2678:(9,2,false,10,10,true,true,7,7,14,14,2,4,true,false,false,1,1,7,9,7,4,3)
2679:(9,2,false,10,10,true,true,7,7,14,14,2,4,true,false,false,1,1,7,10,8,3,5)
2680:(9,2,false,10,10,true,true,7,7,14,14,2,4,true,false,false,1,1,7,11,9,5,2)
2681:(9,2,false,10,10,true,true,7,7,14,14,2,4,true,false,false,1,2,7,10,8,15,4)
2682:(9,2,false,10,10,true,true,7,7,14,14,2,6,true,false,false,1,1,7,9,7,4,3)
2683:(9,2,false,10,10,true,true,7,7,14,14,2,6,true,false,false,1,1,7,10,8,3,5)
2684:(9,2,false,10,10,true,true,7,7,14,14,2,6,true,false,false,1,1,7,11,9,5,2)
2685:(9,2,false,10,10,true,true,7,7,14,14,2,6,true,false,false,1,2,7,10,8,15,4)
2686:(9,2,false,10,10,true,true,7,7,14,14,2,8,true,false,false,1,1,7,9,7,4,3)
2687:(9,2,false,10,10,true,true,7,7,14,14,2,8,true,false,false,1,1,7,10,8,3,5)
2688:(9,2,false,10,10,true,true,7,7,14,14,2,8,true,false,false,1,1,7,11,9,5,2)
2689:(9,2,false,10,10,true,true,7,7,14,14,2,8,true,false,false,1,2,7,10,8,15,4)
2690:(9,2,false,10,10,true,true,7,7,14,14,2,10,true,false,false,1,1,7,9,7,4,3)
2691:(9,2,false,10,10,true,true,7,7,14,14,2,10,true,false,false,1,1,7,10,8,3,5)
2692:(9,2,false,10,10,true,true,7,7,14,14,2,10,true,false,false,1,1,7,11,9,5,2)
2693:(9,2,false,10,10,true,true,7,7,14,14,2,10,true,false,false,1,2,7,10,8,15,4)
2694:(9,2,false,10,10,true,true,7,7,14,14,2,12,true,false,false,1,1,7,9,7,4,3)
2695:(9,2,false,10,10,true,true,7,7,14,14,2,12,true,false,false,1,1,7,10,8,3,5)
2696:(9,2,false,10,10,true,true,7,7,14,14,2,12,true,false,false,1,1,7,11,9,5,2)
2697:(9,2,false,10,10,true,true,7,7,14,14,2,12,true,false,false,1,2,7,10,8,15,4)
2698:(9,2,false,10,10,true,true,7,7,14,14,2,14,false,false,false,1,1,7,9,7,4,3)
2699:(9,2,false,10,10,true,true,7,7,14,14,2,14,false,false,false,1,1,7,10,8,3,5)
2700:(9,2,false,10,10,true,true,7,7,14,14,2,14,false,false,false,1,1,7,11,9,5,2)
2701:(9,2,false,10,10,true,true,7,7,14,14,2,14,false,false,false,1,2,7,10,8,15,4)
2702:(9,2,false,10,10,true,true,7,7,14,14,2,14,true,false,false,1,1,7,9,7,4,3)
2703:(9,2,false,10,10,true,true,7,7,14,14,2,14,true,false,false,1,1,7,10,8,3,5)
2704:(9,2,false,10,10,true,true,7,7,14,14,2,14,true,false,false,1,1,7,11,9,5,2)
2705:(9,2,false,10,10,true,true,7,7,14,14,2,14,true,false,false,1,2,7,10,8,15,4)
2706:(9,2,false,10,11,true,true,7,8,14,16,0,0,true,false,false,1,1,7,10,8,4,3)
2707:(9,2,false,10,11,true,true,7,8,14,16,0,2,true,false,false,1,1,7,10,8,4,3)
2708:(9,2,false,10,11,true,true,7,8,14,16,0,4,true,false,false,1,1,7,10,8,4,3)
2709:(9,2,false,10,11,true,true,7,8,14,16,0,6,true,false,false,1,1,7,10,8,4,3)
2710:(9,2,false,10,11,true,true,7,8,14,16,0,8,true,false,false,1,1,7,10,8,4,3)
2711:(9,2,false,10,11,true,true,7,8,14,16,0,10,true,false,false,1,1,7,10,8,4,3)
2712:(9,2,false,10,11,true,true,7,8,14,16,0,12,true,false,false,1,1,7,10,8,4,3)
2713:(9,2,false,10,11,true,true,7,8,14,16,0,14,false,false,false,1,1,7,10,8,4,3)
2714:(9,2,false,10,11,true,true,7,8,14,16,0,14,true,false,false,1,1,7,10,8,4,3)
2715:(9,2,false,10,11,true,true,7,8,14,16,2,0,true,false,false,1,1,7,10,8,4,3)
2716:(9,2,false,10,11,true,true,7,8,14,16,2,2,true,false,false,1,1,7,10,8,4,3)
2717:(9,2,false,10,11,true,true,7,8,14,16,2,4,true,false,false,1,1,7,10,8,4,3)
2718:(9,2,false,10,11,true,true,7,8,14,16,2,6,true,false,false,1,1,7,10,8,4,3)
2719:(9,2,false,10,11,true,true,7,8,14,16,2,8,true,false,false,1,1,7,10,8,4,3)
2720:(9,2,false,10,11,true,true,7,8,14,16,2,10,true,false,false,1,1,7,10,8,4,3)
2721:(9,2,false,10,11,true,true,7,8,14,16,2,12,true,false,false,1,1,7,10,8,4,3)
2722:(9,2,false,10,11,true,true,7,8,14,16,2,14,false,false,false,1,1,7,10,8,4,3)
2723:(9,2,false,10,11,true,true,7,8,14,16,2,14,true,false,false,1,1,7,10,8,4,3)
2724:(9,2,false,11,10,true,true,8,7,16,14,2,0,true,false,false,1,1,7,9,7,4,3)
2725:(9,2,false,11,10,true,true,8,7,16,14,2,0,true,false,false,1,1,7,10,8,3,5)
2726:(9,2,false,11,10,true,true,8,7,16,14,2,0,true,false,false,1,1,7,11,9,5,2)
2727:(9,2,false,11,10,true,true,8,7,16,14,2,0,true,false,false,1,2,7,10,8,15,4)
2728:(9,2,false,11,10,true,true,8,7,16,14,2,2,true,false,false,1,1,7,9,7,4,3)
2729:(9,2,false,11,10,true,true,8,7,16,14,2,2,true,false,false,1,1,7,10,8,3,5)
2730:(9,2,false,11,10,true,true,8,7,16,14,2,2,true,false,false,1,1,7,11,9,5,2)
2731:(9,2,false,11,10,true,true,8,7,16,14,2,2,true,false,false,1,2,7,10,8,15,4)
2732:(9,2,false,11,10,true,true,8,7,16,14,2,4,true,false,false,1,1,7,9,7,4,3)
2733:(9,2,false,11,10,true,true,8,7,16,14,2,4,true,false,false,1,1,7,10,8,3,5)
2734:(9,2,false,11,10,true,true,8,7,16,14,2,4,true,false,false,1,1,7,11,9,5,2)
2735:(9,2,false,11,10,true,true,8,7,16,14,2,4,true,false,false,1,2,7,10,8,15,4)
2736:(9,2,false,11,10,true,true,8,7,16,14,2,6,true,false,false,1,1,7,9,7,4,3)
2737:(9,2,false,11,10,true,true,8,7,16,14,2,6,true,false,false,1,1,7,10,8,3,5)
2738:(9,2,false,11,10,true,true,8,7,16,14,2,6,true,false,false,1,1,7,11,9,5,2)
2739:(9,2,false,11,10,true,true,8,7,16,14,2,6,true,false,false,1,2,7,10,8,15,4)
2740:(9,2,false,11,10,true,true,8,7,16,14,2,8,true,false,false,1,1,7,9,7,4,3)
2741:(9,2,false,11,10,true,true,8,7,16,14,2,8,true,false,false,1,1,7,10,8,3,5)
2742:(9,2,false,11,10,true,true,8,7,16,14,2,8,true,false,false,1,1,7,11,9,5,2)
2743:(9,2,false,11,10,true,true,8,7,16,14,2,8,true,false,false,1,2,7,10,8,15,4)
2744:(9,2,false,11,10,true,true,8,7,16,14,2,10,true,false,false,1,1,7,9,7,4,3)
2745:(9,2,false,11,10,true,true,8,7,16,14,2,10,true,false,false,1,1,7,10,8,3,5)
2746:(9,2,false,11,10,true,true,8,7,16,14,2,10,true,false,false,1,1,7,11,9,5,2)
2747:(9,2,false,11,10,true,true,8,7,16,14,2,10,true,false,false,1,2,7,10,8,15,4)
2748:(9,2,false,11,10,true,true,8,7,16,14,2,12,true,false,false,1,1,7,9,7,4,3)
2749:(9,2,false,11,10,true,true,8,7,16,14,2,12,true,false,false,1,1,7,10,8,3,5)
2750:(9,2,false,11,10,true,true,8,7,16,14,2,12,true,false,false,1,1,7,11,9,5,2)
2751:(9,2,false,11,10,true,true,8,7,16,14,2,12,true,false,false,1,2,7,10,8,15,4)
2752:(9,2,false,11,10,true,true,8,7,16,14,2,14,true,false,false,1,1,7,9,7,4,3)
2753:(9,2,false,11,10,true,true,8,7,16,14,2,14,true,false,false,1,1,7,10,8,3,5)
2754:(9,2,false,11,10,true,true,8,7,16,14,2,14,true,false,false,1,1,7,11,9,5,2)
2755:(9,2,false,11,10,true,true,8,7,16,14,2,14,true,false,false,1,2,7,10,8,15,4)
2756:(9,2,false,11,10,true,true,8,7,16,14,2,16,false,false,false,1,1,7,9,7,4,3)
2757:(9,2,false,11,10,true,true,8,7,16,14,2,16,false,false,false,1,1,7,10,8,3,5)
2758:(9,2,false,11,10,true,true,8,7,16,14,2,16,false,false,false,1,1,7,11,9,5,2)
2759:(9,2,false,11,10,true,true,8,7,16,14,2,16,false,false,false,1,2,7,10,8,15,4)
2760:(9,2,false,11,10,true,true,8,7,16,14,2,16,true,false,false,1,1,7,9,7,4,3)
2761:(9,2,false,11,10,true,true,8,7,16,14,2,16,true,false,false,1,1,7,10,8,3,5)
2762:(9,2,false,11,10,true,true,8,7,16,14,2,16,true,false,false,1,1,7,11,9,5,2)
2763:(9,2,false,11,10,true,true,8,7,16,14,2,16,true,false,false,1,2,7,10,8,15,4)
2764:(9,2,false,11,11,true,true,8,8,16,16,0,0,true,false,false,1,1,7,10,8,4,3)
2765:(9,2,false,11,11,true,true,8,8,16,16,0,0,true,false,false,1,1,8,10,0,4,3)
2766:(9,2,false,11,11,true,true,8,8,16,16,0,0,true,false,false,1,1,8,11,0,3,1)
2767:(9,2,false,11,11,true,true,8,8,16,16,0,2,true,false,false,1,1,7,10,8,4,3)
2768:(9,2,false,11,11,true,true,8,8,16,16,0,2,true,false,false,1,1,8,10,0,4,3)
2769:(9,2,false,11,11,true,true,8,8,16,16,0,2,true,false,false,1,1,8,11,0,3,1)
2770:(9,2,false,11,11,true,true,8,8,16,16,0,4,true,false,false,1,1,7,10,8,4,3)
2771:(9,2,false,11,11,true,true,8,8,16,16,0,4,true,false,false,1,1,8,10,0,4,3)
2772:(9,2,false,11,11,true,true,8,8,16,16,0,4,true,false,false,1,1,8,11,0,3,1)
2773:(9,2,false,11,11,true,true,8,8,16,16,0,6,true,false,false,1,1,7,10,8,4,3)
2774:(9,2,false,11,11,true,true,8,8,16,16,0,6,true,false,false,1,1,8,10,0,4,3)
2775:(9,2,false,11,11,true,true,8,8,16,16,0,6,true,false,false,1,1,8,11,0,3,1)
2776:(9,2,false,11,11,true,true,8,8,16,16,0,8,true,false,false,1,1,7,10,8,4,3)
2777:(9,2,false,11,11,true,true,8,8,16,16,0,8,true,false,false,1,1,8,10,0,4,3)
2778:(9,2,false,11,11,true,true,8,8,16,16,0,8,true,false,false,1,1,8,11,0,3,1)
2779:(9,2,false,11,11,true,true,8,8,16,16,0,10,true,false,false,1,1,7,10,8,4,3)
2780:(9,2,false,11,11,true,true,8,8,16,16,0,10,true,false,false,1,1,8,10,0,4,3)
2781:(9,2,false,11,11,true,true,8,8,16,16,0,10,true,false,false,1,1,8,11,0,3,1)
2782:(9,2,false,11,11,true,true,8,8,16,16,0,12,true,false,false,1,1,7,10,8,4,3)
2783:(9,2,false,11,11,true,true,8,8,16,16,0,12,true,false,false,1,1,8,10,0,4,3)
2784:(9,2,false,11,11,true,true,8,8,16,16,0,12,true,false,false,1,1,8,11,0,3,1)
2785:(9,2,false,11,11,true,true,8,8,16,16,0,14,true,false,false,1,1,7,10,8,4,3)
2786:(9,2,false,11,11,true,true,8,8,16,16,0,14,true,false,false,1,1,8,10,0,4,3)
2787:(9,2,false,11,11,true,true,8,8,16,16,0,14,true,false,false,1,1,8,11,0,3,1)
2788:(9,2,false,11,11,true,true,8,8,16,16,0,16,false,false,false,1,1,7,10,8,4,3)
2789:(9,2,false,11,11,true,true,8,8,16,16,0,16,false,false,false,1,1,8,10,0,4,3)
2790:(9,2,false,11,11,true,true,8,8,16,16,0,16,false,false,false,1,1,8,11,0,3,1)
2791:(9,2,false,11,11,true,true,8,8,16,16,0,16,true,false,false,1,1,7,10,8,4,3)
2792:(9,2,false,11,11,true,true,8,8,16,16,0,16,true,false,false,1,1,8,10,0,4,3)
2793:(9,2,false,11,11,true,true,8,8,16,16,0,16,true,false,false,1,1,8,11,0,3,1)
2794:(9,2,false,11,11,true,true,8,8,16,16,2,0,true,false,false,1,1,7,10,8,4,3)
2795:(9,2,false,11,11,true,true,8,8,16,16,2,0,true,false,false,1,1,8,10,0,4,3)
2796:(9,2,false,11,11,true,true,8,8,16,16,2,0,true,false,false,1,1,8,11,0,3,1)
2797:(9,2,false,11,11,true,true,8,8,16,16,2,2,true,false,false,1,1,7,10,8,4,3)
2798:(9,2,false,11,11,true,true,8,8,16,16,2,2,true,false,false,1,1,8,10,0,4,3)
2799:(9,2,false,11,11,true,true,8,8,16,16,2,2,true,false,false,1,1,8,11,0,3,1)
2800:(9,2,false,11,11,true,true,8,8,16,16,2,4,true,false,false,1,1,7,10,8,4,3)
2801:(9,2,false,11,11,true,true,8,8,16,16,2,4,true,false,false,1,1,8,10,0,4,3)
2802:(9,2,false,11,11,true,true,8,8,16,16,2,4,true,false,false,1,1,8,11,0,3,1)
2803:(9,2,false,11,11,true,true,8,8,16,16,2,6,true,false,false,1,1,7,10,8,4,3)
2804:(9,2,false,11,11,true,true,8,8,16,16,2,6,true,false,false,1,1,8,10,0,4,3)
2805:(9,2,false,11,11,true,true,8,8,16,16,2,6,true,false,false,1,1,8,11,0,3,1)
2806:(9,2,false,11,11,true,true,8,8,16,16,2,8,true,false,false,1,1,7,10,8,4,3)
2807:(9,2,false,11,11,true,true,8,8,16,16,2,8,true,false,false,1,1,8,10,0,4,3)
2808:(9,2,false,11,11,true,true,8,8,16,16,2,8,true,false,false,1,1,8,11,0,3,1)
2809:(9,2,false,11,11,true,true,8,8,16,16,2,10,true,false,false,1,1,7,10,8,4,3)
2810:(9,2,false,11,11,true,true,8,8,16,16,2,10,true,false,false,1,1,8,10,0,4,3)
2811:(9,2,false,11,11,true,true,8,8,16,16,2,10,true,false,false,1,1,8,11,0,3,1)
2812:(9,2,false,11,11,true,true,8,8,16,16,2,12,true,false,false,1,1,7,10,8,4,3)
2813:(9,2,false,11,11,true,true,8,8,16,16,2,12,true,false,false,1,1,8,10,0,4,3)
2814:(9,2,false,11,11,true,true,8,8,16,16,2,12,true,false,false,1,1,8,11,0,3,1)
2815:(9,2,false,11,11,true,true,8,8,16,16,2,14,true,false,false,1,1,7,10,8,4,3)
2816:(9,2,false,11,11,true,true,8,8,16,16,2,14,true,false,false,1,1,8,10,0,4,3)
2817:(9,2,false,11,11,true,true,8,8,16,16,2,14,true,false,false,1,1,8,11,0,3,1)
2818:(9,2,false,11,11,true,true,8,8,16,16,2,16,false,false,false,1,1,7,10,8,4,3)
2819:(9,2,false,11,11,true,true,8,8,16,16,2,16,false,false,false,1,1,8,10,0,4,3)
2820:(9,2,false,11,11,true,true,8,8,16,16,2,16,false,false,false,1,1,8,11,0,3,1)
2821:(9,2,false,11,11,true,true,8,8,16,16,2,16,true,false,false,1,1,7,10,8,4,3)
2822:(9,2,false,11,11,true,true,8,8,16,16,2,16,true,false,false,1,1,8,10,0,4,3)
2823:(9,2,false,11,11,true,true,8,8,16,16,2,16,true,false,false,1,1,8,11,0,3,1)
2824:(9,2,false,12,11,true,true,8,8,16,16,0,0,true,true,false,1,1,8,10,0,4,3)
2825:(9,2,false,12,11,true,true,8,8,16,16,0,0,true,true,false,1,1,8,11,0,3,1)
2826:(9,2,false,12,11,true,true,8,8,16,16,0,2,true,true,false,1,1,8,10,0,4,3)
2827:(9,2,false,12,11,true,true,8,8,16,16,0,2,true,true,false,1,1,8,11,0,3,1)
2828:(9,2,false,12,11,true,true,8,8,16,16,0,4,true,true,false,1,1,8,10,0,4,3)
2829:(9,2,false,12,11,true,true,8,8,16,16,0,4,true,true,false,1,1,8,11,0,3,1)
2830:(9,2,false,12,11,true,true,8,8,16,16,0,6,true,true,false,1,1,8,10,0,4,3)
2831:(9,2,false,12,11,true,true,8,8,16,16,0,6,true,true,false,1,1,8,11,0,3,1)
2832:(9,2,false,12,11,true,true,8,8,16,16,0,8,true,true,false,1,1,8,10,0,4,3)
2833:(9,2,false,12,11,true,true,8,8,16,16,0,8,true,true,false,1,1,8,11,0,3,1)
2834:(9,2,false,12,11,true,true,8,8,16,16,0,10,true,true,false,1,1,8,10,0,4,3)
2835:(9,2,false,12,11,true,true,8,8,16,16,0,10,true,true,false,1,1,8,11,0,3,1)
2836:(9,2,false,12,11,true,true,8,8,16,16,0,12,true,true,false,1,1,8,10,0,4,3)
2837:(9,2,false,12,11,true,true,8,8,16,16,0,12,true,true,false,1,1,8,11,0,3,1)
2838:(9,2,false,12,11,true,true,8,8,16,16,0,14,true,true,false,1,1,8,10,0,4,3)
2839:(9,2,false,12,11,true,true,8,8,16,16,0,14,true,true,false,1,1,8,11,0,3,1)
2840:(9,2,false,12,11,true,true,8,8,16,16,0,16,false,true,false,1,1,8,10,0,4,3)
2841:(9,2,false,12,11,true,true,8,8,16,16,0,16,false,true,false,1,1,8,11,0,3,1)
2842:(9,2,false,12,11,true,true,8,8,16,16,0,16,true,true,false,1,1,8,10,0,4,3)
2843:(9,2,false,12,11,true,true,8,8,16,16,0,16,true,true,false,1,1,8,11,0,3,1)
2844:(9,2,false,12,11,true,true,8,8,16,16,2,0,true,true,false,1,1,8,10,0,4,3)
2845:(9,2,false,12,11,true,true,8,8,16,16,2,0,true,true,false,1,1,8,11,0,3,1)
2846:(9,2,false,12,11,true,true,8,8,16,16,2,2,true,true,false,1,1,8,10,0,4,3)
2847:(9,2,false,12,11,true,true,8,8,16,16,2,2,true,true,false,1,1,8,11,0,3,1)
2848:(9,2,false,12,11,true,true,8,8,16,16,2,4,true,true,false,1,1,8,10,0,4,3)
2849:(9,2,false,12,11,true,true,8,8,16,16,2,4,true,true,false,1,1,8,11,0,3,1)
2850:(9,2,false,12,11,true,true,8,8,16,16,2,6,true,true,false,1,1,8,10,0,4,3)
2851:(9,2,false,12,11,true,true,8,8,16,16,2,6,true,true,false,1,1,8,11,0,3,1)
2852:(9,2,false,12,11,true,true,8,8,16,16,2,8,true,true,false,1,1,8,10,0,4,3)
2853:(9,2,false,12,11,true,true,8,8,16,16,2,8,true,true,false,1,1,8,11,0,3,1)
2854:(9,2,false,12,11,true,true,8,8,16,16,2,10,true,true,false,1,1,8,10,0,4,3)
2855:(9,2,false,12,11,true,true,8,8,16,16,2,10,true,true,false,1,1,8,11,0,3,1)
2856:(9,2,false,12,11,true,true,8,8,16,16,2,12,true,true,false,1,1,8,10,0,4,3)
2857:(9,2,false,12,11,true,true,8,8,16,16,2,12,true,true,false,1,1,8,11,0,3,1)
2858:(9,2,false,12,11,true,true,8,8,16,16,2,14,true,true,false,1,1,8,10,0,4,3)
2859:(9,2,false,12,11,true,true,8,8,16,16,2,14,true,true,false,1,1,8,11,0,3,1)
2860:(9,2,false,12,11,true,true,8,8,16,16,2,16,false,true,false,1,1,8,10,0,4,3)
2861:(9,2,false,12,11,true,true,8,8,16,16,2,16,false,true,false,1,1,8,11,0,3,1)
2862:(9,2,false,12,11,true,true,8,8,16,16,2,16,true,true,false,1,1,8,10,0,4,3)
2863:(9,2,false,12,11,true,true,8,8,16,16,2,16,true,true,false,1,1,8,11,0,3,1)
2864:(9,3,false,0,0,false,false,0,0,0,0,0,0,false,false,false,2,0,0,0,0,7,0)
2865:(9,3,false,1,0,false,false,0,0,0,0,0,0,false,false,false,2,0,0,0,0,7,0)
2866:(9,3,false,2,1,false,false,0,0,0,0,0,0,false,false,false,2,0,0,0,0,7,0)
2867:(9,3,false,3,2,true,false,0,0,0,0,0,0,false,false,false,2,0,0,0,0,7,0)
2868:(9,3,false,3,2,true,false,0,0,0,0,0,0,true,false,false,2,0,0,0,0,7,0)
2869:(9,3,false,3,3,true,true,0,0,0,0,0,0,false,false,false,2,0,0,0,0,7,0)
2870:(9,3,false,3,3,true,true,0,0,0,0,0,0,true,false,false,2,0,0,0,0,7,0)
2871:(9,3,false,5,4,true,true,2,1,4,2,2,0,true,false,false,2,0,0,0,0,7,0)
2872:(9,3,false,5,4,true,true,2,1,4,2,2,2,true,false,false,2,0,0,0,0,7,0)
2873:(9,3,false,5,4,true,true,2,1,4,2,2,4,false,false,false,2,0,0,0,0,7,0)
2874:(9,3,false,5,4,true,true,2,1,4,2,2,4,true,false,false,2,0,0,0,0,7,0)
2875:(9,3,false,5,5,true,true,2,2,4,4,0,0,true,false,false,2,0,0,0,0,7,0)
2876:(9,3,false,5,5,true,true,2,2,4,4,0,2,true,false,false,2,0,0,0,0,7,0)
2877:(9,3,false,5,5,true,true,2,2,4,4,0,4,false,false,false,2,0,0,0,0,7,0)
2878:(9,3,false,5,5,true,true,2,2,4,4,0,4,true,false,false,2,0,0,0,0,7,0)
2879:(9,3,false,5,5,true,true,2,2,4,4,2,0,true,false,false,2,0,0,0,0,7,0)
2880:(9,3,false,5,5,true,true,2,2,4,4,2,2,true,false,false,2,0,0,0,0,7,0)
2881:(9,3,false,5,5,true,true,2,2,4,4,2,4,false,false,false,2,0,0,0,0,7,0)
2882:(9,3,false,5,5,true,true,2,2,4,4,2,4,true,false,false,2,0,0,0,0,7,0)
2883:(9,3,false,7,6,true,true,4,3,8,6,2,0,true,false,false,2,0,0,0,0,7,0)
2884:(9,3,false,7,6,true,true,4,3,8,6,2,2,true,false,false,2,0,0,0,0,7,0)
2885:(9,3,false,7,6,true,true,4,3,8,6,2,4,true,false,false,2,0,0,0,0,7,0)
2886:(9,3,false,7,6,true,true,4,3,8,6,2,6,true,false,false,2,0,0,0,0,7,0)
2887:(9,3,false,7,6,true,true,4,3,8,6,2,8,false,false,false,2,0,0,0,0,7,0)
2888:(9,3,false,7,6,true,true,4,3,8,6,2,8,true,false,false,2,0,0,0,0,7,0)
2889:(9,3,false,7,7,true,true,4,4,8,8,0,0,true,false,false,2,0,0,0,0,7,0)
2890:(9,3,false,7,7,true,true,4,4,8,8,0,2,true,false,false,2,0,0,0,0,7,0)
2891:(9,3,false,7,7,true,true,4,4,8,8,0,4,true,false,false,2,0,0,0,0,7,0)
2892:(9,3,false,7,7,true,true,4,4,8,8,0,6,true,false,false,2,0,0,0,0,7,0)
2893:(9,3,false,7,7,true,true,4,4,8,8,0,8,false,false,false,2,0,0,0,0,7,0)
2894:(9,3,false,7,7,true,true,4,4,8,8,0,8,true,false,false,2,0,0,0,0,7,0)
2895:(9,3,false,7,7,true,true,4,4,8,8,2,0,true,false,false,2,0,0,0,0,7,0)
2896:(9,3,false,7,7,true,true,4,4,8,8,2,2,true,false,false,2,0,0,0,0,7,0)
2897:(9,3,false,7,7,true,true,4,4,8,8,2,4,true,false,false,2,0,0,0,0,7,0)
2898:(9,3,false,7,7,true,true,4,4,8,8,2,6,true,false,false,2,0,0,0,0,7,0)
2899:(9,3,false,7,7,true,true,4,4,8,8,2,8,false,false,false,2,0,0,0,0,7,0)
2900:(9,3,false,7,7,true,true,4,4,8,8,2,8,true,false,false,2,0,0,0,0,7,0)
2901:(9,3,false,9,8,true,true,6,5,12,10,2,0,true,false,false,2,0,0,0,0,7,0)
2902:(9,3,false,9,8,true,true,6,5,12,10,2,2,true,false,false,2,0,0,0,0,7,0)
2903:(9,3,false,9,8,true,true,6,5,12,10,2,4,true,false,false,2,0,0,0,0,7,0)
2904:(9,3,false,9,8,true,true,6,5,12,10,2,6,true,false,false,2,0,0,0,0,7,0)
2905:(9,3,false,9,8,true,true,6,5,12,10,2,8,true,false,false,2,0,0,0,0,7,0)
2906:(9,3,false,9,8,true,true,6,5,12,10,2,10,true,false,false,2,0,0,0,0,7,0)
2907:(9,3,false,9,8,true,true,6,5,12,10,2,12,false,false,false,2,0,0,0,0,7,0)
2908:(9,3,false,9,8,true,true,6,5,12,10,2,12,true,false,false,2,0,0,0,0,7,0)
2909:(9,3,false,9,9,true,true,6,6,12,12,0,0,true,false,false,2,0,0,0,0,7,0)
2910:(9,3,false,9,9,true,true,6,6,12,12,0,2,true,false,false,2,0,0,0,0,7,0)
2911:(9,3,false,9,9,true,true,6,6,12,12,0,4,true,false,false,2,0,0,0,0,7,0)
2912:(9,3,false,9,9,true,true,6,6,12,12,0,6,true,false,false,2,0,0,0,0,7,0)
2913:(9,3,false,9,9,true,true,6,6,12,12,0,8,true,false,false,2,0,0,0,0,7,0)
2914:(9,3,false,9,9,true,true,6,6,12,12,0,10,true,false,false,2,0,0,0,0,7,0)
2915:(9,3,false,9,9,true,true,6,6,12,12,0,12,false,false,false,2,0,0,0,0,7,0)
2916:(9,3,false,9,9,true,true,6,6,12,12,0,12,true,false,false,2,0,0,0,0,7,0)
2917:(9,3,false,9,9,true,true,6,6,12,12,2,0,true,false,false,2,0,0,0,0,7,0)
2918:(9,3,false,9,9,true,true,6,6,12,12,2,2,true,false,false,2,0,0,0,0,7,0)
2919:(9,3,false,9,9,true,true,6,6,12,12,2,4,true,false,false,2,0,0,0,0,7,0)
2920:(9,3,false,9,9,true,true,6,6,12,12,2,6,true,false,false,2,0,0,0,0,7,0)
2921:(9,3,false,9,9,true,true,6,6,12,12,2,8,true,false,false,2,0,0,0,0,7,0)
2922:(9,3,false,9,9,true,true,6,6,12,12,2,10,true,false,false,2,0,0,0,0,7,0)
2923:(9,3,false,9,9,true,true,6,6,12,12,2,12,false,false,false,2,0,0,0,0,7,0)
2924:(9,3,false,9,9,true,true,6,6,12,12,2,12,true,false,false,2,0,0,0,0,7,0)
2925:(9,3,false,11,10,true,true,8,7,16,14,2,0,true,false,false,2,0,0,0,0,7,0)
2926:(9,3,false,11,10,true,true,8,7,16,14,2,2,true,false,false,2,0,0,0,0,7,0)
2927:(9,3,false,11,10,true,true,8,7,16,14,2,4,true,false,false,2,0,0,0,0,7,0)
2928:(9,3,false,11,10,true,true,8,7,16,14,2,6,true,false,false,2,0,0,0,0,7,0)
2929:(9,3,false,11,10,true,true,8,7,16,14,2,8,true,false,false,2,0,0,0,0,7,0)
2930:(9,3,false,11,10,true,true,8,7,16,14,2,10,true,false,false,2,0,0,0,0,7,0)
2931:(9,3,false,11,10,true,true,8,7,16,14,2,12,true,false,false,2,0,0,0,0,7,0)
2932:(9,3,false,11,10,true,true,8,7,16,14,2,14,true,false,false,2,0,0,0,0,7,0)
2933:(9,3,false,11,10,true,true,8,7,16,14,2,16,false,false,false,2,0,0,0,0,7,0)
2934:(9,3,false,11,10,true,true,8,7,16,14,2,16,true,false,false,2,0,0,0,0,7,0)
2935:(9,3,false,12,11,true,true,8,8,16,16,0,0,true,true,false,2,0,0,0,0,7,0)
2936:(9,3,false,12,11,true,true,8,8,16,16,0,2,true,true,false,2,0,0,0,0,7,0)
2937:(9,3,false,12,11,true,true,8,8,16,16,0,4,true,true,false,2,0,0,0,0,7,0)
2938:(9,3,false,12,11,true,true,8,8,16,16,0,6,true,true,false,2,0,0,0,0,7,0)
2939:(9,3,false,12,11,true,true,8,8,16,16,0,8,true,true,false,2,0,0,0,0,7,0)
2940:(9,3,false,12,11,true,true,8,8,16,16,0,10,true,true,false,2,0,0,0,0,7,0)
2941:(9,3,false,12,11,true,true,8,8,16,16,0,12,true,true,false,2,0,0,0,0,7,0)
2942:(9,3,false,12,11,true,true,8,8,16,16,0,14,true,true,false,2,0,0,0,0,7,0)
2943:(9,3,false,12,11,true,true,8,8,16,16,0,16,false,true,false,2,0,0,0,0,7,0)
2944:(9,3,false,12,11,true,true,8,8,16,16,0,16,true,true,false,2,0,0,0,0,7,0)
2945:(9,3,false,12,11,true,true,8,8,16,16,2,0,true,true,false,2,0,0,0,0,7,0)
2946:(9,3,false,12,11,true,true,8,8,16,16,2,2,true,true,false,2,0,0,0,0,7,0)
2947:(9,3,false,12,11,true,true,8,8,16,16,2,4,true,true,false,2,0,0,0,0,7,0)
2948:(9,3,false,12,11,true,true,8,8,16,16,2,6,true,true,false,2,0,0,0,0,7,0)
2949:(9,3,false,12,11,true,true,8,8,16,16,2,8,true,true,false,2,0,0,0,0,7,0)
2950:(9,3,false,12,11,true,true,8,8,16,16,2,10,true,true,false,2,0,0,0,0,7,0)
2951:(9,3,false,12,11,true,true,8,8,16,16,2,12,true,true,false,2,0,0,0,0,7,0)
2952:(9,3,false,12,11,true,true,8,8,16,16,2,14,true,true,false,2,0,0,0,0,7,0)
2953:(9,3,false,12,11,true,true,8,8,16,16,2,16,false,true,false,2,0,0,0,0,7,0)
2954:(9,3,false,12,11,true,true,8,8,16,16,2,16,true,true,false,2,0,0,0,0,7,0)
