(phase,outcome,waiting,next_send_seq_h,next_recv_seq_h,honest_commit_sent,peer_commit_verified,sent_blocks_h,verified_blocks_peer,sent_honest,verified_peer,max_gap,adversary_verified_honest,adversary_skipped_verification,honest_confirm_sent,peer_confirm_verified,last_actor,last_direction,last_type,last_seq,last_block,last_event,reject_reason)
0:(0,0,false,0,0,false,false,0,0,0,0,0,0,false,false,false,0,0,0,0,0,0,0)
1:(1,0,false,0,0,false,false,0,0,0,0,0,0,false,false,false,1,1,1,0,0,1,0)
2:(1,0,true,0,0,false,false,0,0,0,0,0,0,false,false,false,2,2,2,0,0,6,0)
3:(2,0,false,0,1,false,false,0,0,0,0,0,0,false,false,false,2,2,2,0,0,2,0)
4:(3,0,false,1,1,false,false,0,0,0,0,0,0,false,false,false,1,1,3,0,0,1,0)
5:(3,0,true,1,1,false,false,0,0,0,0,0,0,false,false,false,2,0,0,0,0,6,0)
6:(4,0,false,1,1,false,false,0,0,0,0,0,0,false,false,false,2,0,0,0,0,2,0)
7:(4,0,true,1,1,false,false,0,0,0,0,0,0,false,false,false,2,2,4,1,0,6,0)
8:(5,0,false,1,2,false,false,0,0,0,0,0,0,false,false,false,2,2,4,1,0,2,0)
9:(6,0,false,2,2,false,false,0,0,0,0,0,0,false,false,false,1,1,5,1,0,1,0)
10:(6,0,false,2,3,false,true,0,0,0,0,0,0,false,false,false,2,2,6,2,0,2,0)
11:(6,0,false,3,2,true,false,0,0,0,0,0,0,false,false,false,1,1,6,2,0,1,0)
12:(6,0,false,3,2,true,false,0,0,0,0,0,0,true,false,false,1,1,6,2,0,1,0)
13:(6,0,false,3,3,true,true,0,0,0,0,0,0,false,false,false,1,1,6,2,0,1,0)
14:(6,0,false,3,3,true,true,0,0,0,0,0,0,false,false,false,2,2,6,2,0,2,0)
15:(6,0,false,3,3,true,true,0,0,0,0,0,0,true,false,false,1,1,6,2,0,1,0)
16:(6,0,false,3,3,true,true,0,0,0,0,0,0,true,false,false,2,2,6,2,0,2,0)
17:(6,0,true,3,2,true,false,0,0,0,0,0,0,false,false,false,2,2,6,2,0,6,0)
18:(6,0,true,3,2,true,false,0,0,0,0,0,0,true,false,false,2,2,6,2,0,6,0)
19:(7,0,false,3,3,true,true,0,0,0,0,0,0,false,false,false,0,0,0,0,0,9,0)
20:(7,0,false,3,3,true,true,0,0,0,0,0,0,true,false,false,0,0,0,0,0,9,0)
21:(7,0,false,3,4,true,true,0,1,0,2,0,0,false,false,false,2,2,7,3,1,2,0)
22:(7,0,false,3,4,true,true,0,1,0,2,0,0,true,false,false,2,2,7,3,1,2,0)
23:(7,0,false,3,5,true,true,0,2,0,4,0,0,false,false,false,2,2,7,4,2,2,0)
24:(7,0,false,3,5,true,true,0,2,0,4,0,0,true,false,false,2,2,7,4,2,2,0)
25:(7,0,false,3,6,true,true,0,3,0,6,0,0,false,false,false,2,2,7,5,3,2,0)
26:(7,0,false,3,6,true,true,0,3,0,6,0,0,true,false,false,2,2,7,5,3,2,0)
27:(7,0,false,3,7,true,true,0,4,0,8,0,0,false,false,false,2,2,7,6,4,2,0)
28:(7,0,false,3,7,true,true,0,4,0,8,0,0,true,false,false,2,2,7,6,4,2,0)
29:(7,0,false,4,3,true,true,1,0,2,0,2,0,true,false,false,1,1,7,3,1,11,0)
30:(7,0,false,4,3,true,true,1,0,2,0,2,0,true,false,false,1,1,7,3,1,14,0)
31:(7,0,false,4,3,true,true,1,0,2,0,2,2,false,false,false,1,1,7,3,1,10,0)
32:(7,0,false,4,3,true,true,1,0,2,0,2,2,false,false,false,1,1,7,3,1,14,0)
33:(7,0,false,4,3,true,true,1,0,2,0,2,2,true,false,false,1,1,7,3,1,10,0)
34:(7,0,false,4,3,true,true,1,0,2,0,2,2,true,false,false,1,1,7,3,1,14,0)
35:(7,0,false,4,4,true,true,1,1,2,2,0,0,true,false,false,1,1,7,3,1,11,0)
36:(7,0,false,4,4,true,true,1,1,2,2,0,0,true,false,false,1,1,7,3,1,14,0)
37:(7,0,false,4,4,true,true,1,1,2,2,0,2,false,false,false,1,1,7,3,1,10,0)
38:(7,0,false,4,4,true,true,1,1,2,2,0,2,false,false,false,1,1,7,3,1,14,0)
39:(7,0,false,4,4,true,true,1,1,2,2,0,2,true,false,false,1,1,7,3,1,10,0)
40:(7,0,false,4,4,true,true,1,1,2,2,0,2,true,false,false,1,1,7,3,1,14,0)
41:(7,0,false,4,4,true,true,1,1,2,2,2,0,true,false,false,1,1,7,3,1,14,0)
42:(7,0,false,4,4,true,true,1,1,2,2,2,0,true,false,false,2,2,7,3,1,2,0)
43:(7,0,false,4,4,true,true,1,1,2,2,2,2,false,false,false,1,1,7,3,1,14,0)
44:(7,0,false,4,4,true,true,1,1,2,2,2,2,false,false,false,2,2,7,3,1,2,0)
45:(7,0,false,4,4,true,true,1,1,2,2,2,2,true,false,false,1,1,7,3,1,14,0)
46:(7,0,false,4,4,true,true,1,1,2,2,2,2,true,false,false,2,2,7,3,1,2,0)
47:(7,0,false,4,5,true,true,1,2,2,4,0,0,true,false,false,1,1,7,3,1,11,0)
48:(7,0,false,4,5,true,true,1,2,2,4,0,0,true,false,false,1,1,7,3,1,14,0)
49:(7,0,false,4,5,true,true,1,2,2,4,0,0,true,false,false,2,2,7,4,2,2,0)
50:(7,0,false,4,5,true,true,1,2,2,4,0,2,false,false,false,1,1,7,3,1,10,0)
51:(7,0,false,4,5,true,true,1,2,2,4,0,2,false,false,false,1,1,7,3,1,14,0)
52:(7,0,false,4,5,true,true,1,2,2,4,0,2,false,false,false,2,2,7,4,2,2,0)
53:(7,0,false,4,5,true,true,1,2,2,4,0,2,true,false,false,1,1,7,3,1,10,0)
54:(7,0,false,4,5,true,true,1,2,2,4,0,2,true,false,false,1,1,7,3,1,14,0)
55:(7,0,false,4,5,true,true,1,2,2,4,0,2,true,false,false,2,2,7,4,2,2,0)
56:(7,0,false,4,5,true,true,1,2,2,4,2,0,true,false,false,1,1,7,3,1,14,0)
57:(7,0,false,4,5,true,true,1,2,2,4,2,0,true,false,false,2,2,7,4,2,2,0)
58:(7,0,false,4,5,true,true,1,2,2,4,2,2,false,false,false,1,1,7,3,1,14,0)
59:(7,0,false,4,5,true,true,1,2,2,4,2,2,false,false,false,2,2,7,4,2,2,0)
60:(7,0,false,4,5,true,true,1,2,2,4,2,2,true,false,false,1,1,7,3,1,14,0)
61:(7,0,false,4,5,true,true,1,2,2,4,2,2,true,false,false,2,2,7,4,2,2,0)
62:(7,0,false,4,6,true,true,1,3,2,6,0,0,true,false,false,1,1,7,3,1,11,0)
63:(7,0,false,4,6,true,true,1,3,2,6,0,0,true,false,false,1,1,7,3,1,14,0)
64:(7,0,false,4,6,true,true,1,3,2,6,0,0,true,false,false,2,2,7,5,3,2,0)
65:(7,0,false,4,6,true,true,1,3,2,6,0,2,false,false,false,1,1,7,3,1,10,0)
66:(7,0,false,4,6,true,true,1,3,2,6,0,2,false,false,false,1,1,7,3,1,14,0)
67:(7,0,false,4,6,true,true,1,3,2,6,0,2,false,false,false,2,2,7,5,3,2,0)
68:(7,0,false,4,6,true,true,1,3,2,6,0,2,true,false,false,1,1,7,3,1,10,0)
69:(7,0,false,4,6,true,true,1,3,2,6,0,2,true,false,false,1,1,7,3,1,14,0)
70:(7,0,false,4,6,true,true,1,3,2,6,0,2,true,false,false,2,2,7,5,3,2,0)
71:(7,0,false,4,6,true,true,1,3,2,6,2,0,true,false,false,1,1,7,3,1,14,0)
72:(7,0,false,4,6,true,true,1,3,2,6,2,0,true,false,false,2,2,7,5,3,2,0)
73:(7,0,false,4,6,true,true,1,3,2,6,2,2,false,false,false,1,1,7,3,1,14,0)
74:(7,0,false,4,6,true,true,1,3,2,6,2,2,false,false,false,2,2,7,5,3,2,0)
75:(7,0,false,4,6,true,true,1,3,2,6,2,2,true,false,false,1,1,7,3,1,14,0)
76:(7,0,false,4,6,true,true,1,3,2,6,2,2,true,false,false,2,2,7,5,3,2,0)
77:(7,0,false,4,7,true,true,1,4,2,8,0,0,true,false,false,1,1,7,3,1,11,0)
78:(7,0,false,4,7,true,true,1,4,2,8,0,0,true,false,false,1,1,7,3,1,14,0)
79:(7,0,false,4,7,true,true,1,4,2,8,0,0,true,false,false,2,2,7,6,4,2,0)
80:(7,0,false,4,7,true,true,1,4,2,8,0,2,false,false,false,1,1,7,3,1,10,0)
81:(7,0,false,4,7,true,true,1,4,2,8,0,2,false,false,false,1,1,7,3,1,14,0)
82:(7,0,false,4,7,true,true,1,4,2,8,0,2,false,false,false,2,2,7,6,4,2,0)
83:(7,0,false,4,7,true,true,1,4,2,8,0,2,true,false,false,1,1,7,3,1,10,0)
84:(7,0,false,4,7,true,true,1,4,2,8,0,2,true,false,false,1,1,7,3,1,14,0)
85:(7,0,false,4,7,true,true,1,4,2,8,0,2,true,false,false,2,2,7,6,4,2,0)
86:(7,0,false,4,7,true,true,1,4,2,8,2,0,true,false,false,1,1,7,3,1,14,0)
87:(7,0,false,4,7,true,true,1,4,2,8,2,0,true,false,false,2,2,7,6,4,2,0)
88:(7,0,false,4,7,true,true,1,4,2,8,2,2,false,false,false,1,1,7,3,1,14,0)
89:(7,0,false,4,7,true,true,1,4,2,8,2,2,false,false,false,2,2,7,6,4,2,0)
90:(7,0,false,4,7,true,true,1,4,2,8,2,2,true,false,false,1,1,7,3,1,14,0)
91:(7,0,false,4,7,true,true,1,4,2,8,2,2,true,false,false,2,2,7,6,4,2,0)
92:(7,0,false,5,3,true,true,2,0,4,0,4,0,true,false,false,1,1,7,4,2,13,0)
93:(7,0,false,5,3,true,true,2,0,4,0,4,0,true,false,false,1,1,7,4,2,14,0)
94:(7,0,false,5,3,true,true,2,0,4,0,4,2,false,false,false,1,1,7,4,2,13,0)
95:(7,0,false,5,3,true,true,2,0,4,0,4,2,false,false,false,1,1,7,4,2,14,0)
96:(7,0,false,5,3,true,true,2,0,4,0,4,2,true,false,false,1,1,7,4,2,13,0)
97:(7,0,false,5,3,true,true,2,0,4,0,4,2,true,false,false,1,1,7,4,2,14,0)
98:(7,0,false,5,4,true,true,2,1,4,2,4,0,true,false,false,1,1,7,4,2,14,0)
99:(7,0,false,5,4,true,true,2,1,4,2,4,0,true,false,false,2,2,7,3,1,2,0)
100:(7,0,false,5,4,true,true,2,1,4,2,4,2,false,false,false,1,1,7,4,2,14,0)
101:(7,0,false,5,4,true,true,2,1,4,2,4,2,false,false,false,2,2,7,3,1,2,0)
102:(7,0,false,5,4,true,true,2,1,4,2,4,2,true,false,false,1,1,7,4,2,14,0)
103:(7,0,false,5,4,true,true,2,1,4,2,4,2,true,false,false,2,2,7,3,1,2,0)
104:(7,0,false,5,5,true,true,2,2,4,4,0,0,true,false,false,1,1,7,4,2,11,0)
105:(7,0,false,5,5,true,true,2,2,4,4,0,0,true,false,false,1,1,7,4,2,14,0)
106:(7,0,false,5,5,true,true,2,2,4,4,0,2,true,false,false,1,1,7,4,2,10,0)
107:(7,0,false,5,5,true,true,2,2,4,4,0,2,true,false,false,1,1,7,4,2,11,0)
108:(7,0,false,5,5,true,true,2,2,4,4,0,2,true,false,false,1,1,7,4,2,14,0)
109:(7,0,false,5,5,true,true,2,2,4,4,0,4,false,false,false,1,1,7,4,2,10,0)
110:(7,0,false,5,5,true,true,2,2,4,4,0,4,false,false,false,1,1,7,4,2,14,0)
111:(7,0,false,5,5,true,true,2,2,4,4,0,4,true,false,false,1,1,7,4,2,10,0)
112:(7,0,false,5,5,true,true,2,2,4,4,0,4,true,false,false,1,1,7,4,2,14,0)
113:(7,0,false,5,5,true,true,2,2,4,4,2,0,true,false,false,1,1,7,4,2,11,0)
114:(7,0,false,5,5,true,true,2,2,4,4,2,0,true,false,false,1,1,7,4,2,14,0)
115:(7,0,false,5,5,true,true,2,2,4,4,2,2,true,false,false,1,1,7,4,2,10,0)
116:(7,0,false,5,5,true,true,2,2,4,4,2,2,true,false,false,1,1,7,4,2,11,0)
117:(7,0,false,5,5,true,true,2,2,4,4,2,2,true,false,false,1,1,7,4,2,14,0)
118:(7,0,false,5,5,true,true,2,2,4,4,2,4,false,false,false,1,1,7,4,2,10,0)
119:(7,0,false,5,5,true,true,2,2,4,4,2,4,false,false,false,1,1,7,4,2,14,0)
120:(7,0,false,5,5,true,true,2,2,4,4,2,4,true,false,false,1,1,7,4,2,10,0)
121:(7,0,false,5,5,true,true,2,2,4,4,2,4,true,false,false,1,1,7,4,2,14,0)
122:(7,0,false,5,5,true,true,2,2,4,4,4,0,true,false,false,1,1,7,4,2,14,0)
123:(7,0,false,5,5,true,true,2,2,4,4,4,0,true,false,false,2,2,7,4,2,2,0)
124:(7,0,false,5,5,true,true,2,2,4,4,4,2,false,false,false,1,1,7,4,2,14,0)
125:(7,0,false,5,5,true,true,2,2,4,4,4,2,false,false,false,2,2,7,4,2,2,0)
126:(7,0,false,5,5,true,true,2,2,4,4,4,2,true,false,false,1,1,7,4,2,14,0)
127:(7,0,false,5,5,true,true,2,2,4,4,4,2,true,false,false,2,2,7,4,2,2,0)
128:(7,0,false,5,6,true,true,2,3,4,6,0,0,true,false,false,1,1,7,4,2,11,0)
129:(7,0,false,5,6,true,true,2,3,4,6,0,0,true,false,false,1,1,7,4,2,14,0)
130:(7,0,false,5,6,true,true,2,3,4,6,0,0,true,false,false,2,2,7,5,3,2,0)
131:(7,0,false,5,6,true,true,2,3,4,6,0,2,true,false,false,1,1,7,4,2,10,0)
132:(7,0,false,5,6,true,true,2,3,4,6,0,2,true,false,false,1,1,7,4,2,11,0)
133:(7,0,false,5,6,true,true,2,3,4,6,0,2,true,false,false,1,1,7,4,2,14,0)
134:(7,0,false,5,6,true,true,2,3,4,6,0,2,true,false,false,2,2,7,5,3,2,0)
135:(7,0,false,5,6,true,true,2,3,4,6,0,4,false,false,false,1,1,7,4,2,10,0)
136:(7,0,false,5,6,true,true,2,3,4,6,0,4,false,false,false,1,1,7,4,2,14,0)
137:(7,0,false,5,6,true,true,2,3,4,6,0,4,false,false,false,2,2,7,5,3,2,0)
138:(7,0,false,5,6,true,true,2,3,4,6,0,4,true,false,false,1,1,7,4,2,10,0)
139:(7,0,false,5,6,true,true,2,3,4,6,0,4,true,false,false,1,1,7,4,2,14,0)
140:(7,0,false,5,6,true,true,2,3,4,6,0,4,true,false,false,2,2,7,5,3,2,0)
141:(7,0,false,5,6,true,true,2,3,4,6,2,0,true,false,false,1,1,7,4,2,11,0)
142:(7,0,false,5,6,true,true,2,3,4,6,2,0,true,false,false,1,1,7,4,2,14,0)
143:(7,0,false,5,6,true,true,2,3,4,6,2,0,true,false,false,2,2,7,5,3,2,0)
144:(7,0,false,5,6,true,true,2,3,4,6,2,2,true,false,false,1,1,7,4,2,10,0)
145:(7,0,false,5,6,true,true,2,3,4,6,2,2,true,false,false,1,1,7,4,2,11,0)
146:(7,0,false,5,6,true,true,2,3,4,6,2,2,true,false,false,1,1,7,4,2,14,0)
147:(7,0,false,5,6,true,true,2,3,4,6,2,2,true,false,false,2,2,7,5,3,2,0)
148:(7,0,false,5,6,true,true,2,3,4,6,2,4,false,false,false,1,1,7,4,2,10,0)
149:(7,0,false,5,6,true,true,2,3,4,6,2,4,false,false,false,1,1,7,4,2,14,0)
150:(7,0,false,5,6,true,true,2,3,4,6,2,4,false,false,false,2,2,7,5,3,2,0)
151:(7,0,false,5,6,true,true,2,3,4,6,2,4,true,false,false,1,1,7,4,2,10,0)
152:(7,0,false,5,6,true,true,2,3,4,6,2,4,true,false,false,1,1,7,4,2,14,0)
153:(7,0,false,5,6,true,true,2,3,4,6,2,4,true,false,false,2,2,7,5,3,2,0)
154:(7,0,false,5,6,true,true,2,3,4,6,4,0,true,false,false,1,1,7,4,2,14,0)
155:(7,0,false,5,6,true,true,2,3,4,6,4,0,true,false,false,2,2,7,5,3,2,0)
156:(7,0,false,5,6,true,true,2,3,4,6,4,2,false,false,false,1,1,7,4,2,14,0)
157:(7,0,false,5,6,true,true,2,3,4,6,4,2,false,false,false,2,2,7,5,3,2,0)
158:(7,0,false,5,6,true,true,2,3,4,6,4,2,true,false,false,1,1,7,4,2,14,0)
159:(7,0,false,5,6,true,true,2,3,4,6,4,2,true,false,false,2,2,7,5,3,2,0)
160:(7,0,false,5,7,true,true,2,4,4,8,0,0,true,false,false,1,1,7,4,2,11,0)
161:(7,0,false,5,7,true,true,2,4,4,8,0,0,true,false,false,1,1,7,4,2,14,0)
162:(7,0,false,5,7,true,true,2,4,4,8,0,0,true,false,false,2,2,7,6,4,2,0)
163:(7,0,false,5,7,true,true,2,4,4,8,0,2,true,false,false,1,1,7,4,2,10,0)
164:(7,0,false,5,7,true,true,2,4,4,8,0,2,true,false,false,1,1,7,4,2,11,0)
165:(7,0,false,5,7,true,true,2,4,4,8,0,2,true,false,false,1,1,7,4,2,14,0)
166:(7,0,false,5,7,true,true,2,4,4,8,0,2,true,false,false,2,2,7,6,4,2,0)
167:(7,0,false,5,7,true,true,2,4,4,8,0,4,false,false,false,1,1,7,4,2,10,0)
168:(7,0,false,5,7,true,true,2,4,4,8,0,4,false,false,false,1,1,7,4,2,14,0)
169:(7,0,false,5,7,true,true,2,4,4,8,0,4,false,false,false,2,2,7,6,4,2,0)
170:(7,0,false,5,7,true,true,2,4,4,8,0,4,true,false,false,1,1,7,4,2,10,0)
171:(7,0,false,5,7,true,true,2,4,4,8,0,4,true,false,false,1,1,7,4,2,14,0)
172:(7,0,false,5,7,true,true,2,4,4,8,0,4,true,false,false,2,2,7,6,4,2,0)
173:(7,0,false,5,7,true,true,2,4,4,8,2,0,true,false,false,1,1,7,4,2,11,0)
174:(7,0,false,5,7,true,true,2,4,4,8,2,0,true,false,false,1,1,7,4,2,14,0)
175:(7,0,false,5,7,true,true,2,4,4,8,2,0,true,false,false,2,2,7,6,4,2,0)
176:(7,0,false,5,7,true,true,2,4,4,8,2,2,true,false,false,1,1,7,4,2,10,0)
177:(7,0,false,5,7,true,true,2,4,4,8,2,2,true,false,false,1,1,7,4,2,11,0)
178:(7,0,false,5,7,true,true,2,4,4,8,2,2,true,false,false,1,1,7,4,2,14,0)
179:(7,0,false,5,7,true,true,2,4,4,8,2,2,true,false,false,2,2,7,6,4,2,0)
180:(7,0,false,5,7,true,true,2,4,4,8,2,4,false,false,false,1,1,7,4,2,10,0)
181:(7,0,false,5,7,true,true,2,4,4,8,2,4,false,false,false,1,1,7,4,2,14,0)
182:(7,0,false,5,7,true,true,2,4,4,8,2,4,false,false,false,2,2,7,6,4,2,0)
183:(7,0,false,5,7,true,true,2,4,4,8,2,4,true,false,false,1,1,7,4,2,10,0)
184:(7,0,false,5,7,true,true,2,4,4,8,2,4,true,false,false,1,1,7,4,2,14,0)
185:(7,0,false,5,7,true,true,2,4,4,8,2,4,true,false,false,2,2,7,6,4,2,0)
186:(7,0,false,5,7,true,true,2,4,4,8,4,0,true,false,false,1,1,7,4,2,14,0)
187:(7,0,false,5,7,true,true,2,4,4,8,4,0,true,false,false,2,2,7,6,4,2,0)
188:(7,0,false,5,7,true,true,2,4,4,8,4,2,false,false,false,1,1,7,4,2,14,0)
189:(7,0,false,5,7,true,true,2,4,4,8,4,2,false,false,false,2,2,7,6,4,2,0)
190:(7,0,false,5,7,true,true,2,4,4,8,4,2,true,false,false,1,1,7,4,2,14,0)
191:(7,0,false,5,7,true,true,2,4,4,8,4,2,true,false,false,2,2,7,6,4,2,0)
192:(7,0,false,6,3,true,true,3,0,6,0,6,0,true,false,false,1,1,7,5,3,13,0)
193:(7,0,false,6,3,true,true,3,0,6,0,6,0,true,false,false,1,1,7,5,3,14,0)
194:(7,0,false,6,3,true,true,3,0,6,0,6,2,false,false,false,1,1,7,5,3,13,0)
195:(7,0,false,6,3,true,true,3,0,6,0,6,2,false,false,false,1,1,7,5,3,14,0)
196:(7,0,false,6,3,true,true,3,0,6,0,6,2,true,false,false,1,1,7,5,3,13,0)
197:(7,0,false,6,3,true,true,3,0,6,0,6,2,true,false,false,1,1,7,5,3,14,0)
198:(7,0,false,6,4,true,true,3,1,6,2,4,0,true,false,false,1,1,7,5,3,13,0)
199:(7,0,false,6,4,true,true,3,1,6,2,4,0,true,false,false,1,1,7,5,3,14,0)
200:(7,0,false,6,4,true,true,3,1,6,2,4,2,false,false,false,1,1,7,5,3,13,0)
201:(7,0,false,6,4,true,true,3,1,6,2,4,2,false,false,false,1,1,7,5,3,14,0)
202:(7,0,false,6,4,true,true,3,1,6,2,4,2,true,false,false,1,1,7,5,3,13,0)
203:(7,0,false,6,4,true,true,3,1,6,2,4,2,true,false,false,1,1,7,5,3,14,0)
204:(7,0,false,6,4,true,true,3,1,6,2,6,0,true,false,false,1,1,7,5,3,14,0)
205:(7,0,false,6,4,true,true,3,1,6,2,6,0,true,false,false,2,2,7,3,1,2,0)
206:(7,0,false,6,4,true,true,3,1,6,2,6,2,false,false,false,1,1,7,5,3,14,0)
207:(7,0,false,6,4,true,true,3,1,6,2,6,2,false,false,false,2,2,7,3,1,2,0)
208:(7,0,false,6,4,true,true,3,1,6,2,6,2,true,false,false,1,1,7,5,3,14,0)
209:(7,0,false,6,4,true,true,3,1,6,2,6,2,true,false,false,2,2,7,3,1,2,0)
210:(7,0,false,6,5,true,true,3,2,6,4,2,0,true,false,false,1,1,7,5,3,11,0)
211:(7,0,false,6,5,true,true,3,2,6,4,2,0,true,false,false,1,1,7,5,3,14,0)
212:(7,0,false,6,5,true,true,3,2,6,4,2,2,true,false,false,1,1,7,5,3,10,0)
213:(7,0,false,6,5,true,true,3,2,6,4,2,2,true,false,false,1,1,7,5,3,11,0)
214:(7,0,false,6,5,true,true,3,2,6,4,2,2,true,false,false,1,1,7,5,3,14,0)
215:(7,0,false,6,5,true,true,3,2,6,4,2,4,true,false,false,1,1,7,5,3,10,0)
216:(7,0,false,6,5,true,true,3,2,6,4,2,4,true,false,false,1,1,7,5,3,11,0)
217:(7,0,false,6,5,true,true,3,2,6,4,2,4,true,false,false,1,1,7,5,3,14,0)
218:(7,0,false,6,5,true,true,3,2,6,4,2,6,false,false,false,1,1,7,5,3,10,0)
219:(7,0,false,6,5,true,true,3,2,6,4,2,6,false,false,false,1,1,7,5,3,14,0)
220:(7,0,false,6,5,true,true,3,2,6,4,2,6,true,false,false,1,1,7,5,3,10,0)
221:(7,0,false,6,5,true,true,3,2,6,4,2,6,true,false,false,1,1,7,5,3,14,0)
222:(7,0,false,6,5,true,true,3,2,6,4,4,0,true,false,false,1,1,7,5,3,11,0)
223:(7,0,false,6,5,true,true,3,2,6,4,4,0,true,false,false,1,1,7,5,3,14,0)
224:(7,0,false,6,5,true,true,3,2,6,4,4,0,true,false,false,2,2,7,4,2,2,0)
225:(7,0,false,6,5,true,true,3,2,6,4,4,2,false,false,false,1,1,7,5,3,14,0)
226:(7,0,false,6,5,true,true,3,2,6,4,4,2,false,false,false,2,2,7,4,2,2,0)
227:(7,0,false,6,5,true,true,3,2,6,4,4,2,true,false,false,1,1,7,5,3,10,0)
228:(7,0,false,6,5,true,true,3,2,6,4,4,2,true,false,false,1,1,7,5,3,11,0)
229:(7,0,false,6,5,true,true,3,2,6,4,4,2,true,false,false,1,1,7,5,3,14,0)
230:(7,0,false,6,5,true,true,3,2,6,4,4,2,true,false,false,2,2,7,4,2,2,0)
231:(7,0,false,6,5,true,true,3,2,6,4,4,4,false,false,false,1,1,7,5,3,10,0)
232:(7,0,false,6,5,true,true,3,2,6,4,4,4,false,false,false,1,1,7,5,3,14,0)
233:(7,0,false,6,5,true,true,3,2,6,4,4,4,true,false,false,1,1,7,5,3,10,0)
234:(7,0,false,6,5,true,true,3,2,6,4,4,4,true,false,false,1,1,7,5,3,14,0)
235:(7,0,false,6,5,true,true,3,2,6,4,6,0,true,false,false,1,1,7,5,3,14,0)
236:(7,0,false,6,5,true,true,3,2,6,4,6,0,true,false,false,2,2,7,4,2,2,0)
237:(7,0,false,6,5,true,true,3,2,6,4,6,2,false,false,false,1,1,7,5,3,14,0)
238:(7,0,false,6,5,true,true,3,2,6,4,6,2,false,false,false,2,2,7,4,2,2,0)
239:(7,0,false,6,5,true,true,3,2,6,4,6,2,true,false,false,1,1,7,5,3,14,0)
240:(7,0,false,6,5,true,true,3,2,6,4,6,2,true,false,false,2,2,7,4,2,2,0)
241:(7,0,false,6,6,true,true,3,3,6,6,0,0,true,false,false,1,1,7,5,3,11,0)
242:(7,0,false,6,6,true,true,3,3,6,6,0,0,true,false,false,1,1,7,5,3,14,0)
243:(7,0,false,6,6,true,true,3,3,6,6,0,2,true,false,false,1,1,7,5,3,10,0)
244:(7,0,false,6,6,true,true,3,3,6,6,0,2,true,false,false,1,1,7,5,3,11,0)
245:(7,0,false,6,6,true,true,3,3,6,6,0,2,true,false,false,1,1,7,5,3,14,0)
246:(7,0,false,6,6,true,true,3,3,6,6,0,4,true,false,false,1,1,7,5,3,10,0)
247:(7,0,false,6,6,true,true,3,3,6,6,0,4,true,false,false,1,1,7,5,3,11,0)
248:(7,0,false,6,6,true,true,3,3,6,6,0,4,true,false,false,1,1,7,5,3,14,0)
249:(7,0,false,6,6,true,true,3,3,6,6,0,6,false,false,false,1,1,7,5,3,10,0)
250:(7,0,false,6,6,true,true,3,3,6,6,0,6,false,false,false,1,1,7,5,3,14,0)
251:(7,0,false,6,6,true,true,3,3,6,6,0,6,true,false,false,1,1,7,5,3,10,0)
252:(7,0,false,6,6,true,true,3,3,6,6,0,6,true,false,false,1,1,7,5,3,14,0)
253:(7,0,false,6,6,true,true,3,3,6,6,2,0,true,false,false,1,1,7,5,3,11,0)
254:(7,0,false,6,6,true,true,3,3,6,6,2,0,true,false,false,1,1,7,5,3,14,0)
255:(7,0,false,6,6,true,true,3,3,6,6,2,0,true,false,false,2,2,7,5,3,2,0)
256:(7,0,false,6,6,true,true,3,3,6,6,2,2,true,false,false,1,1,7,5,3,10,0)
257:(7,0,false,6,6,true,true,3,3,6,6,2,2,true,false,false,1,1,7,5,3,11,0)
258:(7,0,false,6,6,true,true,3,3,6,6,2,2,true,false,false,1,1,7,5,3,14,0)
259:(7,0,false,6,6,true,true,3,3,6,6,2,2,true,false,false,2,2,7,5,3,2,0)
260:(7,0,false,6,6,true,true,3,3,6,6,2,4,true,false,false,1,1,7,5,3,10,0)
261:(7,0,false,6,6,true,true,3,3,6,6,2,4,true,false,false,1,1,7,5,3,11,0)
262:(7,0,false,6,6,true,true,3,3,6,6,2,4,true,false,false,1,1,7,5,3,14,0)
263:(7,0,false,6,6,true,true,3,3,6,6,2,4,true,false,false,2,2,7,5,3,2,0)
264:(7,0,false,6,6,true,true,3,3,6,6,2,6,false,false,false,1,1,7,5,3,10,0)
265:(7,0,false,6,6,true,true,3,3,6,6,2,6,false,false,false,1,1,7,5,3,14,0)
266:(7,0,false,6,6,true,true,3,3,6,6,2,6,false,false,false,2,2,7,5,3,2,0)
267:(7,0,false,6,6,true,true,3,3,6,6,2,6,true,false,false,1,1,7,5,3,10,0)
268:(7,0,false,6,6,true,true,3,3,6,6,2,6,true,false,false,1,1,7,5,3,14,0)
269:(7,0,false,6,6,true,true,3,3,6,6,2,6,true,false,false,2,2,7,5,3,2,0)
270:(7,0,false,6,6,true,true,3,3,6,6,4,0,true,false,false,1,1,7,5,3,11,0)
271:(7,0,false,6,6,true,true,3,3,6,6,4,0,true,false,false,1,1,7,5,3,14,0)
272:(7,0,false,6,6,true,true,3,3,6,6,4,0,true,false,false,2,2,7,5,3,2,0)
273:(7,0,false,6,6,true,true,3,3,6,6,4,2,false,false,false,1,1,7,5,3,14,0)
274:(7,0,false,6,6,true,true,3,3,6,6,4,2,false,false,false,2,2,7,5,3,2,0)
275:(7,0,false,6,6,true,true,3,3,6,6,4,2,true,false,false,1,1,7,5,3,10,0)
276:(7,0,false,6,6,true,true,3,3,6,6,4,2,true,false,false,1,1,7,5,3,11,0)
277:(7,0,false,6,6,true,true,3,3,6,6,4,2,true,false,false,1,1,7,5,3,14,0)
278:(7,0,false,6,6,true,true,3,3,6,6,4,2,true,false,false,2,2,7,5,3,2,0)
279:(7,0,false,6,6,true,true,3,3,6,6,4,4,false,false,false,1,1,7,5,3,10,0)
280:(7,0,false,6,6,true,true,3,3,6,6,4,4,false,false,false,1,1,7,5,3,14,0)
281:(7,0,false,6,6,true,true,3,3,6,6,4,4,false,false,false,2,2,7,5,3,2,0)
282:(7,0,false,6,6,true,true,3,3,6,6,4,4,true,false,false,1,1,7,5,3,10,0)
283:(7,0,false,6,6,true,true,3,3,6,6,4,4,true,false,false,1,1,7,5,3,14,0)
284:(7,0,false,6,6,true,true,3,3,6,6,4,4,true,false,false,2,2,7,5,3,2,0)
285:(7,0,false,6,6,true,true,3,3,6,6,6,0,true,false,false,1,1,7,5,3,14,0)
286:(7,0,false,6,6,true,true,3,3,6,6,6,0,true,false,false,2,2,7,5,3,2,0)
287:(7,0,false,6,6,true,true,3,3,6,6,6,2,false,false,false,1,1,7,5,3,14,0)
288:(7,0,false,6,6,true,true,3,3,6,6,6,2,false,false,false,2,2,7,5,3,2,0)
289:(7,0,false,6,6,true,true,3,3,6,6,6,2,true,false,false,1,1,7,5,3,14,0)
290:(7,0,false,6,6,true,true,3,3,6,6,6,2,true,false,false,2,2,7,5,3,2,0)
291:(7,0,false,6,7,true,true,3,4,6,8,0,0,true,false,false,1,1,7,5,3,11,0)
292:(7,0,false,6,7,true,true,3,4,6,8,0,0,true,false,false,1,1,7,5,3,14,0)
293:(7,0,false,6,7,true,true,3,4,6,8,0,0,true,false,false,2,2,7,6,4,2,0)
294:(7,0,false,6,7,true,true,3,4,6,8,0,2,true,false,false,1,1,7,5,3,10,0)
295:(7,0,false,6,7,true,true,3,4,6,8,0,2,true,false,false,1,1,7,5,3,11,0)
296:(7,0,false,6,7,true,true,3,4,6,8,0,2,true,false,false,1,1,7,5,3,14,0)
297:(7,0,false,6,7,true,true,3,4,6,8,0,2,true,false,false,2,2,7,6,4,2,0)
298:(7,0,false,6,7,true,true,3,4,6,8,0,4,true,false,false,1,1,7,5,3,10,0)
299:(7,0,false,6,7,true,true,3,4,6,8,0,4,true,false,false,1,1,7,5,3,11,0)
300:(7,0,false,6,7,true,true,3,4,6,8,0,4,true,false,false,1,1,7,5,3,14,0)
301:(7,0,false,6,7,true,true,3,4,6,8,0,4,true,false,false,2,2,7,6,4,2,0)
302:(7,0,false,6,7,true,true,3,4,6,8,0,6,false,false,false,1,1,7,5,3,10,0)
303:(7,0,false,6,7,true,true,3,4,6,8,0,6,false,false,false,1,1,7,5,3,14,0)
304:(7,0,false,6,7,true,true,3,4,6,8,0,6,false,false,false,2,2,7,6,4,2,0)
305:(7,0,false,6,7,true,true,3,4,6,8,0,6,true,false,false,1,1,7,5,3,10,0)
306:(7,0,false,6,7,true,true,3,4,6,8,0,6,true,false,false,1,1,7,5,3,14,0)
307:(7,0,false,6,7,true,true,3,4,6,8,0,6,true,false,false,2,2,7,6,4,2,0)
308:(7,0,false,6,7,true,true,3,4,6,8,2,0,true,false,false,1,1,7,5,3,11,0)
309:(7,0,false,6,7,true,true,3,4,6,8,2,0,true,false,false,1,1,7,5,3,14,0)
310:(7,0,false,6,7,true,true,3,4,6,8,2,0,true,false,false,2,2,7,6,4,2,0)
311:(7,0,false,6,7,true,true,3,4,6,8,2,2,true,false,false,1,1,7,5,3,10,0)
312:(7,0,false,6,7,true,true,3,4,6,8,2,2,true,false,false,1,1,7,5,3,11,0)
313:(7,0,false,6,7,true,true,3,4,6,8,2,2,true,false,false,1,1,7,5,3,14,0)
314:(7,0,false,6,7,true,true,3,4,6,8,2,2,true,false,false,2,2,7,6,4,2,0)
315:(7,0,false,6,7,true,true,3,4,6,8,2,4,true,false,false,1,1,7,5,3,10,0)
316:(7,0,false,6,7,true,true,3,4,6,8,2,4,true,false,false,1,1,7,5,3,11,0)
317:(7,0,false,6,7,true,true,3,4,6,8,2,4,true,false,false,1,1,7,5,3,14,0)
318:(7,0,false,6,7,true,true,3,4,6,8,2,4,true,false,false,2,2,7,6,4,2,0)
319:(7,0,false,6,7,true,true,3,4,6,8,2,6,false,false,false,1,1,7,5,3,10,0)
320:(7,0,false,6,7,true,true,3,4,6,8,2,6,false,false,false,1,1,7,5,3,14,0)
321:(7,0,false,6,7,true,true,3,4,6,8,2,6,false,false,false,2,2,7,6,4,2,0)
322:(7,0,false,6,7,true,true,3,4,6,8,2,6,true,false,false,1,1,7,5,3,10,0)
323:(7,0,false,6,7,true,true,3,4,6,8,2,6,true,false,false,1,1,7,5,3,14,0)
324:(7,0,false,6,7,true,true,3,4,6,8,2,6,true,false,false,2,2,7,6,4,2,0)
325:(7,0,false,6,7,true,true,3,4,6,8,4,0,true,false,false,1,1,7,5,3,11,0)
326:(7,0,false,6,7,true,true,3,4,6,8,4,0,true,false,false,1,1,7,5,3,14,0)
327:(7,0,false,6,7,true,true,3,4,6,8,4,0,true,false,false,2,2,7,6,4,2,0)
328:(7,0,false,6,7,true,true,3,4,6,8,4,2,false,false,false,1,1,7,5,3,14,0)
329:(7,0,false,6,7,true,true,3,4,6,8,4,2,false,false,false,2,2,7,6,4,2,0)
330:(7,0,false,6,7,true,true,3,4,6,8,4,2,true,false,false,1,1,7,5,3,10,0)
331:(7,0,false,6,7,true,true,3,4,6,8,4,2,true,false,false,1,1,7,5,3,11,0)
332:(7,0,false,6,7,true,true,3,4,6,8,4,2,true,false,false,1,1,7,5,3,14,0)
333:(7,0,false,6,7,true,true,3,4,6,8,4,2,true,false,false,2,2,7,6,4,2,0)
334:(7,0,false,6,7,true,true,3,4,6,8,4,4,false,false,false,1,1,7,5,3,10,0)
335:(7,0,false,6,7,true,true,3,4,6,8,4,4,false,false,false,1,1,7,5,3,14,0)
336:(7,0,false,6,7,true,true,3,4,6,8,4,4,false,false,false,2,2,7,6,4,2,0)
337:(7,0,false,6,7,true,true,3,4,6,8,4,4,true,false,false,1,1,7,5,3,10,0)
338:(7,0,false,6,7,true,true,3,4,6,8,4,4,true,false,false,1,1,7,5,3,14,0)
339:(7,0,false,6,7,true,true,3,4,6,8,4,4,true,false,false,2,2,7,6,4,2,0)
340:(7,0,false,6,7,true,true,3,4,6,8,6,0,true,false,false,1,1,7,5,3,14,0)
341:(7,0,false,6,7,true,true,3,4,6,8,6,0,true,false,false,2,2,7,6,4,2,0)
342:(7,0,false,6,7,true,true,3,4,6,8,6,2,false,false,false,1,1,7,5,3,14,0)
343:(7,0,false,6,7,true,true,3,4,6,8,6,2,false,false,false,2,2,7,6,4,2,0)
344:(7,0,false,6,7,true,true,3,4,6,8,6,2,true,false,false,1,1,7,5,3,14,0)
345:(7,0,false,6,7,true,true,3,4,6,8,6,2,true,false,false,2,2,7,6,4,2,0)
346:(7,0,false,7,3,true,true,4,0,8,0,8,0,true,false,false,1,1,7,6,4,13,0)
347:(7,0,false,7,3,true,true,4,0,8,0,8,0,true,false,false,1,1,7,6,4,14,0)
348:(7,0,false,7,3,true,true,4,0,8,0,8,2,false,false,false,1,1,7,6,4,13,0)
349:(7,0,false,7,3,true,true,4,0,8,0,8,2,false,false,false,1,1,7,6,4,14,0)
350:(7,0,false,7,3,true,true,4,0,8,0,8,2,true,false,false,1,1,7,6,4,13,0)
351:(7,0,false,7,3,true,true,4,0,8,0,8,2,true,false,false,1,1,7,6,4,14,0)
352:(7,0,false,7,4,true,true,4,1,8,2,6,0,true,false,false,1,1,7,6,4,13,0)
353:(7,0,false,7,4,true,true,4,1,8,2,6,0,true,false,false,1,1,7,6,4,14,0)
354:(7,0,false,7,4,true,true,4,1,8,2,6,2,false,false,false,1,1,7,6,4,13,0)
355:(7,0,false,7,4,true,true,4,1,8,2,6,2,false,false,false,1,1,7,6,4,14,0)
356:(7,0,false,7,4,true,true,4,1,8,2,6,2,true,false,false,1,1,7,6,4,13,0)
357:(7,0,false,7,4,true,true,4,1,8,2,6,2,true,false,false,1,1,7,6,4,14,0)
358:(7,0,false,7,4,true,true,4,1,8,2,8,0,true,false,false,1,1,7,6,4,14,0)
359:(7,0,false,7,4,true,true,4,1,8,2,8,0,true,false,false,2,2,7,3,1,2,0)
360:(7,0,false,7,4,true,true,4,1,8,2,8,2,false,false,false,1,1,7,6,4,14,0)
361:(7,0,false,7,4,true,true,4,1,8,2,8,2,false,false,false,2,2,7,3,1,2,0)
362:(7,0,false,7,4,true,true,4,1,8,2,8,2,true,false,false,1,1,7,6,4,14,0)
363:(7,0,false,7,4,true,true,4,1,8,2,8,2,true,false,false,2,2,7,3,1,2,0)
364:(7,0,false,7,5,true,true,4,2,8,4,4,0,true,false,false,1,1,7,6,4,13,0)
365:(7,0,false,7,5,true,true,4,2,8,4,4,0,true,false,false,1,1,7,6,4,14,0)
366:(7,0,false,7,5,true,true,4,2,8,4,4,2,false,false,false,1,1,7,6,4,13,0)
367:(7,0,false,7,5,true,true,4,2,8,4,4,2,false,false,false,1,1,7,6,4,14,0)
368:(7,0,false,7,5,true,true,4,2,8,4,4,2,true,false,false,1,1,7,6,4,13,0)
369:(7,0,false,7,5,true,true,4,2,8,4,4,2,true,false,false,1,1,7,6,4,14,0)
370:(7,0,false,7,5,true,true,4,2,8,4,4,4,false,false,false,1,1,7,6,4,13,0)
371:(7,0,false,7,5,true,true,4,2,8,4,4,4,false,false,false,1,1,7,6,4,14,0)
372:(7,0,false,7,5,true,true,4,2,8,4,4,4,true,false,false,1,1,7,6,4,13,0)
373:(7,0,false,7,5,true,true,4,2,8,4,4,4,true,false,false,1,1,7,6,4,14,0)
374:(7,0,false,7,5,true,true,4,2,8,4,4,6,false,false,false,1,1,7,6,4,13,0)
375:(7,0,false,7,5,true,true,4,2,8,4,4,6,false,false,false,1,1,7,6,4,14,0)
376:(7,0,false,7,5,true,true,4,2,8,4,4,6,true,false,false,1,1,7,6,4,13,0)
377:(7,0,false,7,5,true,true,4,2,8,4,4,6,true,false,false,1,1,7,6,4,14,0)
378:(7,0,false,7,5,true,true,4,2,8,4,6,0,true,false,false,1,1,7,6,4,13,0)
379:(7,0,false,7,5,true,true,4,2,8,4,6,0,true,false,false,1,1,7,6,4,14,0)
380:(7,0,false,7,5,true,true,4,2,8,4,6,0,true,false,false,2,2,7,4,2,2,0)
381:(7,0,false,7,5,true,true,4,2,8,4,6,2,false,false,false,1,1,7,6,4,13,0)
382:(7,0,false,7,5,true,true,4,2,8,4,6,2,false,false,false,1,1,7,6,4,14,0)
383:(7,0,false,7,5,true,true,4,2,8,4,6,2,false,false,false,2,2,7,4,2,2,0)
384:(7,0,false,7,5,true,true,4,2,8,4,6,2,true,false,false,1,1,7,6,4,13,0)
385:(7,0,false,7,5,true,true,4,2,8,4,6,2,true,false,false,1,1,7,6,4,14,0)
386:(7,0,false,7,5,true,true,4,2,8,4,6,2,true,false,false,2,2,7,4,2,2,0)
387:(7,0,false,7,5,true,true,4,2,8,4,8,0,true,false,false,1,1,7,6,4,14,0)
388:(7,0,false,7,5,true,true,4,2,8,4,8,0,true,false,false,2,2,7,4,2,2,0)
389:(7,0,false,7,5,true,true,4,2,8,4,8,2,false,false,false,1,1,7,6,4,14,0)
390:(7,0,false,7,5,true,true,4,2,8,4,8,2,false,false,false,2,2,7,4,2,2,0)
391:(7,0,false,7,5,true,true,4,2,8,4,8,2,true,false,false,1,1,7,6,4,14,0)
392:(7,0,false,7,5,true,true,4,2,8,4,8,2,true,false,false,2,2,7,4,2,2,0)
393:(7,0,false,7,6,true,true,4,3,8,6,4,0,true,false,false,1,1,7,6,4,14,0)
394:(7,0,false,7,6,true,true,4,3,8,6,4,0,true,false,false,2,2,7,5,3,2,0)
395:(7,0,false,7,6,true,true,4,3,8,6,4,2,false,false,false,1,1,7,6,4,14,0)
396:(7,0,false,7,6,true,true,4,3,8,6,4,2,false,false,false,2,2,7,5,3,2,0)
397:(7,0,false,7,6,true,true,4,3,8,6,4,2,true,false,false,1,1,7,6,4,14,0)
398:(7,0,false,7,6,true,true,4,3,8,6,4,2,true,false,false,2,2,7,5,3,2,0)
399:(7,0,false,7,6,true,true,4,3,8,6,4,4,false,false,false,1,1,7,6,4,14,0)
400:(7,0,false,7,6,true,true,4,3,8,6,4,4,false,false,false,2,2,7,5,3,2,0)
401:(7,0,false,7,6,true,true,4,3,8,6,4,4,true,false,false,1,1,7,6,4,14,0)
402:(7,0,false,7,6,true,true,4,3,8,6,4,4,true,false,false,2,2,7,5,3,2,0)
403:(7,0,false,7,6,true,true,4,3,8,6,4,6,false,false,false,1,1,7,6,4,14,0)
404:(7,0,false,7,6,true,true,4,3,8,6,4,6,false,false,false,2,2,7,5,3,2,0)
405:(7,0,false,7,6,true,true,4,3,8,6,4,6,true,false,false,1,1,7,6,4,14,0)
406:(7,0,false,7,6,true,true,4,3,8,6,4,6,true,false,false,2,2,7,5,3,2,0)
407:(7,0,false,7,6,true,true,4,3,8,6,6,0,true,false,false,1,1,7,6,4,14,0)
408:(7,0,false,7,6,true,true,4,3,8,6,6,0,true,false,false,2,2,7,5,3,2,0)
409:(7,0,false,7,6,true,true,4,3,8,6,6,2,false,false,false,1,1,7,6,4,14,0)
410:(7,0,false,7,6,true,true,4,3,8,6,6,2,false,false,false,2,2,7,5,3,2,0)
411:(7,0,false,7,6,true,true,4,3,8,6,6,2,true,false,false,1,1,7,6,4,14,0)
412:(7,0,false,7,6,true,true,4,3,8,6,6,2,true,false,false,2,2,7,5,3,2,0)
413:(7,0,false,7,6,true,true,4,3,8,6,8,0,true,false,false,1,1,7,6,4,14,0)
414:(7,0,false,7,6,true,true,4,3,8,6,8,0,true,false,false,2,2,7,5,3,2,0)
415:(7,0,false,7,6,true,true,4,3,8,6,8,2,false,false,false,1,1,7,6,4,14,0)
416:(7,0,false,7,6,true,true,4,3,8,6,8,2,false,false,false,2,2,7,5,3,2,0)
417:(7,0,false,7,6,true,true,4,3,8,6,8,2,true,false,false,1,1,7,6,4,14,0)
418:(7,0,false,7,6,true,true,4,3,8,6,8,2,true,false,false,2,2,7,5,3,2,0)
419:(7,0,false,7,7,true,true,4,4,8,8,0,0,true,false,false,1,1,7,6,4,11,0)
420:(7,0,false,7,7,true,true,4,4,8,8,0,0,true,false,false,1,1,7,6,4,14,0)
421:(7,0,false,7,7,true,true,4,4,8,8,0,2,true,false,false,1,1,7,6,4,10,0)
422:(7,0,false,7,7,true,true,4,4,8,8,0,2,true,false,false,1,1,7,6,4,11,0)
423:(7,0,false,7,7,true,true,4,4,8,8,0,2,true,false,false,1,1,7,6,4,14,0)
424:(7,0,false,7,7,true,true,4,4,8,8,0,4,true,false,false,1,1,7,6,4,10,0)
425:(7,0,false,7,7,true,true,4,4,8,8,0,4,true,false,false,1,1,7,6,4,11,0)
426:(7,0,false,7,7,true,true,4,4,8,8,0,4,true,false,false,1,1,7,6,4,14,0)
427:(7,0,false,7,7,true,true,4,4,8,8,0,6,true,false,false,1,1,7,6,4,10,0)
428:(7,0,false,7,7,true,true,4,4,8,8,0,6,true,false,false,1,1,7,6,4,11,0)
429:(7,0,false,7,7,true,true,4,4,8,8,0,6,true,false,false,1,1,7,6,4,14,0)
430:(7,0,false,7,7,true,true,4,4,8,8,0,8,false,false,false,1,1,7,6,4,10,0)
431:(7,0,false,7,7,true,true,4,4,8,8,0,8,false,false,false,1,1,7,6,4,14,0)
432:(7,0,false,7,7,true,true,4,4,8,8,0,8,true,false,false,1,1,7,6,4,10,0)
433:(7,0,false,7,7,true,true,4,4,8,8,0,8,true,false,false,1,1,7,6,4,14,0)
434:(7,0,false,7,7,true,true,4,4,8,8,2,0,true,false,false,1,1,7,6,4,11,0)
435:(7,0,false,7,7,true,true,4,4,8,8,2,0,true,false,false,1,1,7,6,4,14,0)
436:(7,0,false,7,7,true,true,4,4,8,8,2,2,true,false,false,1,1,7,6,4,10,0)
437:(7,0,false,7,7,true,true,4,4,8,8,2,2,true,false,false,1,1,7,6,4,11,0)
438:(7,0,false,7,7,true,true,4,4,8,8,2,2,true,false,false,1,1,7,6,4,14,0)
439:(7,0,false,7,7,true,true,4,4,8,8,2,4,true,false,false,1,1,7,6,4,10,0)
440:(7,0,false,7,7,true,true,4,4,8,8,2,4,true,false,false,1,1,7,6,4,11,0)
441:(7,0,false,7,7,true,true,4,4,8,8,2,4,true,false,false,1,1,7,6,4,14,0)
442:(7,0,false,7,7,true,true,4,4,8,8,2,6,true,false,false,1,1,7,6,4,10,0)
443:(7,0,false,7,7,true,true,4,4,8,8,2,6,true,false,false,1,1,7,6,4,11,0)
444:(7,0,false,7,7,true,true,4,4,8,8,2,6,true,false,false,1,1,7,6,4,14,0)
445:(7,0,false,7,7,true,true,4,4,8,8,2,8,false,false,false,1,1,7,6,4,10,0)
446:(7,0,false,7,7,true,true,4,4,8,8,2,8,false,false,false,1,1,7,6,4,14,0)
447:(7,0,false,7,7,true,true,4,4,8,8,2,8,true,false,false,1,1,7,6,4,10,0)
448:(7,0,false,7,7,true,true,4,4,8,8,2,8,true,false,false,1,1,7,6,4,14,0)
449:(7,0,false,7,7,true,true,4,4,8,8,4,0,true,false,false,1,1,7,6,4,11,0)
450:(7,0,false,7,7,true,true,4,4,8,8,4,0,true,false,false,1,1,7,6,4,14,0)
451:(7,0,false,7,7,true,true,4,4,8,8,4,0,true,false,false,2,2,7,6,4,2,0)
452:(7,0,false,7,7,true,true,4,4,8,8,4,2,false,false,false,1,1,7,6,4,14,0)
453:(7,0,false,7,7,true,true,4,4,8,8,4,2,false,false,false,2,2,7,6,4,2,0)
454:(7,0,false,7,7,true,true,4,4,8,8,4,2,true,false,false,1,1,7,6,4,10,0)
455:(7,0,false,7,7,true,true,4,4,8,8,4,2,true,false,false,1,1,7,6,4,11,0)
456:(7,0,false,7,7,true,true,4,4,8,8,4,2,true,false,false,1,1,7,6,4,14,0)
457:(7,0,false,7,7,true,true,4,4,8,8,4,2,true,false,false,2,2,7,6,4,2,0)
458:(7,0,false,7,7,true,true,4,4,8,8,4,4,false,false,false,1,1,7,6,4,10,0)
459:(7,0,false,7,7,true,true,4,4,8,8,4,4,false,false,false,1,1,7,6,4,14,0)
460:(7,0,false,7,7,true,true,4,4,8,8,4,4,false,false,false,2,2,7,6,4,2,0)
461:(7,0,false,7,7,true,true,4,4,8,8,4,4,true,false,false,1,1,7,6,4,10,0)
462:(7,0,false,7,7,true,true,4,4,8,8,4,4,true,false,false,1,1,7,6,4,11,0)
463:(7,0,false,7,7,true,true,4,4,8,8,4,4,true,false,false,1,1,7,6,4,14,0)
464:(7,0,false,7,7,true,true,4,4,8,8,4,4,true,false,false,2,2,7,6,4,2,0)
465:(7,0,false,7,7,true,true,4,4,8,8,4,6,false,false,false,1,1,7,6,4,10,0)
466:(7,0,false,7,7,true,true,4,4,8,8,4,6,false,false,false,1,1,7,6,4,14,0)
467:(7,0,false,7,7,true,true,4,4,8,8,4,6,false,false,false,2,2,7,6,4,2,0)
468:(7,0,false,7,7,true,true,4,4,8,8,4,6,true,false,false,1,1,7,6,4,10,0)
469:(7,0,false,7,7,true,true,4,4,8,8,4,6,true,false,false,1,1,7,6,4,14,0)
470:(7,0,false,7,7,true,true,4,4,8,8,4,6,true,false,false,2,2,7,6,4,2,0)
471:(7,0,false,7,7,true,true,4,4,8,8,6,0,true,false,false,1,1,7,6,4,11,0)
472:(7,0,false,7,7,true,true,4,4,8,8,6,0,true,false,false,1,1,7,6,4,14,0)
473:(7,0,false,7,7,true,true,4,4,8,8,6,0,true,false,false,2,2,7,6,4,2,0)
474:(7,0,false,7,7,true,true,4,4,8,8,6,2,false,false,false,1,1,7,6,4,14,0)
475:(7,0,false,7,7,true,true,4,4,8,8,6,2,false,false,false,2,2,7,6,4,2,0)
476:(7,0,false,7,7,true,true,4,4,8,8,6,2,true,false,false,1,1,7,6,4,10,0)
477:(7,0,false,7,7,true,true,4,4,8,8,6,2,true,false,false,1,1,7,6,4,11,0)
478:(7,0,false,7,7,true,true,4,4,8,8,6,2,true,false,false,1,1,7,6,4,14,0)
479:(7,0,false,7,7,true,true,4,4,8,8,6,2,true,false,false,2,2,7,6,4,2,0)
480:(7,0,false,7,7,true,true,4,4,8,8,6,4,false,false,false,1,1,7,6,4,10,0)
481:(7,0,false,7,7,true,true,4,4,8,8,6,4,false,false,false,1,1,7,6,4,14,0)
482:(7,0,false,7,7,true,true,4,4,8,8,6,4,true,false,false,1,1,7,6,4,10,0)
483:(7,0,false,7,7,true,true,4,4,8,8,6,4,true,false,false,1,1,7,6,4,14,0)
484:(7,0,false,7,7,true,true,4,4,8,8,8,0,true,false,false,1,1,7,6,4,14,0)
485:(7,0,false,7,7,true,true,4,4,8,8,8,0,true,false,false,2,2,7,6,4,2,0)
486:(7,0,false,7,7,true,true,4,4,8,8,8,2,false,false,false,1,1,7,6,4,14,0)
487:(7,0,false,7,7,true,true,4,4,8,8,8,2,false,false,false,2,2,7,6,4,2,0)
488:(7,0,false,7,7,true,true,4,4,8,8,8,2,true,false,false,1,1,7,6,4,14,0)
489:(7,0,false,7,7,true,true,4,4,8,8,8,2,true,false,false,2,2,7,6,4,2,0)
490:(7,0,true,4,3,true,true,1,0,2,0,2,0,true,false,false,2,2,7,3,1,6,0)
491:(7,0,true,4,3,true,true,1,0,2,0,2,2,false,false,false,2,2,7,3,1,6,0)
492:(7,0,true,4,3,true,true,1,0,2,0,2,2,true,false,false,2,2,7,3,1,6,0)
493:(7,0,true,4,4,true,true,1,1,2,2,0,0,true,false,false,2,2,7,4,2,6,0)
494:(7,0,true,4,4,true,true,1,1,2,2,0,2,false,false,false,2,2,7,4,2,6,0)
495:(7,0,true,4,4,true,true,1,1,2,2,0,2,true,false,false,2,2,7,4,2,6,0)
496:(7,0,true,4,4,true,true,1,1,2,2,2,0,true,false,false,2,2,7,4,2,6,0)
497:(7,0,true,4,4,true,true,1,1,2,2,2,2,false,false,false,2,2,7,4,2,6,0)
498:(7,0,true,4,4,true,true,1,1,2,2,2,2,true,false,false,2,2,7,4,2,6,0)
499:(7,0,true,5,3,true,true,2,0,4,0,4,0,true,false,false,2,2,7,3,1,6,0)
500:(7,0,true,5,3,true,true,2,0,4,0,4,2,false,false,false,2,2,7,3,1,6,0)
501:(7,0,true,5,3,true,true,2,0,4,0,4,2,true,false,false,2,2,7,3,1,6,0)
502:(7,0,true,5,4,true,true,2,1,4,2,4,0,true,false,false,2,2,7,4,2,6,0)
503:(7,0,true,5,4,true,true,2,1,4,2,4,2,false,false,false,2,2,7,4,2,6,0)
504:(7,0,true,5,4,true,true,2,1,4,2,4,2,true,false,false,2,2,7,4,2,6,0)
505:(7,0,true,6,3,true,true,3,0,6,0,6,0,true,false,false,2,2,7,3,1,6,0)
506:(7,0,true,6,3,true,true,3,0,6,0,6,2,false,false,false,2,2,7,3,1,6,0)
507:(7,0,true,6,3,true,true,3,0,6,0,6,2,true,false,false,2,2,7,3,1,6,0)
508:(7,0,true,6,4,true,true,3,1,6,2,4,0,true,false,false,2,2,7,4,2,6,0)
509:(7,0,true,6,4,true,true,3,1,6,2,4,2,false,false,false,2,2,7,4,2,6,0)
510:(7,0,true,6,4,true,true,3,1,6,2,4,2,true,false,false,2,2,7,4,2,6,0)
511:(7,0,true,6,4,true,true,3,1,6,2,6,0,true,false,false,2,2,7,4,2,6,0)
512:(7,0,true,6,4,true,true,3,1,6,2,6,2,false,false,false,2,2,7,4,2,6,0)
513:(7,0,true,6,4,true,true,3,1,6,2,6,2,true,false,false,2,2,7,4,2,6,0)
514:(7,0,true,6,5,true,true,3,2,6,4,2,0,true,false,false,2,2,7,5,3,6,0)
515:(7,0,true,6,5,true,true,3,2,6,4,2,2,true,false,false,2,2,7,5,3,6,0)
516:(7,0,true,6,5,true,true,3,2,6,4,2,4,true,false,false,2,2,7,5,3,6,0)
517:(7,0,true,6,5,true,true,3,2,6,4,2,6,false,false,false,2,2,7,5,3,6,0)
518:(7,0,true,6,5,true,true,3,2,6,4,2,6,true,false,false,2,2,7,5,3,6,0)
519:(7,0,true,6,5,true,true,3,2,6,4,4,0,true,false,false,2,2,7,5,3,6,0)
520:(7,0,true,6,5,true,true,3,2,6,4,4,2,false,false,false,2,2,7,5,3,6,0)
521:(7,0,true,6,5,true,true,3,2,6,4,4,2,true,false,false,2,2,7,5,3,6,0)
522:(7,0,true,6,5,true,true,3,2,6,4,4,4,false,false,false,2,2,7,5,3,6,0)
523:(7,0,true,6,5,true,true,3,2,6,4,4,4,true,false,false,2,2,7,5,3,6,0)
524:(7,0,true,6,5,true,true,3,2,6,4,6,0,true,false,false,2,2,7,5,3,6,0)
525:(7,0,true,6,5,true,true,3,2,6,4,6,2,false,false,false,2,2,7,5,3,6,0)
526:(7,0,true,6,5,true,true,3,2,6,4,6,2,true,false,false,2,2,7,5,3,6,0)
527:(7,0,true,6,6,true,true,3,3,6,6,0,0,true,false,false,2,2,7,6,4,6,0)
528:(7,0,true,6,6,true,true,3,3,6,6,0,2,true,false,false,2,2,7,6,4,6,0)
529:(7,0,true,6,6,true,true,3,3,6,6,0,4,true,false,false,2,2,7,6,4,6,0)
530:(7,0,true,6,6,true,true,3,3,6,6,0,6,false,false,false,2,2,7,6,4,6,0)
531:(7,0,true,6,6,true,true,3,3,6,6,0,6,true,false,false,2,2,7,6,4,6,0)
532:(7,0,true,6,6,true,true,3,3,6,6,2,0,true,false,false,2,2,7,6,4,6,0)
533:(7,0,true,6,6,true,true,3,3,6,6,2,2,true,false,false,2,2,7,6,4,6,0)
534:(7,0,true,6,6,true,true,3,3,6,6,2,4,true,false,false,2,2,7,6,4,6,0)
535:(7,0,true,6,6,true,true,3,3,6,6,2,6,false,false,false,2,2,7,6,4,6,0)
536:(7,0,true,6,6,true,true,3,3,6,6,2,6,true,false,false,2,2,7,6,4,6,0)
537:(7,0,true,6,6,true,true,3,3,6,6,4,0,true,false,false,2,2,7,6,4,6,0)
538:(7,0,true,6,6,true,true,3,3,6,6,4,2,false,false,false,2,2,7,6,4,6,0)
539:(7,0,true,6,6,true,true,3,3,6,6,4,2,true,false,false,2,2,7,6,4,6,0)
540:(7,0,true,6,6,true,true,3,3,6,6,4,4,false,false,false,2,2,7,6,4,6,0)
541:(7,0,true,6,6,true,true,3,3,6,6,4,4,true,false,false,2,2,7,6,4,6,0)
542:(7,0,true,6,6,true,true,3,3,6,6,6,0,true,false,false,2,2,7,6,4,6,0)
543:(7,0,true,6,6,true,true,3,3,6,6,6,2,false,false,false,2,2,7,6,4,6,0)
544:(7,0,true,6,6,true,true,3,3,6,6,6,2,true,false,false,2,2,7,6,4,6,0)
545:(7,0,true,7,3,true,true,4,0,8,0,8,0,true,false,false,2,2,7,3,1,6,0)
546:(7,0,true,7,3,true,true,4,0,8,0,8,2,false,false,false,2,2,7,3,1,6,0)
547:(7,0,true,7,3,true,true,4,0,8,0,8,2,true,false,false,2,2,7,3,1,6,0)
548:(7,0,true,7,4,true,true,4,1,8,2,6,0,true,false,false,2,2,7,4,2,6,0)
549:(7,0,true,7,4,true,true,4,1,8,2,6,2,false,false,false,2,2,7,4,2,6,0)
550:(7,0,true,7,4,true,true,4,1,8,2,6,2,true,false,false,2,2,7,4,2,6,0)
551:(7,0,true,7,4,true,true,4,1,8,2,8,0,true,false,false,2,2,7,4,2,6,0)
552:(7,0,true,7,4,true,true,4,1,8,2,8,2,false,false,false,2,2,7,4,2,6,0)
553:(7,0,true,7,4,true,true,4,1,8,2,8,2,true,false,false,2,2,7,4,2,6,0)
554:(7,0,true,7,5,true,true,4,2,8,4,4,0,true,false,false,2,2,7,5,3,6,0)
555:(7,0,true,7,5,true,true,4,2,8,4,4,2,false,false,false,2,2,7,5,3,6,0)
556:(7,0,true,7,5,true,true,4,2,8,4,4,2,true,false,false,2,2,7,5,3,6,0)
557:(7,0,true,7,5,true,true,4,2,8,4,4,4,false,false,false,2,2,7,5,3,6,0)
558:(7,0,true,7,5,true,true,4,2,8,4,4,4,true,false,false,2,2,7,5,3,6,0)
559:(7,0,true,7,5,true,true,4,2,8,4,4,6,false,false,false,2,2,7,5,3,6,0)
560:(7,0,true,7,5,true,true,4,2,8,4,4,6,true,false,false,2,2,7,5,3,6,0)
561:(7,0,true,7,5,true,true,4,2,8,4,6,0,true,false,false,2,2,7,5,3,6,0)
562:(7,0,true,7,5,true,true,4,2,8,4,6,2,false,false,false,2,2,7,5,3,6,0)
563:(7,0,true,7,5,true,true,4,2,8,4,6,2,true,false,false,2,2,7,5,3,6,0)
564:(7,0,true,7,5,true,true,4,2,8,4,8,0,true,false,false,2,2,7,5,3,6,0)
565:(7,0,true,7,5,true,true,4,2,8,4,8,2,false,false,false,2,2,7,5,3,6,0)
566:(7,0,true,7,5,true,true,4,2,8,4,8,2,true,false,false,2,2,7,5,3,6,0)
567:(7,0,true,7,6,true,true,4,3,8,6,4,0,true,false,false,2,2,7,6,4,6,0)
568:(7,0,true,7,6,true,true,4,3,8,6,4,2,false,false,false,2,2,7,6,4,6,0)
569:(7,0,true,7,6,true,true,4,3,8,6,4,2,true,false,false,2,2,7,6,4,6,0)
570:(7,0,true,7,6,true,true,4,3,8,6,4,4,false,false,false,2,2,7,6,4,6,0)
571:(7,0,true,7,6,true,true,4,3,8,6,4,4,true,false,false,2,2,7,6,4,6,0)
572:(7,0,true,7,6,true,true,4,3,8,6,4,6,false,false,false,2,2,7,6,4,6,0)
573:(7,0,true,7,6,true,true,4,3,8,6,4,6,true,false,false,2,2,7,6,4,6,0)
574:(7,0,true,7,6,true,true,4,3,8,6,6,0,true,false,false,2,2,7,6,4,6,0)
575:(7,0,true,7,6,true,true,4,3,8,6,6,2,false,false,false,2,2,7,6,4,6,0)
576:(7,0,true,7,6,true,true,4,3,8,6,6,2,true,false,false,2,2,7,6,4,6,0)
577:(7,0,true,7,6,true,true,4,3,8,6,8,0,true,false,false,2,2,7,6,4,6,0)
578:(7,0,true,7,6,true,true,4,3,8,6,8,2,false,false,false,2,2,7,6,4,6,0)
579:(7,0,true,7,6,true,true,4,3,8,6,8,2,true,false,false,2,2,7,6,4,6,0)
580:(8,0,false,7,7,true,true,4,4,8,8,0,0,true,false,false,0,0,0,0,0,2,0)
581:(8,0,false,7,7,true,true,4,4,8,8,0,2,true,false,false,0,0,0,0,0,2,0)
582:(8,0,false,7,7,true,true,4,4,8,8,0,4,true,false,false,0,0,0,0,0,2,0)
583:(8,0,false,7,7,true,true,4,4,8,8,0,6,true,false,false,0,0,0,0,0,2,0)
584:(8,0,false,7,7,true,true,4,4,8,8,0,8,false,false,false,0,0,0,0,0,2,0)
585:(8,0,false,7,7,true,true,4,4,8,8,0,8,true,false,false,0,0,0,0,0,2,0)
586:(8,0,false,7,7,true,true,4,4,8,8,2,0,true,false,false,0,0,0,0,0,2,0)
587:(8,0,false,7,7,true,true,4,4,8,8,2,2,true,false,false,0,0,0,0,0,2,0)
588:(8,0,false,7,7,true,true,4,4,8,8,2,4,true,false,false,0,0,0,0,0,2,0)
589:(8,0,false,7,7,true,true,4,4,8,8,2,6,true,false,false,0,0,0,0,0,2,0)
590:(8,0,false,7,7,true,true,4,4,8,8,2,8,false,false,false,0,0,0,0,0,2,0)
591:(8,0,false,7,7,true,true,4,4,8,8,2,8,true,false,false,0,0,0,0,0,2,0)
592:(8,0,false,7,7,true,true,4,4,8,8,4,0,true,false,false,0,0,0,0,0,2,0)
593:(8,0,false,7,7,true,true,4,4,8,8,4,2,false,false,false,0,0,0,0,0,2,0)
594:(8,0,false,7,7,true,true,4,4,8,8,4,2,true,false,false,0,0,0,0,0,2,0)
595:(8,0,false,7,7,true,true,4,4,8,8,4,4,false,false,false,0,0,0,0,0,2,0)
596:(8,0,false,7,7,true,true,4,4,8,8,4,4,true,false,false,0,0,0,0,0,2,0)
597:(8,0,false,7,7,true,true,4,4,8,8,4,6,false,false,false,0,0,0,0,0,2,0)
598:(8,0,false,7,7,true,true,4,4,8,8,4,6,true,false,false,0,0,0,0,0,2,0)
599:(8,0,false,7,7,true,true,4,4,8,8,6,0,true,false,false,0,0,0,0,0,2,0)
600:(8,0,false,7,7,true,true,4,4,8,8,6,2,false,false,false,0,0,0,0,0,2,0)
601:(8,0,false,7,7,true,true,4,4,8,8,6,2,true,false,false,0,0,0,0,0,2,0)
602:(8,0,false,7,7,true,true,4,4,8,8,6,4,false,false,false,0,0,0,0,0,2,0)
603:(8,0,false,7,7,true,true,4,4,8,8,6,4,true,false,false,0,0,0,0,0,2,0)
604:(8,0,false,7,7,true,true,4,4,8,8,8,0,true,false,false,0,0,0,0,0,2,0)
605:(8,0,false,7,7,true,true,4,4,8,8,8,2,false,false,false,0,0,0,0,0,2,0)
606:(8,0,false,7,7,true,true,4,4,8,8,8,2,true,false,false,0,0,0,0,0,2,0)
607:(8,0,false,7,8,true,true,4,4,8,8,0,0,true,false,true,2,2,8,7,0,2,0)
608:(8,0,false,7,8,true,true,4,4,8,8,0,2,true,false,true,2,2,8,7,0,2,0)
609:(8,0,false,7,8,true,true,4,4,8,8,0,4,true,false,true,2,2,8,7,0,2,0)
610:(8,0,false,7,8,true,true,4,4,8,8,0,6,true,false,true,2,2,8,7,0,2,0)
611:(8,0,false,7,8,true,true,4,4,8,8,0,8,false,false,true,2,2,8,7,0,2,0)
612:(8,0,false,7,8,true,true,4,4,8,8,0,8,true,false,true,2,2,8,7,0,2,0)
613:(8,0,false,7,8,true,true,4,4,8,8,2,0,true,false,true,2,2,8,7,0,2,0)
614:(8,0,false,7,8,true,true,4,4,8,8,2,2,true,false,true,2,2,8,7,0,2,0)
615:(8,0,false,7,8,true,true,4,4,8,8,2,4,true,false,true,2,2,8,7,0,2,0)
616:(8,0,false,7,8,true,true,4,4,8,8,2,6,true,false,true,2,2,8,7,0,2,0)
617:(8,0,false,7,8,true,true,4,4,8,8,2,8,false,false,true,2,2,8,7,0,2,0)
618:(8,0,false,7,8,true,true,4,4,8,8,2,8,true,false,true,2,2,8,7,0,2,0)
619:(8,0,false,7,8,true,true,4,4,8,8,4,0,true,false,true,2,2,8,7,0,2,0)
620:(8,0,false,7,8,true,true,4,4,8,8,4,2,false,false,true,2,2,8,7,0,2,0)
621:(8,0,false,7,8,true,true,4,4,8,8,4,2,true,false,true,2,2,8,7,0,2,0)
622:(8,0,false,7,8,true,true,4,4,8,8,4,4,false,false,true,2,2,8,7,0,2,0)
623:(8,0,false,7,8,true,true,4,4,8,8,4,4,true,false,true,2,2,8,7,0,2,0)
624:(8,0,false,7,8,true,true,4,4,8,8,4,6,false,false,true,2,2,8,7,0,2,0)
625:(8,0,false,7,8,true,true,4,4,8,8,4,6,true,false,true,2,2,8,7,0,2,0)
626:(8,0,false,7,8,true,true,4,4,8,8,6,0,true,false,true,2,2,8,7,0,2,0)
627:(8,0,false,7,8,true,true,4,4,8,8,6,2,false,false,true,2,2,8,7,0,2,0)
628:(8,0,false,7,8,true,true,4,4,8,8,6,2,true,false,true,2,2,8,7,0,2,0)
629:(8,0,false,7,8,true,true,4,4,8,8,6,4,false,false,true,2,2,8,7,0,2,0)
630:(8,0,false,7,8,true,true,4,4,8,8,6,4,true,false,true,2,2,8,7,0,2,0)
631:(8,0,false,7,8,true,true,4,4,8,8,8,0,true,false,true,2,2,8,7,0,2,0)
632:(8,0,false,7,8,true,true,4,4,8,8,8,2,false,false,true,2,2,8,7,0,2,0)
633:(8,0,false,7,8,true,true,4,4,8,8,8,2,true,false,true,2,2,8,7,0,2,0)
634:(8,0,false,8,7,true,true,4,4,8,8,0,0,true,true,false,1,1,8,7,0,1,0)
635:(8,0,false,8,7,true,true,4,4,8,8,0,2,true,true,false,1,1,8,7,0,1,0)
636:(8,0,false,8,7,true,true,4,4,8,8,0,4,true,true,false,1,1,8,7,0,1,0)
637:(8,0,false,8,7,true,true,4,4,8,8,0,6,true,true,false,1,1,8,7,0,1,0)
638:(8,0,false,8,7,true,true,4,4,8,8,0,8,false,true,false,1,1,8,7,0,1,0)
639:(8,0,false,8,7,true,true,4,4,8,8,0,8,true,true,false,1,1,8,7,0,1,0)
640:(8,0,false,8,7,true,true,4,4,8,8,2,0,true,true,false,1,1,8,7,0,1,0)
641:(8,0,false,8,7,true,true,4,4,8,8,2,2,true,true,false,1,1,8,7,0,1,0)
642:(8,0,false,8,7,true,true,4,4,8,8,2,4,true,true,false,1,1,8,7,0,1,0)
643:(8,0,false,8,7,true,true,4,4,8,8,2,6,true,true,false,1,1,8,7,0,1,0)
644:(8,0,false,8,7,true,true,4,4,8,8,2,8,false,true,false,1,1,8,7,0,1,0)
645:(8,0,false,8,7,true,true,4,4,8,8,2,8,true,true,false,1,1,8,7,0,1,0)
646:(8,0,false,8,7,true,true,4,4,8,8,4,0,true,true,false,1,1,8,7,0,1,0)
647:(8,0,false,8,7,true,true,4,4,8,8,4,2,false,true,false,1,1,8,7,0,1,0)
648:(8,0,false,8,7,true,true,4,4,8,8,4,2,true,true,false,1,1,8,7,0,1,0)
649:(8,0,false,8,7,true,true,4,4,8,8,4,4,false,true,false,1,1,8,7,0,1,0)
650:(8,0,false,8,7,true,true,4,4,8,8,4,4,true,true,false,1,1,8,7,0,1,0)
651:(8,0,false,8,7,true,true,4,4,8,8,4,6,false,true,false,1,1,8,7,0,1,0)
652:(8,0,false,8,7,true,true,4,4,8,8,4,6,true,true,false,1,1,8,7,0,1,0)
653:(8,0,false,8,7,true,true,4,4,8,8,6,0,true,true,false,1,1,8,7,0,1,0)
654:(8,0,false,8,7,true,true,4,4,8,8,6,2,false,true,false,1,1,8,7,0,1,0)
655:(8,0,false,8,7,true,true,4,4,8,8,6,2,true,true,false,1,1,8,7,0,1,0)
656:(8,0,false,8,7,true,true,4,4,8,8,6,4,false,true,false,1,1,8,7,0,1,0)
657:(8,0,false,8,7,true,true,4,4,8,8,6,4,true,true,false,1,1,8,7,0,1,0)
658:(8,0,false,8,7,true,true,4,4,8,8,8,0,true,true,false,1,1,8,7,0,1,0)
659:(8,0,false,8,7,true,true,4,4,8,8,8,2,false,true,false,1,1,8,7,0,1,0)
660:(8,0,false,8,7,true,true,4,4,8,8,8,2,true,true,false,1,1,8,7,0,1,0)
661:(8,0,false,8,8,true,true,4,4,8,8,0,0,true,true,true,1,1,8,7,0,1,0)
662:(8,0,false,8,8,true,true,4,4,8,8,0,0,true,true,true,2,2,8,7,0,2,0)
663:(8,0,false,8,8,true,true,4,4,8,8,0,2,true,true,true,1,1,8,7,0,1,0)
664:(8,0,false,8,8,true,true,4,4,8,8,0,2,true,true,true,2,2,8,7,0,2,0)
665:(8,0,false,8,8,true,true,4,4,8,8,0,4,true,true,true,1,1,8,7,0,1,0)
666:(8,0,false,8,8,true,true,4,4,8,8,0,4,true,true,true,2,2,8,7,0,2,0)
667:(8,0,false,8,8,true,true,4,4,8,8,0,6,true,true,true,1,1,8,7,0,1,0)
668:(8,0,false,8,8,true,true,4,4,8,8,0,6,true,true,true,2,2,8,7,0,2,0)
669:(8,0,false,8,8,true,true,4,4,8,8,0,8,false,true,true,1,1,8,7,0,1,0)
670:(8,0,false,8,8,true,true,4,4,8,8,0,8,false,true,true,2,2,8,7,0,2,0)
671:(8,0,false,8,8,true,true,4,4,8,8,0,8,true,true,true,1,1,8,7,0,1,0)
672:(8,0,false,8,8,true,true,4,4,8,8,0,8,true,true,true,2,2,8,7,0,2,0)
673:(8,0,false,8,8,true,true,4,4,8,8,2,0,true,true,true,1,1,8,7,0,1,0)
674:(8,0,false,8,8,true,true,4,4,8,8,2,0,true,true,true,2,2,8,7,0,2,0)
675:(8,0,false,8,8,true,true,4,4,8,8,2,2,true,true,true,1,1,8,7,0,1,0)
676:(8,0,false,8,8,true,true,4,4,8,8,2,2,true,true,true,2,2,8,7,0,2,0)
677:(8,0,false,8,8,true,true,4,4,8,8,2,4,true,true,true,1,1,8,7,0,1,0)
678:(8,0,false,8,8,true,true,4,4,8,8,2,4,true,true,true,2,2,8,7,0,2,0)
679:(8,0,false,8,8,true,true,4,4,8,8,2,6,true,true,true,1,1,8,7,0,1,0)
680:(8,0,false,8,8,true,true,4,4,8,8,2,6,true,true,true,2,2,8,7,0,2,0)
681:(8,0,false,8,8,true,true,4,4,8,8,2,8,false,true,true,1,1,8,7,0,1,0)
682:(8,0,false,8,8,true,true,4,4,8,8,2,8,false,true,true,2,2,8,7,0,2,0)
683:(8,0,false,8,8,true,true,4,4,8,8,2,8,true,true,true,1,1,8,7,0,1,0)
684:(8,0,false,8,8,true,true,4,4,8,8,2,8,true,true,true,2,2,8,7,0,2,0)
685:(8,0,false,8,8,true,true,4,4,8,8,4,0,true,true,true,1,1,8,7,0,1,0)
686:(8,0,false,8,8,true,true,4,4,8,8,4,0,true,true,true,2,2,8,7,0,2,0)
687:(8,0,false,8,8,true,true,4,4,8,8,4,2,false,true,true,1,1,8,7,0,1,0)
688:(8,0,false,8,8,true,true,4,4,8,8,4,2,false,true,true,2,2,8,7,0,2,0)
689:(8,0,false,8,8,true,true,4,4,8,8,4,2,true,true,true,1,1,8,7,0,1,0)
690:(8,0,false,8,8,true,true,4,4,8,8,4,2,true,true,true,2,2,8,7,0,2,0)
691:(8,0,false,8,8,true,true,4,4,8,8,4,4,false,true,true,1,1,8,7,0,1,0)
692:(8,0,false,8,8,true,true,4,4,8,8,4,4,false,true,true,2,2,8,7,0,2,0)
693:(8,0,false,8,8,true,true,4,4,8,8,4,4,true,true,true,1,1,8,7,0,1,0)
694:(8,0,false,8,8,true,true,4,4,8,8,4,4,true,true,true,2,2,8,7,0,2,0)
695:(8,0,false,8,8,true,true,4,4,8,8,4,6,false,true,true,1,1,8,7,0,1,0)
696:(8,0,false,8,8,true,true,4,4,8,8,4,6,false,true,true,2,2,8,7,0,2,0)
697:(8,0,false,8,8,true,true,4,4,8,8,4,6,true,true,true,1,1,8,7,0,1,0)
698:(8,0,false,8,8,true,true,4,4,8,8,4,6,true,true,true,2,2,8,7,0,2,0)
699:(8,0,false,8,8,true,true,4,4,8,8,6,0,true,true,true,1,1,8,7,0,1,0)
700:(8,0,false,8,8,true,true,4,4,8,8,6,0,true,true,true,2,2,8,7,0,2,0)
701:(8,0,false,8,8,true,true,4,4,8,8,6,2,false,true,true,1,1,8,7,0,1,0)
702:(8,0,false,8,8,true,true,4,4,8,8,6,2,false,true,true,2,2,8,7,0,2,0)
703:(8,0,false,8,8,true,true,4,4,8,8,6,2,true,true,true,1,1,8,7,0,1,0)
704:(8,0,false,8,8,true,true,4,4,8,8,6,2,true,true,true,2,2,8,7,0,2,0)
705:(8,0,false,8,8,true,true,4,4,8,8,6,4,false,true,true,1,1,8,7,0,1,0)
706:(8,0,false,8,8,true,true,4,4,8,8,6,4,false,true,true,2,2,8,7,0,2,0)
707:(8,0,false,8,8,true,true,4,4,8,8,6,4,true,true,true,1,1,8,7,0,1,0)
708:(8,0,false,8,8,true,true,4,4,8,8,6,4,true,true,true,2,2,8,7,0,2,0)
709:(8,0,false,8,8,true,true,4,4,8,8,8,0,true,true,true,1,1,8,7,0,1,0)
710:(8,0,false,8,8,true,true,4,4,8,8,8,0,true,true,true,2,2,8,7,0,2,0)
711:(8,0,false,8,8,true,true,4,4,8,8,8,2,false,true,true,1,1,8,7,0,1,0)
712:(8,0,false,8,8,true,true,4,4,8,8,8,2,false,true,true,2,2,8,7,0,2,0)
713:(8,0,false,8,8,true,true,4,4,8,8,8,2,true,true,true,1,1,8,7,0,1,0)
714:(8,0,false,8,8,true,true,4,4,8,8,8,2,true,true,true,2,2,8,7,0,2,0)
715:(8,0,true,8,7,true,true,4,4,8,8,0,0,true,true,false,2,2,8,7,0,6,0)
716:(8,0,true,8,7,true,true,4,4,8,8,0,2,true,true,false,2,2,8,7,0,6,0)
717:(8,0,true,8,7,true,true,4,4,8,8,0,4,true,true,false,2,2,8,7,0,6,0)
718:(8,0,true,8,7,true,true,4,4,8,8,0,6,true,true,false,2,2,8,7,0,6,0)
719:(8,0,true,8,7,true,true,4,4,8,8,0,8,false,true,false,2,2,8,7,0,6,0)
720:(8,0,true,8,7,true,true,4,4,8,8,0,8,true,true,false,2,2,8,7,0,6,0)
721:(8,0,true,8,7,true,true,4,4,8,8,2,0,true,true,false,2,2,8,7,0,6,0)
722:(8,0,true,8,7,true,true,4,4,8,8,2,2,true,true,false,2,2,8,7,0,6,0)
723:(8,0,true,8,7,true,true,4,4,8,8,2,4,true,true,false,2,2,8,7,0,6,0)
724:(8,0,true,8,7,true,true,4,4,8,8,2,6,true,true,false,2,2,8,7,0,6,0)
725:(8,0,true,8,7,true,true,4,4,8,8,2,8,false,true,false,2,2,8,7,0,6,0)
726:(8,0,true,8,7,true,true,4,4,8,8,2,8,true,true,false,2,2,8,7,0,6,0)
727:(8,0,true,8,7,true,true,4,4,8,8,4,0,true,true,false,2,2,8,7,0,6,0)
728:(8,0,true,8,7,true,true,4,4,8,8,4,2,false,true,false,2,2,8,7,0,6,0)
729:(8,0,true,8,7,true,true,4,4,8,8,4,2,true,true,false,2,2,8,7,0,6,0)
730:(8,0,true,8,7,true,true,4,4,8,8,4,4,false,true,false,2,2,8,7,0,6,0)
731:(8,0,true,8,7,true,true,4,4,8,8,4,4,true,true,false,2,2,8,7,0,6,0)
732:(8,0,true,8,7,true,true,4,4,8,8,4,6,false,true,false,2,2,8,7,0,6,0)
733:(8,0,true,8,7,true,true,4,4,8,8,4,6,true,true,false,2,2,8,7,0,6,0)
734:(8,0,true,8,7,true,true,4,4,8,8,6,0,true,true,false,2,2,8,7,0,6,0)
735:(8,0,true,8,7,true,true,4,4,8,8,6,2,false,true,false,2,2,8,7,0,6,0)
736:(8,0,true,8,7,true,true,4,4,8,8,6,2,true,true,false,2,2,8,7,0,6,0)
737:(8,0,true,8,7,true,true,4,4,8,8,6,4,false,true,false,2,2,8,7,0,6,0)
738:(8,0,true,8,7,true,true,4,4,8,8,6,4,true,true,false,2,2,8,7,0,6,0)
739:(8,0,true,8,7,true,true,4,4,8,8,8,0,true,true,false,2,2,8,7,0,6,0)
740:(8,0,true,8,7,true,true,4,4,8,8,8,2,false,true,false,2,2,8,7,0,6,0)
741:(8,0,true,8,7,true,true,4,4,8,8,8,2,true,true,false,2,2,8,7,0,6,0)
742:(9,1,false,8,8,true,true,4,4,8,8,0,0,true,true,true,0,0,0,0,0,12,0)
743:(9,1,false,8,8,true,true,4,4,8,8,0,2,true,true,true,0,0,0,0,0,12,0)
744:(9,1,false,8,8,true,true,4,4,8,8,0,4,true,true,true,0,0,0,0,0,12,0)
745:(9,1,false,8,8,true,true,4,4,8,8,0,6,true,true,true,0,0,0,0,0,12,0)
746:(9,1,false,8,8,true,true,4,4,8,8,0,8,false,true,true,0,0,0,0,0,12,0)
747:(9,1,false,8,8,true,true,4,4,8,8,0,8,true,true,true,0,0,0,0,0,12,0)
748:(9,1,false,8,8,true,true,4,4,8,8,2,0,true,true,true,0,0,0,0,0,12,0)
749:(9,1,false,8,8,true,true,4,4,8,8,2,2,true,true,true,0,0,0,0,0,12,0)
750:(9,1,false,8,8,true,true,4,4,8,8,2,4,true,true,true,0,0,0,0,0,12,0)
751:(9,1,false,8,8,true,true,4,4,8,8,2,6,true,true,true,0,0,0,0,0,12,0)
752:(9,1,false,8,8,true,true,4,4,8,8,2,8,false,true,true,0,0,0,0,0,12,0)
753:(9,1,false,8,8,true,true,4,4,8,8,2,8,true,true,true,0,0,0,0,0,12,0)
754:(9,1,false,8,8,true,true,4,4,8,8,4,0,true,true,true,0,0,0,0,0,12,0)
755:(9,1,false,8,8,true,true,4,4,8,8,4,2,false,true,true,0,0,0,0,0,12,0)
756:(9,1,false,8,8,true,true,4,4,8,8,4,2,true,true,true,0,0,0,0,0,12,0)
757:(9,1,false,8,8,true,true,4,4,8,8,4,4,false,true,true,0,0,0,0,0,12,0)
758:(9,1,false,8,8,true,true,4,4,8,8,4,4,true,true,true,0,0,0,0,0,12,0)
759:(9,1,false,8,8,true,true,4,4,8,8,4,6,false,true,true,0,0,0,0,0,12,0)
760:(9,1,false,8,8,true,true,4,4,8,8,4,6,true,true,true,0,0,0,0,0,12,0)
761:(9,1,false,8,8,true,true,4,4,8,8,6,0,true,true,true,0,0,0,0,0,12,0)
762:(9,1,false,8,8,true,true,4,4,8,8,6,2,false,true,true,0,0,0,0,0,12,0)
763:(9,1,false,8,8,true,true,4,4,8,8,6,2,true,true,true,0,0,0,0,0,12,0)
764:(9,1,false,8,8,true,true,4,4,8,8,6,4,false,true,true,0,0,0,0,0,12,0)
765:(9,1,false,8,8,true,true,4,4,8,8,6,4,true,true,true,0,0,0,0,0,12,0)
766:(9,1,false,8,8,true,true,4,4,8,8,8,0,true,true,true,0,0,0,0,0,12,0)
767:(9,1,false,8,8,true,true,4,4,8,8,8,2,false,true,true,0,0,0,0,0,12,0)
768:(9,1,false,8,8,true,true,4,4,8,8,8,2,true,true,true,0,0,0,0,0,12,0)
769:(9,2,false,0,0,false,false,0,0,0,0,0,0,false,false,false,2,1,2,0,0,15,4)
770:(9,2,false,0,0,false,false,0,0,0,0,0,0,false,false,false,2,2,2,0,0,3,1)
771:(9,2,false,0,0,false,false,0,0,0,0,0,0,false,false,false,2,2,2,0,0,4,3)
772:(9,2,false,0,0,false,false,0,0,0,0,0,0,false,false,false,2,2,2,1,0,5,2)
773:(9,2,false,1,1,false,false,0,0,0,0,0,0,false,false,false,2,1,4,1,0,15,4)
774:(9,2,false,1,1,false,false,0,0,0,0,0,0,false,false,false,2,2,4,0,0,4,3)
775:(9,2,false,1,1,false,false,0,0,0,0,0,0,false,false,false,2,2,4,1,0,3,1)
776:(9,2,false,1,1,false,false,0,0,0,0,0,0,false,false,false,2,2,4,2,0,5,2)
777:(9,2,false,2,2,false,false,0,0,0,0,0,0,false,false,false,2,2,6,2,0,3,5)
778:(9,2,false,2,2,false,false,0,0,0,0,0,0,false,false,false,2,2,6,3,0,5,2)
779:(9,2,false,3,2,true,false,0,0,0,0,0,0,false,false,false,2,2,6,2,0,3,5)
780:(9,2,false,3,2,true,false,0,0,0,0,0,0,false,false,false,2,2,6,3,0,5,2)
781:(9,2,false,3,2,true,false,0,0,0,0,0,0,true,false,false,2,2,6,2,0,3,5)
782:(9,2,false,3,2,true,false,0,0,0,0,0,0,true,false,false,2,2,6,3,0,5,2)
783:(9,2,false,3,3,true,true,0,0,0,0,0,0,false,false,false,2,1,7,3,1,15,4)
784:(9,2,false,3,3,true,true,0,0,0,0,0,0,false,false,false,2,2,7,3,1,3,5)
785:(9,2,false,3,3,true,true,0,0,0,0,0,0,false,false,false,2,2,7,4,2,5,2)
786:(9,2,false,3,3,true,true,0,0,0,0,0,0,true,false,false,2,1,7,3,1,15,4)
787:(9,2,false,3,3,true,true,0,0,0,0,0,0,true,false,false,2,2,7,3,1,3,5)
788:(9,2,false,3,3,true,true,0,0,0,0,0,0,true,false,false,2,2,7,4,2,5,2)
789:(9,2,false,3,4,true,true,0,1,0,2,0,0,false,false,false,2,1,7,4,2,15,4)
790:(9,2,false,3,4,true,true,0,1,0,2,0,0,false,false,false,2,2,7,3,1,4,3)
791:(9,2,false,3,4,true,true,0,1,0,2,0,0,false,false,false,2,2,7,4,2,3,5)
792:(9,2,false,3,4,true,true,0,1,0,2,0,0,false,false,false,2,2,7,5,3,5,2)
793:(9,2,false,3,4,true,true,0,1,0,2,0,0,true,false,false,2,1,7,4,2,15,4)
794:(9,2,false,3,4,true,true,0,1,0,2,0,0,true,false,false,2,2,7,3,1,4,3)
795:(9,2,false,3,4,true,true,0,1,0,2,0,0,true,false,false,2,2,7,4,2,3,5)
796:(9,2,false,3,4,true,true,0,1,0,2,0,0,true,false,false,2,2,7,5,3,5,2)
797:(9,2,false,3,5,true,true,0,2,0,4,0,0,false,false,false,2,1,7,5,3,15,4)
798:(9,2,false,3,5,true,true,0,2,0,4,0,0,false,false,false,2,2,7,4,2,4,3)
799:(9,2,false,3,5,true,true,0,2,0,4,0,0,false,false,false,2,2,7,5,3,3,5)
800:(9,2,false,3,5,true,true,0,2,0,4,0,0,false,false,false,2,2,7,6,4,5,2)
801:(9,2,false,3,5,true,true,0,2,0,4,0,0,true,false,false,2,1,7,5,3,15,4)
802:(9,2,false,3,5,true,true,0,2,0,4,0,0,true,false,false,2,2,7,4,2,4,3)
803:(9,2,false,3,5,true,true,0,2,0,4,0,0,true,false,false,2,2,7,5,3,3,5)
804:(9,2,false,3,5,true,true,0,2,0,4,0,0,true,false,false,2,2,7,6,4,5,2)
805:(9,2,false,3,6,true,true,0,3,0,6,0,0,false,false,false,2,1,7,6,4,15,4)
806:(9,2,false,3,6,true,true,0,3,0,6,0,0,false,false,false,2,2,7,5,3,4,3)
807:(9,2,false,3,6,true,true,0,3,0,6,0,0,false,false,false,2,2,7,6,4,3,5)
808:(9,2,false,3,6,true,true,0,3,0,6,0,0,false,false,false,2,2,7,7,5,5,2)
809:(9,2,false,3,6,true,true,0,3,0,6,0,0,true,false,false,2,1,7,6,4,15,4)
810:(9,2,false,3,6,true,true,0,3,0,6,0,0,true,false,false,2,2,7,5,3,4,3)
811:(9,2,false,3,6,true,true,0,3,0,6,0,0,true,false,false,2,2,7,6,4,3,5)
812:(9,2,false,3,6,true,true,0,3,0,6,0,0,true,false,false,2,2,7,7,5,5,2)
813:(9,2,false,3,7,true,true,0,4,0,8,0,0,false,false,false,2,2,7,6,4,4,3)
814:(9,2,false,3,7,true,true,0,4,0,8,0,0,true,false,false,2,2,7,6,4,4,3)
815:(9,2,false,4,3,true,true,1,0,2,0,2,0,true,false,false,2,1,7,3,1,15,4)
816:(9,2,false,4,3,true,true,1,0,2,0,2,0,true,false,false,2,2,7,3,1,3,5)
817:(9,2,false,4,3,true,true,1,0,2,0,2,0,true,false,false,2,2,7,4,2,5,2)
818:(9,2,false,4,3,true,true,1,0,2,0,2,2,false,false,false,2,1,7,3,1,15,4)
819:(9,2,false,4,3,true,true,1,0,2,0,2,2,false,false,false,2,2,7,3,1,3,5)
820:(9,2,false,4,3,true,true,1,0,2,0,2,2,false,false,false,2,2,7,4,2,5,2)
821:(9,2,false,4,3,true,true,1,0,2,0,2,2,true,false,false,2,1,7,3,1,15,4)
822:(9,2,false,4,3,true,true,1,0,2,0,2,2,true,false,false,2,2,7,3,1,3,5)
823:(9,2,false,4,3,true,true,1,0,2,0,2,2,true,false,false,2,2,7,4,2,5,2)
824:(9,2,false,4,4,true,true,1,1,2,2,0,0,true,false,false,2,1,7,4,2,15,4)
825:(9,2,false,4,4,true,true,1,1,2,2,0,0,true,false,false,2,2,7,3,1,4,3)
826:(9,2,false,4,4,true,true,1,1,2,2,0,0,true,false,false,2,2,7,4,2,3,5)
827:(9,2,false,4,4,true,true,1,1,2,2,0,0,true,false,false,2,2,7,5,3,5,2)
828:(9,2,false,4,4,true,true,1,1,2,2,0,2,false,false,false,2,1,7,4,2,15,4)
829:(9,2,false,4,4,true,true,1,1,2,2,0,2,false,false,false,2,2,7,3,1,4,3)
830:(9,2,false,4,4,true,true,1,1,2,2,0,2,false,false,false,2,2,7,4,2,3,5)
831:(9,2,false,4,4,true,true,1,1,2,2,0,2,false,false,false,2,2,7,5,3,5,2)
832:(9,2,false,4,4,true,true,1,1,2,2,0,2,true,false,false,2,1,7,4,2,15,4)
833:(9,2,false,4,4,true,true,1,1,2,2,0,2,true,false,false,2,2,7,3,1,4,3)
834:(9,2,false,4,4,true,true,1,1,2,2,0,2,true,false,false,2,2,7,4,2,3,5)
835:(9,2,false,4,4,true,true,1,1,2,2,0,2,true,false,false,2,2,7,5,3,5,2)
836:(9,2,false,4,4,true,true,1,1,2,2,2,0,true,false,false,2,1,7,4,2,15,4)
837:(9,2,false,4,4,true,true,1,1,2,2,2,0,true,false,false,2,2,7,3,1,4,3)
838:(9,2,false,4,4,true,true,1,1,2,2,2,0,true,false,false,2,2,7,4,2,3,5)
839:(9,2,false,4,4,true,true,1,1,2,2,2,0,true,false,false,2,2,7,5,3,5,2)
840:(9,2,false,4,4,true,true,1,1,2,2,2,2,false,false,false,2,1,7,4,2,15,4)
841:(9,2,false,4,4,true,true,1,1,2,2,2,2,false,false,false,2,2,7,3,1,4,3)
842:(9,2,false,4,4,true,true,1,1,2,2,2,2,false,false,false,2,2,7,4,2,3,5)
843:(9,2,false,4,4,true,true,1,1,2,2,2,2,false,false,false,2,2,7,5,3,5,2)
844:(9,2,false,4,4,true,true,1,1,2,2,2,2,true,false,false,2,1,7,4,2,15,4)
845:(9,2,false,4,4,true,true,1,1,2,2,2,2,true,false,false,2,2,7,3,1,4,3)
846:(9,2,false,4,4,true,true,1,1,2,2,2,2,true,false,false,2,2,7,4,2,3,5)
847:(9,2,false,4,4,true,true,1,1,2,2,2,2,true,false,false,2,2,7,5,3,5,2)
848:(9,2,false,4,5,true,true,1,2,2,4,0,0,true,false,false,2,1,7,5,3,15,4)
849:(9,2,false,4,5,true,true,1,2,2,4,0,0,true,false,false,2,2,7,4,2,4,3)
850:(9,2,false,4,5,true,true,1,2,2,4,0,0,true,false,false,2,2,7,5,3,3,5)
851:(9,2,false,4,5,true,true,1,2,2,4,0,0,true,false,false,2,2,7,6,4,5,2)
852:(9,2,false,4,5,true,true,1,2,2,4,0,2,false,false,false,2,1,7,5,3,15,4)
853:(9,2,false,4,5,true,true,1,2,2,4,0,2,false,false,false,2,2,7,4,2,4,3)
854:(9,2,false,4,5,true,true,1,2,2,4,0,2,false,false,false,2,2,7,5,3,3,5)
855:(9,2,false,4,5,true,true,1,2,2,4,0,2,false,false,false,2,2,7,6,4,5,2)
856:(9,2,false,4,5,true,true,1,2,2,4,0,2,true,false,false,2,1,7,5,3,15,4)
857:(9,2,false,4,5,true,true,1,2,2,4,0,2,true,false,false,2,2,7,4,2,4,3)
858:(9,2,false,4,5,true,true,1,2,2,4,0,2,true,false,false,2,2,7,5,3,3,5)
859:(9,2,false,4,5,true,true,1,2,2,4,0,2,true,false,false,2,2,7,6,4,5,2)
860:(9,2,false,4,5,true,true,1,2,2,4,2,0,true,false,false,2,1,7,5,3,15,4)
861:(9,2,false,4,5,true,true,1,2,2,4,2,0,true,false,false,2,2,7,4,2,4,3)
862:(9,2,false,4,5,true,true,1,2,2,4,2,0,true,false,false,2,2,7,5,3,3,5)
863:(9,2,false,4,5,true,true,1,2,2,4,2,0,true,false,false,2,2,7,6,4,5,2)
864:(9,2,false,4,5,true,true,1,2,2,4,2,2,false,false,false,2,1,7,5,3,15,4)
865:(9,2,false,4,5,true,true,1,2,2,4,2,2,false,false,false,2,2,7,4,2,4,3)
866:(9,2,false,4,5,true,true,1,2,2,4,2,2,false,false,false,2,2,7,5,3,3,5)
867:(9,2,false,4,5,true,true,1,2,2,4,2,2,false,false,false,2,2,7,6,4,5,2)
868:(9,2,false,4,5,true,true,1,2,2,4,2,2,true,false,false,2,1,7,5,3,15,4)
869:(9,2,false,4,5,true,true,1,2,2,4,2,2,true,false,false,2,2,7,4,2,4,3)
870:(9,2,false,4,5,true,true,1,2,2,4,2,2,true,false,false,2,2,7,5,3,3,5)
871:(9,2,false,4,5,true,true,1,2,2,4,2,2,true,false,false,2,2,7,6,4,5,2)
872:(9,2,false,4,6,true,true,1,3,2,6,0,0,true,false,false,2,1,7,6,4,15,4)
873:(9,2,false,4,6,true,true,1,3,2,6,0,0,true,false,false,2,2,7,5,3,4,3)
874:(9,2,false,4,6,true,true,1,3,2,6,0,0,true,false,false,2,2,7,6,4,3,5)
875:(9,2,false,4,6,true,true,1,3,2,6,0,0,true,false,false,2,2,7,7,5,5,2)
876:(9,2,false,4,6,true,true,1,3,2,6,0,2,false,false,false,2,1,7,6,4,15,4)
877:(9,2,false,4,6,true,true,1,3,2,6,0,2,false,false,false,2,2,7,5,3,4,3)
878:(9,2,false,4,6,true,true,1,3,2,6,0,2,false,false,false,2,2,7,6,4,3,5)
879:(9,2,false,4,6,true,true,1,3,2,6,0,2,false,false,false,2,2,7,7,5,5,2)
880:(9,2,false,4,6,true,true,1,3,2,6,0,2,true,false,false,2,1,7,6,4,15,4)
881:(9,2,false,4,6,true,true,1,3,2,6,0,2,true,false,false,2,2,7,5,3,4,3)
882:(9,2,false,4,6,true,true,1,3,2,6,0,2,true,false,false,2,2,7,6,4,3,5)
883:(9,2,false,4,6,true,true,1,3,2,6,0,2,true,false,false,2,2,7,7,5,5,2)
884:(9,2,false,4,6,true,true,1,3,2,6,2,0,true,false,false,2,1,7,6,4,15,4)
885:(9,2,false,4,6,true,true,1,3,2,6,2,0,true,false,false,2,2,7,5,3,4,3)
886:(9,2,false,4,6,true,true,1,3,2,6,2,0,true,false,false,2,2,7,6,4,3,5)
887:(9,2,false,4,6,true,true,1,3,2,6,2,0,true,false,false,2,2,7,7,5,5,2)
888:(9,2,false,4,6,true,true,1,3,2,6,2,2,false,false,false,2,1,7,6,4,15,4)
889:(9,2,false,4,6,true,true,1,3,2,6,2,2,false,false,false,2,2,7,5,3,4,3)
890:(9,2,false,4,6,true,true,1,3,2,6,2,2,false,false,false,2,2,7,6,4,3,5)
891:(9,2,false,4,6,true,true,1,3,2,6,2,2,false,false,false,2,2,7,7,5,5,2)
892:(9,2,false,4,6,true,true,1,3,2,6,2,2,true,false,false,2,1,7,6,4,15,4)
893:(9,2,false,4,6,true,true,1,3,2,6,2,2,true,false,false,2,2,7,5,3,4,3)
894:(9,2,false,4,6,true,true,1,3,2,6,2,2,true,false,false,2,2,7,6,4,3,5)
895:(9,2,false,4,6,true,true,1,3,2,6,2,2,true,false,false,2,2,7,7,5,5,2)
896:(9,2,false,4,7,true,true,1,4,2,8,0,0,true,false,false,2,2,7,6,4,4,3)
897:(9,2,false,4,7,true,true,1,4,2,8,0,2,false,false,false,2,2,7,6,4,4,3)
898:(9,2,false,4,7,true,true,1,4,2,8,0,2,true,false,false,2,2,7,6,4,4,3)
899:(9,2,false,4,7,true,true,1,4,2,8,2,0,true,false,false,2,2,7,6,4,4,3)
900:(9,2,false,4,7,true,true,1,4,2,8,2,2,false,false,false,2,2,7,6,4,4,3)
901:(9,2,false,4,7,true,true,1,4,2,8,2,2,true,false,false,2,2,7,6,4,4,3)
902:(9,2,false,5,3,true,true,2,0,4,0,4,0,true,false,false,2,1,7,3,1,15,4)
903:(9,2,false,5,3,true,true,2,0,4,0,4,0,true,false,false,2,2,7,3,1,3,5)
904:(9,2,false,5,3,true,true,2,0,4,0,4,0,true,false,false,2,2,7,4,2,5,2)
905:(9,2,false,5,3,true,true,2,0,4,0,4,2,false,false,false,2,1,7,3,1,15,4)
906:(9,2,false,5,3,true,true,2,0,4,0,4,2,false,false,false,2,2,7,3,1,3,5)
907:(9,2,false,5,3,true,true,2,0,4,0,4,2,false,false,false,2,2,7,4,2,5,2)
908:(9,2,false,5,3,true,true,2,0,4,0,4,2,true,false,false,2,1,7,3,1,15,4)
909:(9,2,false,5,3,true,true,2,0,4,0,4,2,true,false,false,2,2,7,3,1,3,5)
910:(9,2,false,5,3,true,true,2,0,4,0,4,2,true,false,false,2,2,7,4,2,5,2)
911:(9,2,false,5,4,true,true,2,1,4,2,4,0,true,false,false,2,1,7,4,2,15,4)
912:(9,2,false,5,4,true,true,2,1,4,2,4,0,true,false,false,2,2,7,3,1,4,3)
913:(9,2,false,5,4,true,true,2,1,4,2,4,0,true,false,false,2,2,7,4,2,3,5)
914:(9,2,false,5,4,true,true,2,1,4,2,4,0,true,false,false,2,2,7,5,3,5,2)
915:(9,2,false,5,4,true,true,2,1,4,2,4,2,false,false,false,2,1,7,4,2,15,4)
916:(9,2,false,5,4,true,true,2,1,4,2,4,2,false,false,false,2,2,7,3,1,4,3)
917:(9,2,false,5,4,true,true,2,1,4,2,4,2,false,false,false,2,2,7,4,2,3,5)
918:(9,2,false,5,4,true,true,2,1,4,2,4,2,false,false,false,2,2,7,5,3,5,2)
919:(9,2,false,5,4,true,true,2,1,4,2,4,2,true,false,false,2,1,7,4,2,15,4)
920:(9,2,false,5,4,true,true,2,1,4,2,4,2,true,false,false,2,2,7,3,1,4,3)
921:(9,2,false,5,4,true,true,2,1,4,2,4,2,true,false,false,2,2,7,4,2,3,5)
922:(9,2,false,5,4,true,true,2,1,4,2,4,2,true,false,false,2,2,7,5,3,5,2)
923:(9,2,false,5,5,true,true,2,2,4,4,0,0,true,false,false,2,1,7,5,3,15,4)
924:(9,2,false,5,5,true,true,2,2,4,4,0,0,true,false,false,2,2,7,4,2,4,3)
925:(9,2,false,5,5,true,true,2,2,4,4,0,0,true,false,false,2,2,7,5,3,3,5)
926:(9,2,false,5,5,true,true,2,2,4,4,0,0,true,false,false,2,2,7,6,4,5,2)
927:(9,2,false,5,5,true,true,2,2,4,4,0,2,true,false,false,2,1,7,5,3,15,4)
928:(9,2,false,5,5,true,true,2,2,4,4,0,2,true,false,false,2,2,7,4,2,4,3)
929:(9,2,false,5,5,true,true,2,2,4,4,0,2,true,false,false,2,2,7,5,3,3,5)
930:(9,2,false,5,5,true,true,2,2,4,4,0,2,true,false,false,2,2,7,6,4,5,2)
931:(9,2,false,5,5,true,true,2,2,4,4,0,4,false,false,false,2,1,7,5,3,15,4)
932:(9,2,false,5,5,true,true,2,2,4,4,0,4,false,false,false,2,2,7,4,2,4,3)
933:(9,2,false,5,5,true,true,2,2,4,4,0,4,false,false,false,2,2,7,5,3,3,5)
934:(9,2,false,5,5,true,true,2,2,4,4,0,4,false,false,false,2,2,7,6,4,5,2)
935:(9,2,false,5,5,true,true,2,2,4,4,0,4,true,false,false,2,1,7,5,3,15,4)
936:(9,2,false,5,5,true,true,2,2,4,4,0,4,true,false,false,2,2,7,4,2,4,3)
937:(9,2,false,5,5,true,true,2,2,4,4,0,4,true,false,false,2,2,7,5,3,3,5)
938:(9,2,false,5,5,true,true,2,2,4,4,0,4,true,false,false,2,2,7,6,4,5,2)
939:(9,2,false,5,5,true,true,2,2,4,4,2,0,true,false,false,2,1,7,5,3,15,4)
940:(9,2,false,5,5,true,true,2,2,4,4,2,0,true,false,false,2,2,7,4,2,4,3)
941:(9,2,false,5,5,true,true,2,2,4,4,2,0,true,false,false,2,2,7,5,3,3,5)
942:(9,2,false,5,5,true,true,2,2,4,4,2,0,true,false,false,2,2,7,6,4,5,2)
943:(9,2,false,5,5,true,true,2,2,4,4,2,2,true,false,false,2,1,7,5,3,15,4)
944:(9,2,false,5,5,true,true,2,2,4,4,2,2,true,false,false,2,2,7,4,2,4,3)
945:(9,2,false,5,5,true,true,2,2,4,4,2,2,true,false,false,2,2,7,5,3,3,5)
946:(9,2,false,5,5,true,true,2,2,4,4,2,2,true,false,false,2,2,7,6,4,5,2)
947:(9,2,false,5,5,true,true,2,2,4,4,2,4,false,false,false,2,1,7,5,3,15,4)
948:(9,2,false,5,5,true,true,2,2,4,4,2,4,false,false,false,2,2,7,4,2,4,3)
949:(9,2,false,5,5,true,true,2,2,4,4,2,4,false,false,false,2,2,7,5,3,3,5)
950:(9,2,false,5,5,true,true,2,2,4,4,2,4,false,false,false,2,2,7,6,4,5,2)
951:(9,2,false,5,5,true,true,2,2,4,4,2,4,true,false,false,2,1,7,5,3,15,4)
952:(9,2,false,5,5,true,true,2,2,4,4,2,4,true,false,false,2,2,7,4,2,4,3)
953:(9,2,false,5,5,true,true,2,2,4,4,2,4,true,false,false,2,2,7,5,3,3,5)
954:(9,2,false,5,5,true,true,2,2,4,4,2,4,true,false,false,2,2,7,6,4,5,2)
955:(9,2,false,5,5,true,true,2,2,4,4,4,0,true,false,false,2,1,7,5,3,15,4)
956:(9,2,false,5,5,true,true,2,2,4,4,4,0,true,false,false,2,2,7,4,2,4,3)
957:(9,2,false,5,5,true,true,2,2,4,4,4,0,true,false,false,2,2,7,5,3,3,5)
958:(9,2,false,5,5,true,true,2,2,4,4,4,0,true,false,false,2,2,7,6,4,5,2)
959:(9,2,false,5,5,true,true,2,2,4,4,4,2,false,false,false,2,1,7,5,3,15,4)
960:(9,2,false,5,5,true,true,2,2,4,4,4,2,false,false,false,2,2,7,4,2,4,3)
961:(9,2,false,5,5,true,true,2,2,4,4,4,2,false,false,false,2,2,7,5,3,3,5)
962:(9,2,false,5,5,true,true,2,2,4,4,4,2,false,false,false,2,2,7,6,4,5,2)
963:(9,2,false,5,5,true,true,2,2,4,4,4,2,true,false,false,2,1,7,5,3,15,4)
964:(9,2,false,5,5,true,true,2,2,4,4,4,2,true,false,false,2,2,7,4,2,4,3)
965:(9,2,false,5,5,true,true,2,2,4,4,4,2,true,false,false,2,2,7,5,3,3,5)
966:(9,2,false,5,5,true,true,2,2,4,4,4,2,true,false,false,2,2,7,6,4,5,2)
967:(9,2,false,5,6,true,true,2,3,4,6,0,0,true,false,false,2,1,7,6,4,15,4)
968:(9,2,false,5,6,true,true,2,3,4,6,0,0,true,false,false,2,2,7,5,3,4,3)
969:(9,2,false,5,6,true,true,2,3,4,6,0,0,true,false,false,2,2,7,6,4,3,5)
970:(9,2,false,5,6,true,true,2,3,4,6,0,0,true,false,false,2,2,7,7,5,5,2)
971:(9,2,false,5,6,true,true,2,3,4,6,0,2,true,false,false,2,1,7,6,4,15,4)
972:(9,2,false,5,6,true,true,2,3,4,6,0,2,true,false,false,2,2,7,5,3,4,3)
973:(9,2,false,5,6,true,true,2,3,4,6,0,2,true,false,false,2,2,7,6,4,3,5)
974:(9,2,false,5,6,true,true,2,3,4,6,0,2,true,false,false,2,2,7,7,5,5,2)
975:(9,2,false,5,6,true,true,2,3,4,6,0,4,false,false,false,2,1,7,6,4,15,4)
976:(9,2,false,5,6,true,true,2,3,4,6,0,4,false,false,false,2,2,7,5,3,4,3)
977:(9,2,false,5,6,true,true,2,3,4,6,0,4,false,false,false,2,2,7,6,4,3,5)
978:(9,2,false,5,6,true,true,2,3,4,6,0,4,false,false,false,2,2,7,7,5,5,2)
979:(9,2,false,5,6,true,true,2,3,4,6,0,4,true,false,false,2,1,7,6,4,15,4)
980:(9,2,false,5,6,true,true,2,3,4,6,0,4,true,false,false,2,2,7,5,3,4,3)
981:(9,2,false,5,6,true,true,2,3,4,6,0,4,true,false,false,2,2,7,6,4,3,5)
982:(9,2,false,5,6,true,true,2,3,4,6,0,4,true,false,false,2,2,7,7,5,5,2)
983:(9,2,false,5,6,true,true,2,3,4,6,2,0,true,false,false,2,1,7,6,4,15,4)
984:(9,2,false,5,6,true,true,2,3,4,6,2,0,true,false,false,2,2,7,5,3,4,3)
985:(9,2,false,5,6,true,true,2,3,4,6,2,0,true,false,false,2,2,7,6,4,3,5)
986:(9,2,false,5,6,true,true,2,3,4,6,2,0,true,false,false,2,2,7,7,5,5,2)
987:(9,2,false,5,6,true,true,2,3,4,6,2,2,true,false,false,2,1,7,6,4,15,4)
988:(9,2,false,5,6,true,true,2,3,4,6,2,2,true,false,false,2,2,7,5,3,4,3)
989:(9,2,false,5,6,true,true,2,3,4,6,2,2,true,false,false,2,2,7,6,4,3,5)
990:(9,2,false,5,6,true,true,2,3,4,6,2,2,true,false,false,2,2,7,7,5,5,2)
991:(9,2,false,5,6,true,true,2,3,4,6,2,4,false,false,false,2,1,7,6,4,15,4)
992:(9,2,false,5,6,true,true,2,3,4,6,2,4,false,false,false,2,2,7,5,3,4,3)
993:(9,2,false,5,6,true,true,2,3,4,6,2,4,false,false,false,2,2,7,6,4,3,5)
994:(9,2,false,5,6,true,true,2,3,4,6,2,4,false,false,false,2,2,7,7,5,5,2)
995:(9,2,false,5,6,true,true,2,3,4,6,2,4,true,false,false,2,1,7,6,4,15,4)
996:(9,2,false,5,6,true,true,2,3,4,6,2,4,true,false,false,2,2,7,5,3,4,3)
997:(9,2,false,5,6,true,true,2,3,4,6,2,4,true,false,false,2,2,7,6,4,3,5)
998:(9,2,false,5,6,true,true,2,3,4,6,2,4,true,false,false,2,2,7,7,5,5,2)
999:(9,2,false,5,6,true,true,2,3,4,6,4,0,true,false,false,2,1,7,6,4,15,4)
1000:(9,2,false,5,6,true,true,2,3,4,6,4,0,true,false,false,2,2,7,5,3,4,3)
1001:(9,2,false,5,6,true,true,2,3,4,6,4,0,true,false,false,2,2,7,6,4,3,5)
1002:(9,2,false,5,6,true,true,2,3,4,6,4,0,true,false,false,2,2,7,7,5,5,2)
1003:(9,2,false,5,6,true,true,2,3,4,6,4,2,false,false,false,2,1,7,6,4,15,4)
1004:(9,2,false,5,6,true,true,2,3,4,6,4,2,false,false,false,2,2,7,5,3,4,3)
1005:(9,2,false,5,6,true,true,2,3,4,6,4,2,false,false,false,2,2,7,6,4,3,5)
1006:(9,2,false,5,6,true,true,2,3,4,6,4,2,false,false,false,2,2,7,7,5,5,2)
1007:(9,2,false,5,6,true,true,2,3,4,6,4,2,true,false,false,2,1,7,6,4,15,4)
1008:(9,2,false,5,6,true,true,2,3,4,6,4,2,true,false,false,2,2,7,5,3,4,3)
1009:(9,2,false,5,6,true,true,2,3,4,6,4,2,true,false,false,2,2,7,6,4,3,5)
1010:(9,2,false,5,6,true,true,2,3,4,6,4,2,true,false,false,2,2,7,7,5,5,2)
1011:(9,2,false,5,7,true,true,2,4,4,8,0,0,true,false,false,2,2,7,6,4,4,3)
1012:(9,2,false,5,7,true,true,2,4,4,8,0,2,true,false,false,2,2,7,6,4,4,3)
1013:(9,2,false,5,7,true,true,2,4,4,8,0,4,false,false,false,2,2,7,6,4,4,3)
1014:(9,2,false,5,7,true,true,2,4,4,8,0,4,true,false,false,2,2,7,6,4,4,3)
1015:(9,2,false,5,7,true,true,2,4,4,8,2,0,true,false,false,2,2,7,6,4,4,3)
1016:(9,2,false,5,7,true,true,2,4,4,8,2,2,true,false,false,2,2,7,6,4,4,3)
1017:(9,2,false,5,7,true,true,2,4,4,8,2,4,false,false,false,2,2,7,6,4,4,3)
1018:(9,2,false,5,7,true,true,2,4,4,8,2,4,true,false,false,2,2,7,6,4,4,3)
1019:(9,2,false,5,7,true,true,2,4,4,8,4,0,true,false,false,2,2,7,6,4,4,3)
1020:(9,2,false,5,7,true,true,2,4,4,8,4,2,false,false,false,2,2,7,6,4,4,3)
1021:(9,2,false,5,7,true,true,2,4,4,8,4,2,true,false,false,2,2,7,6,4,4,3)
1022:(9,2,false,6,3,true,true,3,0,6,0,6,0,true,false,false,2,1,7,3,1,15,4)
1023:(9,2,false,6,3,true,true,3,0,6,0,6,0,true,false,false,2,2,7,3,1,3,5)
1024:(9,2,false,6,3,true,true,3,0,6,0,6,0,true,false,false,2,2,7,4,2,5,2)
1025:(9,2,false,6,3,true,true,3,0,6,0,6,2,false,false,false,2,1,7,3,1,15,4)
1026:(9,2,false,6,3,true,true,3,0,6,0,6,2,false,false,false,2,2,7,3,1,3,5)
1027:(9,2,false,6,3,true,true,3,0,6,0,6,2,false,false,false,2,2,7,4,2,5,2)
1028:(9,2,false,6,3,true,true,3,0,6,0,6,2,true,false,false,2,1,7,3,1,15,4)
1029:(9,2,false,6,3,true,true,3,0,6,0,6,2,true,false,false,2,2,7,3,1,3,5)
1030:(9,2,false,6,3,true,true,3,0,6,0,6,2,true,false,false,2,2,7,4,2,5,2)
1031:(9,2,false,6,4,true,true,3,1,6,2,4,0,true,false,false,2,1,7,4,2,15,4)
1032:(9,2,false,6,4,true,true,3,1,6,2,4,0,true,false,false,2,2,7,3,1,4,3)
1033:(9,2,false,6,4,true,true,3,1,6,2,4,0,true,false,false,2,2,7,4,2,3,5)
1034:(9,2,false,6,4,true,true,3,1,6,2,4,0,true,false,false,2,2,7,5,3,5,2)
1035:(9,2,false,6,4,true,true,3,1,6,2,4,2,false,false,false,2,1,7,4,2,15,4)
1036:(9,2,false,6,4,true,true,3,1,6,2,4,2,false,false,false,2,2,7,3,1,4,3)
1037:(9,2,false,6,4,true,true,3,1,6,2,4,2,false,false,false,2,2,7,4,2,3,5)
1038:(9,2,false,6,4,true,true,3,1,6,2,4,2,false,false,false,2,2,7,5,3,5,2)
1039:(9,2,false,6,4,true,true,3,1,6,2,4,2,true,false,false,2,1,7,4,2,15,4)
1040:(9,2,false,6,4,true,true,3,1,6,2,4,2,true,false,false,2,2,7,3,1,4,3)
1041:(9,2,false,6,4,true,true,3,1,6,2,4,2,true,false,false,2,2,7,4,2,3,5)
1042:(9,2,false,6,4,true,true,3,1,6,2,4,2,true,false,false,2,2,7,5,3,5,2)
1043:(9,2,false,6,4,true,true,3,1,6,2,6,0,true,false,false,2,1,7,4,2,15,4)
1044:(9,2,false,6,4,true,true,3,1,6,2,6,0,true,false,false,2,2,7,3,1,4,3)
1045:(9,2,false,6,4,true,true,3,1,6,2,6,0,true,false,false,2,2,7,4,2,3,5)
1046:(9,2,false,6,4,true,true,3,1,6,2,6,0,true,false,false,2,2,7,5,3,5,2)
1047:(9,2,false,6,4,true,true,3,1,6,2,6,2,false,false,false,2,1,7,4,2,15,4)
1048:(9,2,false,6,4,true,true,3,1,6,2,6,2,false,false,false,2,2,7,3,1,4,3)
1049:(9,2,false,6,4,true,true,3,1,6,2,6,2,false,false,false,2,2,7,4,2,3,5)
1050:(9,2,false,6,4,true,true,3,1,6,2,6,2,false,false,false,2,2,7,5,3,5,2)
1051:(9,2,false,6,4,true,true,3,1,6,2,6,2,true,false,false,2,1,7,4,2,15,4)
1052:(9,2,false,6,4,true,true,3,1,6,2,6,2,true,false,false,2,2,7,3,1,4,3)
1053:(9,2,false,6,4,true,true,3,1,6,2,6,2,true,false,false,2,2,7,4,2,3,5)
1054:(9,2,false,6,4,true,true,3,1,6,2,6,2,true,false,false,2,2,7,5,3,5,2)
1055:(9,2,false,6,5,true,true,3,2,6,4,2,0,true,false,false,2,1,7,5,3,15,4)
1056:(9,2,false,6,5,true,true,3,2,6,4,2,0,true,false,false,2,2,7,4,2,4,3)
1057:(9,2,false,6,5,true,true,3,2,6,4,2,0,true,false,false,2,2,7,5,3,3,5)
1058:(9,2,false,6,5,true,true,3,2,6,4,2,0,true,false,false,2,2,7,6,4,5,2)
1059:(9,2,false,6,5,true,true,3,2,6,4,2,2,true,false,false,2,1,7,5,3,15,4)
1060:(9,2,false,6,5,true,true,3,2,6,4,2,2,true,false,false,2,2,7,4,2,4,3)
1061:(9,2,false,6,5,true,true,3,2,6,4,2,2,true,false,false,2,2,7,5,3,3,5)
1062:(9,2,false,6,5,true,true,3,2,6,4,2,2,true,false,false,2,2,7,6,4,5,2)
1063:(9,2,false,6,5,true,true,3,2,6,4,2,4,true,false,false,2,1,7,5,3,15,4)
1064:(9,2,false,6,5,true,true,3,2,6,4,2,4,true,false,false,2,2,7,4,2,4,3)
1065:(9,2,false,6,5,true,true,3,2,6,4,2,4,true,false,false,2,2,7,5,3,3,5)
1066:(9,2,false,6,5,true,true,3,2,6,4,2,4,true,false,false,2,2,7,6,4,5,2)
1067:(9,2,false,6,5,true,true,3,2,6,4,2,6,false,false,false,2,1,7,5,3,15,4)
1068:(9,2,false,6,5,true,true,3,2,6,4,2,6,false,false,false,2,2,7,4,2,4,3)
1069:(9,2,false,6,5,true,true,3,2,6,4,2,6,false,false,false,2,2,7,5,3,3,5)
1070:(9,2,false,6,5,true,true,3,2,6,4,2,6,false,false,false,2,2,7,6,4,5,2)
1071:(9,2,false,6,5,true,true,3,2,6,4,2,6,true,false,false,2,1,7,5,3,15,4)
1072:(9,2,false,6,5,true,true,3,2,6,4,2,6,true,false,false,2,2,7,4,2,4,3)
1073:(9,2,false,6,5,true,true,3,2,6,4,2,6,true,false,false,2,2,7,5,3,3,5)
1074:(9,2,false,6,5,true,true,3,2,6,4,2,6,true,false,false,2,2,7,6,4,5,2)
1075:(9,2,false,6,5,true,true,3,2,6,4,4,0,true,false,false,2,1,7,5,3,15,4)
1076:(9,2,false,6,5,true,true,3,2,6,4,4,0,true,false,false,2,2,7,4,2,4,3)
1077:(9,2,false,6,5,true,true,3,2,6,4,4,0,true,false,false,2,2,7,5,3,3,5)
1078:(9,2,false,6,5,true,true,3,2,6,4,4,0,true,false,false,2,2,7,6,4,5,2)
1079:(9,2,false,6,5,true,true,3,2,6,4,4,2,false,false,false,2,1,7,5,3,15,4)
1080:(9,2,false,6,5,true,true,3,2,6,4,4,2,false,false,false,2,2,7,4,2,4,3)
1081:(9,2,false,6,5,true,true,3,2,6,4,4,2,false,false,false,2,2,7,5,3,3,5)
1082:(9,2,false,6,5,true,true,3,2,6,4,4,2,false,false,false,2,2,7,6,4,5,2)
1083:(9,2,false,6,5,true,true,3,2,6,4,4,2,true,false,false,2,1,7,5,3,15,4)
1084:(9,2,false,6,5,true,true,3,2,6,4,4,2,true,false,false,2,2,7,4,2,4,3)
1085:(9,2,false,6,5,true,true,3,2,6,4,4,2,true,false,false,2,2,7,5,3,3,5)
1086:(9,2,false,6,5,true,true,3,2,6,4,4,2,true,false,false,2,2,7,6,4,5,2)
1087:(9,2,false,6,5,true,true,3,2,6,4,4,4,false,false,false,2,1,7,5,3,15,4)
1088:(9,2,false,6,5,true,true,3,2,6,4,4,4,false,false,false,2,2,7,4,2,4,3)
1089:(9,2,false,6,5,true,true,3,2,6,4,4,4,false,false,false,2,2,7,5,3,3,5)
1090:(9,2,false,6,5,true,true,3,2,6,4,4,4,false,false,false,2,2,7,6,4,5,2)
1091:(9,2,false,6,5,true,true,3,2,6,4,4,4,true,false,false,2,1,7,5,3,15,4)
1092:(9,2,false,6,5,true,true,3,2,6,4,4,4,true,false,false,2,2,7,4,2,4,3)
1093:(9,2,false,6,5,true,true,3,2,6,4,4,4,true,false,false,2,2,7,5,3,3,5)
1094:(9,2,false,6,5,true,true,3,2,6,4,4,4,true,false,false,2,2,7,6,4,5,2)
1095:(9,2,false,6,5,true,true,3,2,6,4,6,0,true,false,false,2,1,7,5,3,15,4)
1096:(9,2,false,6,5,true,true,3,2,6,4,6,0,true,false,false,2,2,7,4,2,4,3)
1097:(9,2,false,6,5,true,true,3,2,6,4,6,0,true,false,false,2,2,7,5,3,3,5)
1098:(9,2,false,6,5,true,true,3,2,6,4,6,0,true,false,false,2,2,7,6,4,5,2)
1099:(9,2,false,6,5,true,true,3,2,6,4,6,2,false,false,false,2,1,7,5,3,15,4)
1100:(9,2,false,6,5,true,true,3,2,6,4,6,2,false,false,false,2,2,7,4,2,4,3)
1101:(9,2,false,6,5,true,true,3,2,6,4,6,2,false,false,false,2,2,7,5,3,3,5)
1102:(9,2,false,6,5,true,true,3,2,6,4,6,2,false,false,false,2,2,7,6,4,5,2)
1103:(9,2,false,6,5,true,true,3,2,6,4,6,2,true,false,false,2,1,7,5,3,15,4)
1104:(9,2,false,6,5,true,true,3,2,6,4,6,2,true,false,false,2,2,7,4,2,4,3)
1105:(9,2,false,6,5,true,true,3,2,6,4,6,2,true,false,false,2,2,7,5,3,3,5)
1106:(9,2,false,6,5,true,true,3,2,6,4,6,2,true,false,false,2,2,7,6,4,5,2)
1107:(9,2,false,6,6,true,true,3,3,6,6,0,0,true,false,false,2,1,7,6,4,15,4)
1108:(9,2,false,6,6,true,true,3,3,6,6,0,0,true,false,false,2,2,7,5,3,4,3)
1109:(9,2,false,6,6,true,true,3,3,6,6,0,0,true,false,false,2,2,7,6,4,3,5)
1110:(9,2,false,6,6,true,true,3,3,6,6,0,0,true,false,false,2,2,7,7,5,5,2)
1111:(9,2,false,6,6,true,true,3,3,6,6,0,2,true,false,false,2,1,7,6,4,15,4)
1112:(9,2,false,6,6,true,true,3,3,6,6,0,2,true,false,false,2,2,7,5,3,4,3)
1113:(9,2,false,6,6,true,true,3,3,6,6,0,2,true,false,false,2,2,7,6,4,3,5)
1114:(9,2,false,6,6,true,true,3,3,6,6,0,2,true,false,false,2,2,7,7,5,5,2)
1115:(9,2,false,6,6,true,true,3,3,6,6,0,4,true,false,false,2,1,7,6,4,15,4)
1116:(9,2,false,6,6,true,true,3,3,6,6,0,4,true,false,false,2,2,7,5,3,4,3)
1117:(9,2,false,6,6,true,true,3,3,6,6,0,4,true,false,false,2,2,7,6,4,3,5)
1118:(9,2,false,6,6,true,true,3,3,6,6,0,4,true,false,false,2,2,7,7,5,5,2)
1119:(9,2,false,6,6,true,true,3,3,6,6,0,6,false,false,false,2,1,7,6,4,15,4)
1120:(9,2,false,6,6,true,true,3,3,6,6,0,6,false,false,false,2,2,7,5,3,4,3)
1121:(9,2,false,6,6,true,true,3,3,6,6,0,6,false,false,false,2,2,7,6,4,3,5)
1122:(9,2,false,6,6,true,true,3,3,6,6,0,6,false,false,false,2,2,7,7,5,5,2)
1123:(9,2,false,6,6,true,true,3,3,6,6,0,6,true,false,false,2,1,7,6,4,15,4)
1124:(9,2,false,6,6,true,true,3,3,6,6,0,6,true,false,false,2,2,7,5,3,4,3)
1125:(9,2,false,6,6,true,true,3,3,6,6,0,6,true,false,false,2,2,7,6,4,3,5)
1126:(9,2,false,6,6,true,true,3,3,6,6,0,6,true,false,false,2,2,7,7,5,5,2)
1127:(9,2,false,6,6,true,true,3,3,6,6,2,0,true,false,false,2,1,7,6,4,15,4)
1128:(9,2,false,6,6,true,true,3,3,6,6,2,0,true,false,false,2,2,7,5,3,4,3)
1129:(9,2,false,6,6,true,true,3,3,6,6,2,0,true,false,false,2,2,7,6,4,3,5)
1130:(9,2,false,6,6,true,true,3,3,6,6,2,0,true,false,false,2,2,7,7,5,5,2)
1131:(9,2,false,6,6,true,true,3,3,6,6,2,2,true,false,false,2,1,7,6,4,15,4)
1132:(9,2,false,6,6,true,true,3,3,6,6,2,2,true,false,false,2,2,7,5,3,4,3)
1133:(9,2,false,6,6,true,true,3,3,6,6,2,2,true,false,false,2,2,7,6,4,3,5)
1134:(9,2,false,6,6,true,true,3,3,6,6,2,2,true,false,false,2,2,7,7,5,5,2)
1135:(9,2,false,6,6,true,true,3,3,6,6,2,4,true,false,false,2,1,7,6,4,15,4)
1136:(9,2,false,6,6,true,true,3,3,6,6,2,4,true,false,false,2,2,7,5,3,4,3)
1137:(9,2,false,6,6,true,true,3,3,6,6,2,4,true,false,false,2,2,7,6,4,3,5)
1138:(9,2,false,6,6,true,true,3,3,6,6,2,4,true,false,false,2,2,7,7,5,5,2)
1139:(9,2,false,6,6,true,true,3,3,6,6,2,6,false,false,false,2,1,7,6,4,15,4)
1140:(9,2,false,6,6,true,true,3,3,6,6,2,6,false,false,false,2,2,7,5,3,4,3)
1141:(9,2,false,6,6,true,true,3,3,6,6,2,6,false,false,false,2,2,7,6,4,3,5)
1142:(9,2,false,6,6,true,true,3,3,6,6,2,6,false,false,false,2,2,7,7,5,5,2)
1143:(9,2,false,6,6,true,true,3,3,6,6,2,6,true,false,false,2,1,7,6,4,15,4)
1144:(9,2,false,6,6,true,true,3,3,6,6,2,6,true,false,false,2,2,7,5,3,4,3)
1145:(9,2,false,6,6,true,true,3,3,6,6,2,6,true,false,false,2,2,7,6,4,3,5)
1146:(9,2,false,6,6,true,true,3,3,6,6,2,6,true,false,false,2,2,7,7,5,5,2)
1147:(9,2,false,6,6,true,true,3,3,6,6,4,0,true,false,false,2,1,7,6,4,15,4)
1148:(9,2,false,6,6,true,true,3,3,6,6,4,0,true,false,false,2,2,7,5,3,4,3)
1149:(9,2,false,6,6,true,true,3,3,6,6,4,0,true,false,false,2,2,7,6,4,3,5)
1150:(9,2,false,6,6,true,true,3,3,6,6,4,0,true,false,false,2,2,7,7,5,5,2)
1151:(9,2,false,6,6,true,true,3,3,6,6,4,2,false,false,false,2,1,7,6,4,15,4)
1152:(9,2,false,6,6,true,true,3,3,6,6,4,2,false,false,false,2,2,7,5,3,4,3)
1153:(9,2,false,6,6,true,true,3,3,6,6,4,2,false,false,false,2,2,7,6,4,3,5)
1154:(9,2,false,6,6,true,true,3,3,6,6,4,2,false,false,false,2,2,7,7,5,5,2)
1155:(9,2,false,6,6,true,true,3,3,6,6,4,2,true,false,false,2,1,7,6,4,15,4)
1156:(9,2,false,6,6,true,true,3,3,6,6,4,2,true,false,false,2,2,7,5,3,4,3)
1157:(9,2,false,6,6,true,true,3,3,6,6,4,2,true,false,false,2,2,7,6,4,3,5)
1158:(9,2,false,6,6,true,true,3,3,6,6,4,2,true,false,false,2,2,7,7,5,5,2)
1159:(9,2,false,6,6,true,true,3,3,6,6,4,4,false,false,false,2,1,7,6,4,15,4)
1160:(9,2,false,6,6,true,true,3,3,6,6,4,4,false,false,false,2,2,7,5,3,4,3)
1161:(9,2,false,6,6,true,true,3,3,6,6,4,4,false,false,false,2,2,7,6,4,3,5)
1162:(9,2,false,6,6,true,true,3,3,6,6,4,4,false,false,false,2,2,7,7,5,5,2)
1163:(9,2,false,6,6,true,true,3,3,6,6,4,4,true,false,false,2,1,7,6,4,15,4)
1164:(9,2,false,6,6,true,true,3,3,6,6,4,4,true,false,false,2,2,7,5,3,4,3)
1165:(9,2,false,6,6,true,true,3,3,6,6,4,4,true,false,false,2,2,7,6,4,3,5)
1166:(9,2,false,6,6,true,true,3,3,6,6,4,4,true,false,false,2,2,7,7,5,5,2)
1167:(9,2,false,6,6,true,true,3,3,6,6,6,0,true,false,false,2,1,7,6,4,15,4)
1168:(9,2,false,6,6,true,true,3,3,6,6,6,0,true,false,false,2,2,7,5,3,4,3)
1169:(9,2,false,6,6,true,true,3,3,6,6,6,0,true,false,false,2,2,7,6,4,3,5)
1170:(9,2,false,6,6,true,true,3,3,6,6,6,0,true,false,false,2,2,7,7,5,5,2)
1171:(9,2,false,6,6,true,true,3,3,6,6,6,2,false,false,false,2,1,7,6,4,15,4)
1172:(9,2,false,6,6,true,true,3,3,6,6,6,2,false,false,false,2,2,7,5,3,4,3)
1173:(9,2,false,6,6,true,true,3,3,6,6,6,2,false,false,false,2,2,7,6,4,3,5)
1174:(9,2,false,6,6,true,true,3,3,6,6,6,2,false,false,false,2,2,7,7,5,5,2)
1175:(9,2,false,6,6,true,true,3,3,6,6,6,2,true,false,false,2,1,7,6,4,15,4)
1176:(9,2,false,6,6,true,true,3,3,6,6,6,2,true,false,false,2,2,7,5,3,4,3)
1177:(9,2,false,6,6,true,true,3,3,6,6,6,2,true,false,false,2,2,7,6,4,3,5)
1178:(9,2,false,6,6,true,true,3,3,6,6,6,2,true,false,false,2,2,7,7,5,5,2)
1179:(9,2,false,6,7,true,true,3,4,6,8,0,0,true,false,false,2,2,7,6,4,4,3)
1180:(9,2,false,6,7,true,true,3,4,6,8,0,2,true,false,false,2,2,7,6,4,4,3)
1181:(9,2,false,6,7,true,true,3,4,6,8,0,4,true,false,false,2,2,7,6,4,4,3)
1182:(9,2,false,6,7,true,true,3,4,6,8,0,6,false,false,false,2,2,7,6,4,4,3)
1183:(9,2,false,6,7,true,true,3,4,6,8,0,6,true,false,false,2,2,7,6,4,4,3)
1184:(9,2,false,6,7,true,true,3,4,6,8,2,0,true,false,false,2,2,7,6,4,4,3)
1185:(9,2,false,6,7,true,true,3,4,6,8,2,2,true,false,false,2,2,7,6,4,4,3)
1186:(9,2,false,6,7,true,true,3,4,6,8,2,4,true,false,false,2,2,7,6,4,4,3)
1187:(9,2,false,6,7,true,true,3,4,6,8,2,6,false,false,false,2,2,7,6,4,4,3)
1188:(9,2,false,6,7,true,true,3,4,6,8,2,6,true,false,false,2,2,7,6,4,4,3)
1189:(9,2,false,6,7,true,true,3,4,6,8,4,0,true,false,false,2,2,7,6,4,4,3)
1190:(9,2,false,6,7,true,true,3,4,6,8,4,2,false,false,false,2,2,7,6,4,4,3)
1191:(9,2,false,6,7,true,true,3,4,6,8,4,2,true,false,false,2,2,7,6,4,4,3)
1192:(9,2,false,6,7,true,true,3,4,6,8,4,4,false,false,false,2,2,7,6,4,4,3)
1193:(9,2,false,6,7,true,true,3,4,6,8,4,4,true,false,false,2,2,7,6,4,4,3)
1194:(9,2,false,6,7,true,true,3,4,6,8,6,0,true,false,false,2,2,7,6,4,4,3)
1195:(9,2,false,6,7,true,true,3,4,6,8,6,2,false,false,false,2,2,7,6,4,4,3)
1196:(9,2,false,6,7,true,true,3,4,6,8,6,2,true,false,false,2,2,7,6,4,4,3)
1197:(9,2,false,7,3,true,true,4,0,8,0,8,0,true,false,false,2,1,7,3,1,15,4)
1198:(9,2,false,7,3,true,true,4,0,8,0,8,0,true,false,false,2,2,7,3,1,3,5)
1199:(9,2,false,7,3,true,true,4,0,8,0,8,0,true,false,false,2,2,7,4,2,5,2)
1200:(9,2,false,7,3,true,true,4,0,8,0,8,2,false,false,false,2,1,7,3,1,15,4)
1201:(9,2,false,7,3,true,true,4,0,8,0,8,2,false,false,false,2,2,7,3,1,3,5)
1202:(9,2,false,7,3,true,true,4,0,8,0,8,2,false,false,false,2,2,7,4,2,5,2)
1203:(9,2,false,7,3,true,true,4,0,8,0,8,2,true,false,false,2,1,7,3,1,15,4)
1204:(9,2,false,7,3,true,true,4,0,8,0,8,2,true,false,false,2,2,7,3,1,3,5)
1205:(9,2,false,7,3,true,true,4,0,8,0,8,2,true,false,false,2,2,7,4,2,5,2)
1206:(9,2,false,7,4,true,true,4,1,8,2,6,0,true,false,false,2,1,7,4,2,15,4)
1207:(9,2,false,7,4,true,true,4,1,8,2,6,0,true,false,false,2,2,7,3,1,4,3)
1208:(9,2,false,7,4,true,true,4,1,8,2,6,0,true,false,false,2,2,7,4,2,3,5)
1209:(9,2,false,7,4,true,true,4,1,8,2,6,0,true,false,false,2,2,7,5,3,5,2)
1210:(9,2,false,7,4,true,true,4,1,8,2,6,2,false,false,false,2,1,7,4,2,15,4)
1211:(9,2,false,7,4,true,true,4,1,8,2,6,2,false,false,false,2,2,7,3,1,4,3)
1212:(9,2,false,7,4,true,true,4,1,8,2,6,2,false,false,false,2,2,7,4,2,3,5)
1213:(9,2,false,7,4,true,true,4,1,8,2,6,2,false,false,false,2,2,7,5,3,5,2)
1214:(9,2,false,7,4,true,true,4,1,8,2,6,2,true,false,false,2,1,7,4,2,15,4)
1215:(9,2,false,7,4,true,true,4,1,8,2,6,2,true,false,false,2,2,7,3,1,4,3)
1216:(9,2,false,7,4,true,true,4,1,8,2,6,2,true,false,false,2,2,7,4,2,3,5)
1217:(9,2,false,7,4,true,true,4,1,8,2,6,2,true,false,false,2,2,7,5,3,5,2)
1218:(9,2,false,7,4,true,true,4,1,8,2,8,0,true,false,false,2,1,7,4,2,15,4)
1219:(9,2,false,7,4,true,true,4,1,8,2,8,0,true,false,false,2,2,7,3,1,4,3)
1220:(9,2,false,7,4,true,true,4,1,8,2,8,0,true,false,false,2,2,7,4,2,3,5)
1221:(9,2,false,7,4,true,true,4,1,8,2,8,0,true,false,false,2,2,7,5,3,5,2)
1222:(9,2,false,7,4,true,true,4,1,8,2,8,2,false,false,false,2,1,7,4,2,15,4)
1223:(9,2,false,7,4,true,true,4,1,8,2,8,2,false,false,false,2,2,7,3,1,4,3)
1224:(9,2,false,7,4,true,true,4,1,8,2,8,2,false,false,false,2,2,7,4,2,3,5)
1225:(9,2,false,7,4,true,true,4,1,8,2,8,2,false,false,false,2,2,7,5,3,5,2)
1226:(9,2,false,7,4,true,true,4,1,8,2,8,2,true,false,false,2,1,7,4,2,15,4)
1227:(9,2,false,7,4,true,true,4,1,8,2,8,2,true,false,false,2,2,7,3,1,4,3)
1228:(9,2,false,7,4,true,true,4,1,8,2,8,2,true,false,false,2,2,7,4,2,3,5)
1229:(9,2,false,7,4,true,true,4,1,8,2,8,2,true,false,false,2,2,7,5,3,5,2)
1230:(9,2,false,7,5,true,true,4,2,8,4,4,0,true,false,false,2,1,7,5,3,15,4)
1231:(9,2,false,7,5,true,true,4,2,8,4,4,0,true,false,false,2,2,7,4,2,4,3)
1232:(9,2,false,7,5,true,true,4,2,8,4,4,0,true,false,false,2,2,7,5,3,3,5)
1233:(9,2,false,7,5,true,true,4,2,8,4,4,0,true,false,false,2,2,7,6,4,5,2)
1234:(9,2,false,7,5,true,true,4,2,8,4,4,2,false,false,false,2,1,7,5,3,15,4)
1235:(9,2,false,7,5,true,true,4,2,8,4,4,2,false,false,false,2,2,7,4,2,4,3)
1236:(9,2,false,7,5,true,true,4,2,8,4,4,2,false,false,false,2,2,7,5,3,3,5)
1237:(9,2,false,7,5,true,true,4,2,8,4,4,2,false,false,false,2,2,7,6,4,5,2)
1238:(9,2,false,7,5,true,true,4,2,8,4,4,2,true,false,false,2,1,7,5,3,15,4)
1239:(9,2,false,7,5,true,true,4,2,8,4,4,2,true,false,false,2,2,7,4,2,4,3)
1240:(9,2,false,7,5,true,true,4,2,8,4,4,2,true,false,false,2,2,7,5,3,3,5)
1241:(9,2,false,7,5,true,true,4,2,8,4,4,2,true,false,false,2,2,7,6,4,5,2)
1242:(9,2,false,7,5,true,true,4,2,8,4,4,4,false,false,false,2,1,7,5,3,15,4)
1243:(9,2,false,7,5,true,true,4,2,8,4,4,4,false,false,false,2,2,7,4,2,4,3)
1244:(9,2,false,7,5,true,true,4,2,8,4,4,4,false,false,false,2,2,7,5,3,3,5)
1245:(9,2,false,7,5,true,true,4,2,8,4,4,4,false,false,false,2,2,7,6,4,5,2)
1246:(9,2,false,7,5,true,true,4,2,8,4,4,4,true,false,false,2,1,7,5,3,15,4)
1247:(9,2,false,7,5,true,true,4,2,8,4,4,4,true,false,false,2,2,7,4,2,4,3)
1248:(9,2,false,7,5,true,true,4,2,8,4,4,4,true,false,false,2,2,7,5,3,3,5)
1249:(9,2,false,7,5,true,true,4,2,8,4,4,4,true,false,false,2,2,7,6,4,5,2)
1250:(9,2,false,7,5,true,true,4,2,8,4,4,6,false,false,false,2,1,7,5,3,15,4)
1251:(9,2,false,7,5,true,true,4,2,8,4,4,6,false,false,false,2,2,7,4,2,4,3)
1252:(9,2,false,7,5,true,true,4,2,8,4,4,6,false,false,false,2,2,7,5,3,3,5)
1253:(9,2,false,7,5,true,true,4,2,8,4,4,6,false,false,false,2,2,7,6,4,5,2)
1254:(9,2,false,7,5,true,true,4,2,8,4,4,6,true,false,false,2,1,7,5,3,15,4)
1255:(9,2,false,7,5,true,true,4,2,8,4,4,6,true,false,false,2,2,7,4,2,4,3)
1256:(9,2,false,7,5,true,true,4,2,8,4,4,6,true,false,false,2,2,7,5,3,3,5)
1257:(9,2,false,7,5,true,true,4,2,8,4,4,6,true,false,false,2,2,7,6,4,5,2)
1258:(9,2,false,7,5,true,true,4,2,8,4,6,0,true,false,false,2,1,7,5,3,15,4)
1259:(9,2,false,7,5,true,true,4,2,8,4,6,0,true,false,false,2,2,7,4,2,4,3)
1260:(9,2,false,7,5,true,true,4,2,8,4,6,0,true,false,false,2,2,7,5,3,3,5)
1261:(9,2,false,7,5,true,true,4,2,8,4,6,0,true,false,false,2,2,7,6,4,5,2)
1262:(9,2,false,7,5,true,true,4,2,8,4,6,2,false,false,false,2,1,7,5,3,15,4)
1263:(9,2,false,7,5,true,true,4,2,8,4,6,2,false,false,false,2,2,7,4,2,4,3)
1264:(9,2,false,7,5,true,true,4,2,8,4,6,2,false,false,false,2,2,7,5,3,3,5)
1265:(9,2,false,7,5,true,true,4,2,8,4,6,2,false,false,false,2,2,7,6,4,5,2)
1266:(9,2,false,7,5,true,true,4,2,8,4,6,2,true,false,false,2,1,7,5,3,15,4)
1267:(9,2,false,7,5,true,true,4,2,8,4,6,2,true,false,false,2,2,7,4,2,4,3)
1268:(9,2,false,7,5,true,true,4,2,8,4,6,2,true,false,false,2,2,7,5,3,3,5)
1269:(9,2,false,7,5,true,true,4,2,8,4,6,2,true,false,false,2,2,7,6,4,5,2)
1270:(9,2,false,7,5,true,true,4,2,8,4,8,0,true,false,false,2,1,7,5,3,15,4)
1271:(9,2,false,7,5,true,true,4,2,8,4,8,0,true,false,false,2,2,7,4,2,4,3)
1272:(9,2,false,7,5,true,true,4,2,8,4,8,0,true,false,false,2,2,7,5,3,3,5)
1273:(9,2,false,7,5,true,true,4,2,8,4,8,0,true,false,false,2,2,7,6,4,5,2)
1274:(9,2,false,7,5,true,true,4,2,8,4,8,2,false,false,false,2,1,7,5,3,15,4)
1275:(9,2,false,7,5,true,true,4,2,8,4,8,2,false,false,false,2,2,7,4,2,4,3)
1276:(9,2,false,7,5,true,true,4,2,8,4,8,2,false,false,false,2,2,7,5,3,3,5)
1277:(9,2,false,7,5,true,true,4,2,8,4,8,2,false,false,false,2,2,7,6,4,5,2)
1278:(9,2,false,7,5,true,true,4,2,8,4,8,2,true,false,false,2,1,7,5,3,15,4)
1279:(9,2,false,7,5,true,true,4,2,8,4,8,2,true,false,false,2,2,7,4,2,4,3)
1280:(9,2,false,7,5,true,true,4,2,8,4,8,2,true,false,false,2,2,7,5,3,3,5)
1281:(9,2,false,7,5,true,true,4,2,8,4,8,2,true,false,false,2,2,7,6,4,5,2)
1282:(9,2,false,7,6,true,true,4,3,8,6,4,0,true,false,false,2,1,7,6,4,15,4)
1283:(9,2,false,7,6,true,true,4,3,8,6,4,0,true,false,false,2,2,7,5,3,4,3)
1284:(9,2,false,7,6,true,true,4,3,8,6,4,0,true,false,false,2,2,7,6,4,3,5)
1285:(9,2,false,7,6,true,true,4,3,8,6,4,0,true,false,false,2,2,7,7,5,5,2)
1286:(9,2,false,7,6,true,true,4,3,8,6,4,2,false,false,false,2,1,7,6,4,15,4)
1287:(9,2,false,7,6,true,true,4,3,8,6,4,2,false,false,false,2,2,7,5,3,4,3)
1288:(9,2,false,7,6,true,true,4,3,8,6,4,2,false,false,false,2,2,7,6,4,3,5)
1289:(9,2,false,7,6,true,true,4,3,8,6,4,2,false,false,false,2,2,7,7,5,5,2)
1290:(9,2,false,7,6,true,true,4,3,8,6,4,2,true,false,false,2,1,7,6,4,15,4)
1291:(9,2,false,7,6,true,true,4,3,8,6,4,2,true,false,false,2,2,7,5,3,4,3)
1292:(9,2,false,7,6,true,true,4,3,8,6,4,2,true,false,false,2,2,7,6,4,3,5)
1293:(9,2,false,7,6,true,true,4,3,8,6,4,2,true,false,false,2,2,7,7,5,5,2)
1294:(9,2,false,7,6,true,true,4,3,8,6,4,4,false,false,false,2,1,7,6,4,15,4)
1295:(9,2,false,7,6,true,true,4,3,8,6,4,4,false,false,false,2,2,7,5,3,4,3)
1296:(9,2,false,7,6,true,true,4,3,8,6,4,4,false,false,false,2,2,7,6,4,3,5)
1297:(9,2,false,7,6,true,true,4,3,8,6,4,4,false,false,false,2,2,7,7,5,5,2)
1298:(9,2,false,7,6,true,true,4,3,8,6,4,4,true,false,false,2,1,7,6,4,15,4)
1299:(9,2,false,7,6,true,true,4,3,8,6,4,4,true,false,false,2,2,7,5,3,4,3)
1300:(9,2,false,7,6,true,true,4,3,8,6,4,4,true,false,false,2,2,7,6,4,3,5)
1301:(9,2,false,7,6,true,true,4,3,8,6,4,4,true,false,false,2,2,7,7,5,5,2)
1302:(9,2,false,7,6,true,true,4,3,8,6,4,6,false,false,false,2,1,7,6,4,15,4)
1303:(9,2,false,7,6,true,true,4,3,8,6,4,6,false,false,false,2,2,7,5,3,4,3)
1304:(9,2,false,7,6,true,true,4,3,8,6,4,6,false,false,false,2,2,7,6,4,3,5)
1305:(9,2,false,7,6,true,true,4,3,8,6,4,6,false,false,false,2,2,7,7,5,5,2)
1306:(9,2,false,7,6,true,true,4,3,8,6,4,6,true,false,false,2,1,7,6,4,15,4)
1307:(9,2,false,7,6,true,true,4,3,8,6,4,6,true,false,false,2,2,7,5,3,4,3)
1308:(9,2,false,7,6,true,true,4,3,8,6,4,6,true,false,false,2,2,7,6,4,3,5)
1309:(9,2,false,7,6,true,true,4,3,8,6,4,6,true,false,false,2,2,7,7,5,5,2)
1310:(9,2,false,7,6,true,true,4,3,8,6,6,0,true,false,false,2,1,7,6,4,15,4)
1311:(9,2,false,7,6,true,true,4,3,8,6,6,0,true,false,false,2,2,7,5,3,4,3)
1312:(9,2,false,7,6,true,true,4,3,8,6,6,0,true,false,false,2,2,7,6,4,3,5)
1313:(9,2,false,7,6,true,true,4,3,8,6,6,0,true,false,false,2,2,7,7,5,5,2)
1314:(9,2,false,7,6,true,true,4,3,8,6,6,2,false,false,false,2,1,7,6,4,15,4)
1315:(9,2,false,7,6,true,true,4,3,8,6,6,2,false,false,false,2,2,7,5,3,4,3)
1316:(9,2,false,7,6,true,true,4,3,8,6,6,2,false,false,false,2,2,7,6,4,3,5)
1317:(9,2,false,7,6,true,true,4,3,8,6,6,2,false,false,false,2,2,7,7,5,5,2)
1318:(9,2,false,7,6,true,true,4,3,8,6,6,2,true,false,false,2,1,7,6,4,15,4)
1319:(9,2,false,7,6,true,true,4,3,8,6,6,2,true,false,false,2,2,7,5,3,4,3)
1320:(9,2,false,7,6,true,true,4,3,8,6,6,2,true,false,false,2,2,7,6,4,3,5)
1321:(9,2,false,7,6,true,true,4,3,8,6,6,2,true,false,false,2,2,7,7,5,5,2)
1322:(9,2,false,7,6,true,true,4,3,8,6,8,0,true,false,false,2,1,7,6,4,15,4)
1323:(9,2,false,7,6,true,true,4,3,8,6,8,0,true,false,false,2,2,7,5,3,4,3)
1324:(9,2,false,7,6,true,true,4,3,8,6,8,0,true,false,false,2,2,7,6,4,3,5)
1325:(9,2,false,7,6,true,true,4,3,8,6,8,0,true,false,false,2,2,7,7,5,5,2)
1326:(9,2,false,7,6,true,true,4,3,8,6,8,2,false,false,false,2,1,7,6,4,15,4)
1327:(9,2,false,7,6,true,true,4,3,8,6,8,2,false,false,false,2,2,7,5,3,4,3)
1328:(9,2,false,7,6,true,true,4,3,8,6,8,2,false,false,false,2,2,7,6,4,3,5)
1329:(9,2,false,7,6,true,true,4,3,8,6,8,2,false,false,false,2,2,7,7,5,5,2)
1330:(9,2,false,7,6,true,true,4,3,8,6,8,2,true,false,false,2,1,7,6,4,15,4)
1331:(9,2,false,7,6,true,true,4,3,8,6,8,2,true,false,false,2,2,7,5,3,4,3)
1332:(9,2,false,7,6,true,true,4,3,8,6,8,2,true,false,false,2,2,7,6,4,3,5)
1333:(9,2,false,7,6,true,true,4,3,8,6,8,2,true,false,false,2,2,7,7,5,5,2)
1334:(9,2,false,7,7,true,true,4,4,8,8,0,0,true,false,false,2,2,7,6,4,4,3)
1335:(9,2,false,7,7,true,true,4,4,8,8,0,0,true,false,false,2,2,8,6,0,4,3)
1336:(9,2,false,7,7,true,true,4,4,8,8,0,0,true,false,false,2,2,8,7,0,3,1)
1337:(9,2,false,7,7,true,true,4,4,8,8,0,2,true,false,false,2,2,7,6,4,4,3)
1338:(9,2,false,7,7,true,true,4,4,8,8,0,2,true,false,false,2,2,8,6,0,4,3)
1339:(9,2,false,7,7,true,true,4,4,8,8,0,2,true,false,false,2,2,8,7,0,3,1)
1340:(9,2,false,7,7,true,true,4,4,8,8,0,4,true,false,false,2,2,7,6,4,4,3)
1341:(9,2,false,7,7,true,true,4,4,8,8,0,4,true,false,false,2,2,8,6,0,4,3)
1342:(9,2,false,7,7,true,true,4,4,8,8,0,4,true,false,false,2,2,8,7,0,3,1)
1343:(9,2,false,7,7,true,true,4,4,8,8,0,6,true,false,false,2,2,7,6,4,4,3)
1344:(9,2,false,7,7,true,true,4,4,8,8,0,6,true,false,false,2,2,8,6,0,4,3)
1345:(9,2,false,7,7,true,true,4,4,8,8,0,6,true,false,false,2,2,8,7,0,3,1)
1346:(9,2,false,7,7,true,true,4,4,8,8,0,8,false,false,false,2,2,7,6,4,4,3)
1347:(9,2,false,7,7,true,true,4,4,8,8,0,8,false,false,false,2,2,8,6,0,4,3)
1348:(9,2,false,7,7,true,true,4,4,8,8,0,8,false,false,false,2,2,8,7,0,3,1)
1349:(9,2,false,7,7,true,true,4,4,8,8,0,8,true,false,false,2,2,7,6,4,4,3)
1350:(9,2,false,7,7,true,true,4,4,8,8,0,8,true,false,false,2,2,8,6,0,4,3)
1351:(9,2,false,7,7,true,true,4,4,8,8,0,8,true,false,false,2,2,8,7,0,3,1)
1352:(9,2,false,7,7,true,true,4,4,8,8,2,0,true,false,false,2,2,7,6,4,4,3)
1353:(9,2,false,7,7,true,true,4,4,8,8,2,0,true,false,false,2,2,8,6,0,4,3)
1354:(9,2,false,7,7,true,true,4,4,8,8,2,0,true,false,false,2,2,8,7,0,3,1)
1355:(9,2,false,7,7,true,true,4,4,8,8,2,2,true,false,false,2,2,7,6,4,4,3)
1356:(9,2,false,7,7,true,true,4,4,8,8,2,2,true,false,false,2,2,8,6,0,4,3)
1357:(9,2,false,7,7,true,true,4,4,8,8,2,2,true,false,false,2,2,8,7,0,3,1)
1358:(9,2,false,7,7,true,true,4,4,8,8,2,4,true,false,false,2,2,7,6,4,4,3)
1359:(9,2,false,7,7,true,true,4,4,8,8,2,4,true,false,false,2,2,8,6,0,4,3)
1360:(9,2,false,7,7,true,true,4,4,8,8,2,4,true,false,false,2,2,8,7,0,3,1)
1361:(9,2,false,7,7,true,true,4,4,8,8,2,6,true,false,false,2,2,7,6,4,4,3)
1362:(9,2,false,7,7,true,true,4,4,8,8,2,6,true,false,false,2,2,8,6,0,4,3)
1363:(9,2,false,7,7,true,true,4,4,8,8,2,6,true,false,false,2,2,8,7,0,3,1)
1364:(9,2,false,7,7,true,true,4,4,8,8,2,8,false,false,false,2,2,7,6,4,4,3)
1365:(9,2,false,7,7,true,true,4,4,8,8,2,8,false,false,false,2,2,8,6,0,4,3)
1366:(9,2,false,7,7,true,true,4,4,8,8,2,8,false,false,false,2,2,8,7,0,3,1)
1367:(9,2,false,7,7,true,true,4,4,8,8,2,8,true,false,false,2,2,7,6,4,4,3)
1368:(9,2,false,7,7,true,true,4,4,8,8,2,8,true,false,false,2,2,8,6,0,4,3)
1369:(9,2,false,7,7,true,true,4,4,8,8,2,8,true,false,false,2,2,8,7,0,3,1)
1370:(9,2,false,7,7,true,true,4,4,8,8,4,0,true,false,false,2,2,7,6,4,4,3)
1371:(9,2,false,7,7,true,true,4,4,8,8,4,0,true,false,false,2,2,8,6,0,4,3)
1372:(9,2,false,7,7,true,true,4,4,8,8,4,0,true,false,false,2,2,8,7,0,3,1)
1373:(9,2,false,7,7,true,true,4,4,8,8,4,2,false,false,false,2,2,7,6,4,4,3)
1374:(9,2,false,7,7,true,true,4,4,8,8,4,2,false,false,false,2,2,8,6,0,4,3)
1375:(9,2,false,7,7,true,true,4,4,8,8,4,2,false,false,false,2,2,8,7,0,3,1)
1376:(9,2,false,7,7,true,true,4,4,8,8,4,2,true,false,false,2,2,7,6,4,4,3)
1377:(9,2,false,7,7,true,true,4,4,8,8,4,2,true,false,false,2,2,8,6,0,4,3)
1378:(9,2,false,7,7,true,true,4,4,8,8,4,2,true,false,false,2,2,8,7,0,3,1)
1379:(9,2,false,7,7,true,true,4,4,8,8,4,4,false,false,false,2,2,7,6,4,4,3)
1380:(9,2,false,7,7,true,true,4,4,8,8,4,4,false,false,false,2,2,8,6,0,4,3)
1381:(9,2,false,7,7,true,true,4,4,8,8,4,4,false,false,false,2,2,8,7,0,3,1)
1382:(9,2,false,7,7,true,true,4,4,8,8,4,4,true,false,false,2,2,7,6,4,4,3)
1383:(9,2,false,7,7,true,true,4,4,8,8,4,4,true,false,false,2,2,8,6,0,4,3)
1384:(9,2,false,7,7,true,true,4,4,8,8,4,4,true,false,false,2,2,8,7,0,3,1)
1385:(9,2,false,7,7,true,true,4,4,8,8,4,6,false,false,false,2,2,7,6,4,4,3)
1386:(9,2,false,7,7,true,true,4,4,8,8,4,6,false,false,false,2,2,8,6,0,4,3)
1387:(9,2,false,7,7,true,true,4,4,8,8,4,6,false,false,false,2,2,8,7,0,3,1)
1388:(9,2,false,7,7,true,true,4,4,8,8,4,6,true,false,false,2,2,7,6,4,4,3)
1389:(9,2,false,7,7,true,true,4,4,8,8,4,6,true,false,false,2,2,8,6,0,4,3)
1390:(9,2,false,7,7,true,true,4,4,8,8,4,6,true,false,false,2,2,8,7,0,3,1)
1391:(9,2,false,7,7,true,true,4,4,8,8,6,0,true,false,false,2,2,7,6,4,4,3)
1392:(9,2,false,7,7,true,true,4,4,8,8,6,0,true,false,false,2,2,8,6,0,4,3)
1393:(9,2,false,7,7,true,true,4,4,8,8,6,0,true,false,false,2,2,8,7,0,3,1)
1394:(9,2,false,7,7,true,true,4,4,8,8,6,2,false,false,false,2,2,7,6,4,4,3)
1395:(9,2,false,7,7,true,true,4,4,8,8,6,2,false,false,false,2,2,8,6,0,4,3)
1396:(9,2,false,7,7,true,true,4,4,8,8,6,2,false,false,false,2,2,8,7,0,3,1)
1397:(9,2,false,7,7,true,true,4,4,8,8,6,2,true,false,false,2,2,7,6,4,4,3)
1398:(9,2,false,7,7,true,true,4,4,8,8,6,2,true,false,false,2,2,8,6,0,4,3)
1399:(9,2,false,7,7,true,true,4,4,8,8,6,2,true,false,false,2,2,8,7,0,3,1)
1400:(9,2,false,7,7,true,true,4,4,8,8,6,4,false,false,false,2,2,7,6,4,4,3)
1401:(9,2,false,7,7,true,true,4,4,8,8,6,4,false,false,false,2,2,8,6,0,4,3)
1402:(9,2,false,7,7,true,true,4,4,8,8,6,4,false,false,false,2,2,8,7,0,3,1)
1403:(9,2,false,7,7,true,true,4,4,8,8,6,4,true,false,false,2,2,7,6,4,4,3)
1404:(9,2,false,7,7,true,true,4,4,8,8,6,4,true,false,false,2,2,8,6,0,4,3)
1405:(9,2,false,7,7,true,true,4,4,8,8,6,4,true,false,false,2,2,8,7,0,3,1)
1406:(9,2,false,7,7,true,true,4,4,8,8,8,0,true,false,false,2,2,7,6,4,4,3)
1407:(9,2,false,7,7,true,true,4,4,8,8,8,0,true,false,false,2,2,8,6,0,4,3)
1408:(9,2,false,7,7,true,true,4,4,8,8,8,0,true,false,false,2,2,8,7,0,3,1)
1409:(9,2,false,7,7,true,true,4,4,8,8,8,2,false,false,false,2,2,7,6,4,4,3)
1410:(9,2,false,7,7,true,true,4,4,8,8,8,2,false,false,false,2,2,8,6,0,4,3)
1411:(9,2,false,7,7,true,true,4,4,8,8,8,2,false,false,false,2,2,8,7,0,3,1)
1412:(9,2,false,7,7,true,true,4,4,8,8,8,2,true,false,false,2,2,7,6,4,4,3)
1413:(9,2,false,7,7,true,true,4,4,8,8,8,2,true,false,false,2,2,8,6,0,4,3)
1414:(9,2,false,7,7,true,true,4,4,8,8,8,2,true,false,false,2,2,8,7,0,3,1)
1415:(9,2,false,8,7,true,true,4,4,8,8,0,0,true,true,false,2,2,8,6,0,4,3)
1416:(9,2,false,8,7,true,true,4,4,8,8,0,0,true,true,false,2,2,8,7,0,3,1)
1417:(9,2,false,8,7,true,true,4,4,8,8,0,2,true,true,false,2,2,8,6,0,4,3)
1418:(9,2,false,8,7,true,true,4,4,8,8,0,2,true,true,false,2,2,8,7,0,3,1)
1419:(9,2,false,8,7,true,true,4,4,8,8,0,4,true,true,false,2,2,8,6,0,4,3)
1420:(9,2,false,8,7,true,true,4,4,8,8,0,4,true,true,false,2,2,8,7,0,3,1)
1421:(9,2,false,8,7,true,true,4,4,8,8,0,6,true,true,false,2,2,8,6,0,4,3)
1422:(9,2,false,8,7,true,true,4,4,8,8,0,6,true,true,false,2,2,8,7,0,3,1)
1423:(9,2,false,8,7,true,true,4,4,8,8,0,8,false,true,false,2,2,8,6,0,4,3)
1424:(9,2,false,8,7,true,true,4,4,8,8,0,8,false,true,false,2,2,8,7,0,3,1)
1425:(9,2,false,8,7,true,true,4,4,8,8,0,8,true,true,false,2,2,8,6,0,4,3)
1426:(9,2,false,8,7,true,true,4,4,8,8,0,8,true,true,false,2,2,8,7,0,3,1)
1427:(9,2,false,8,7,true,true,4,4,8,8,2,0,true,true,false,2,2,8,6,0,4,3)
1428:(9,2,false,8,7,true,true,4,4,8,8,2,0,true,true,false,2,2,8,7,0,3,1)
1429:(9,2,false,8,7,true,true,4,4,8,8,2,2,true,true,false,2,2,8,6,0,4,3)
1430:(9,2,false,8,7,true,true,4,4,8,8,2,2,true,true,false,2,2,8,7,0,3,1)
1431:(9,2,false,8,7,true,true,4,4,8,8,2,4,true,true,false,2,2,8,6,0,4,3)
1432:(9,2,false,8,7,true,true,4,4,8,8,2,4,true,true,false,2,2,8,7,0,3,1)
1433:(9,2,false,8,7,true,true,4,4,8,8,2,6,true,true,false,2,2,8,6,0,4,3)
1434:(9,2,false,8,7,true,true,4,4,8,8,2,6,true,true,false,2,2,8,7,0,3,1)
1435:(9,2,false,8,7,true,true,4,4,8,8,2,8,false,true,false,2,2,8,6,0,4,3)
1436:(9,2,false,8,7,true,true,4,4,8,8,2,8,false,true,false,2,2,8,7,0,3,1)
1437:(9,2,false,8,7,true,true,4,4,8,8,2,8,true,true,false,2,2,8,6,0,4,3)
1438:(9,2,false,8,7,true,true,4,4,8,8,2,8,true,true,false,2,2,8,7,0,3,1)
1439:(9,2,false,8,7,true,true,4,4,8,8,4,0,true,true,false,2,2,8,6,0,4,3)
1440:(9,2,false,8,7,true,true,4,4,8,8,4,0,true,true,false,2,2,8,7,0,3,1)
1441:(9,2,false,8,7,true,true,4,4,8,8,4,2,false,true,false,2,2,8,6,0,4,3)
1442:(9,2,false,8,7,true,true,4,4,8,8,4,2,false,true,false,2,2,8,7,0,3,1)
1443:(9,2,false,8,7,true,true,4,4,8,8,4,2,true,true,false,2,2,8,6,0,4,3)
1444:(9,2,false,8,7,true,true,4,4,8,8,4,2,true,true,false,2,2,8,7,0,3,1)
1445:(9,2,false,8,7,true,true,4,4,8,8,4,4,false,true,false,2,2,8,6,0,4,3)
1446:(9,2,false,8,7,true,true,4,4,8,8,4,4,false,true,false,2,2,8,7,0,3,1)
1447:(9,2,false,8,7,true,true,4,4,8,8,4,4,true,true,false,2,2,8,6,0,4,3)
1448:(9,2,false,8,7,true,true,4,4,8,8,4,4,true,true,false,2,2,8,7,0,3,1)
1449:(9,2,false,8,7,true,true,4,4,8,8,4,6,false,true,false,2,2,8,6,0,4,3)
1450:(9,2,false,8,7,true,true,4,4,8,8,4,6,false,true,false,2,2,8,7,0,3,1)
1451:(9,2,false,8,7,true,true,4,4,8,8,4,6,true,true,false,2,2,8,6,0,4,3)
1452:(9,2,false,8,7,true,true,4,4,8,8,4,6,true,true,false,2,2,8,7,0,3,1)
1453:(9,2,false,8,7,true,true,4,4,8,8,6,0,true,true,false,2,2,8,6,0,4,3)
1454:(9,2,false,8,7,true,true,4,4,8,8,6,0,true,true,false,2,2,8,7,0,3,1)
1455:(9,2,false,8,7,true,true,4,4,8,8,6,2,false,true,false,2,2,8,6,0,4,3)
1456:(9,2,false,8,7,true,true,4,4,8,8,6,2,false,true,false,2,2,8,7,0,3,1)
1457:(9,2,false,8,7,true,true,4,4,8,8,6,2,true,true,false,2,2,8,6,0,4,3)
1458:(9,2,false,8,7,true,true,4,4,8,8,6,2,true,true,false,2,2,8,7,0,3,1)
1459:(9,2,false,8,7,true,true,4,4,8,8,6,4,false,true,false,2,2,8,6,0,4,3)
1460:(9,2,false,8,7,true,true,4,4,8,8,6,4,false,true,false,2,2,8,7,0,3,1)
1461:(9,2,false,8,7,true,true,4,4,8,8,6,4,true,true,false,2,2,8,6,0,4,3)
1462:(9,2,false,8,7,true,true,4,4,8,8,6,4,true,true,false,2,2,8,7,0,3,1)
1463:(9,2,false,8,7,true,true,4,4,8,8,8,0,true,true,false,2,2,8,6,0,4,3)
1464:(9,2,false,8,7,true,true,4,4,8,8,8,0,true,true,false,2,2,8,7,0,3,1)
1465:(9,2,false,8,7,true,true,4,4,8,8,8,2,false,true,false,2,2,8,6,0,4,3)
1466:(9,2,false,8,7,true,true,4,4,8,8,8,2,false,true,false,2,2,8,7,0,3,1)
1467:(9,2,false,8,7,true,true,4,4,8,8,8,2,true,true,false,2,2,8,6,0,4,3)
1468:(9,2,false,8,7,true,true,4,4,8,8,8,2,true,true,false,2,2,8,7,0,3,1)
1469:(9,3,false,0,0,false,false,0,0,0,0,0,0,false,false,false,1,0,0,0,0,7,0)
1470:(9,3,false,1,1,false,false,0,0,0,0,0,0,false,false,false,1,0,0,0,0,7,0)
1471:(9,3,false,3,2,true,false,0,0,0,0,0,0,false,false,false,1,0,0,0,0,7,0)
1472:(9,3,false,3,2,true,false,0,0,0,0,0,0,true,false,false,1,0,0,0,0,7,0)
1473:(9,3,false,4,3,true,true,1,0,2,0,2,0,true,false,false,1,0,0,0,0,7,0)
1474:(9,3,false,4,3,true,true,1,0,2,0,2,2,false,false,false,1,0,0,0,0,7,0)
1475:(9,3,false,4,3,true,true,1,0,2,0,2,2,true,false,false,1,0,0,0,0,7,0)
1476:(9,3,false,4,4,true,true,1,1,2,2,0,0,true,false,false,1,0,0,0,0,7,0)
1477:(9,3,false,4,4,true,true,1,1,2,2,0,2,false,false,false,1,0,0,0,0,7,0)
1478:(9,3,false,4,4,true,true,1,1,2,2,0,2,true,false,false,1,0,0,0,0,7,0)
1479:(9,3,false,4,4,true,true,1,1,2,2,2,0,true,false,false,1,0,0,0,0,7,0)
1480:(9,3,false,4,4,true,true,1,1,2,2,2,2,false,false,false,1,0,0,0,0,7,0)
1481:(9,3,false,4,4,true,true,1,1,2,2,2,2,true,false,false,1,0,0,0,0,7,0)
1482:(9,3,false,5,3,true,true,2,0,4,0,4,0,true,false,false,1,0,0,0,0,7,0)
1483:(9,3,false,5,3,true,true,2,0,4,0,4,2,false,false,false,1,0,0,0,0,7,0)
1484:(9,3,false,5,3,true,true,2,0,4,0,4,2,true,false,false,1,0,0,0,0,7,0)
1485:(9,3,false,5,4,true,true,2,1,4,2,4,0,true,false,false,1,0,0,0,0,7,0)
1486:(9,3,false,5,4,true,true,2,1,4,2,4,2,false,false,false,1,0,0,0,0,7,0)
1487:(9,3,false,5,4,true,true,2,1,4,2,4,2,true,false,false,1,0,0,0,0,7,0)
1488:(9,3,false,6,3,true,true,3,0,6,0,6,0,true,false,false,1,0,0,0,0,7,0)
1489:(9,3,false,6,3,true,true,3,0,6,0,6,2,false,false,false,1,0,0,0,0,7,0)
1490:(9,3,false,6,3,true,true,3,0,6,0,6,2,true,false,false,1,0,0,0,0,7,0)
1491:(9,3,false,6,4,true,true,3,1,6,2,4,0,true,false,false,1,0,0,0,0,7,0)
1492:(9,3,false,6,4,true,true,3,1,6,2,4,2,false,false,false,1,0,0,0,0,7,0)
1493:(9,3,false,6,4,true,true,3,1,6,2,4,2,true,false,false,1,0,0,0,0,7,0)
1494:(9,3,false,6,4,true,true,3,1,6,2,6,0,true,false,false,1,0,0,0,0,7,0)
1495:(9,3,false,6,4,true,true,3,1,6,2,6,2,false,false,false,1,0,0,0,0,7,0)
1496:(9,3,false,6,4,true,true,3,1,6,2,6,2,true,false,false,1,0,0,0,0,7,0)
1497:(9,3,false,6,5,true,true,3,2,6,4,2,0,true,false,false,1,0,0,0,0,7,0)
1498:(9,3,false,6,5,true,true,3,2,6,4,2,2,true,false,false,1,0,0,0,0,7,0)
1499:(9,3,false,6,5,true,true,3,2,6,4,2,4,true,false,false,1,0,0,0,0,7,0)
1500:(9,3,false,6,5,true,true,3,2,6,4,2,6,false,false,false,1,0,0,0,0,7,0)
1501:(9,3,false,6,5,true,true,3,2,6,4,2,6,true,false,false,1,0,0,0,0,7,0)
1502:(9,3,false,6,5,true,true,3,2,6,4,4,0,true,false,false,1,0,0,0,0,7,0)
1503:(9,3,false,6,5,true,true,3,2,6,4,4,2,false,false,false,1,0,0,0,0,7,0)
1504:(9,3,false,6,5,true,true,3,2,6,4,4,2,true,false,false,1,0,0,0,0,7,0)
1505:(9,3,false,6,5,true,true,3,2,6,4,4,4,false,false,false,1,0,0,0,0,7,0)
1506:(9,3,false,6,5,true,true,3,2,6,4,4,4,true,false,false,1,0,0,0,0,7,0)
1507:(9,3,false,6,5,true,true,3,2,6,4,6,0,true,false,false,1,0,0,0,0,7,0)
1508:(9,3,false,6,5,true,true,3,2,6,4,6,2,false,false,false,1,0,0,0,0,7,0)
1509:(9,3,false,6,5,true,true,3,2,6,4,6,2,true,false,false,1,0,0,0,0,7,0)
1510:(9,3,false,6,6,true,true,3,3,6,6,0,0,true,false,false,1,0,0,0,0,7,0)
1511:(9,3,false,6,6,true,true,3,3,6,6,0,2,true,false,false,1,0,0,0,0,7,0)
1512:(9,3,false,6,6,true,true,3,3,6,6,0,4,true,false,false,1,0,0,0,0,7,0)
1513:(9,3,false,6,6,true,true,3,3,6,6,0,6,false,false,false,1,0,0,0,0,7,0)
1514:(9,3,false,6,6,true,true,3,3,6,6,0,6,true,false,false,1,0,0,0,0,7,0)
1515:(9,3,false,6,6,true,true,3,3,6,6,2,0,true,false,false,1,0,0,0,0,7,0)
1516:(9,3,false,6,6,true,true,3,3,6,6,2,2,true,false,false,1,0,0,0,0,7,0)
1517:(9,3,false,6,6,true,true,3,3,6,6,2,4,true,false,false,1,0,0,0,0,7,0)
1518:(9,3,false,6,6,true,true,3,3,6,6,2,6,false,false,false,1,0,0,0,0,7,0)
1519:(9,3,false,6,6,true,true,3,3,6,6,2,6,true,false,false,1,0,0,0,0,7,0)
1520:(9,3,false,6,6,true,true,3,3,6,6,4,0,true,false,false,1,0,0,0,0,7,0)
1521:(9,3,false,6,6,true,true,3,3,6,6,4,2,false,false,false,1,0,0,0,0,7,0)
1522:(9,3,false,6,6,true,true,3,3,6,6,4,2,true,false,false,1,0,0,0,0,7,0)
1523:(9,3,false,6,6,true,true,3,3,6,6,4,4,false,false,false,1,0,0,0,0,7,0)
1524:(9,3,false,6,6,true,true,3,3,6,6,4,4,true,false,false,1,0,0,0,0,7,0)
1525:(9,3,false,6,6,true,true,3,3,6,6,6,0,true,false,false,1,0,0,0,0,7,0)
1526:(9,3,false,6,6,true,true,3,3,6,6,6,2,false,false,false,1,0,0,0,0,7,0)
1527:(9,3,false,6,6,true,true,3,3,6,6,6,2,true,false,false,1,0,0,0,0,7,0)
1528:(9,3,false,7,3,true,true,4,0,8,0,8,0,true,false,false,1,0,0,0,0,7,0)
1529:(9,3,false,7,3,true,true,4,0,8,0,8,2,false,false,false,1,0,0,0,0,7,0)
1530:(9,3,false,7,3,true,true,4,0,8,0,8,2,true,false,false,1,0,0,0,0,7,0)
1531:(9,3,false,7,4,true,true,4,1,8,2,6,0,true,false,false,1,0,0,0,0,7,0)
1532:(9,3,false,7,4,true,true,4,1,8,2,6,2,false,false,false,1,0,0,0,0,7,0)
1533:(9,3,false,7,4,true,true,4,1,8,2,6,2,true,false,false,1,0,0,0,0,7,0)
1534:(9,3,false,7,4,true,true,4,1,8,2,8,0,true,false,false,1,0,0,0,0,7,0)
1535:(9,3,false,7,4,true,true,4,1,8,2,8,2,false,false,false,1,0,0,0,0,7,0)
1536:(9,3,false,7,4,true,true,4,1,8,2,8,2,true,false,false,1,0,0,0,0,7,0)
1537:(9,3,false,7,5,true,true,4,2,8,4,4,0,true,false,false,1,0,0,0,0,7,0)
1538:(9,3,false,7,5,true,true,4,2,8,4,4,2,false,false,false,1,0,0,0,0,7,0)
1539:(9,3,false,7,5,true,true,4,2,8,4,4,2,true,false,false,1,0,0,0,0,7,0)
1540:(9,3,false,7,5,true,true,4,2,8,4,4,4,false,false,false,1,0,0,0,0,7,0)
1541:(9,3,false,7,5,true,true,4,2,8,4,4,4,true,false,false,1,0,0,0,0,7,0)
1542:(9,3,false,7,5,true,true,4,2,8,4,4,6,false,false,false,1,0,0,0,0,7,0)
1543:(9,3,false,7,5,true,true,4,2,8,4,4,6,true,false,false,1,0,0,0,0,7,0)
1544:(9,3,false,7,5,true,true,4,2,8,4,6,0,true,false,false,1,0,0,0,0,7,0)
1545:(9,3,false,7,5,true,true,4,2,8,4,6,2,false,false,false,1,0,0,0,0,7,0)
1546:(9,3,false,7,5,true,true,4,2,8,4,6,2,true,false,false,1,0,0,0,0,7,0)
1547:(9,3,false,7,5,true,true,4,2,8,4,8,0,true,false,false,1,0,0,0,0,7,0)
1548:(9,3,false,7,5,true,true,4,2,8,4,8,2,false,false,false,1,0,0,0,0,7,0)
1549:(9,3,false,7,5,true,true,4,2,8,4,8,2,true,false,false,1,0,0,0,0,7,0)
1550:(9,3,false,7,6,true,true,4,3,8,6,4,0,true,false,false,1,0,0,0,0,7,0)
1551:(9,3,false,7,6,true,true,4,3,8,6,4,2,false,false,false,1,0,0,0,0,7,0)
1552:(9,3,false,7,6,true,true,4,3,8,6,4,2,true,false,false,1,0,0,0,0,7,0)
1553:(9,3,false,7,6,true,true,4,3,8,6,4,4,false,false,false,1,0,0,0,0,7,0)
1554:(9,3,false,7,6,true,true,4,3,8,6,4,4,true,false,false,1,0,0,0,0,7,0)
1555:(9,3,false,7,6,true,true,4,3,8,6,4,6,false,false,false,1,0,0,0,0,7,0)
1556:(9,3,false,7,6,true,true,4,3,8,6,4,6,true,false,false,1,0,0,0,0,7,0)
1557:(9,3,false,7,6,true,true,4,3,8,6,6,0,true,false,false,1,0,0,0,0,7,0)
1558:(9,3,false,7,6,true,true,4,3,8,6,6,2,false,false,false,1,0,0,0,0,7,0)
1559:(9,3,false,7,6,true,true,4,3,8,6,6,2,true,false,false,1,0,0,0,0,7,0)
1560:(9,3,false,7,6,true,true,4,3,8,6,8,0,true,false,false,1,0,0,0,0,7,0)
1561:(9,3,false,7,6,true,true,4,3,8,6,8,2,false,false,false,1,0,0,0,0,7,0)
1562:(9,3,false,7,6,true,true,4,3,8,6,8,2,true,false,false,1,0,0,0,0,7,0)
1563:(9,3,false,8,7,true,true,4,4,8,8,0,0,true,true,false,1,0,0,0,0,7,0)
1564:(9,3,false,8,7,true,true,4,4,8,8,0,2,true,true,false,1,0,0,0,0,7,0)
1565:(9,3,false,8,7,true,true,4,4,8,8,0,4,true,true,false,1,0,0,0,0,7,0)
1566:(9,3,false,8,7,true,true,4,4,8,8,0,6,true,true,false,1,0,0,0,0,7,0)
1567:(9,3,false,8,7,true,true,4,4,8,8,0,8,false,true,false,1,0,0,0,0,7,0)
1568:(9,3,false,8,7,true,true,4,4,8,8,0,8,true,true,false,1,0,0,0,0,7,0)
1569:(9,3,false,8,7,true,true,4,4,8,8,2,0,true,true,false,1,0,0,0,0,7,0)
1570:(9,3,false,8,7,true,true,4,4,8,8,2,2,true,true,false,1,0,0,0,0,7,0)
1571:(9,3,false,8,7,true,true,4,4,8,8,2,4,true,true,false,1,0,0,0,0,7,0)
1572:(9,3,false,8,7,true,true,4,4,8,8,2,6,true,true,false,1,0,0,0,0,7,0)
1573:(9,3,false,8,7,true,true,4,4,8,8,2,8,false,true,false,1,0,0,0,0,7,0)
1574:(9,3,false,8,7,true,true,4,4,8,8,2,8,true,true,false,1,0,0,0,0,7,0)
1575:(9,3,false,8,7,true,true,4,4,8,8,4,0,true,true,false,1,0,0,0,0,7,0)
1576:(9,3,false,8,7,true,true,4,4,8,8,4,2,false,true,false,1,0,0,0,0,7,0)
1577:(9,3,false,8,7,true,true,4,4,8,8,4,2,true,true,false,1,0,0,0,0,7,0)
1578:(9,3,false,8,7,true,true,4,4,8,8,4,4,false,true,false,1,0,0,0,0,7,0)
1579:(9,3,false,8,7,true,true,4,4,8,8,4,4,true,true,false,1,0,0,0,0,7,0)
1580:(9,3,false,8,7,true,true,4,4,8,8,4,6,false,true,false,1,0,0,0,0,7,0)
1581:(9,3,false,8,7,true,true,4,4,8,8,4,6,true,true,false,1,0,0,0,0,7,0)
1582:(9,3,false,8,7,true,true,4,4,8,8,6,0,true,true,false,1,0,0,0,0,7,0)
1583:(9,3,false,8,7,true,true,4,4,8,8,6,2,false,true,false,1,0,0,0,0,7,0)
1584:(9,3,false,8,7,true,true,4,4,8,8,6,2,true,true,false,1,0,0,0,0,7,0)
1585:(9,3,false,8,7,true,true,4,4,8,8,6,4,false,true,false,1,0,0,0,0,7,0)
1586:(9,3,false,8,7,true,true,4,4,8,8,6,4,true,true,false,1,0,0,0,0,7,0)
1587:(9,3,false,8,7,true,true,4,4,8,8,8,0,true,true,false,1,0,0,0,0,7,0)
1588:(9,3,false,8,7,true,true,4,4,8,8,8,2,false,true,false,1,0,0,0,0,7,0)
1589:(9,3,false,8,7,true,true,4,4,8,8,8,2,true,true,false,1,0,0,0,0,7,0)
