name,legacy_source,category,accepted,rejected,reason,regression_pass,interpretation,validation_trace,input_definition_source,alice_last_local_state,bob_last_local_state
payload_tamper,e5_registered_attacks_v6.csv,external_record,False,True,authentication_tag_invalid,True,The reviewed local check rejected the altered action.,"[""parse_ce1"",""check_header_context"",""check_payload_schema"",""verify_prescribed_authenticator"",""verify_auth:K_A_mac"",""reject:authentication_tag_invalid""]",tests/protocol_v7_scenarios.py,"{""S"":0,""V"":0,""accepted_tokens"":[""89e8fb2d3595eb69e29209ee27aa12aa6fd8b06791422e592d1d9e768d1fc276:B2A:0:QRECV_ACK"",""89e8fb2d3595eb69e29209ee27aa12aa6fd8b06791422e592d1d9e768d1fc276:B2A:1:DIALOGUE_B_QPASS""],""ack_lengths"":[6,6],""active"":true,""auth_counters"":{""ack_mac_verify"":1,""decoy_mac_generate"":1,""dialogue_a_mac_generate"":1,""dialogue_b_qpass_mac_verify"":1},""ciphertext_roles"":[""A"",""B""],""commit_set_sent"":false,""completed"":false,""confirm_sent"":false,""current_gap"":0,""decoy_accepted"":false,""decoy_sent"":true,""detection_passed"":false,""identity"":""Alice"",""key_handle"":""2523499dd196f0c5c3a37edcb03f1305"",""max_gap"":0,""mode"":""BASIC"",""next_recv_seq"":2,""next_send_seq"":2,""own_open_sent"":[],""params_hash"":""7805fdf5b30d114248f9394d970206b6cef73fc8d0bb312f208899f2491a0d93"",""peer_commit_indices"":[],""peer_confirm_accepted"":false,""peer_open_accepted"":[],""phase"":""ALICE_DIALOGUE_SENT"",""private_fields_present"":[""own_message""],""public_hashes"":{""h_ack"":""a79a8e6829be8693390325798be0a77e97243fc38f27727c9cbe1afbfd4d3832"",""h_dist"":""0813384c28e0a90de69ab046c46261366a41ab903effbb4f8a4b8c691aa7cda2""},""qpass_authenticated"":true,""qrecv_accepted"":true,""qrecv_sent"":false,""quantum_received"":false,""quantum_sent"":true,""quantum_view_fields"":[""shared_M_own"",""shared_M_peer"",""tilde_own""],""recovered_peer_message_present"":true,""sent_tokens"":[""89e8fb2d3595eb69e29209ee27aa12aa6fd8b06791422e592d1d9e768d1fc276:A2B:0:DECOY_INFO"",""89e8fb2d3595eb69e29209ee27aa12aa6fd8b06791422e592d1d9e768d1fc276:A2B:1:DIALOGUE_A""],""sid"":""89e8fb2d3595eb69e29209ee27aa12aa6fd8b06791422e592d1d9e768d1fc276"",""t_q"":""bd58bc56c7e4b82e8218eb61b52c62864981f1fd5e88f9d0b0889bae257575e8"",""terminal_reason"":null,""terminated"":false}","{""S"":0,""V"":0,""accepted_tokens"":[""89e8fb2d3595eb69e29209ee27aa12aa6fd8b06791422e592d1d9e768d1fc276:A2B:0:DECOY_INFO""],""ack_lengths"":[6,6],""active"":false,""auth_counters"":{""ack_mac_generate"":1,""decoy_mac_verify"":1,""dialogue_a_mac_verify"":1,""dialogue_b_qpass_mac_generate"":1},""ciphertext_roles"":[""B""],""commit_set_sent"":false,""completed"":false,""confirm_sent"":false,""current_gap"":0,""decoy_accepted"":true,""decoy_sent"":false,""detection_passed"":true,""identity"":""Bob"",""key_handle"":""3ceefd0aff2dbcff52f1ac5809428bbf"",""max_gap"":0,""mode"":""BASIC"",""next_recv_seq"":1,""next_send_seq"":2,""own_open_sent"":[],""params_hash"":""7805fdf5b30d114248f9394d970206b6cef73fc8d0bb312f208899f2491a0d93"",""peer_commit_indices"":[],""peer_confirm_accepted"":false,""peer_open_accepted"":[],""phase"":""TERMINATED"",""private_fields_present"":[""detection_counts"",""own_message""],""public_hashes"":{""h_ack"":""a79a8e6829be8693390325798be0a77e97243fc38f27727c9cbe1afbfd4d3832"",""h_dist"":""0813384c28e0a90de69ab046c46261366a41ab903effbb4f8a4b8c691aa7cda2""},""qpass_authenticated"":false,""qrecv_accepted"":false,""qrecv_sent"":true,""quantum_received"":true,""quantum_sent"":false,""quantum_view_fields"":[""shared_M_own"",""shared_M_peer"",""tilde_own""],""recovered_peer_message_present"":false,""sent_tokens"":[""89e8fb2d3595eb69e29209ee27aa12aa6fd8b06791422e592d1d9e768d1fc276:B2A:0:QRECV_ACK"",""89e8fb2d3595eb69e29209ee27aa12aa6fd8b06791422e592d1d9e768d1fc276:B2A:1:DIALOGUE_B_QPASS""],""sid"":""89e8fb2d3595eb69e29209ee27aa12aa6fd8b06791422e592d1d9e768d1fc276"",""t_q"":""bd58bc56c7e4b82e8218eb61b52c62864981f1fd5e88f9d0b0889bae257575e8"",""terminal_reason"":""authentication_tag_invalid"",""terminated"":true}"
record_mac_tamper,e5_registered_attacks_v6.csv,external_record,False,True,authentication_tag_invalid,True,Legacy name retained for mapping; V7 rejects the sole ordinary-record MAC tag and has no outer record_mac.,"[""parse_ce1"",""check_header_context"",""check_payload_schema"",""verify_prescribed_authenticator"",""verify_auth:K_A_mac"",""reject:authentication_tag_invalid""]",tests/protocol_v7_scenarios.py,"{""S"":0,""V"":0,""accepted_tokens"":[""7eca45f88697ac3ae133fcd7c87eea2f94a0da94056a1e94d6e44ab0397915c5:B2A:0:QRECV_ACK"",""7eca45f88697ac3ae133fcd7c87eea2f94a0da94056a1e94d6e44ab0397915c5:B2A:1:DIALOGUE_B_QPASS""],""ack_lengths"":[6,6],""active"":true,""auth_counters"":{""ack_mac_verify"":1,""decoy_mac_generate"":1,""dialogue_a_mac_generate"":1,""dialogue_b_qpass_mac_verify"":1},""ciphertext_roles"":[""A"",""B""],""commit_set_sent"":false,""completed"":false,""confirm_sent"":false,""current_gap"":0,""decoy_accepted"":false,""decoy_sent"":true,""detection_passed"":false,""identity"":""Alice"",""key_handle"":""539181e966b7b7613394265ea2b27beb"",""max_gap"":0,""mode"":""BASIC"",""next_recv_seq"":2,""next_send_seq"":2,""own_open_sent"":[],""params_hash"":""7805fdf5b30d114248f9394d970206b6cef73fc8d0bb312f208899f2491a0d93"",""peer_commit_indices"":[],""peer_confirm_accepted"":false,""peer_open_accepted"":[],""phase"":""ALICE_DIALOGUE_SENT"",""private_fields_present"":[""own_message""],""public_hashes"":{""h_ack"":""52fe92269a7122786a7421632d178e88c7d4536736fd6dd17592dde8dd8a1807"",""h_dist"":""5594d8d1147520af5dde2d0faa07ad2de93349017d2ddb843f44253d7bee290e""},""qpass_authenticated"":true,""qrecv_accepted"":true,""qrecv_sent"":false,""quantum_received"":false,""quantum_sent"":true,""quantum_view_fields"":[""shared_M_own"",""shared_M_peer"",""tilde_own""],""recovered_peer_message_present"":true,""sent_tokens"":[""7eca45f88697ac3ae133fcd7c87eea2f94a0da94056a1e94d6e44ab0397915c5:A2B:0:DECOY_INFO"",""7eca45f88697ac3ae133fcd7c87eea2f94a0da94056a1e94d6e44ab0397915c5:A2B:1:DIALOGUE_A""],""sid"":""7eca45f88697ac3ae133fcd7c87eea2f94a0da94056a1e94d6e44ab0397915c5"",""t_q"":""691e101489883c6a8eb0bf107c0a5db82481837cc6d28938aa6189598d502c1e"",""terminal_reason"":null,""terminated"":false}","{""S"":0,""V"":0,""accepted_tokens"":[""7eca45f88697ac3ae133fcd7c87eea2f94a0da94056a1e94d6e44ab0397915c5:A2B:0:DECOY_INFO""],""ack_lengths"":[6,6],""active"":false,""auth_counters"":{""ack_mac_generate"":1,""decoy_mac_verify"":1,""dialogue_a_mac_verify"":1,""dialogue_b_qpass_mac_generate"":1},""ciphertext_roles"":[""B""],""commit_set_sent"":false,""completed"":false,""confirm_sent"":false,""current_gap"":0,""decoy_accepted"":true,""decoy_sent"":false,""detection_passed"":true,""identity"":""Bob"",""key_handle"":""fef70cac44cc923edc5eb53dea4baccb"",""max_gap"":0,""mode"":""BASIC"",""next_recv_seq"":1,""next_send_seq"":2,""own_open_sent"":[],""params_hash"":""7805fdf5b30d114248f9394d970206b6cef73fc8d0bb312f208899f2491a0d93"",""peer_commit_indices"":[],""peer_confirm_accepted"":false,""peer_open_accepted"":[],""phase"":""TERMINATED"",""private_fields_present"":[""detection_counts"",""own_message""],""public_hashes"":{""h_ack"":""52fe92269a7122786a7421632d178e88c7d4536736fd6dd17592dde8dd8a1807"",""h_dist"":""5594d8d1147520af5dde2d0faa07ad2de93349017d2ddb843f44253d7bee290e""},""qpass_authenticated"":false,""qrecv_accepted"":false,""qrecv_sent"":true,""quantum_received"":true,""quantum_sent"":false,""quantum_view_fields"":[""shared_M_own"",""shared_M_peer"",""tilde_own""],""recovered_peer_message_present"":false,""sent_tokens"":[""7eca45f88697ac3ae133fcd7c87eea2f94a0da94056a1e94d6e44ab0397915c5:B2A:0:QRECV_ACK"",""7eca45f88697ac3ae133fcd7c87eea2f94a0da94056a1e94d6e44ab0397915c5:B2A:1:DIALOGUE_B_QPASS""],""sid"":""7eca45f88697ac3ae133fcd7c87eea2f94a0da94056a1e94d6e44ab0397915c5"",""t_q"":""691e101489883c6a8eb0bf107c0a5db82481837cc6d28938aa6189598d502c1e"",""terminal_reason"":""authentication_tag_invalid"",""terminated"":true}"
protocol_version_replacement,e5_registered_attacks_v6.csv,external_record,False,True,version_or_canon_mismatch,True,The reviewed local check rejected the altered action.,"[""parse_ce1"",""check_header_context"",""reject:version_or_canon_mismatch""]",tests/protocol_v7_scenarios.py,"{""S"":0,""V"":0,""accepted_tokens"":[""01e051d99a72754d2eb37ee95176ee80a8235cc8cc7b857561bdf6f07c8dd6b7:B2A:0:QRECV_ACK"",""01e051d99a72754d2eb37ee95176ee80a8235cc8cc7b857561bdf6f07c8dd6b7:B2A:1:DIALOGUE_B_QPASS""],""ack_lengths"":[6,6],""active"":true,""auth_counters"":{""ack_mac_verify"":1,""decoy_mac_generate"":1,""dialogue_a_mac_generate"":1,""dialogue_b_qpass_mac_verify"":1},""ciphertext_roles"":[""A"",""B""],""commit_set_sent"":false,""completed"":false,""confirm_sent"":false,""current_gap"":0,""decoy_accepted"":false,""decoy_sent"":true,""detection_passed"":false,""identity"":""Alice"",""key_handle"":""3475e235f0119b253373c6658400ec71"",""max_gap"":0,""mode"":""BASIC"",""next_recv_seq"":2,""next_send_seq"":2,""own_open_sent"":[],""params_hash"":""7805fdf5b30d114248f9394d970206b6cef73fc8d0bb312f208899f2491a0d93"",""peer_commit_indices"":[],""peer_confirm_accepted"":false,""peer_open_accepted"":[],""phase"":""ALICE_DIALOGUE_SENT"",""private_fields_present"":[""own_message""],""public_hashes"":{""h_ack"":""fe6f2e6b21778e1c81fc05d339f5b90fa3bde8e13eee58010cf9ab5f6a28d19f"",""h_dist"":""e10bb869ba090b1816a367b99fc04932261f3e2e36eb4f16d8862a63ee02f3c8""},""qpass_authenticated"":true,""qrecv_accepted"":true,""qrecv_sent"":false,""quantum_received"":false,""quantum_sent"":true,""quantum_view_fields"":[""shared_M_own"",""shared_M_peer"",""tilde_own""],""recovered_peer_message_present"":true,""sent_tokens"":[""01e051d99a72754d2eb37ee95176ee80a8235cc8cc7b857561bdf6f07c8dd6b7:A2B:0:DECOY_INFO"",""01e051d99a72754d2eb37ee95176ee80a8235cc8cc7b857561bdf6f07c8dd6b7:A2B:1:DIALOGUE_A""],""sid"":""01e051d99a72754d2eb37ee95176ee80a8235cc8cc7b857561bdf6f07c8dd6b7"",""t_q"":""335eefbbb6d5d65bc0e8ea8e6786b3abf5e858b59c6d380358941bfa6e594984"",""terminal_reason"":null,""terminated"":false}","{""S"":0,""V"":0,""accepted_tokens"":[""01e051d99a72754d2eb37ee95176ee80a8235cc8cc7b857561bdf6f07c8dd6b7:A2B:0:DECOY_INFO""],""ack_lengths"":[6,6],""active"":false,""auth_counters"":{""ack_mac_generate"":1,""decoy_mac_verify"":1,""dialogue_b_qpass_mac_generate"":1},""ciphertext_roles"":[""B""],""commit_set_sent"":false,""completed"":false,""confirm_sent"":false,""current_gap"":0,""decoy_accepted"":true,""decoy_sent"":false,""detection_passed"":true,""identity"":""Bob"",""key_handle"":""4a230724de66549760a31cb323d4c2bd"",""max_gap"":0,""mode"":""BASIC"",""next_recv_seq"":1,""next_send_seq"":2,""own_open_sent"":[],""params_hash"":""7805fdf5b30d114248f9394d970206b6cef73fc8d0bb312f208899f2491a0d93"",""peer_commit_indices"":[],""peer_confirm_accepted"":false,""peer_open_accepted"":[],""phase"":""TERMINATED"",""private_fields_present"":[""detection_counts"",""own_message""],""public_hashes"":{""h_ack"":""fe6f2e6b21778e1c81fc05d339f5b90fa3bde8e13eee58010cf9ab5f6a28d19f"",""h_dist"":""e10bb869ba090b1816a367b99fc04932261f3e2e36eb4f16d8862a63ee02f3c8""},""qpass_authenticated"":false,""qrecv_accepted"":false,""qrecv_sent"":true,""quantum_received"":true,""quantum_sent"":false,""quantum_view_fields"":[""shared_M_own"",""shared_M_peer"",""tilde_own""],""recovered_peer_message_present"":false,""sent_tokens"":[""01e051d99a72754d2eb37ee95176ee80a8235cc8cc7b857561bdf6f07c8dd6b7:B2A:0:QRECV_ACK"",""01e051d99a72754d2eb37ee95176ee80a8235cc8cc7b857561bdf6f07c8dd6b7:B2A:1:DIALOGUE_B_QPASS""],""sid"":""01e051d99a72754d2eb37ee95176ee80a8235cc8cc7b857561bdf6f07c8dd6b7"",""t_q"":""335eefbbb6d5d65bc0e8ea8e6786b3abf5e858b59c6d380358941bfa6e594984"",""terminal_reason"":""version_or_canon_mismatch"",""terminated"":true}"
sid_replacement,e5_registered_attacks_v6.csv,external_record,False,True,sid_mismatch,True,The reviewed local check rejected the altered action.,"[""parse_ce1"",""check_header_context"",""reject:sid_mismatch""]",tests/protocol_v7_scenarios.py,"{""S"":0,""V"":0,""accepted_tokens"":[""f0e985e75c4d484b2c2b1ffa563c17b4045c99f48e7306a0ff17451632800813:B2A:0:QRECV_ACK"",""f0e985e75c4d484b2c2b1ffa563c17b4045c99f48e7306a0ff17451632800813:B2A:1:DIALOGUE_B_QPASS""],""ack_lengths"":[6,6],""active"":true,""auth_counters"":{""ack_mac_verify"":1,""decoy_mac_generate"":1,""dialogue_a_mac_generate"":1,""dialogue_b_qpass_mac_verify"":1},""ciphertext_roles"":[""A"",""B""],""commit_set_sent"":false,""completed"":false,""confirm_sent"":false,""current_gap"":0,""decoy_accepted"":false,""decoy_sent"":true,""detection_passed"":false,""identity"":""Alice"",""key_handle"":""9b084b65c15368197288617c2fdb8602"",""max_gap"":0,""mode"":""BASIC"",""next_recv_seq"":2,""next_send_seq"":2,""own_open_sent"":[],""params_hash"":""7805fdf5b30d114248f9394d970206b6cef73fc8d0bb312f208899f2491a0d93"",""peer_commit_indices"":[],""peer_confirm_accepted"":false,""peer_open_accepted"":[],""phase"":""ALICE_DIALOGUE_SENT"",""private_fields_present"":[""own_message""],""public_hashes"":{""h_ack"":""3002778c4212da368785edd509a727c4d4af28f8741ea23c3cb522d23bb9c5c1"",""h_dist"":""bad1c1c191aa99377fe9a149b5e7252f2543611a96330ccf856b7970528087ab""},""qpass_authenticated"":true,""qrecv_accepted"":true,""qrecv_sent"":false,""quantum_received"":false,""quantum_sent"":true,""quantum_view_fields"":[""shared_M_own"",""shared_M_peer"",""tilde_own""],""recovered_peer_message_present"":true,""sent_tokens"":[""f0e985e75c4d484b2c2b1ffa563c17b4045c99f48e7306a0ff17451632800813:A2B:0:DECOY_INFO"",""f0e985e75c4d484b2c2b1ffa563c17b4045c99f48e7306a0ff17451632800813:A2B:1:DIALOGUE_A""],""sid"":""f0e985e75c4d484b2c2b1ffa563c17b4045c99f48e7306a0ff17451632800813"",""t_q"":""6857f89525ec04eb59bc6a61d53f9e32ea74267c6b13bb7a8e652445eb52e497"",""terminal_reason"":null,""terminated"":false}","{""S"":0,""V"":0,""accepted_tokens"":[""f0e985e75c4d484b2c2b1ffa563c17b4045c99f48e7306a0ff17451632800813:A2B:0:DECOY_INFO""],""ack_lengths"":[6,6],""active"":false,""auth_counters"":{""ack_mac_generate"":1,""decoy_mac_verify"":1,""dialogue_b_qpass_mac_generate"":1},""ciphertext_roles"":[""B""],""commit_set_sent"":false,""completed"":false,""confirm_sent"":false,""current_gap"":0,""decoy_accepted"":true,""decoy_sent"":false,""detection_passed"":true,""identity"":""Bob"",""key_handle"":""b0bcd12e014cdbbefc6f1d551f9d4a53"",""max_gap"":0,""mode"":""BASIC"",""next_recv_seq"":1,""next_send_seq"":2,""own_open_sent"":[],""params_hash"":""7805fdf5b30d114248f9394d970206b6cef73fc8d0bb312f208899f2491a0d93"",""peer_commit_indices"":[],""peer_confirm_accepted"":false,""peer_open_accepted"":[],""phase"":""TERMINATED"",""private_fields_present"":[""detection_counts"",""own_message""],""public_hashes"":{""h_ack"":""3002778c4212da368785edd509a727c4d4af28f8741ea23c3cb522d23bb9c5c1"",""h_dist"":""bad1c1c191aa99377fe9a149b5e7252f2543611a96330ccf856b7970528087ab""},""qpass_authenticated"":false,""qrecv_accepted"":false,""qrecv_sent"":true,""quantum_received"":true,""quantum_sent"":false,""quantum_view_fields"":[""shared_M_own"",""shared_M_peer"",""tilde_own""],""recovered_peer_message_present"":false,""sent_tokens"":[""f0e985e75c4d484b2c2b1ffa563c17b4045c99f48e7306a0ff17451632800813:B2A:0:QRECV_ACK"",""f0e985e75c4d484b2c2b1ffa563c17b4045c99f48e7306a0ff17451632800813:B2A:1:DIALOGUE_B_QPASS""],""sid"":""f0e985e75c4d484b2c2b1ffa563c17b4045c99f48e7306a0ff17451632800813"",""t_q"":""6857f89525ec04eb59bc6a61d53f9e32ea74267c6b13bb7a8e652445eb52e497"",""terminal_reason"":""sid_mismatch"",""terminated"":true}"
sender_replacement,e5_registered_attacks_v6.csv,external_record,False,True,identity_mismatch,True,The reviewed local check rejected the altered action.,"[""parse_ce1"",""check_header_context"",""reject:identity_mismatch""]",tests/protocol_v7_scenarios.py,"{""S"":0,""V"":0,""accepted_tokens"":[""3218abacba08860d3ed2cee7b67263f801f7ad4377f27d062a976a9976dd7696:B2A:0:QRECV_ACK"",""3218abacba08860d3ed2cee7b67263f801f7ad4377f27d062a976a9976dd7696:B2A:1:DIALOGUE_B_QPASS""],""ack_lengths"":[6,6],""active"":true,""auth_counters"":{""ack_mac_verify"":1,""decoy_mac_generate"":1,""dialogue_a_mac_generate"":1,""dialogue_b_qpass_mac_verify"":1},""ciphertext_roles"":[""A"",""B""],""commit_set_sent"":false,""completed"":false,""confirm_sent"":false,""current_gap"":0,""decoy_accepted"":false,""decoy_sent"":true,""detection_passed"":false,""identity"":""Alice"",""key_handle"":""0252b8796d8b5f4c6a005e5e571193f2"",""max_gap"":0,""mode"":""BASIC"",""next_recv_seq"":2,""next_send_seq"":2,""own_open_sent"":[],""params_hash"":""7805fdf5b30d114248f9394d970206b6cef73fc8d0bb312f208899f2491a0d93"",""peer_commit_indices"":[],""peer_confirm_accepted"":false,""peer_open_accepted"":[],""phase"":""ALICE_DIALOGUE_SENT"",""private_fields_present"":[""own_message""],""public_hashes"":{""h_ack"":""79437364d694067f09970a9fcc3e8e19596755040fb650efb15c17be2bdeb681"",""h_dist"":""5e4b588f8b16c20c1779b4dc1fae687bcd0d23caa37260832c85b659c910bd09""},""qpass_authenticated"":true,""qrecv_accepted"":true,""qrecv_sent"":false,""quantum_received"":false,""quantum_sent"":true,""quantum_view_fields"":[""shared_M_own"",""shared_M_peer"",""tilde_own""],""recovered_peer_message_present"":true,""sent_tokens"":[""3218abacba08860d3ed2cee7b67263f801f7ad4377f27d062a976a9976dd7696:A2B:0:DECOY_INFO"",""3218abacba08860d3ed2cee7b67263f801f7ad4377f27d062a976a9976dd7696:A2B:1:DIALOGUE_A""],""sid"":""3218abacba08860d3ed2cee7b67263f801f7ad4377f27d062a976a9976dd7696"",""t_q"":""43291fe49afe353dbc8cb51252202bd11dec320d164c6bd4198bb7f707953d46"",""terminal_reason"":null,""terminated"":false}","{""S"":0,""V"":0,""accepted_tokens"":[""3218abacba08860d3ed2cee7b67263f801f7ad4377f27d062a976a9976dd7696:A2B:0:DECOY_INFO""],""ack_lengths"":[6,6],""active"":false,""auth_counters"":{""ack_mac_generate"":1,""decoy_mac_verify"":1,""dialogue_b_qpass_mac_generate"":1},""ciphertext_roles"":[""B""],""commit_set_sent"":false,""completed"":false,""confirm_sent"":false,""current_gap"":0,""decoy_accepted"":true,""decoy_sent"":false,""detection_passed"":true,""identity"":""Bob"",""key_handle"":""3f74a13c685ebd2dbd04a156a66f6762"",""max_gap"":0,""mode"":""BASIC"",""next_recv_seq"":1,""next_send_seq"":2,""own_open_sent"":[],""params_hash"":""7805fdf5b30d114248f9394d970206b6cef73fc8d0bb312f208899f2491a0d93"",""peer_commit_indices"":[],""peer_confirm_accepted"":false,""peer_open_accepted"":[],""phase"":""TERMINATED"",""private_fields_present"":[""detection_counts"",""own_message""],""public_hashes"":{""h_ack"":""79437364d694067f09970a9fcc3e8e19596755040fb650efb15c17be2bdeb681"",""h_dist"":""5e4b588f8b16c20c1779b4dc1fae687bcd0d23caa37260832c85b659c910bd09""},""qpass_authenticated"":false,""qrecv_accepted"":false,""qrecv_sent"":true,""quantum_received"":true,""quantum_sent"":false,""quantum_view_fields"":[""shared_M_own"",""shared_M_peer"",""tilde_own""],""recovered_peer_message_present"":false,""sent_tokens"":[""3218abacba08860d3ed2cee7b67263f801f7ad4377f27d062a976a9976dd7696:B2A:0:QRECV_ACK"",""3218abacba08860d3ed2cee7b67263f801f7ad4377f27d062a976a9976dd7696:B2A:1:DIALOGUE_B_QPASS""],""sid"":""3218abacba08860d3ed2cee7b67263f801f7ad4377f27d062a976a9976dd7696"",""t_q"":""43291fe49afe353dbc8cb51252202bd11dec320d164c6bd4198bb7f707953d46"",""terminal_reason"":""identity_mismatch"",""terminated"":true}"
receiver_replacement,e5_registered_attacks_v6.csv,external_record,False,True,identity_mismatch,True,The reviewed local check rejected the altered action.,"[""parse_ce1"",""check_header_context"",""reject:identity_mismatch""]",tests/protocol_v7_scenarios.py,"{""S"":0,""V"":0,""accepted_tokens"":[""6fd0bea5a95d3dae1ab93d2351140fffb952ba9011e308ca61b116da5d1d0954:B2A:0:QRECV_ACK"",""6fd0bea5a95d3dae1ab93d2351140fffb952ba9011e308ca61b116da5d1d0954:B2A:1:DIALOGUE_B_QPASS""],""ack_lengths"":[6,6],""active"":true,""auth_counters"":{""ack_mac_verify"":1,""decoy_mac_generate"":1,""dialogue_a_mac_generate"":1,""dialogue_b_qpass_mac_verify"":1},""ciphertext_roles"":[""A"",""B""],""commit_set_sent"":false,""completed"":false,""confirm_sent"":false,""current_gap"":0,""decoy_accepted"":false,""decoy_sent"":true,""detection_passed"":false,""identity"":""Alice"",""key_handle"":""bd2b7a1601e34fccf216684073fb1b06"",""max_gap"":0,""mode"":""BASIC"",""next_recv_seq"":2,""next_send_seq"":2,""own_open_sent"":[],""params_hash"":""7805fdf5b30d114248f9394d970206b6cef73fc8d0bb312f208899f2491a0d93"",""peer_commit_indices"":[],""peer_confirm_accepted"":false,""peer_open_accepted"":[],""phase"":""ALICE_DIALOGUE_SENT"",""private_fields_present"":[""own_message""],""public_hashes"":{""h_ack"":""1c1c9dc7ab63551ef636f5b273f23d0dd381fc08d9ce16cd2cbb694c6665f39c"",""h_dist"":""bd97bb851f2ddc75db4a0c3e97169848cf8256123462a359f6e5356ddb61722c""},""qpass_authenticated"":true,""qrecv_accepted"":true,""qrecv_sent"":false,""quantum_received"":false,""quantum_sent"":true,""quantum_view_fields"":[""shared_M_own"",""shared_M_peer"",""tilde_own""],""recovered_peer_message_present"":true,""sent_tokens"":[""6fd0bea5a95d3dae1ab93d2351140fffb952ba9011e308ca61b116da5d1d0954:A2B:0:DECOY_INFO"",""6fd0bea5a95d3dae1ab93d2351140fffb952ba9011e308ca61b116da5d1d0954:A2B:1:DIALOGUE_A""],""sid"":""6fd0bea5a95d3dae1ab93d2351140fffb952ba9011e308ca61b116da5d1d0954"",""t_q"":""c3eab101d94bb8e49c9a64e6cee7a05395e51403df02ffbd8e90b59b8e3021c5"",""terminal_reason"":null,""terminated"":false}","{""S"":0,""V"":0,""accepted_tokens"":[""6fd0bea5a95d3dae1ab93d2351140fffb952ba9011e308ca61b116da5d1d0954:A2B:0:DECOY_INFO""],""ack_lengths"":[6,6],""active"":false,""auth_counters"":{""ack_mac_generate"":1,""decoy_mac_verify"":1,""dialogue_b_qpass_mac_generate"":1},""ciphertext_roles"":[""B""],""commit_set_sent"":false,""completed"":false,""confirm_sent"":false,""current_gap"":0,""decoy_accepted"":true,""decoy_sent"":false,""detection_passed"":true,""identity"":""Bob"",""key_handle"":""86857205a7d4f2c7a73cfdc2cdd60c6d"",""max_gap"":0,""mode"":""BASIC"",""next_recv_seq"":1,""next_send_seq"":2,""own_open_sent"":[],""params_hash"":""7805fdf5b30d114248f9394d970206b6cef73fc8d0bb312f208899f2491a0d93"",""peer_commit_indices"":[],""peer_confirm_accepted"":false,""peer_open_accepted"":[],""phase"":""TERMINATED"",""private_fields_present"":[""detection_counts"",""own_message""],""public_hashes"":{""h_ack"":""1c1c9dc7ab63551ef636f5b273f23d0dd381fc08d9ce16cd2cbb694c6665f39c"",""h_dist"":""bd97bb851f2ddc75db4a0c3e97169848cf8256123462a359f6e5356ddb61722c""},""qpass_authenticated"":false,""qrecv_accepted"":false,""qrecv_sent"":true,""quantum_received"":true,""quantum_sent"":false,""quantum_view_fields"":[""shared_M_own"",""shared_M_peer"",""tilde_own""],""recovered_peer_message_present"":false,""sent_tokens"":[""6fd0bea5a95d3dae1ab93d2351140fffb952ba9011e308ca61b116da5d1d0954:B2A:0:QRECV_ACK"",""6fd0bea5a95d3dae1ab93d2351140fffb952ba9011e308ca61b116da5d1d0954:B2A:1:DIALOGUE_B_QPASS""],""sid"":""6fd0bea5a95d3dae1ab93d2351140fffb952ba9011e308ca61b116da5d1d0954"",""t_q"":""c3eab101d94bb8e49c9a64e6cee7a05395e51403df02ffbd8e90b59b8e3021c5"",""terminal_reason"":""identity_mismatch"",""terminated"":true}"
direction_reflection,e5_registered_attacks_v6.csv,external_record,False,True,direction_mismatch,True,The reviewed local check rejected the altered action.,"[""parse_ce1"",""check_header_context"",""reject:direction_mismatch""]",tests/protocol_v7_scenarios.py,"{""S"":0,""V"":0,""accepted_tokens"":[""8e0f05328e832c438be380ba8391fe64c0e9fb2177ce23391250cc544ee64e5f:B2A:0:QRECV_ACK"",""8e0f05328e832c438be380ba8391fe64c0e9fb2177ce23391250cc544ee64e5f:B2A:1:DIALOGUE_B_QPASS""],""ack_lengths"":[6,6],""active"":true,""auth_counters"":{""ack_mac_verify"":1,""decoy_mac_generate"":1,""dialogue_a_mac_generate"":1,""dialogue_b_qpass_mac_verify"":1},""ciphertext_roles"":[""A"",""B""],""commit_set_sent"":false,""completed"":false,""confirm_sent"":false,""current_gap"":0,""decoy_accepted"":false,""decoy_sent"":true,""detection_passed"":false,""identity"":""Alice"",""key_handle"":""3944be55b2d51341cf0059d7b11ebf87"",""max_gap"":0,""mode"":""BASIC"",""next_recv_seq"":2,""next_send_seq"":2,""own_open_sent"":[],""params_hash"":""7805fdf5b30d114248f9394d970206b6cef73fc8d0bb312f208899f2491a0d93"",""peer_commit_indices"":[],""peer_confirm_accepted"":false,""peer_open_accepted"":[],""phase"":""ALICE_DIALOGUE_SENT"",""private_fields_present"":[""own_message""],""public_hashes"":{""h_ack"":""cb94c237da4e42ea914542e84ce920e140792f7680addd8cb70567de66d74f5d"",""h_dist"":""1be923932f728d84e4b1e6e9f827b6497a0fea8df1c7409188f38106aeb1dd0f""},""qpass_authenticated"":true,""qrecv_accepted"":true,""qrecv_sent"":false,""quantum_received"":false,""quantum_sent"":true,""quantum_view_fields"":[""shared_M_own"",""shared_M_peer"",""tilde_own""],""recovered_peer_message_present"":true,""sent_tokens"":[""8e0f05328e832c438be380ba8391fe64c0e9fb2177ce23391250cc544ee64e5f:A2B:0:DECOY_INFO"",""8e0f05328e832c438be380ba8391fe64c0e9fb2177ce23391250cc544ee64e5f:A2B:1:DIALOGUE_A""],""sid"":""8e0f05328e832c438be380ba8391fe64c0e9fb2177ce23391250cc544ee64e5f"",""t_q"":""a827aa53ba67b261cfe7559de473e6f0dcbf14ef50ad6a005bb7317efcf5cbd7"",""terminal_reason"":null,""terminated"":false}","{""S"":0,""V"":0,""accepted_tokens"":[""8e0f05328e832c438be380ba8391fe64c0e9fb2177ce23391250cc544ee64e5f:A2B:0:DECOY_INFO""],""ack_lengths"":[6,6],""active"":false,""auth_counters"":{""ack_mac_generate"":1,""decoy_mac_verify"":1,""dialogue_b_qpass_mac_generate"":1},""ciphertext_roles"":[""B""],""commit_set_sent"":false,""completed"":false,""confirm_sent"":false,""current_gap"":0,""decoy_accepted"":true,""decoy_sent"":false,""detection_passed"":true,""identity"":""Bob"",""key_handle"":""0596aa6c2fd34e6b0fb995a90ae22185"",""max_gap"":0,""mode"":""BASIC"",""next_recv_seq"":1,""next_send_seq"":2,""own_open_sent"":[],""params_hash"":""7805fdf5b30d114248f9394d970206b6cef73fc8d0bb312f208899f2491a0d93"",""peer_commit_indices"":[],""peer_confirm_accepted"":false,""peer_open_accepted"":[],""phase"":""TERMINATED"",""private_fields_present"":[""detection_counts"",""own_message""],""public_hashes"":{""h_ack"":""cb94c237da4e42ea914542e84ce920e140792f7680addd8cb70567de66d74f5d"",""h_dist"":""1be923932f728d84e4b1e6e9f827b6497a0fea8df1c7409188f38106aeb1dd0f""},""qpass_authenticated"":false,""qrecv_accepted"":false,""qrecv_sent"":true,""quantum_received"":true,""quantum_sent"":false,""quantum_view_fields"":[""shared_M_own"",""shared_M_peer"",""tilde_own""],""recovered_peer_message_present"":false,""sent_tokens"":[""8e0f05328e832c438be380ba8391fe64c0e9fb2177ce23391250cc544ee64e5f:B2A:0:QRECV_ACK"",""8e0f05328e832c438be380ba8391fe64c0e9fb2177ce23391250cc544ee64e5f:B2A:1:DIALOGUE_B_QPASS""],""sid"":""8e0f05328e832c438be380ba8391fe64c0e9fb2177ce23391250cc544ee64e5f"",""t_q"":""a827aa53ba67b261cfe7559de473e6f0dcbf14ef50ad6a005bb7317efcf5cbd7"",""terminal_reason"":""direction_mismatch"",""terminated"":true}"
type_replacement,e5_registered_attacks_v6.csv,external_record,False,True,unexpected_type_or_stage,True,The reviewed local check rejected the altered action.,"[""parse_ce1"",""check_header_context"",""reject:unexpected_type_or_stage""]",tests/protocol_v7_scenarios.py,"{""S"":0,""V"":0,""accepted_tokens"":[""c08035030c608e80f82809003d9ffe91f70b2f9bd668e625ac816b9505b97086:B2A:0:QRECV_ACK"",""c08035030c608e80f82809003d9ffe91f70b2f9bd668e625ac816b9505b97086:B2A:1:DIALOGUE_B_QPASS""],""ack_lengths"":[6,6],""active"":true,""auth_counters"":{""ack_mac_verify"":1,""decoy_mac_generate"":1,""dialogue_a_mac_generate"":1,""dialogue_b_qpass_mac_verify"":1},""ciphertext_roles"":[""A"",""B""],""commit_set_sent"":false,""completed"":false,""confirm_sent"":false,""current_gap"":0,""decoy_accepted"":false,""decoy_sent"":true,""detection_passed"":false,""identity"":""Alice"",""key_handle"":""50caf53fa5b86758484c2344a698fa1e"",""max_gap"":0,""mode"":""BASIC"",""next_recv_seq"":2,""next_send_seq"":2,""own_open_sent"":[],""params_hash"":""7805fdf5b30d114248f9394d970206b6cef73fc8d0bb312f208899f2491a0d93"",""peer_commit_indices"":[],""peer_confirm_accepted"":false,""peer_open_accepted"":[],""phase"":""ALICE_DIALOGUE_SENT"",""private_fields_present"":[""own_message""],""public_hashes"":{""h_ack"":""f727e6c9f5a78ed55cf57f2e01e28345b3bbbb107f60459d8875a0f1d12e8d92"",""h_dist"":""0a857c24ae95f54abb6458b3a1cf6d5c9ed362d9d1d0c7136abaf55eadbfb6d9""},""qpass_authenticated"":true,""qrecv_accepted"":true,""qrecv_sent"":false,""quantum_received"":false,""quantum_sent"":true,""quantum_view_fields"":[""shared_M_own"",""shared_M_peer"",""tilde_own""],""recovered_peer_message_present"":true,""sent_tokens"":[""c08035030c608e80f82809003d9ffe91f70b2f9bd668e625ac816b9505b97086:A2B:0:DECOY_INFO"",""c08035030c608e80f82809003d9ffe91f70b2f9bd668e625ac816b9505b97086:A2B:1:DIALOGUE_A""],""sid"":""c08035030c608e80f82809003d9ffe91f70b2f9bd668e625ac816b9505b97086"",""t_q"":""3c4af722ae97dd78acd69450cf6019de411d1ce51c4c19dd7ba6eeb558a46b32"",""terminal_reason"":null,""terminated"":false}","{""S"":0,""V"":0,""accepted_tokens"":[""c08035030c608e80f82809003d9ffe91f70b2f9bd668e625ac816b9505b97086:A2B:0:DECOY_INFO""],""ack_lengths"":[6,6],""active"":false,""auth_counters"":{""ack_mac_generate"":1,""decoy_mac_verify"":1,""dialogue_b_qpass_mac_generate"":1},""ciphertext_roles"":[""B""],""commit_set_sent"":false,""completed"":false,""confirm_sent"":false,""current_gap"":0,""decoy_accepted"":true,""decoy_sent"":false,""detection_passed"":true,""identity"":""Bob"",""key_handle"":""1fb76eb0b39d30965ff0d569fd52b519"",""max_gap"":0,""mode"":""BASIC"",""next_recv_seq"":1,""next_send_seq"":2,""own_open_sent"":[],""params_hash"":""7805fdf5b30d114248f9394d970206b6cef73fc8d0bb312f208899f2491a0d93"",""peer_commit_indices"":[],""peer_confirm_accepted"":false,""peer_open_accepted"":[],""phase"":""TERMINATED"",""private_fields_present"":[""detection_counts"",""own_message""],""public_hashes"":{""h_ack"":""f727e6c9f5a78ed55cf57f2e01e28345b3bbbb107f60459d8875a0f1d12e8d92"",""h_dist"":""0a857c24ae95f54abb6458b3a1cf6d5c9ed362d9d1d0c7136abaf55eadbfb6d9""},""qpass_authenticated"":false,""qrecv_accepted"":false,""qrecv_sent"":true,""quantum_received"":true,""quantum_sent"":false,""quantum_view_fields"":[""shared_M_own"",""shared_M_peer"",""tilde_own""],""recovered_peer_message_present"":false,""sent_tokens"":[""c08035030c608e80f82809003d9ffe91f70b2f9bd668e625ac816b9505b97086:B2A:0:QRECV_ACK"",""c08035030c608e80f82809003d9ffe91f70b2f9bd668e625ac816b9505b97086:B2A:1:DIALOGUE_B_QPASS""],""sid"":""c08035030c608e80f82809003d9ffe91f70b2f9bd668e625ac816b9505b97086"",""t_q"":""3c4af722ae97dd78acd69450cf6019de411d1ce51c4c19dd7ba6eeb558a46b32"",""terminal_reason"":""unexpected_type_or_stage"",""terminated"":true}"
cross_session_migration,e5_registered_attacks_v6.csv,external_record,False,True,sid_mismatch,True,The reviewed local check rejected the altered action.,"[""parse_ce1"",""check_header_context"",""reject:sid_mismatch""]",tests/protocol_v7_scenarios.py,"{""S"":0,""V"":0,""accepted_tokens"":[""d9a2aab41060ed625dff437da04c20800275ffcbf8fb67d15d1076f4bb6667fb:B2A:0:QRECV_ACK"",""d9a2aab41060ed625dff437da04c20800275ffcbf8fb67d15d1076f4bb6667fb:B2A:1:DIALOGUE_B_QPASS""],""ack_lengths"":[6,6],""active"":true,""auth_counters"":{""ack_mac_verify"":1,""decoy_mac_generate"":1,""dialogue_a_mac_generate"":1,""dialogue_b_qpass_mac_verify"":1},""ciphertext_roles"":[""A"",""B""],""commit_set_sent"":false,""completed"":false,""confirm_sent"":false,""current_gap"":0,""decoy_accepted"":false,""decoy_sent"":true,""detection_passed"":false,""identity"":""Alice"",""key_handle"":""76a0f2fd7176e3e266de0d5f802bbafe"",""max_gap"":0,""mode"":""BASIC"",""next_recv_seq"":2,""next_send_seq"":2,""own_open_sent"":[],""params_hash"":""7805fdf5b30d114248f9394d970206b6cef73fc8d0bb312f208899f2491a0d93"",""peer_commit_indices"":[],""peer_confirm_accepted"":false,""peer_open_accepted"":[],""phase"":""ALICE_DIALOGUE_SENT"",""private_fields_present"":[""own_message""],""public_hashes"":{""h_ack"":""b0bb27df5b7e2ff92091cd30e41955b3b1c6109f7af7fd9bf41eae60b81d9e93"",""h_dist"":""403dc8a1b1eb163a71d2936984b0dbb11e71cf64ee48022773eab28e8236a012""},""qpass_authenticated"":true,""qrecv_accepted"":true,""qrecv_sent"":false,""quantum_received"":false,""quantum_sent"":true,""quantum_view_fields"":[""shared_M_own"",""shared_M_peer"",""tilde_own""],""recovered_peer_message_present"":true,""sent_tokens"":[""d9a2aab41060ed625dff437da04c20800275ffcbf8fb67d15d1076f4bb6667fb:A2B:0:DECOY_INFO"",""d9a2aab41060ed625dff437da04c20800275ffcbf8fb67d15d1076f4bb6667fb:A2B:1:DIALOGUE_A""],""sid"":""d9a2aab41060ed625dff437da04c20800275ffcbf8fb67d15d1076f4bb6667fb"",""t_q"":""0a600635dc0b55ca8727289ea490ea1c28e1ddbef1fe0f542d070ffbf2ab5927"",""terminal_reason"":null,""terminated"":false}","{""S"":0,""V"":0,""accepted_tokens"":[""d9a2aab41060ed625dff437da04c20800275ffcbf8fb67d15d1076f4bb6667fb:A2B:0:DECOY_INFO""],""ack_lengths"":[6,6],""active"":false,""auth_counters"":{""ack_mac_generate"":1,""decoy_mac_verify"":1,""dialogue_b_qpass_mac_generate"":1},""ciphertext_roles"":[""B""],""commit_set_sent"":false,""completed"":false,""confirm_sent"":false,""current_gap"":0,""decoy_accepted"":true,""decoy_sent"":false,""detection_passed"":true,""identity"":""Bob"",""key_handle"":""f745320aedf4b8bc526c9a2275e7937e"",""max_gap"":0,""mode"":""BASIC"",""next_recv_seq"":1,""next_send_seq"":2,""own_open_sent"":[],""params_hash"":""7805fdf5b30d114248f9394d970206b6cef73fc8d0bb312f208899f2491a0d93"",""peer_commit_indices"":[],""peer_confirm_accepted"":false,""peer_open_accepted"":[],""phase"":""TERMINATED"",""private_fields_present"":[""detection_counts"",""own_message""],""public_hashes"":{""h_ack"":""b0bb27df5b7e2ff92091cd30e41955b3b1c6109f7af7fd9bf41eae60b81d9e93"",""h_dist"":""403dc8a1b1eb163a71d2936984b0dbb11e71cf64ee48022773eab28e8236a012""},""qpass_authenticated"":false,""qrecv_accepted"":false,""qrecv_sent"":true,""quantum_received"":true,""quantum_sent"":false,""quantum_view_fields"":[""shared_M_own"",""shared_M_peer"",""tilde_own""],""recovered_peer_message_present"":false,""sent_tokens"":[""d9a2aab41060ed625dff437da04c20800275ffcbf8fb67d15d1076f4bb6667fb:B2A:0:QRECV_ACK"",""d9a2aab41060ed625dff437da04c20800275ffcbf8fb67d15d1076f4bb6667fb:B2A:1:DIALOGUE_B_QPASS""],""sid"":""d9a2aab41060ed625dff437da04c20800275ffcbf8fb67d15d1076f4bb6667fb"",""t_q"":""0a600635dc0b55ca8727289ea490ea1c28e1ddbef1fe0f542d070ffbf2ab5927"",""terminal_reason"":""sid_mismatch"",""terminated"":true}"
same_session_replay,e5_registered_attacks_v6.csv,replay,False,True,unexpected_type_or_stage,True,The reviewed local check rejected the altered action.,"[""parse_ce1"",""check_header_context"",""reject:unexpected_type_or_stage""]",tests/protocol_v7_scenarios.py,"{""S"":0,""V"":0,""accepted_tokens"":[""69eddab16f5347747467f52ff5155d77f156a3a4c84771302cac0e3d274c1843:B2A:0:QRECV_ACK"",""69eddab16f5347747467f52ff5155d77f156a3a4c84771302cac0e3d274c1843:B2A:1:DIALOGUE_B_QPASS""],""ack_lengths"":[6,6],""active"":true,""auth_counters"":{""ack_mac_verify"":1,""decoy_mac_generate"":1,""dialogue_a_mac_generate"":1,""dialogue_b_qpass_mac_verify"":1},""ciphertext_roles"":[""A"",""B""],""commit_set_sent"":false,""completed"":false,""confirm_sent"":false,""current_gap"":0,""decoy_accepted"":false,""decoy_sent"":true,""detection_passed"":false,""identity"":""Alice"",""key_handle"":""761ee043f5e1156f68b53399cb3a8bfb"",""max_gap"":0,""mode"":""BASIC"",""next_recv_seq"":2,""next_send_seq"":2,""own_open_sent"":[],""params_hash"":""7805fdf5b30d114248f9394d970206b6cef73fc8d0bb312f208899f2491a0d93"",""peer_commit_indices"":[],""peer_confirm_accepted"":false,""peer_open_accepted"":[],""phase"":""ALICE_DIALOGUE_SENT"",""private_fields_present"":[""own_message""],""public_hashes"":{""h_ack"":""1facefb8a86550fcb6a2801af0dd1f06dcefe4ee8662fadeb9cbaae694f716ee"",""h_dist"":""e8a3b70aa111b0de4406bffeb14c3f886fe1512cd7585e9271009218805a262d""},""qpass_authenticated"":true,""qrecv_accepted"":true,""qrecv_sent"":false,""quantum_received"":false,""quantum_sent"":true,""quantum_view_fields"":[""shared_M_own"",""shared_M_peer"",""tilde_own""],""recovered_peer_message_present"":true,""sent_tokens"":[""69eddab16f5347747467f52ff5155d77f156a3a4c84771302cac0e3d274c1843:A2B:0:DECOY_INFO"",""69eddab16f5347747467f52ff5155d77f156a3a4c84771302cac0e3d274c1843:A2B:1:DIALOGUE_A""],""sid"":""69eddab16f5347747467f52ff5155d77f156a3a4c84771302cac0e3d274c1843"",""t_q"":""3d747cf8b769f2df077223daf75f05c003f405ce42e81e0cf6d95f3747866a0e"",""terminal_reason"":null,""terminated"":false}","{""S"":0,""V"":0,""accepted_tokens"":[""69eddab16f5347747467f52ff5155d77f156a3a4c84771302cac0e3d274c1843:A2B:0:DECOY_INFO"",""69eddab16f5347747467f52ff5155d77f156a3a4c84771302cac0e3d274c1843:A2B:1:DIALOGUE_A""],""ack_lengths"":[6,6],""active"":false,""auth_counters"":{""ack_mac_generate"":1,""decoy_mac_verify"":1,""dialogue_a_mac_verify"":1,""dialogue_b_qpass_mac_generate"":1},""ciphertext_roles"":[""A"",""B""],""commit_set_sent"":false,""completed"":false,""confirm_sent"":false,""current_gap"":0,""decoy_accepted"":true,""decoy_sent"":false,""detection_passed"":true,""identity"":""Bob"",""key_handle"":""437e191dffef35318e5e6bf53265f870"",""max_gap"":0,""mode"":""BASIC"",""next_recv_seq"":2,""next_send_seq"":2,""own_open_sent"":[],""params_hash"":""7805fdf5b30d114248f9394d970206b6cef73fc8d0bb312f208899f2491a0d93"",""peer_commit_indices"":[],""peer_confirm_accepted"":false,""peer_open_accepted"":[],""phase"":""TERMINATED"",""private_fields_present"":[""detection_counts"",""own_message""],""public_hashes"":{""h_ack"":""1facefb8a86550fcb6a2801af0dd1f06dcefe4ee8662fadeb9cbaae694f716ee"",""h_dist"":""e8a3b70aa111b0de4406bffeb14c3f886fe1512cd7585e9271009218805a262d""},""qpass_authenticated"":false,""qrecv_accepted"":false,""qrecv_sent"":true,""quantum_received"":true,""quantum_sent"":false,""quantum_view_fields"":[""shared_M_own"",""shared_M_peer"",""tilde_own""],""recovered_peer_message_present"":true,""sent_tokens"":[""69eddab16f5347747467f52ff5155d77f156a3a4c84771302cac0e3d274c1843:B2A:0:QRECV_ACK"",""69eddab16f5347747467f52ff5155d77f156a3a4c84771302cac0e3d274c1843:B2A:1:DIALOGUE_B_QPASS""],""sid"":""69eddab16f5347747467f52ff5155d77f156a3a4c84771302cac0e3d274c1843"",""t_q"":""3d747cf8b769f2df077223daf75f05c003f405ce42e81e0cf6d95f3747866a0e"",""terminal_reason"":""unexpected_type_or_stage"",""terminated"":true}"
old_sequence,e5_registered_attacks_v6.csv,external_record,False,True,replayed_or_old_sequence,True,The reviewed local check rejected the altered action.,"[""parse_ce1"",""check_header_context"",""reject:replayed_or_old_sequence""]",tests/protocol_v7_scenarios.py,"{""S"":0,""V"":0,""accepted_tokens"":[""8753b113a07619253bd193f65edbcaf210c0cbf2d86676b742878dedc9995183:B2A:0:QRECV_ACK"",""8753b113a07619253bd193f65edbcaf210c0cbf2d86676b742878dedc9995183:B2A:1:DIALOGUE_B_QPASS""],""ack_lengths"":[6,6],""active"":true,""auth_counters"":{""ack_mac_verify"":1,""decoy_mac_generate"":1,""dialogue_a_mac_generate"":1,""dialogue_b_qpass_mac_verify"":1},""ciphertext_roles"":[""A"",""B""],""commit_set_sent"":false,""completed"":false,""confirm_sent"":false,""current_gap"":0,""decoy_accepted"":false,""decoy_sent"":true,""detection_passed"":false,""identity"":""Alice"",""key_handle"":""2a74d3409d8c4cf0556fa49d37ee5929"",""max_gap"":0,""mode"":""BASIC"",""next_recv_seq"":2,""next_send_seq"":2,""own_open_sent"":[],""params_hash"":""7805fdf5b30d114248f9394d970206b6cef73fc8d0bb312f208899f2491a0d93"",""peer_commit_indices"":[],""peer_confirm_accepted"":false,""peer_open_accepted"":[],""phase"":""ALICE_DIALOGUE_SENT"",""private_fields_present"":[""own_message""],""public_hashes"":{""h_ack"":""553f932ad3fb5af8066abc044b6c8708d39afbbb6f98bea4d1e4a65d6da190f7"",""h_dist"":""b7e4dd9bb34dbadd4cdb25da2d8c508e48097fb10574aaa678421843ad1ff4e0""},""qpass_authenticated"":true,""qrecv_accepted"":true,""qrecv_sent"":false,""quantum_received"":false,""quantum_sent"":true,""quantum_view_fields"":[""shared_M_own"",""shared_M_peer"",""tilde_own""],""recovered_peer_message_present"":true,""sent_tokens"":[""8753b113a07619253bd193f65edbcaf210c0cbf2d86676b742878dedc9995183:A2B:0:DECOY_INFO"",""8753b113a07619253bd193f65edbcaf210c0cbf2d86676b742878dedc9995183:A2B:1:DIALOGUE_A""],""sid"":""8753b113a07619253bd193f65edbcaf210c0cbf2d86676b742878dedc9995183"",""t_q"":""d662f893491c933dca2135257aafa0bf1630d875d30b81c0f9ad361b358206b8"",""terminal_reason"":null,""terminated"":false}","{""S"":0,""V"":0,""accepted_tokens"":[""8753b113a07619253bd193f65edbcaf210c0cbf2d86676b742878dedc9995183:A2B:0:DECOY_INFO""],""ack_lengths"":[6,6],""active"":false,""auth_counters"":{""ack_mac_generate"":1,""decoy_mac_verify"":1,""dialogue_b_qpass_mac_generate"":1},""ciphertext_roles"":[""B""],""commit_set_sent"":false,""completed"":false,""confirm_sent"":false,""current_gap"":0,""decoy_accepted"":true,""decoy_sent"":false,""detection_passed"":true,""identity"":""Bob"",""key_handle"":""bc95e6a6ef13537428ad5b2622784707"",""max_gap"":0,""mode"":""BASIC"",""next_recv_seq"":1,""next_send_seq"":2,""own_open_sent"":[],""params_hash"":""7805fdf5b30d114248f9394d970206b6cef73fc8d0bb312f208899f2491a0d93"",""peer_commit_indices"":[],""peer_confirm_accepted"":false,""peer_open_accepted"":[],""phase"":""TERMINATED"",""private_fields_present"":[""detection_counts"",""own_message""],""public_hashes"":{""h_ack"":""553f932ad3fb5af8066abc044b6c8708d39afbbb6f98bea4d1e4a65d6da190f7"",""h_dist"":""b7e4dd9bb34dbadd4cdb25da2d8c508e48097fb10574aaa678421843ad1ff4e0""},""qpass_authenticated"":false,""qrecv_accepted"":false,""qrecv_sent"":true,""quantum_received"":true,""quantum_sent"":false,""quantum_view_fields"":[""shared_M_own"",""shared_M_peer"",""tilde_own""],""recovered_peer_message_present"":false,""sent_tokens"":[""8753b113a07619253bd193f65edbcaf210c0cbf2d86676b742878dedc9995183:B2A:0:QRECV_ACK"",""8753b113a07619253bd193f65edbcaf210c0cbf2d86676b742878dedc9995183:B2A:1:DIALOGUE_B_QPASS""],""sid"":""8753b113a07619253bd193f65edbcaf210c0cbf2d86676b742878dedc9995183"",""t_q"":""d662f893491c933dca2135257aafa0bf1630d875d30b81c0f9ad361b358206b8"",""terminal_reason"":""replayed_or_old_sequence"",""terminated"":true}"
future_sequence,e5_registered_attacks_v6.csv,external_record,False,True,future_sequence,True,The reviewed local check rejected the altered action.,"[""parse_ce1"",""check_header_context"",""reject:future_sequence""]",tests/protocol_v7_scenarios.py,"{""S"":0,""V"":0,""accepted_tokens"":[""6b70abee8f345d8fda3860dd43296339bf9c5359013b9392aaeb1f71703b879b:B2A:0:QRECV_ACK"",""6b70abee8f345d8fda3860dd43296339bf9c5359013b9392aaeb1f71703b879b:B2A:1:DIALOGUE_B_QPASS""],""ack_lengths"":[6,6],""active"":true,""auth_counters"":{""ack_mac_verify"":1,""decoy_mac_generate"":1,""dialogue_a_mac_generate"":1,""dialogue_b_qpass_mac_verify"":1},""ciphertext_roles"":[""A"",""B""],""commit_set_sent"":false,""completed"":false,""confirm_sent"":false,""current_gap"":0,""decoy_accepted"":false,""decoy_sent"":true,""detection_passed"":false,""identity"":""Alice"",""key_handle"":""bc9f16ef28853e4deda8f00e5663c228"",""max_gap"":0,""mode"":""BASIC"",""next_recv_seq"":2,""next_send_seq"":2,""own_open_sent"":[],""params_hash"":""7805fdf5b30d114248f9394d970206b6cef73fc8d0bb312f208899f2491a0d93"",""peer_commit_indices"":[],""peer_confirm_accepted"":false,""peer_open_accepted"":[],""phase"":""ALICE_DIALOGUE_SENT"",""private_fields_present"":[""own_message""],""public_hashes"":{""h_ack"":""ddc2e762003f6c4514b454d26fa88f50afdd2991ff8dd1a4c64ec46b44f061e6"",""h_dist"":""90019e69f0c47faed403d4888507c2f3c9f68b4c28ff3b2a968383b269d8975c""},""qpass_authenticated"":true,""qrecv_accepted"":true,""qrecv_sent"":false,""quantum_received"":false,""quantum_sent"":true,""quantum_view_fields"":[""shared_M_own"",""shared_M_peer"",""tilde_own""],""recovered_peer_message_present"":true,""sent_tokens"":[""6b70abee8f345d8fda3860dd43296339bf9c5359013b9392aaeb1f71703b879b:A2B:0:DECOY_INFO"",""6b70abee8f345d8fda3860dd43296339bf9c5359013b9392aaeb1f71703b879b:A2B:1:DIALOGUE_A""],""sid"":""6b70abee8f345d8fda3860dd43296339bf9c5359013b9392aaeb1f71703b879b"",""t_q"":""473f2b4056b17982d8ba50f2ba9d9c8208d3de76de96706050094e47d34b7f29"",""terminal_reason"":null,""terminated"":false}","{""S"":0,""V"":0,""accepted_tokens"":[""6b70abee8f345d8fda3860dd43296339bf9c5359013b9392aaeb1f71703b879b:A2B:0:DECOY_INFO""],""ack_lengths"":[6,6],""active"":false,""auth_counters"":{""ack_mac_generate"":1,""decoy_mac_verify"":1,""dialogue_b_qpass_mac_generate"":1},""ciphertext_roles"":[""B""],""commit_set_sent"":false,""completed"":false,""confirm_sent"":false,""current_gap"":0,""decoy_accepted"":true,""decoy_sent"":false,""detection_passed"":true,""identity"":""Bob"",""key_handle"":""4801d32f8d39846d3ab72ee65b85cdf4"",""max_gap"":0,""mode"":""BASIC"",""next_recv_seq"":1,""next_send_seq"":2,""own_open_sent"":[],""params_hash"":""7805fdf5b30d114248f9394d970206b6cef73fc8d0bb312f208899f2491a0d93"",""peer_commit_indices"":[],""peer_confirm_accepted"":false,""peer_open_accepted"":[],""phase"":""TERMINATED"",""private_fields_present"":[""detection_counts"",""own_message""],""public_hashes"":{""h_ack"":""ddc2e762003f6c4514b454d26fa88f50afdd2991ff8dd1a4c64ec46b44f061e6"",""h_dist"":""90019e69f0c47faed403d4888507c2f3c9f68b4c28ff3b2a968383b269d8975c""},""qpass_authenticated"":false,""qrecv_accepted"":false,""qrecv_sent"":true,""quantum_received"":true,""quantum_sent"":false,""quantum_view_fields"":[""shared_M_own"",""shared_M_peer"",""tilde_own""],""recovered_peer_message_present"":false,""sent_tokens"":[""6b70abee8f345d8fda3860dd43296339bf9c5359013b9392aaeb1f71703b879b:B2A:0:QRECV_ACK"",""6b70abee8f345d8fda3860dd43296339bf9c5359013b9392aaeb1f71703b879b:B2A:1:DIALOGUE_B_QPASS""],""sid"":""6b70abee8f345d8fda3860dd43296339bf9c5359013b9392aaeb1f71703b879b"",""t_q"":""473f2b4056b17982d8ba50f2ba9d9c8208d3de76de96706050094e47d34b7f29"",""terminal_reason"":""future_sequence"",""terminated"":true}"
decoy_before_verified_qrecv,e5_registered_attacks_v6.csv,local_send_gate,False,True,decoy_requires_locally_verified_qrecv,True,The reviewed local check rejected the altered action.,"[""local_send_gate:decoy_requires_locally_verified_qrecv""]",tests/protocol_v7_scenarios.py,"{""S"":0,""V"":0,""accepted_tokens"":[],""ack_lengths"":null,""active"":true,""auth_counters"":{},""ciphertext_roles"":[],""commit_set_sent"":false,""completed"":false,""confirm_sent"":false,""current_gap"":0,""decoy_accepted"":false,""decoy_sent"":false,""detection_passed"":false,""identity"":""Alice"",""key_handle"":""39df8788897d72713c596a65b47a880f"",""max_gap"":0,""mode"":""BASIC"",""next_recv_seq"":0,""next_send_seq"":0,""own_open_sent"":[],""params_hash"":""e433f6d558f5c894142feeb204c525965d618c8a4edb7a69facf4f8b652240a2"",""peer_commit_indices"":[],""peer_confirm_accepted"":false,""peer_open_accepted"":[],""phase"":""WAIT_QRECV_ACK"",""private_fields_present"":[""own_message""],""public_hashes"":{},""qpass_authenticated"":false,""qrecv_accepted"":false,""qrecv_sent"":false,""quantum_received"":false,""quantum_sent"":true,""quantum_view_fields"":[],""recovered_peer_message_present"":false,""sent_tokens"":[],""sid"":""f863628f0016404442cfa1032fe6019368b2e2bfe975d10bbf050d3677f4da00"",""t_q"":null,""terminal_reason"":null,""terminated"":false}","{""S"":0,""V"":0,""accepted_tokens"":[],""ack_lengths"":[5,5],""active"":true,""auth_counters"":{},""ciphertext_roles"":[],""commit_set_sent"":false,""completed"":false,""confirm_sent"":false,""current_gap"":0,""decoy_accepted"":false,""decoy_sent"":false,""detection_passed"":false,""identity"":""Bob"",""key_handle"":""9ef264cc45fe1ead68ee39df07b9acc1"",""max_gap"":0,""mode"":""BASIC"",""next_recv_seq"":0,""next_send_seq"":0,""own_open_sent"":[],""params_hash"":""e433f6d558f5c894142feeb204c525965d618c8a4edb7a69facf4f8b652240a2"",""peer_commit_indices"":[],""peer_confirm_accepted"":false,""peer_open_accepted"":[],""phase"":""QUANTUM_RECEIVED"",""private_fields_present"":[""own_message""],""public_hashes"":{},""qpass_authenticated"":false,""qrecv_accepted"":false,""qrecv_sent"":false,""quantum_received"":true,""quantum_sent"":false,""quantum_view_fields"":[],""recovered_peer_message_present"":false,""sent_tokens"":[],""sid"":""f863628f0016404442cfa1032fe6019368b2e2bfe975d10bbf050d3677f4da00"",""t_q"":null,""terminal_reason"":null,""terminated"":false}"
decoy_wrong_K_dist,e5_registered_attacks_v6.csv,external_record,False,True,authentication_tag_invalid,True,The reviewed local check rejected the altered action.,"[""parse_ce1"",""check_header_context"",""check_payload_schema"",""verify_prescribed_authenticator"",""verify_auth:K_dist"",""reject:authentication_tag_invalid""]",tests/protocol_v7_scenarios.py,"{""S"":0,""V"":0,""accepted_tokens"":[""08dbc0342367eea3e5439f19c4c77779512ebc0593546c6275ff3cb7802c645b:B2A:0:QRECV_ACK""],""ack_lengths"":[6,6],""active"":true,""auth_counters"":{""ack_mac_verify"":1,""decoy_mac_generate"":1},""ciphertext_roles"":[],""commit_set_sent"":false,""completed"":false,""confirm_sent"":false,""current_gap"":0,""decoy_accepted"":false,""decoy_sent"":true,""detection_passed"":false,""identity"":""Alice"",""key_handle"":""8f50e0c6ef4f175be3ed2ffce133da31"",""max_gap"":0,""mode"":""BASIC"",""next_recv_seq"":1,""next_send_seq"":1,""own_open_sent"":[],""params_hash"":""7805fdf5b30d114248f9394d970206b6cef73fc8d0bb312f208899f2491a0d93"",""peer_commit_indices"":[],""peer_confirm_accepted"":false,""peer_open_accepted"":[],""phase"":""DECOY_INFO_SENT"",""private_fields_present"":[""own_message""],""public_hashes"":{""h_ack"":""a86b5e5e6fdba7714827e3ad09b7a0f76b3a0ac41c9818141c533c87de6be6fa"",""h_dist"":""b4f843c0f03a523210caa9b9e950b906068eef2dd05e31c244f52fd72c21ef53""},""qpass_authenticated"":false,""qrecv_accepted"":true,""qrecv_sent"":false,""quantum_received"":false,""quantum_sent"":true,""quantum_view_fields"":[],""recovered_peer_message_present"":false,""sent_tokens"":[""08dbc0342367eea3e5439f19c4c77779512ebc0593546c6275ff3cb7802c645b:A2B:0:DECOY_INFO""],""sid"":""08dbc0342367eea3e5439f19c4c77779512ebc0593546c6275ff3cb7802c645b"",""t_q"":null,""terminal_reason"":null,""terminated"":false}","{""S"":0,""V"":0,""accepted_tokens"":[],""ack_lengths"":[6,6],""active"":false,""auth_counters"":{""ack_mac_generate"":1,""decoy_mac_verify"":1},""ciphertext_roles"":[],""commit_set_sent"":false,""completed"":false,""confirm_sent"":false,""current_gap"":0,""decoy_accepted"":false,""decoy_sent"":false,""detection_passed"":false,""identity"":""Bob"",""key_handle"":""2b3e09ba20a63b4fb69040160962ca71"",""max_gap"":0,""mode"":""BASIC"",""next_recv_seq"":0,""next_send_seq"":1,""own_open_sent"":[],""params_hash"":""7805fdf5b30d114248f9394d970206b6cef73fc8d0bb312f208899f2491a0d93"",""peer_commit_indices"":[],""peer_confirm_accepted"":false,""peer_open_accepted"":[],""phase"":""TERMINATED"",""private_fields_present"":[""own_message""],""public_hashes"":{""h_ack"":""a86b5e5e6fdba7714827e3ad09b7a0f76b3a0ac41c9818141c533c87de6be6fa""},""qpass_authenticated"":false,""qrecv_accepted"":false,""qrecv_sent"":true,""quantum_received"":true,""quantum_sent"":false,""quantum_view_fields"":[],""recovered_peer_message_present"":false,""sent_tokens"":[""08dbc0342367eea3e5439f19c4c77779512ebc0593546c6275ff3cb7802c645b:B2A:0:QRECV_ACK""],""sid"":""08dbc0342367eea3e5439f19c4c77779512ebc0593546c6275ff3cb7802c645b"",""t_q"":null,""terminal_reason"":""authentication_tag_invalid"",""terminated"":true}"
D_decoy_tamper,e5_registered_attacks_v6.csv,external_record,False,True,authentication_tag_invalid,True,The reviewed local check rejected the altered action.,"[""parse_ce1"",""check_header_context"",""check_payload_schema"",""verify_prescribed_authenticator"",""verify_auth:K_dist"",""reject:authentication_tag_invalid""]",tests/protocol_v7_scenarios.py,"{""S"":0,""V"":0,""accepted_tokens"":[""9945a68e9811fcb2284f242ed035d927a3e760c1964ad9029650a184c9e03a42:B2A:0:QRECV_ACK""],""ack_lengths"":[6,6],""active"":true,""auth_counters"":{""ack_mac_verify"":1,""decoy_mac_generate"":1},""ciphertext_roles"":[],""commit_set_sent"":false,""completed"":false,""confirm_sent"":false,""current_gap"":0,""decoy_accepted"":false,""decoy_sent"":true,""detection_passed"":false,""identity"":""Alice"",""key_handle"":""49b7d8e3da20e1e4bf8b89f8a2bfc2dd"",""max_gap"":0,""mode"":""BASIC"",""next_recv_seq"":1,""next_send_seq"":1,""own_open_sent"":[],""params_hash"":""7805fdf5b30d114248f9394d970206b6cef73fc8d0bb312f208899f2491a0d93"",""peer_commit_indices"":[],""peer_confirm_accepted"":false,""peer_open_accepted"":[],""phase"":""DECOY_INFO_SENT"",""private_fields_present"":[""own_message""],""public_hashes"":{""h_ack"":""1ee9d78f4f11bfca3f9483493d2e13d4b49352f38d54e87ed4d60b2adc19c007"",""h_dist"":""8e6071e9881c19a2210166eeeccf656ca728ba75b20037942ab882211c06837d""},""qpass_authenticated"":false,""qrecv_accepted"":true,""qrecv_sent"":false,""quantum_received"":false,""quantum_sent"":true,""quantum_view_fields"":[],""recovered_peer_message_present"":false,""sent_tokens"":[""9945a68e9811fcb2284f242ed035d927a3e760c1964ad9029650a184c9e03a42:A2B:0:DECOY_INFO""],""sid"":""9945a68e9811fcb2284f242ed035d927a3e760c1964ad9029650a184c9e03a42"",""t_q"":null,""terminal_reason"":null,""terminated"":false}","{""S"":0,""V"":0,""accepted_tokens"":[],""ack_lengths"":[6,6],""active"":false,""auth_counters"":{""ack_mac_generate"":1,""decoy_mac_verify"":1},""ciphertext_roles"":[],""commit_set_sent"":false,""completed"":false,""confirm_sent"":false,""current_gap"":0,""decoy_accepted"":false,""decoy_sent"":false,""detection_passed"":false,""identity"":""Bob"",""key_handle"":""712d2fd5a1a9c48dd9774c3aba8a623b"",""max_gap"":0,""mode"":""BASIC"",""next_recv_seq"":0,""next_send_seq"":1,""own_open_sent"":[],""params_hash"":""7805fdf5b30d114248f9394d970206b6cef73fc8d0bb312f208899f2491a0d93"",""peer_commit_indices"":[],""peer_confirm_accepted"":false,""peer_open_accepted"":[],""phase"":""TERMINATED"",""private_fields_present"":[""own_message""],""public_hashes"":{""h_ack"":""1ee9d78f4f11bfca3f9483493d2e13d4b49352f38d54e87ed4d60b2adc19c007""},""qpass_authenticated"":false,""qrecv_accepted"":false,""qrecv_sent"":true,""quantum_received"":true,""quantum_sent"":false,""quantum_view_fields"":[],""recovered_peer_message_present"":false,""sent_tokens"":[""9945a68e9811fcb2284f242ed035d927a3e760c1964ad9029650a184c9e03a42:B2A:0:QRECV_ACK""],""sid"":""9945a68e9811fcb2284f242ed035d927a3e760c1964ad9029650a184c9e03a42"",""t_q"":null,""terminal_reason"":""authentication_tag_invalid"",""terminated"":true}"
tau_dist_tamper,e5_registered_attacks_v6.csv,external_record,False,True,authentication_tag_invalid,True,"Legacy tau_dist is V7's sole K_dist auth.tag, not an inner-plus-outer pair.","[""parse_ce1"",""check_header_context"",""check_payload_schema"",""verify_prescribed_authenticator"",""verify_auth:K_dist"",""reject:authentication_tag_invalid""]",tests/protocol_v7_scenarios.py,"{""S"":0,""V"":0,""accepted_tokens"":[""5c993687b0ebd5ccbb2f32d21ce37e59b506b60c3746fd8e1162bb98299a8db2:B2A:0:QRECV_ACK""],""ack_lengths"":[6,6],""active"":true,""auth_counters"":{""ack_mac_verify"":1,""decoy_mac_generate"":1},""ciphertext_roles"":[],""commit_set_sent"":false,""completed"":false,""confirm_sent"":false,""current_gap"":0,""decoy_accepted"":false,""decoy_sent"":true,""detection_passed"":false,""identity"":""Alice"",""key_handle"":""b889fde0b93cbc8920f054515ba9e742"",""max_gap"":0,""mode"":""BASIC"",""next_recv_seq"":1,""next_send_seq"":1,""own_open_sent"":[],""params_hash"":""7805fdf5b30d114248f9394d970206b6cef73fc8d0bb312f208899f2491a0d93"",""peer_commit_indices"":[],""peer_confirm_accepted"":false,""peer_open_accepted"":[],""phase"":""DECOY_INFO_SENT"",""private_fields_present"":[""own_message""],""public_hashes"":{""h_ack"":""d209a13556f5e08449e8446ac1b9a16df5e774eb927e3a015ff19982a8b82ea4"",""h_dist"":""091c699904bd57d9800215aa726fcd6f6c478900382998d61a47c68f67a1b50f""},""qpass_authenticated"":false,""qrecv_accepted"":true,""qrecv_sent"":false,""quantum_received"":false,""quantum_sent"":true,""quantum_view_fields"":[],""recovered_peer_message_present"":false,""sent_tokens"":[""5c993687b0ebd5ccbb2f32d21ce37e59b506b60c3746fd8e1162bb98299a8db2:A2B:0:DECOY_INFO""],""sid"":""5c993687b0ebd5ccbb2f32d21ce37e59b506b60c3746fd8e1162bb98299a8db2"",""t_q"":null,""terminal_reason"":null,""terminated"":false}","{""S"":0,""V"":0,""accepted_tokens"":[],""ack_lengths"":[6,6],""active"":false,""auth_counters"":{""ack_mac_generate"":1,""decoy_mac_verify"":1},""ciphertext_roles"":[],""commit_set_sent"":false,""completed"":false,""confirm_sent"":false,""current_gap"":0,""decoy_accepted"":false,""decoy_sent"":false,""detection_passed"":false,""identity"":""Bob"",""key_handle"":""c7c1d9a2832c1fe0e428dd12079f0aa1"",""max_gap"":0,""mode"":""BASIC"",""next_recv_seq"":0,""next_send_seq"":1,""own_open_sent"":[],""params_hash"":""7805fdf5b30d114248f9394d970206b6cef73fc8d0bb312f208899f2491a0d93"",""peer_commit_indices"":[],""peer_confirm_accepted"":false,""peer_open_accepted"":[],""phase"":""TERMINATED"",""private_fields_present"":[""own_message""],""public_hashes"":{""h_ack"":""d209a13556f5e08449e8446ac1b9a16df5e774eb927e3a015ff19982a8b82ea4""},""qpass_authenticated"":false,""qrecv_accepted"":false,""qrecv_sent"":true,""quantum_received"":true,""quantum_sent"":false,""quantum_view_fields"":[],""recovered_peer_message_present"":false,""sent_tokens"":[""5c993687b0ebd5ccbb2f32d21ce37e59b506b60c3746fd8e1162bb98299a8db2:B2A:0:QRECV_ACK""],""sid"":""5c993687b0ebd5ccbb2f32d21ce37e59b506b60c3746fd8e1162bb98299a8db2"",""t_q"":null,""terminal_reason"":""authentication_tag_invalid"",""terminated"":true}"
tau_dist_missing,e5_registered_attacks_v6.csv,external_record,False,True,auth_schema_invalid,True,The reviewed local check rejected the altered action.,"[""parse_ce1"",""reject:auth_schema_invalid""]",tests/protocol_v7_scenarios.py,"{""S"":0,""V"":0,""accepted_tokens"":[""7a4c6418394a1386777c7fa1b1e04182bd67348a5c78e453208e0286edd8342b:B2A:0:QRECV_ACK""],""ack_lengths"":[6,6],""active"":true,""auth_counters"":{""ack_mac_verify"":1,""decoy_mac_generate"":1},""ciphertext_roles"":[],""commit_set_sent"":false,""completed"":false,""confirm_sent"":false,""current_gap"":0,""decoy_accepted"":false,""decoy_sent"":true,""detection_passed"":false,""identity"":""Alice"",""key_handle"":""d027619d478bdc0bdc3f50d7bc24dcec"",""max_gap"":0,""mode"":""BASIC"",""next_recv_seq"":1,""next_send_seq"":1,""own_open_sent"":[],""params_hash"":""7805fdf5b30d114248f9394d970206b6cef73fc8d0bb312f208899f2491a0d93"",""peer_commit_indices"":[],""peer_confirm_accepted"":false,""peer_open_accepted"":[],""phase"":""DECOY_INFO_SENT"",""private_fields_present"":[""own_message""],""public_hashes"":{""h_ack"":""541e159d890ca9944771066cfd86bac1728b0181df265120de7d2fed2d4a95f0"",""h_dist"":""bf2513e119f76e15c382de136afa9e68b8ff19a4a03c78ada5e6068c7184ce32""},""qpass_authenticated"":false,""qrecv_accepted"":true,""qrecv_sent"":false,""quantum_received"":false,""quantum_sent"":true,""quantum_view_fields"":[],""recovered_peer_message_present"":false,""sent_tokens"":[""7a4c6418394a1386777c7fa1b1e04182bd67348a5c78e453208e0286edd8342b:A2B:0:DECOY_INFO""],""sid"":""7a4c6418394a1386777c7fa1b1e04182bd67348a5c78e453208e0286edd8342b"",""t_q"":null,""terminal_reason"":null,""terminated"":false}","{""S"":0,""V"":0,""accepted_tokens"":[],""ack_lengths"":[6,6],""active"":false,""auth_counters"":{""ack_mac_generate"":1},""ciphertext_roles"":[],""commit_set_sent"":false,""completed"":false,""confirm_sent"":false,""current_gap"":0,""decoy_accepted"":false,""decoy_sent"":false,""detection_passed"":false,""identity"":""Bob"",""key_handle"":""8de462e5dec65e4028bae1cab499f5a5"",""max_gap"":0,""mode"":""BASIC"",""next_recv_seq"":0,""next_send_seq"":1,""own_open_sent"":[],""params_hash"":""7805fdf5b30d114248f9394d970206b6cef73fc8d0bb312f208899f2491a0d93"",""peer_commit_indices"":[],""peer_confirm_accepted"":false,""peer_open_accepted"":[],""phase"":""TERMINATED"",""private_fields_present"":[""own_message""],""public_hashes"":{""h_ack"":""541e159d890ca9944771066cfd86bac1728b0181df265120de7d2fed2d4a95f0""},""qpass_authenticated"":false,""qrecv_accepted"":false,""qrecv_sent"":true,""quantum_received"":true,""quantum_sent"":false,""quantum_view_fields"":[],""recovered_peer_message_present"":false,""sent_tokens"":[""7a4c6418394a1386777c7fa1b1e04182bd67348a5c78e453208e0286edd8342b:B2A:0:QRECV_ACK""],""sid"":""7a4c6418394a1386777c7fa1b1e04182bd67348a5c78e453208e0286edd8342b"",""t_q"":null,""terminal_reason"":""auth_schema_invalid"",""terminated"":true}"
decoy_cross_session_migration,e5_registered_attacks_v6.csv,external_record,False,True,sid_mismatch,True,The reviewed local check rejected the altered action.,"[""parse_ce1"",""check_header_context"",""reject:sid_mismatch""]",tests/protocol_v7_scenarios.py,"{""S"":0,""V"":0,""accepted_tokens"":[""f60d78f53326b2a7becf25ba11647f6a470d1d151cec36315f3b9c3a3c8d898e:B2A:0:QRECV_ACK""],""ack_lengths"":[6,6],""active"":true,""auth_counters"":{""ack_mac_verify"":1,""decoy_mac_generate"":1},""ciphertext_roles"":[],""commit_set_sent"":false,""completed"":false,""confirm_sent"":false,""current_gap"":0,""decoy_accepted"":false,""decoy_sent"":true,""detection_passed"":false,""identity"":""Alice"",""key_handle"":""1857a98dd65cbc574cfe7830ed41289c"",""max_gap"":0,""mode"":""BASIC"",""next_recv_seq"":1,""next_send_seq"":1,""own_open_sent"":[],""params_hash"":""7805fdf5b30d114248f9394d970206b6cef73fc8d0bb312f208899f2491a0d93"",""peer_commit_indices"":[],""peer_confirm_accepted"":false,""peer_open_accepted"":[],""phase"":""DECOY_INFO_SENT"",""private_fields_present"":[""own_message""],""public_hashes"":{""h_ack"":""58c28d6ceb837d803a9bb74472a1b4c6ed85423a38ee0eaa4779933f8f459da0"",""h_dist"":""fc58a1e5a360f1224fbd63aa5244a3d32fd415623e01ac59feb280bb0f116749""},""qpass_authenticated"":false,""qrecv_accepted"":true,""qrecv_sent"":false,""quantum_received"":false,""quantum_sent"":true,""quantum_view_fields"":[],""recovered_peer_message_present"":false,""sent_tokens"":[""f60d78f53326b2a7becf25ba11647f6a470d1d151cec36315f3b9c3a3c8d898e:A2B:0:DECOY_INFO""],""sid"":""f60d78f53326b2a7becf25ba11647f6a470d1d151cec36315f3b9c3a3c8d898e"",""t_q"":null,""terminal_reason"":null,""terminated"":false}","{""S"":0,""V"":0,""accepted_tokens"":[],""ack_lengths"":[6,6],""active"":false,""auth_counters"":{""ack_mac_generate"":1},""ciphertext_roles"":[],""commit_set_sent"":false,""completed"":false,""confirm_sent"":false,""current_gap"":0,""decoy_accepted"":false,""decoy_sent"":false,""detection_passed"":false,""identity"":""Bob"",""key_handle"":""f8b8318d30dc62fd6e66c1a7a216f45b"",""max_gap"":0,""mode"":""BASIC"",""next_recv_seq"":0,""next_send_seq"":1,""own_open_sent"":[],""params_hash"":""7805fdf5b30d114248f9394d970206b6cef73fc8d0bb312f208899f2491a0d93"",""peer_commit_indices"":[],""peer_confirm_accepted"":false,""peer_open_accepted"":[],""phase"":""TERMINATED"",""private_fields_present"":[""own_message""],""public_hashes"":{""h_ack"":""58c28d6ceb837d803a9bb74472a1b4c6ed85423a38ee0eaa4779933f8f459da0""},""qpass_authenticated"":false,""qrecv_accepted"":false,""qrecv_sent"":true,""quantum_received"":true,""quantum_sent"":false,""quantum_view_fields"":[],""recovered_peer_message_present"":false,""sent_tokens"":[""f60d78f53326b2a7becf25ba11647f6a470d1d151cec36315f3b9c3a3c8d898e:B2A:0:QRECV_ACK""],""sid"":""f60d78f53326b2a7becf25ba11647f6a470d1d151cec36315f3b9c3a3c8d898e"",""t_q"":null,""terminal_reason"":""sid_mismatch"",""terminated"":true}"
decoy_direction_reflection,e5_registered_attacks_v6.csv,external_record,False,True,direction_mismatch,True,The reviewed local check rejected the altered action.,"[""parse_ce1"",""check_header_context"",""reject:direction_mismatch""]",tests/protocol_v7_scenarios.py,"{""S"":0,""V"":0,""accepted_tokens"":[""4c579794018eddbb270bdd8a599da9e9af3cea9170f3bc4c3e1c5fd1375422bc:B2A:0:QRECV_ACK""],""ack_lengths"":[6,6],""active"":true,""auth_counters"":{""ack_mac_verify"":1,""decoy_mac_generate"":1},""ciphertext_roles"":[],""commit_set_sent"":false,""completed"":false,""confirm_sent"":false,""current_gap"":0,""decoy_accepted"":false,""decoy_sent"":true,""detection_passed"":false,""identity"":""Alice"",""key_handle"":""7adac0179a0363c707ab238653b42ac9"",""max_gap"":0,""mode"":""BASIC"",""next_recv_seq"":1,""next_send_seq"":1,""own_open_sent"":[],""params_hash"":""7805fdf5b30d114248f9394d970206b6cef73fc8d0bb312f208899f2491a0d93"",""peer_commit_indices"":[],""peer_confirm_accepted"":false,""peer_open_accepted"":[],""phase"":""DECOY_INFO_SENT"",""private_fields_present"":[""own_message""],""public_hashes"":{""h_ack"":""4440905b8c7a503ac5e5cba0587aa1e365e3ee3ebeb39d7b08de752419169380"",""h_dist"":""5805571dac621aaef61e16ff95ff824db46e81e8dd0e893fcda94760cf6cd430""},""qpass_authenticated"":false,""qrecv_accepted"":true,""qrecv_sent"":false,""quantum_received"":false,""quantum_sent"":true,""quantum_view_fields"":[],""recovered_peer_message_present"":false,""sent_tokens"":[""4c579794018eddbb270bdd8a599da9e9af3cea9170f3bc4c3e1c5fd1375422bc:A2B:0:DECOY_INFO""],""sid"":""4c579794018eddbb270bdd8a599da9e9af3cea9170f3bc4c3e1c5fd1375422bc"",""t_q"":null,""terminal_reason"":null,""terminated"":false}","{""S"":0,""V"":0,""accepted_tokens"":[],""ack_lengths"":[6,6],""active"":false,""auth_counters"":{""ack_mac_generate"":1},""ciphertext_roles"":[],""commit_set_sent"":false,""completed"":false,""confirm_sent"":false,""current_gap"":0,""decoy_accepted"":false,""decoy_sent"":false,""detection_passed"":false,""identity"":""Bob"",""key_handle"":""712b5420406c3bee577693a2282f9416"",""max_gap"":0,""mode"":""BASIC"",""next_recv_seq"":0,""next_send_seq"":1,""own_open_sent"":[],""params_hash"":""7805fdf5b30d114248f9394d970206b6cef73fc8d0bb312f208899f2491a0d93"",""peer_commit_indices"":[],""peer_confirm_accepted"":false,""peer_open_accepted"":[],""phase"":""TERMINATED"",""private_fields_present"":[""own_message""],""public_hashes"":{""h_ack"":""4440905b8c7a503ac5e5cba0587aa1e365e3ee3ebeb39d7b08de752419169380""},""qpass_authenticated"":false,""qrecv_accepted"":false,""qrecv_sent"":true,""quantum_received"":true,""quantum_sent"":false,""quantum_view_fields"":[],""recovered_peer_message_present"":false,""sent_tokens"":[""4c579794018eddbb270bdd8a599da9e9af3cea9170f3bc4c3e1c5fd1375422bc:B2A:0:QRECV_ACK""],""sid"":""4c579794018eddbb270bdd8a599da9e9af3cea9170f3bc4c3e1c5fd1375422bc"",""t_q"":null,""terminal_reason"":""direction_mismatch"",""terminated"":true}"
decoy_record_replay,e5_registered_attacks_v6.csv,replay,False,True,unexpected_type_or_stage,True,The reviewed local check rejected the altered action.,"[""parse_ce1"",""check_header_context"",""reject:unexpected_type_or_stage""]",tests/protocol_v7_scenarios.py,"{""S"":0,""V"":0,""accepted_tokens"":[""4b1092121599dea06b07713d695e63171df5572a61efa9284701d9c516d1e10b:B2A:0:QRECV_ACK""],""ack_lengths"":[6,6],""active"":true,""auth_counters"":{""ack_mac_verify"":1,""decoy_mac_generate"":1},""ciphertext_roles"":[],""commit_set_sent"":false,""completed"":false,""confirm_sent"":false,""current_gap"":0,""decoy_accepted"":false,""decoy_sent"":true,""detection_passed"":false,""identity"":""Alice"",""key_handle"":""14f175b36c68abe67874cddcda600758"",""max_gap"":0,""mode"":""BASIC"",""next_recv_seq"":1,""next_send_seq"":1,""own_open_sent"":[],""params_hash"":""7805fdf5b30d114248f9394d970206b6cef73fc8d0bb312f208899f2491a0d93"",""peer_commit_indices"":[],""peer_confirm_accepted"":false,""peer_open_accepted"":[],""phase"":""DECOY_INFO_SENT"",""private_fields_present"":[""own_message""],""public_hashes"":{""h_ack"":""04d717a4a56ea09c84b02d9db30640181f637fbfa3ddfb5feeaaf6c0f441377e"",""h_dist"":""01bc86519cedb7a63aea835d1f3be4e17761baadd5d26c9b8454f28d18bad827""},""qpass_authenticated"":false,""qrecv_accepted"":true,""qrecv_sent"":false,""quantum_received"":false,""quantum_sent"":true,""quantum_view_fields"":[],""recovered_peer_message_present"":false,""sent_tokens"":[""4b1092121599dea06b07713d695e63171df5572a61efa9284701d9c516d1e10b:A2B:0:DECOY_INFO""],""sid"":""4b1092121599dea06b07713d695e63171df5572a61efa9284701d9c516d1e10b"",""t_q"":null,""terminal_reason"":null,""terminated"":false}","{""S"":0,""V"":0,""accepted_tokens"":[""4b1092121599dea06b07713d695e63171df5572a61efa9284701d9c516d1e10b:A2B:0:DECOY_INFO""],""ack_lengths"":[6,6],""active"":false,""auth_counters"":{""ack_mac_generate"":1,""decoy_mac_verify"":1},""ciphertext_roles"":[],""commit_set_sent"":false,""completed"":false,""confirm_sent"":false,""current_gap"":0,""decoy_accepted"":true,""decoy_sent"":false,""detection_passed"":false,""identity"":""Bob"",""key_handle"":""7751f48fcf919ef452a6f262230acd4d"",""max_gap"":0,""mode"":""BASIC"",""next_recv_seq"":1,""next_send_seq"":1,""own_open_sent"":[],""params_hash"":""7805fdf5b30d114248f9394d970206b6cef73fc8d0bb312f208899f2491a0d93"",""peer_commit_indices"":[],""peer_confirm_accepted"":false,""peer_open_accepted"":[],""phase"":""TERMINATED"",""private_fields_present"":[""own_message""],""public_hashes"":{""h_ack"":""04d717a4a56ea09c84b02d9db30640181f637fbfa3ddfb5feeaaf6c0f441377e"",""h_dist"":""01bc86519cedb7a63aea835d1f3be4e17761baadd5d26c9b8454f28d18bad827""},""qpass_authenticated"":false,""qrecv_accepted"":false,""qrecv_sent"":true,""quantum_received"":true,""quantum_sent"":false,""quantum_view_fields"":[],""recovered_peer_message_present"":false,""sent_tokens"":[""4b1092121599dea06b07713d695e63171df5572a61efa9284701d9c516d1e10b:B2A:0:QRECV_ACK""],""sid"":""4b1092121599dea06b07713d695e63171df5572a61efa9284701d9c516d1e10b"",""t_q"":null,""terminal_reason"":""unexpected_type_or_stage"",""terminated"":true}"
qrecv_L3_tamper,e5_registered_attacks_v6.csv,external_record,False,True,qrecv_length_invalid,True,The reviewed local check rejected the altered action.,"[""parse_ce1"",""check_header_context"",""check_payload_schema"",""reject:qrecv_length_invalid""]",tests/protocol_v7_scenarios.py,"{""S"":0,""V"":0,""accepted_tokens"":[],""ack_lengths"":null,""active"":false,""auth_counters"":{},""ciphertext_roles"":[],""commit_set_sent"":false,""completed"":false,""confirm_sent"":false,""current_gap"":0,""decoy_accepted"":false,""decoy_sent"":false,""detection_passed"":false,""identity"":""Alice"",""key_handle"":""8fc34a2737e90aec665a830061c9d4b7"",""max_gap"":0,""mode"":""BASIC"",""next_recv_seq"":0,""next_send_seq"":0,""own_open_sent"":[],""params_hash"":""7805fdf5b30d114248f9394d970206b6cef73fc8d0bb312f208899f2491a0d93"",""peer_commit_indices"":[],""peer_confirm_accepted"":false,""peer_open_accepted"":[],""phase"":""TERMINATED"",""private_fields_present"":[""own_message""],""public_hashes"":{},""qpass_authenticated"":false,""qrecv_accepted"":false,""qrecv_sent"":false,""quantum_received"":false,""quantum_sent"":true,""quantum_view_fields"":[],""recovered_peer_message_present"":false,""sent_tokens"":[],""sid"":""904eeebb4c3b3c098d3b6f8f450d2abe4c2ecba8b33262e3f5ab2bd4840b87b8"",""t_q"":null,""terminal_reason"":""qrecv_length_invalid"",""terminated"":true}","{""S"":0,""V"":0,""accepted_tokens"":[],""ack_lengths"":[6,6],""active"":true,""auth_counters"":{""ack_mac_generate"":1},""ciphertext_roles"":[],""commit_set_sent"":false,""completed"":false,""confirm_sent"":false,""current_gap"":0,""decoy_accepted"":false,""decoy_sent"":false,""detection_passed"":false,""identity"":""Bob"",""key_handle"":""3ab8ca7442a5a1e61bc4bd2a3eaf9fbb"",""max_gap"":0,""mode"":""BASIC"",""next_recv_seq"":0,""next_send_seq"":1,""own_open_sent"":[],""params_hash"":""7805fdf5b30d114248f9394d970206b6cef73fc8d0bb312f208899f2491a0d93"",""peer_commit_indices"":[],""peer_confirm_accepted"":false,""peer_open_accepted"":[],""phase"":""QRECV_ACK_SENT"",""private_fields_present"":[""own_message""],""public_hashes"":{""h_ack"":""6bb4d24f01b48ece0715ef79cdadffe5ecd9628628bc7d21bec919b1b6c23844""},""qpass_authenticated"":false,""qrecv_accepted"":false,""qrecv_sent"":true,""quantum_received"":true,""quantum_sent"":false,""quantum_view_fields"":[],""recovered_peer_message_present"":false,""sent_tokens"":[""904eeebb4c3b3c098d3b6f8f450d2abe4c2ecba8b33262e3f5ab2bd4840b87b8:B2A:0:QRECV_ACK""],""sid"":""904eeebb4c3b3c098d3b6f8f450d2abe4c2ecba8b33262e3f5ab2bd4840b87b8"",""t_q"":null,""terminal_reason"":null,""terminated"":false}"
qrecv_L4_tamper,e5_registered_attacks_v6.csv,external_record,False,True,qrecv_length_invalid,True,The reviewed local check rejected the altered action.,"[""parse_ce1"",""check_header_context"",""check_payload_schema"",""reject:qrecv_length_invalid""]",tests/protocol_v7_scenarios.py,"{""S"":0,""V"":0,""accepted_tokens"":[],""ack_lengths"":null,""active"":false,""auth_counters"":{},""ciphertext_roles"":[],""commit_set_sent"":false,""completed"":false,""confirm_sent"":false,""current_gap"":0,""decoy_accepted"":false,""decoy_sent"":false,""detection_passed"":false,""identity"":""Alice"",""key_handle"":""9f0921b69f54daa399ecb26ef640df58"",""max_gap"":0,""mode"":""BASIC"",""next_recv_seq"":0,""next_send_seq"":0,""own_open_sent"":[],""params_hash"":""7805fdf5b30d114248f9394d970206b6cef73fc8d0bb312f208899f2491a0d93"",""peer_commit_indices"":[],""peer_confirm_accepted"":false,""peer_open_accepted"":[],""phase"":""TERMINATED"",""private_fields_present"":[""own_message""],""public_hashes"":{},""qpass_authenticated"":false,""qrecv_accepted"":false,""qrecv_sent"":false,""quantum_received"":false,""quantum_sent"":true,""quantum_view_fields"":[],""recovered_peer_message_present"":false,""sent_tokens"":[],""sid"":""5b6e3cbb1b4afed653dcfb5424ee287304088b0f90fcb68ace995cde7594b8d6"",""t_q"":null,""terminal_reason"":""qrecv_length_invalid"",""terminated"":true}","{""S"":0,""V"":0,""accepted_tokens"":[],""ack_lengths"":[6,6],""active"":true,""auth_counters"":{""ack_mac_generate"":1},""ciphertext_roles"":[],""commit_set_sent"":false,""completed"":false,""confirm_sent"":false,""current_gap"":0,""decoy_accepted"":false,""decoy_sent"":false,""detection_passed"":false,""identity"":""Bob"",""key_handle"":""e19527bed9622674970593cc04501bff"",""max_gap"":0,""mode"":""BASIC"",""next_recv_seq"":0,""next_send_seq"":1,""own_open_sent"":[],""params_hash"":""7805fdf5b30d114248f9394d970206b6cef73fc8d0bb312f208899f2491a0d93"",""peer_commit_indices"":[],""peer_confirm_accepted"":false,""peer_open_accepted"":[],""phase"":""QRECV_ACK_SENT"",""private_fields_present"":[""own_message""],""public_hashes"":{""h_ack"":""253dd9e01c9ab078cfeb33c95c9b57807020d021eba49a1e0721c00b1e44bfe4""},""qpass_authenticated"":false,""qrecv_accepted"":false,""qrecv_sent"":true,""quantum_received"":true,""quantum_sent"":false,""quantum_view_fields"":[],""recovered_peer_message_present"":false,""sent_tokens"":[""5b6e3cbb1b4afed653dcfb5424ee287304088b0f90fcb68ace995cde7594b8d6:B2A:0:QRECV_ACK""],""sid"":""5b6e3cbb1b4afed653dcfb5424ee287304088b0f90fcb68ace995cde7594b8d6"",""t_q"":null,""terminal_reason"":null,""terminated"":false}"
qrecv_identity_swap,e5_registered_attacks_v6.csv,external_record,False,True,identity_mismatch,True,The reviewed local check rejected the altered action.,"[""parse_ce1"",""check_header_context"",""reject:identity_mismatch""]",tests/protocol_v7_scenarios.py,"{""S"":0,""V"":0,""accepted_tokens"":[],""ack_lengths"":null,""active"":false,""auth_counters"":{},""ciphertext_roles"":[],""commit_set_sent"":false,""completed"":false,""confirm_sent"":false,""current_gap"":0,""decoy_accepted"":false,""decoy_sent"":false,""detection_passed"":false,""identity"":""Alice"",""key_handle"":""14e039f7969ca3089b0d4823c27df8e5"",""max_gap"":0,""mode"":""BASIC"",""next_recv_seq"":0,""next_send_seq"":0,""own_open_sent"":[],""params_hash"":""7805fdf5b30d114248f9394d970206b6cef73fc8d0bb312f208899f2491a0d93"",""peer_commit_indices"":[],""peer_confirm_accepted"":false,""peer_open_accepted"":[],""phase"":""TERMINATED"",""private_fields_present"":[""own_message""],""public_hashes"":{},""qpass_authenticated"":false,""qrecv_accepted"":false,""qrecv_sent"":false,""quantum_received"":false,""quantum_sent"":true,""quantum_view_fields"":[],""recovered_peer_message_present"":false,""sent_tokens"":[],""sid"":""5bee0d477ca771d52c8d2048a9a169c1c941125ad2b73390d84494a8950b70fd"",""t_q"":null,""terminal_reason"":""identity_mismatch"",""terminated"":true}","{""S"":0,""V"":0,""accepted_tokens"":[],""ack_lengths"":[6,6],""active"":true,""auth_counters"":{""ack_mac_generate"":1},""ciphertext_roles"":[],""commit_set_sent"":false,""completed"":false,""confirm_sent"":false,""current_gap"":0,""decoy_accepted"":false,""decoy_sent"":false,""detection_passed"":false,""identity"":""Bob"",""key_handle"":""606700dfdc05454066dd6596e06b6cda"",""max_gap"":0,""mode"":""BASIC"",""next_recv_seq"":0,""next_send_seq"":1,""own_open_sent"":[],""params_hash"":""7805fdf5b30d114248f9394d970206b6cef73fc8d0bb312f208899f2491a0d93"",""peer_commit_indices"":[],""peer_confirm_accepted"":false,""peer_open_accepted"":[],""phase"":""QRECV_ACK_SENT"",""private_fields_present"":[""own_message""],""public_hashes"":{""h_ack"":""58cec10fece453218d06916e64a3dc27748a0f423f71a18afb5f605a1f012cb4""},""qpass_authenticated"":false,""qrecv_accepted"":false,""qrecv_sent"":true,""quantum_received"":true,""quantum_sent"":false,""quantum_view_fields"":[],""recovered_peer_message_present"":false,""sent_tokens"":[""5bee0d477ca771d52c8d2048a9a169c1c941125ad2b73390d84494a8950b70fd:B2A:0:QRECV_ACK""],""sid"":""5bee0d477ca771d52c8d2048a9a169c1c941125ad2b73390d84494a8950b70fd"",""t_q"":null,""terminal_reason"":null,""terminated"":false}"
qrecv_direction_reflection,e5_registered_attacks_v6.csv,external_record,False,True,direction_mismatch,True,The reviewed local check rejected the altered action.,"[""parse_ce1"",""check_header_context"",""reject:direction_mismatch""]",tests/protocol_v7_scenarios.py,"{""S"":0,""V"":0,""accepted_tokens"":[],""ack_lengths"":null,""active"":false,""auth_counters"":{},""ciphertext_roles"":[],""commit_set_sent"":false,""completed"":false,""confirm_sent"":false,""current_gap"":0,""decoy_accepted"":false,""decoy_sent"":false,""detection_passed"":false,""identity"":""Alice"",""key_handle"":""62634fa989c07b74f0a97911cf0ac54f"",""max_gap"":0,""mode"":""BASIC"",""next_recv_seq"":0,""next_send_seq"":0,""own_open_sent"":[],""params_hash"":""7805fdf5b30d114248f9394d970206b6cef73fc8d0bb312f208899f2491a0d93"",""peer_commit_indices"":[],""peer_confirm_accepted"":false,""peer_open_accepted"":[],""phase"":""TERMINATED"",""private_fields_present"":[""own_message""],""public_hashes"":{},""qpass_authenticated"":false,""qrecv_accepted"":false,""qrecv_sent"":false,""quantum_received"":false,""quantum_sent"":true,""quantum_view_fields"":[],""recovered_peer_message_present"":false,""sent_tokens"":[],""sid"":""775c00f9371c4a3e6f76b728018943d2216e4a59032c9a31d2fca7330b639291"",""t_q"":null,""terminal_reason"":""direction_mismatch"",""terminated"":true}","{""S"":0,""V"":0,""accepted_tokens"":[],""ack_lengths"":[6,6],""active"":true,""auth_counters"":{""ack_mac_generate"":1},""ciphertext_roles"":[],""commit_set_sent"":false,""completed"":false,""confirm_sent"":false,""current_gap"":0,""decoy_accepted"":false,""decoy_sent"":false,""detection_passed"":false,""identity"":""Bob"",""key_handle"":""16dfaa4040abcd688dfbd783798997c6"",""max_gap"":0,""mode"":""BASIC"",""next_recv_seq"":0,""next_send_seq"":1,""own_open_sent"":[],""params_hash"":""7805fdf5b30d114248f9394d970206b6cef73fc8d0bb312f208899f2491a0d93"",""peer_commit_indices"":[],""peer_confirm_accepted"":false,""peer_open_accepted"":[],""phase"":""QRECV_ACK_SENT"",""private_fields_present"":[""own_message""],""public_hashes"":{""h_ack"":""6650a791168d47861287e3bd05dae65d1b2cb579ff5272b50eee7f53cc2dd3eb""},""qpass_authenticated"":false,""qrecv_accepted"":false,""qrecv_sent"":true,""quantum_received"":true,""quantum_sent"":false,""quantum_view_fields"":[],""recovered_peer_message_present"":false,""sent_tokens"":[""775c00f9371c4a3e6f76b728018943d2216e4a59032c9a31d2fca7330b639291:B2A:0:QRECV_ACK""],""sid"":""775c00f9371c4a3e6f76b728018943d2216e4a59032c9a31d2fca7330b639291"",""t_q"":null,""terminal_reason"":null,""terminated"":false}"
qrecv_forged_tau_ack,e5_registered_attacks_v6.csv,external_record,False,True,authentication_tag_invalid,True,The reviewed local check rejected the altered action.,"[""parse_ce1"",""check_header_context"",""check_payload_schema"",""verify_prescribed_authenticator"",""verify_auth:K_ack"",""reject:authentication_tag_invalid""]",tests/protocol_v7_scenarios.py,"{""S"":0,""V"":0,""accepted_tokens"":[],""ack_lengths"":null,""active"":false,""auth_counters"":{""ack_mac_verify"":1},""ciphertext_roles"":[],""commit_set_sent"":false,""completed"":false,""confirm_sent"":false,""current_gap"":0,""decoy_accepted"":false,""decoy_sent"":false,""detection_passed"":false,""identity"":""Alice"",""key_handle"":""f6b7ddf1ea9044a6f8aec872d45bc282"",""max_gap"":0,""mode"":""BASIC"",""next_recv_seq"":0,""next_send_seq"":0,""own_open_sent"":[],""params_hash"":""7805fdf5b30d114248f9394d970206b6cef73fc8d0bb312f208899f2491a0d93"",""peer_commit_indices"":[],""peer_confirm_accepted"":false,""peer_open_accepted"":[],""phase"":""TERMINATED"",""private_fields_present"":[""own_message""],""public_hashes"":{},""qpass_authenticated"":false,""qrecv_accepted"":false,""qrecv_sent"":false,""quantum_received"":false,""quantum_sent"":true,""quantum_view_fields"":[],""recovered_peer_message_present"":false,""sent_tokens"":[],""sid"":""da47341e82b0e184e9adf93598b958d946aa1cf89412aa2a6e7d217cd0a0d26f"",""t_q"":null,""terminal_reason"":""authentication_tag_invalid"",""terminated"":true}","{""S"":0,""V"":0,""accepted_tokens"":[],""ack_lengths"":[6,6],""active"":true,""auth_counters"":{""ack_mac_generate"":1},""ciphertext_roles"":[],""commit_set_sent"":false,""completed"":false,""confirm_sent"":false,""current_gap"":0,""decoy_accepted"":false,""decoy_sent"":false,""detection_passed"":false,""identity"":""Bob"",""key_handle"":""4447c6e012fed31b327e4cd9c5508a73"",""max_gap"":0,""mode"":""BASIC"",""next_recv_seq"":0,""next_send_seq"":1,""own_open_sent"":[],""params_hash"":""7805fdf5b30d114248f9394d970206b6cef73fc8d0bb312f208899f2491a0d93"",""peer_commit_indices"":[],""peer_confirm_accepted"":false,""peer_open_accepted"":[],""phase"":""QRECV_ACK_SENT"",""private_fields_present"":[""own_message""],""public_hashes"":{""h_ack"":""67b0afc21e2bacb6c92a59c7559969441186832ccd0b2b00cf48caa2d54ab08d""},""qpass_authenticated"":false,""qrecv_accepted"":false,""qrecv_sent"":true,""quantum_received"":true,""quantum_sent"":false,""quantum_view_fields"":[],""recovered_peer_message_present"":false,""sent_tokens"":[""da47341e82b0e184e9adf93598b958d946aa1cf89412aa2a6e7d217cd0a0d26f:B2A:0:QRECV_ACK""],""sid"":""da47341e82b0e184e9adf93598b958d946aa1cf89412aa2a6e7d217cd0a0d26f"",""t_q"":null,""terminal_reason"":null,""terminated"":false}"
qrecv_wrong_ack_key,e5_registered_attacks_v6.csv,external_record,False,True,authentication_tag_invalid,True,The reviewed local check rejected the altered action.,"[""parse_ce1"",""check_header_context"",""check_payload_schema"",""verify_prescribed_authenticator"",""verify_auth:K_ack"",""reject:authentication_tag_invalid""]",tests/protocol_v7_scenarios.py,"{""S"":0,""V"":0,""accepted_tokens"":[],""ack_lengths"":null,""active"":false,""auth_counters"":{""ack_mac_verify"":1},""ciphertext_roles"":[],""commit_set_sent"":false,""completed"":false,""confirm_sent"":false,""current_gap"":0,""decoy_accepted"":false,""decoy_sent"":false,""detection_passed"":false,""identity"":""Alice"",""key_handle"":""aeefb01303e83886167883f3f76a9ec7"",""max_gap"":0,""mode"":""BASIC"",""next_recv_seq"":0,""next_send_seq"":0,""own_open_sent"":[],""params_hash"":""7805fdf5b30d114248f9394d970206b6cef73fc8d0bb312f208899f2491a0d93"",""peer_commit_indices"":[],""peer_confirm_accepted"":false,""peer_open_accepted"":[],""phase"":""TERMINATED"",""private_fields_present"":[""own_message""],""public_hashes"":{},""qpass_authenticated"":false,""qrecv_accepted"":false,""qrecv_sent"":false,""quantum_received"":false,""quantum_sent"":true,""quantum_view_fields"":[],""recovered_peer_message_present"":false,""sent_tokens"":[],""sid"":""5718d1d83e0af02f4fcd1eabefa9370bc8741bb5a8b69d29a7f5acc55da70207"",""t_q"":null,""terminal_reason"":""authentication_tag_invalid"",""terminated"":true}","{""S"":0,""V"":0,""accepted_tokens"":[],""ack_lengths"":[6,6],""active"":true,""auth_counters"":{""ack_mac_generate"":1},""ciphertext_roles"":[],""commit_set_sent"":false,""completed"":false,""confirm_sent"":false,""current_gap"":0,""decoy_accepted"":false,""decoy_sent"":false,""detection_passed"":false,""identity"":""Bob"",""key_handle"":""2300e36d9acd3f1515c6f833c5cbe008"",""max_gap"":0,""mode"":""BASIC"",""next_recv_seq"":0,""next_send_seq"":1,""own_open_sent"":[],""params_hash"":""7805fdf5b30d114248f9394d970206b6cef73fc8d0bb312f208899f2491a0d93"",""peer_commit_indices"":[],""peer_confirm_accepted"":false,""peer_open_accepted"":[],""phase"":""QRECV_ACK_SENT"",""private_fields_present"":[""own_message""],""public_hashes"":{""h_ack"":""e456814dc937cd9a1f35b87e65a814226ba1f3bece87e6f0365ed681ecf067e1""},""qpass_authenticated"":false,""qrecv_accepted"":false,""qrecv_sent"":true,""quantum_received"":true,""quantum_sent"":false,""quantum_view_fields"":[],""recovered_peer_message_present"":false,""sent_tokens"":[""5718d1d83e0af02f4fcd1eabefa9370bc8741bb5a8b69d29a7f5acc55da70207:B2A:0:QRECV_ACK""],""sid"":""5718d1d83e0af02f4fcd1eabefa9370bc8741bb5a8b69d29a7f5acc55da70207"",""t_q"":null,""terminal_reason"":null,""terminated"":false}"
wrong_T_Q,e5_registered_attacks_v6.csv,external_record,False,True,tq_mismatch,True,The reviewed local check rejected the altered action.,"[""parse_ce1"",""check_header_context"",""check_payload_schema"",""reject:tq_mismatch""]",tests/protocol_v7_scenarios.py,"{""S"":0,""V"":0,""accepted_tokens"":[""06fb6fb064d7cf75450be000a8514f147aec7407fae93e18ccf364b8d706d0f0:B2A:0:QRECV_ACK"",""06fb6fb064d7cf75450be000a8514f147aec7407fae93e18ccf364b8d706d0f0:B2A:1:DIALOGUE_B_QPASS""],""ack_lengths"":[6,6],""active"":true,""auth_counters"":{""ack_mac_verify"":1,""decoy_mac_generate"":1,""dialogue_a_mac_generate"":1,""dialogue_b_qpass_mac_verify"":1},""ciphertext_roles"":[""A"",""B""],""commit_set_sent"":false,""completed"":false,""confirm_sent"":false,""current_gap"":0,""decoy_accepted"":false,""decoy_sent"":true,""detection_passed"":false,""identity"":""Alice"",""key_handle"":""34eb891d352ed11ed19e04ee588d9411"",""max_gap"":0,""mode"":""BASIC"",""next_recv_seq"":2,""next_send_seq"":2,""own_open_sent"":[],""params_hash"":""7805fdf5b30d114248f9394d970206b6cef73fc8d0bb312f208899f2491a0d93"",""peer_commit_indices"":[],""peer_confirm_accepted"":false,""peer_open_accepted"":[],""phase"":""ALICE_DIALOGUE_SENT"",""private_fields_present"":[""own_message""],""public_hashes"":{""h_ack"":""e93594fd373c66a8ff25024c53a6b28cfb79b49cee968ed37a9d90030a0012d0"",""h_dist"":""c71566fbff07b2e0f90c571c8b382d4b10240f3ae1882d5625db4b6a2df44c1e""},""qpass_authenticated"":true,""qrecv_accepted"":true,""qrecv_sent"":false,""quantum_received"":false,""quantum_sent"":true,""quantum_view_fields"":[""shared_M_own"",""shared_M_peer"",""tilde_own""],""recovered_peer_message_present"":true,""sent_tokens"":[""06fb6fb064d7cf75450be000a8514f147aec7407fae93e18ccf364b8d706d0f0:A2B:0:DECOY_INFO"",""06fb6fb064d7cf75450be000a8514f147aec7407fae93e18ccf364b8d706d0f0:A2B:1:DIALOGUE_A""],""sid"":""06fb6fb064d7cf75450be000a8514f147aec7407fae93e18ccf364b8d706d0f0"",""t_q"":""26343eefc64185ffa382b412c57d5497abfc6afcf36d01705da06469d322ca0a"",""terminal_reason"":null,""terminated"":false}","{""S"":0,""V"":0,""accepted_tokens"":[""06fb6fb064d7cf75450be000a8514f147aec7407fae93e18ccf364b8d706d0f0:A2B:0:DECOY_INFO""],""ack_lengths"":[6,6],""active"":false,""auth_counters"":{""ack_mac_generate"":1,""decoy_mac_verify"":1,""dialogue_b_qpass_mac_generate"":1},""ciphertext_roles"":[""B""],""commit_set_sent"":false,""completed"":false,""confirm_sent"":false,""current_gap"":0,""decoy_accepted"":true,""decoy_sent"":false,""detection_passed"":true,""identity"":""Bob"",""key_handle"":""df43ef2fef8dc49830cf162a909797ef"",""max_gap"":0,""mode"":""BASIC"",""next_recv_seq"":1,""next_send_seq"":2,""own_open_sent"":[],""params_hash"":""7805fdf5b30d114248f9394d970206b6cef73fc8d0bb312f208899f2491a0d93"",""peer_commit_indices"":[],""peer_confirm_accepted"":false,""peer_open_accepted"":[],""phase"":""TERMINATED"",""private_fields_present"":[""detection_counts"",""own_message""],""public_hashes"":{""h_ack"":""e93594fd373c66a8ff25024c53a6b28cfb79b49cee968ed37a9d90030a0012d0"",""h_dist"":""c71566fbff07b2e0f90c571c8b382d4b10240f3ae1882d5625db4b6a2df44c1e""},""qpass_authenticated"":false,""qrecv_accepted"":false,""qrecv_sent"":true,""quantum_received"":true,""quantum_sent"":false,""quantum_view_fields"":[""shared_M_own"",""shared_M_peer"",""tilde_own""],""recovered_peer_message_present"":false,""sent_tokens"":[""06fb6fb064d7cf75450be000a8514f147aec7407fae93e18ccf364b8d706d0f0:B2A:0:QRECV_ACK"",""06fb6fb064d7cf75450be000a8514f147aec7407fae93e18ccf364b8d706d0f0:B2A:1:DIALOGUE_B_QPASS""],""sid"":""06fb6fb064d7cf75450be000a8514f147aec7407fae93e18ccf364b8d706d0f0"",""t_q"":""26343eefc64185ffa382b412c57d5497abfc6afcf36d01705da06469d322ca0a"",""terminal_reason"":""tq_mismatch"",""terminated"":true}"
pre_quantum_context_replacement,e5_registered_attacks_v6.csv,external_record,False,True,tq_mismatch,True,The reviewed local check rejected the altered action.,"[""parse_ce1"",""check_header_context"",""check_payload_schema"",""reject:tq_mismatch""]",tests/protocol_v7_scenarios.py,"{""S"":0,""V"":0,""accepted_tokens"":[],""ack_lengths"":null,""active"":false,""auth_counters"":{},""ciphertext_roles"":[],""commit_set_sent"":false,""completed"":false,""confirm_sent"":false,""current_gap"":0,""decoy_accepted"":false,""decoy_sent"":false,""detection_passed"":false,""identity"":""Alice"",""key_handle"":""9291dac940a6d73d76f4f6de4e8fc440"",""max_gap"":0,""mode"":""BASIC"",""next_recv_seq"":0,""next_send_seq"":0,""own_open_sent"":[],""params_hash"":""7805fdf5b30d114248f9394d970206b6cef73fc8d0bb312f208899f2491a0d93"",""peer_commit_indices"":[],""peer_confirm_accepted"":false,""peer_open_accepted"":[],""phase"":""TERMINATED"",""private_fields_present"":[""own_message""],""public_hashes"":{},""qpass_authenticated"":false,""qrecv_accepted"":false,""qrecv_sent"":false,""quantum_received"":false,""quantum_sent"":true,""quantum_view_fields"":[],""recovered_peer_message_present"":false,""sent_tokens"":[],""sid"":""1c1aa0bf790f14f753ea5bc7b7cf12c0709f4b608635d1ba49d455aea2509359"",""t_q"":null,""terminal_reason"":""tq_mismatch"",""terminated"":true}","{""S"":0,""V"":0,""accepted_tokens"":[],""ack_lengths"":[6,6],""active"":true,""auth_counters"":{""ack_mac_generate"":1},""ciphertext_roles"":[],""commit_set_sent"":false,""completed"":false,""confirm_sent"":false,""current_gap"":0,""decoy_accepted"":false,""decoy_sent"":false,""detection_passed"":false,""identity"":""Bob"",""key_handle"":""7479303a708ff1436c0420fd47dde81f"",""max_gap"":0,""mode"":""BASIC"",""next_recv_seq"":0,""next_send_seq"":1,""own_open_sent"":[],""params_hash"":""7805fdf5b30d114248f9394d970206b6cef73fc8d0bb312f208899f2491a0d93"",""peer_commit_indices"":[],""peer_confirm_accepted"":false,""peer_open_accepted"":[],""phase"":""QRECV_ACK_SENT"",""private_fields_present"":[""own_message""],""public_hashes"":{""h_ack"":""a3932533be42cebe29de84cbc7e653ca3c3dc44d61667623c0b429bb84b87ecc""},""qpass_authenticated"":false,""qrecv_accepted"":false,""qrecv_sent"":true,""quantum_received"":true,""quantum_sent"":false,""quantum_view_fields"":[],""recovered_peer_message_present"":false,""sent_tokens"":[""1c1aa0bf790f14f753ea5bc7b7cf12c0709f4b608635d1ba49d455aea2509359:B2A:0:QRECV_ACK""],""sid"":""1c1aa0bf790f14f753ea5bc7b7cf12c0709f4b608635d1ba49d455aea2509359"",""t_q"":null,""terminal_reason"":null,""terminated"":false}"
final_T_Q_qber_replacement,e5_registered_attacks_v6.csv,external_record,False,True,payload_schema_invalid,True,"V7 has no transmitted QBER field; injecting one is a schema error, not a T_Q update.","[""parse_ce1"",""check_header_context"",""check_payload_schema"",""reject:payload_schema_invalid""]",tests/protocol_v7_scenarios.py,"{""S"":0,""V"":0,""accepted_tokens"":[""f13842eaca0b1fe5bb41594d8d28b017ff711bed20425d3a10c4005ab76ede5e:B2A:0:QRECV_ACK""],""ack_lengths"":[6,6],""active"":false,""auth_counters"":{""ack_mac_verify"":1,""decoy_mac_generate"":1},""ciphertext_roles"":[],""commit_set_sent"":false,""completed"":false,""confirm_sent"":false,""current_gap"":0,""decoy_accepted"":false,""decoy_sent"":true,""detection_passed"":false,""identity"":""Alice"",""key_handle"":""5e093044e4fb72cb8d9a5ef91374339e"",""max_gap"":0,""mode"":""BASIC"",""next_recv_seq"":1,""next_send_seq"":1,""own_open_sent"":[],""params_hash"":""7805fdf5b30d114248f9394d970206b6cef73fc8d0bb312f208899f2491a0d93"",""peer_commit_indices"":[],""peer_confirm_accepted"":false,""peer_open_accepted"":[],""phase"":""TERMINATED"",""private_fields_present"":[""own_message""],""public_hashes"":{""h_ack"":""35fe6cfc59ac3e014060c5392ea67ca2eb4b1219314f1014fbd379050ae91559"",""h_dist"":""b93acd0c705439150ec25d9e7f208eb7c346f5b8dd712a03a2094b9498878109""},""qpass_authenticated"":false,""qrecv_accepted"":true,""qrecv_sent"":false,""quantum_received"":false,""quantum_sent"":true,""quantum_view_fields"":[""shared_M_own"",""shared_M_peer"",""tilde_own""],""recovered_peer_message_present"":false,""sent_tokens"":[""f13842eaca0b1fe5bb41594d8d28b017ff711bed20425d3a10c4005ab76ede5e:A2B:0:DECOY_INFO""],""sid"":""f13842eaca0b1fe5bb41594d8d28b017ff711bed20425d3a10c4005ab76ede5e"",""t_q"":null,""terminal_reason"":""payload_schema_invalid"",""terminated"":true}","{""S"":0,""V"":0,""accepted_tokens"":[""f13842eaca0b1fe5bb41594d8d28b017ff711bed20425d3a10c4005ab76ede5e:A2B:0:DECOY_INFO""],""ack_lengths"":[6,6],""active"":true,""auth_counters"":{""ack_mac_generate"":1,""decoy_mac_verify"":1,""dialogue_b_qpass_mac_generate"":1},""ciphertext_roles"":[""B""],""commit_set_sent"":false,""completed"":false,""confirm_sent"":false,""current_gap"":0,""decoy_accepted"":true,""decoy_sent"":false,""detection_passed"":true,""identity"":""Bob"",""key_handle"":""d9de68047d4563b37a6186f1c9cec502"",""max_gap"":0,""mode"":""BASIC"",""next_recv_seq"":1,""next_send_seq"":2,""own_open_sent"":[],""params_hash"":""7805fdf5b30d114248f9394d970206b6cef73fc8d0bb312f208899f2491a0d93"",""peer_commit_indices"":[],""peer_confirm_accepted"":false,""peer_open_accepted"":[],""phase"":""BOB_DIALOGUE_SENT"",""private_fields_present"":[""detection_counts"",""own_message""],""public_hashes"":{""h_ack"":""35fe6cfc59ac3e014060c5392ea67ca2eb4b1219314f1014fbd379050ae91559"",""h_dist"":""b93acd0c705439150ec25d9e7f208eb7c346f5b8dd712a03a2094b9498878109""},""qpass_authenticated"":false,""qrecv_accepted"":false,""qrecv_sent"":true,""quantum_received"":true,""quantum_sent"":false,""quantum_view_fields"":[""shared_M_own"",""shared_M_peer"",""tilde_own""],""recovered_peer_message_present"":false,""sent_tokens"":[""f13842eaca0b1fe5bb41594d8d28b017ff711bed20425d3a10c4005ab76ede5e:B2A:0:QRECV_ACK"",""f13842eaca0b1fe5bb41594d8d28b017ff711bed20425d3a10c4005ab76ede5e:B2A:1:DIALOGUE_B_QPASS""],""sid"":""f13842eaca0b1fe5bb41594d8d28b017ff711bed20425d3a10c4005ab76ede5e"",""t_q"":""ddcd650740f388705c053830dbe6b438bb2f02c0a99d5792d43dd38c45a2ca10"",""terminal_reason"":null,""terminated"":false}"
final_T_Q_threshold_replacement,e5_registered_attacks_v6.csv,external_record,False,True,params_hash_mismatch,True,The reviewed local check rejected the altered action.,"[""parse_ce1"",""check_header_context"",""reject:params_hash_mismatch""]",tests/protocol_v7_scenarios.py,"{""S"":0,""V"":0,""accepted_tokens"":[""1b4b5453f0e2f18574da3f0e3ec317c7605b1d158305d32eff25ceef2e2b6b5a:B2A:0:QRECV_ACK""],""ack_lengths"":[6,6],""active"":false,""auth_counters"":{""ack_mac_verify"":1,""decoy_mac_generate"":1},""ciphertext_roles"":[],""commit_set_sent"":false,""completed"":false,""confirm_sent"":false,""current_gap"":0,""decoy_accepted"":false,""decoy_sent"":true,""detection_passed"":false,""identity"":""Alice"",""key_handle"":""c6575b00dccc5984817ed3903d8820c1"",""max_gap"":0,""mode"":""BASIC"",""next_recv_seq"":1,""next_send_seq"":1,""own_open_sent"":[],""params_hash"":""7805fdf5b30d114248f9394d970206b6cef73fc8d0bb312f208899f2491a0d93"",""peer_commit_indices"":[],""peer_confirm_accepted"":false,""peer_open_accepted"":[],""phase"":""TERMINATED"",""private_fields_present"":[""own_message""],""public_hashes"":{""h_ack"":""215d42ce9b492aedd0a5b830db6e5658f6ebf9cc516968b3228170f9b927803f"",""h_dist"":""ce944700ef4a3c2a00d6327c930435a2d053efc3254d1b7aa65d6d9439322c23""},""qpass_authenticated"":false,""qrecv_accepted"":true,""qrecv_sent"":false,""quantum_received"":false,""quantum_sent"":true,""quantum_view_fields"":[""shared_M_own"",""shared_M_peer"",""tilde_own""],""recovered_peer_message_present"":false,""sent_tokens"":[""1b4b5453f0e2f18574da3f0e3ec317c7605b1d158305d32eff25ceef2e2b6b5a:A2B:0:DECOY_INFO""],""sid"":""1b4b5453f0e2f18574da3f0e3ec317c7605b1d158305d32eff25ceef2e2b6b5a"",""t_q"":null,""terminal_reason"":""params_hash_mismatch"",""terminated"":true}","{""S"":0,""V"":0,""accepted_tokens"":[""1b4b5453f0e2f18574da3f0e3ec317c7605b1d158305d32eff25ceef2e2b6b5a:A2B:0:DECOY_INFO""],""ack_lengths"":[6,6],""active"":true,""auth_counters"":{""ack_mac_generate"":1,""decoy_mac_verify"":1,""dialogue_b_qpass_mac_generate"":1},""ciphertext_roles"":[""B""],""commit_set_sent"":false,""completed"":false,""confirm_sent"":false,""current_gap"":0,""decoy_accepted"":true,""decoy_sent"":false,""detection_passed"":true,""identity"":""Bob"",""key_handle"":""15259a6aa8cf246b96bd84ce39b9b68f"",""max_gap"":0,""mode"":""BASIC"",""next_recv_seq"":1,""next_send_seq"":2,""own_open_sent"":[],""params_hash"":""7805fdf5b30d114248f9394d970206b6cef73fc8d0bb312f208899f2491a0d93"",""peer_commit_indices"":[],""peer_confirm_accepted"":false,""peer_open_accepted"":[],""phase"":""BOB_DIALOGUE_SENT"",""private_fields_present"":[""detection_counts"",""own_message""],""public_hashes"":{""h_ack"":""215d42ce9b492aedd0a5b830db6e5658f6ebf9cc516968b3228170f9b927803f"",""h_dist"":""ce944700ef4a3c2a00d6327c930435a2d053efc3254d1b7aa65d6d9439322c23""},""qpass_authenticated"":false,""qrecv_accepted"":false,""qrecv_sent"":true,""quantum_received"":true,""quantum_sent"":false,""quantum_view_fields"":[""shared_M_own"",""shared_M_peer"",""tilde_own""],""recovered_peer_message_present"":false,""sent_tokens"":[""1b4b5453f0e2f18574da3f0e3ec317c7605b1d158305d32eff25ceef2e2b6b5a:B2A:0:QRECV_ACK"",""1b4b5453f0e2f18574da3f0e3ec317c7605b1d158305d32eff25ceef2e2b6b5a:B2A:1:DIALOGUE_B_QPASS""],""sid"":""1b4b5453f0e2f18574da3f0e3ec317c7605b1d158305d32eff25ceef2e2b6b5a"",""t_q"":""282542ff1f611190247e72b44f698bff97fdb661ff72bdd84d7a6409ae592f63"",""terminal_reason"":null,""terminated"":false}"
final_T_Q_decision_replacement,e5_registered_attacks_v6.csv,external_record,False,True,qpass_context_unavailable,True,The reviewed local check rejected the altered action.,"[""parse_ce1"",""check_header_context"",""check_payload_schema"",""reject:qpass_context_unavailable""]",tests/protocol_v7_scenarios.py,"{""S"":0,""V"":0,""accepted_tokens"":[""ffa00d45d5b5240929a186a6bfee52d84116bbe8fd28877ff69dcc099b785679:B2A:0:QRECV_ACK""],""ack_lengths"":[6,6],""active"":false,""auth_counters"":{""ack_mac_verify"":1,""decoy_mac_generate"":1},""ciphertext_roles"":[],""commit_set_sent"":false,""completed"":false,""confirm_sent"":false,""current_gap"":0,""decoy_accepted"":false,""decoy_sent"":true,""detection_passed"":false,""identity"":""Alice"",""key_handle"":""d0215abe184002251bbb1c0ef94bfb69"",""max_gap"":0,""mode"":""BASIC"",""next_recv_seq"":1,""next_send_seq"":1,""own_open_sent"":[],""params_hash"":""7805fdf5b30d114248f9394d970206b6cef73fc8d0bb312f208899f2491a0d93"",""peer_commit_indices"":[],""peer_confirm_accepted"":false,""peer_open_accepted"":[],""phase"":""TERMINATED"",""private_fields_present"":[""own_message""],""public_hashes"":{""h_ack"":""ba168c719ae4aad01c5a6b4a7be33e7107e5af952615a2d14295aea565d28bda"",""h_dist"":""b7230c1a68f3f1d994f80a37cddc4cafdd5e02c2876c7a63b9ba4f97654ed618""},""qpass_authenticated"":false,""qrecv_accepted"":true,""qrecv_sent"":false,""quantum_received"":false,""quantum_sent"":true,""quantum_view_fields"":[""shared_M_own"",""shared_M_peer"",""tilde_own""],""recovered_peer_message_present"":false,""sent_tokens"":[""ffa00d45d5b5240929a186a6bfee52d84116bbe8fd28877ff69dcc099b785679:A2B:0:DECOY_INFO""],""sid"":""ffa00d45d5b5240929a186a6bfee52d84116bbe8fd28877ff69dcc099b785679"",""t_q"":null,""terminal_reason"":""qpass_context_unavailable"",""terminated"":true}","{""S"":0,""V"":0,""accepted_tokens"":[""ffa00d45d5b5240929a186a6bfee52d84116bbe8fd28877ff69dcc099b785679:A2B:0:DECOY_INFO""],""ack_lengths"":[6,6],""active"":true,""auth_counters"":{""ack_mac_generate"":1,""decoy_mac_verify"":1,""dialogue_b_qpass_mac_generate"":1},""ciphertext_roles"":[""B""],""commit_set_sent"":false,""completed"":false,""confirm_sent"":false,""current_gap"":0,""decoy_accepted"":true,""decoy_sent"":false,""detection_passed"":true,""identity"":""Bob"",""key_handle"":""221294542caa3f1b38bc1f0b48408a73"",""max_gap"":0,""mode"":""BASIC"",""next_recv_seq"":1,""next_send_seq"":2,""own_open_sent"":[],""params_hash"":""7805fdf5b30d114248f9394d970206b6cef73fc8d0bb312f208899f2491a0d93"",""peer_commit_indices"":[],""peer_confirm_accepted"":false,""peer_open_accepted"":[],""phase"":""BOB_DIALOGUE_SENT"",""private_fields_present"":[""detection_counts"",""own_message""],""public_hashes"":{""h_ack"":""ba168c719ae4aad01c5a6b4a7be33e7107e5af952615a2d14295aea565d28bda"",""h_dist"":""b7230c1a68f3f1d994f80a37cddc4cafdd5e02c2876c7a63b9ba4f97654ed618""},""qpass_authenticated"":false,""qrecv_accepted"":false,""qrecv_sent"":true,""quantum_received"":true,""quantum_sent"":false,""quantum_view_fields"":[""shared_M_own"",""shared_M_peer"",""tilde_own""],""recovered_peer_message_present"":false,""sent_tokens"":[""ffa00d45d5b5240929a186a6bfee52d84116bbe8fd28877ff69dcc099b785679:B2A:0:QRECV_ACK"",""ffa00d45d5b5240929a186a6bfee52d84116bbe8fd28877ff69dcc099b785679:B2A:1:DIALOGUE_B_QPASS""],""sid"":""ffa00d45d5b5240929a186a6bfee52d84116bbe8fd28877ff69dcc099b785679"",""t_q"":""31ad52dbbbbaa2830870cffa55bcb133e6d0cb35407c7041503daac9d1b7abf8"",""terminal_reason"":null,""terminated"":false}"
parameter_replacement,e5_registered_attacks_v6.csv,external_record,False,True,mode_mismatch,True,The reviewed local check rejected the altered action.,"[""parse_ce1"",""check_header_context"",""reject:mode_mismatch""]",tests/protocol_v7_scenarios.py,"{""S"":0,""V"":0,""accepted_tokens"":[""b7f3c00c2fb9f1e6f62d37acf87945061dd6d79c9eaa0ef139820d06b4ec8a57:B2A:0:QRECV_ACK"",""b7f3c00c2fb9f1e6f62d37acf87945061dd6d79c9eaa0ef139820d06b4ec8a57:B2A:1:DIALOGUE_B_QPASS""],""ack_lengths"":[6,6],""active"":true,""auth_counters"":{""ack_mac_verify"":1,""decoy_mac_generate"":1,""dialogue_a_mac_generate"":1,""dialogue_b_qpass_mac_verify"":1},""ciphertext_roles"":[""A"",""B""],""commit_set_sent"":false,""completed"":false,""confirm_sent"":false,""current_gap"":0,""decoy_accepted"":false,""decoy_sent"":true,""detection_passed"":false,""identity"":""Alice"",""key_handle"":""7724178274cf9acbb3a70de0b875afbc"",""max_gap"":0,""mode"":""BASIC"",""next_recv_seq"":2,""next_send_seq"":2,""own_open_sent"":[],""params_hash"":""7805fdf5b30d114248f9394d970206b6cef73fc8d0bb312f208899f2491a0d93"",""peer_commit_indices"":[],""peer_confirm_accepted"":false,""peer_open_accepted"":[],""phase"":""ALICE_DIALOGUE_SENT"",""private_fields_present"":[""own_message""],""public_hashes"":{""h_ack"":""248c39a49f512f9306483c4db501180a723807164711056f70599bc0017301df"",""h_dist"":""aae556f91b7465aca3e9c18da3bdbed2de448c078498ae3931abfe567972fc96""},""qpass_authenticated"":true,""qrecv_accepted"":true,""qrecv_sent"":false,""quantum_received"":false,""quantum_sent"":true,""quantum_view_fields"":[""shared_M_own"",""shared_M_peer"",""tilde_own""],""recovered_peer_message_present"":true,""sent_tokens"":[""b7f3c00c2fb9f1e6f62d37acf87945061dd6d79c9eaa0ef139820d06b4ec8a57:A2B:0:DECOY_INFO"",""b7f3c00c2fb9f1e6f62d37acf87945061dd6d79c9eaa0ef139820d06b4ec8a57:A2B:1:DIALOGUE_A""],""sid"":""b7f3c00c2fb9f1e6f62d37acf87945061dd6d79c9eaa0ef139820d06b4ec8a57"",""t_q"":""8d6471d9fca376de899b965aba132fa62fab2e925cea22f3e0ca830341e8cfe5"",""terminal_reason"":null,""terminated"":false}","{""S"":0,""V"":0,""accepted_tokens"":[""b7f3c00c2fb9f1e6f62d37acf87945061dd6d79c9eaa0ef139820d06b4ec8a57:A2B:0:DECOY_INFO""],""ack_lengths"":[6,6],""active"":false,""auth_counters"":{""ack_mac_generate"":1,""decoy_mac_verify"":1,""dialogue_b_qpass_mac_generate"":1},""ciphertext_roles"":[""B""],""commit_set_sent"":false,""completed"":false,""confirm_sent"":false,""current_gap"":0,""decoy_accepted"":true,""decoy_sent"":false,""detection_passed"":true,""identity"":""Bob"",""key_handle"":""4fdc48241584ff348a26acae88211a5c"",""max_gap"":0,""mode"":""BASIC"",""next_recv_seq"":1,""next_send_seq"":2,""own_open_sent"":[],""params_hash"":""7805fdf5b30d114248f9394d970206b6cef73fc8d0bb312f208899f2491a0d93"",""peer_commit_indices"":[],""peer_confirm_accepted"":false,""peer_open_accepted"":[],""phase"":""TERMINATED"",""private_fields_present"":[""detection_counts"",""own_message""],""public_hashes"":{""h_ack"":""248c39a49f512f9306483c4db501180a723807164711056f70599bc0017301df"",""h_dist"":""aae556f91b7465aca3e9c18da3bdbed2de448c078498ae3931abfe567972fc96""},""qpass_authenticated"":false,""qrecv_accepted"":false,""qrecv_sent"":true,""quantum_received"":true,""quantum_sent"":false,""quantum_view_fields"":[""shared_M_own"",""shared_M_peer"",""tilde_own""],""recovered_peer_message_present"":false,""sent_tokens"":[""b7f3c00c2fb9f1e6f62d37acf87945061dd6d79c9eaa0ef139820d06b4ec8a57:B2A:0:QRECV_ACK"",""b7f3c00c2fb9f1e6f62d37acf87945061dd6d79c9eaa0ef139820d06b4ec8a57:B2A:1:DIALOGUE_B_QPASS""],""sid"":""b7f3c00c2fb9f1e6f62d37acf87945061dd6d79c9eaa0ef139820d06b4ec8a57"",""t_q"":""8d6471d9fca376de899b965aba132fa62fab2e925cea22f3e0ca830341e8cfe5"",""terminal_reason"":""mode_mismatch"",""terminated"":true}"
confirmation_before_recovery,e5_registered_attacks_v6.csv,local_send_gate,False,True,confirmation_requires_complete_local_recovery,True,The reviewed local check rejected the altered action.,"[""local_send_gate:confirmation_requires_complete_local_recovery""]",tests/protocol_v7_scenarios.py,{},{}
wrong_gamma,e5_registered_attacks_v6.csv,external_record,False,True,authentication_tag_invalid,True,The reviewed local check rejected the altered action.,"[""parse_ce1"",""check_header_context"",""check_payload_schema"",""verify_prescribed_authenticator"",""verify_auth:PRF"",""reject:authentication_tag_invalid""]",tests/protocol_v7_scenarios.py,"{""S"":0,""V"":0,""accepted_tokens"":[""e0e014c931240c226735b715826d4e271542e25bfafb08896768222bb0813ba6:B2A:0:QRECV_ACK"",""e0e014c931240c226735b715826d4e271542e25bfafb08896768222bb0813ba6:B2A:1:DIALOGUE_B_QPASS""],""ack_lengths"":[6,6],""active"":true,""auth_counters"":{""ack_mac_verify"":1,""confirm_prf_generate"":1,""decoy_mac_generate"":1,""dialogue_a_mac_generate"":1,""dialogue_b_qpass_mac_verify"":1},""ciphertext_roles"":[""A"",""B""],""commit_set_sent"":false,""completed"":false,""confirm_sent"":true,""current_gap"":0,""decoy_accepted"":false,""decoy_sent"":true,""detection_passed"":false,""identity"":""Alice"",""key_handle"":""7f680c464448604d9c063e6b25e4f57f"",""max_gap"":0,""mode"":""BASIC"",""next_recv_seq"":2,""next_send_seq"":3,""own_open_sent"":[],""params_hash"":""7805fdf5b30d114248f9394d970206b6cef73fc8d0bb312f208899f2491a0d93"",""peer_commit_indices"":[],""peer_confirm_accepted"":false,""peer_open_accepted"":[],""phase"":""CONFIRM_SENT"",""private_fields_present"":[""own_message""],""public_hashes"":{""h_ack"":""36995306d30b6cce78602afa7b33ca24ee045452af87cac5d51b9c698d964830"",""h_dist"":""0d26d920068095725178b7f52d007f4d8e59e61163c8b565be7cf588b69d9486""},""qpass_authenticated"":true,""qrecv_accepted"":true,""qrecv_sent"":false,""quantum_received"":false,""quantum_sent"":true,""quantum_view_fields"":[""shared_M_own"",""shared_M_peer"",""tilde_own""],""recovered_peer_message_present"":true,""sent_tokens"":[""e0e014c931240c226735b715826d4e271542e25bfafb08896768222bb0813ba6:A2B:0:DECOY_INFO"",""e0e014c931240c226735b715826d4e271542e25bfafb08896768222bb0813ba6:A2B:1:DIALOGUE_A"",""e0e014c931240c226735b715826d4e271542e25bfafb08896768222bb0813ba6:A2B:2:CONFIRM""],""sid"":""e0e014c931240c226735b715826d4e271542e25bfafb08896768222bb0813ba6"",""t_q"":""90b1d524b6d779eb59a1d5a46eba2253d707aaba591ca477af17e65f73cec717"",""terminal_reason"":null,""terminated"":false}","{""S"":0,""V"":0,""accepted_tokens"":[""e0e014c931240c226735b715826d4e271542e25bfafb08896768222bb0813ba6:A2B:0:DECOY_INFO"",""e0e014c931240c226735b715826d4e271542e25bfafb08896768222bb0813ba6:A2B:1:DIALOGUE_A""],""ack_lengths"":[6,6],""active"":false,""auth_counters"":{""ack_mac_generate"":1,""confirm_prf_verify"":1,""decoy_mac_verify"":1,""dialogue_a_mac_verify"":1,""dialogue_b_qpass_mac_generate"":1},""ciphertext_roles"":[""A"",""B""],""commit_set_sent"":false,""completed"":false,""confirm_sent"":false,""current_gap"":0,""decoy_accepted"":true,""decoy_sent"":false,""detection_passed"":true,""identity"":""Bob"",""key_handle"":""b82dc3f0ee47301b77fcee6ead67848e"",""max_gap"":0,""mode"":""BASIC"",""next_recv_seq"":2,""next_send_seq"":2,""own_open_sent"":[],""params_hash"":""7805fdf5b30d114248f9394d970206b6cef73fc8d0bb312f208899f2491a0d93"",""peer_commit_indices"":[],""peer_confirm_accepted"":false,""peer_open_accepted"":[],""phase"":""TERMINATED"",""private_fields_present"":[""detection_counts"",""own_message""],""public_hashes"":{""h_ack"":""36995306d30b6cce78602afa7b33ca24ee045452af87cac5d51b9c698d964830"",""h_dist"":""0d26d920068095725178b7f52d007f4d8e59e61163c8b565be7cf588b69d9486""},""qpass_authenticated"":false,""qrecv_accepted"":false,""qrecv_sent"":true,""quantum_received"":true,""quantum_sent"":false,""quantum_view_fields"":[""shared_M_own"",""shared_M_peer"",""tilde_own""],""recovered_peer_message_present"":true,""sent_tokens"":[""e0e014c931240c226735b715826d4e271542e25bfafb08896768222bb0813ba6:B2A:0:QRECV_ACK"",""e0e014c931240c226735b715826d4e271542e25bfafb08896768222bb0813ba6:B2A:1:DIALOGUE_B_QPASS""],""sid"":""e0e014c931240c226735b715826d4e271542e25bfafb08896768222bb0813ba6"",""t_q"":""90b1d524b6d779eb59a1d5a46eba2253d707aaba591ca477af17e65f73cec717"",""terminal_reason"":""authentication_tag_invalid"",""terminated"":true}"
wrong_locally_recovered_message,e5_registered_attacks_v6.csv,local_fault,False,True,authentication_tag_invalid,True,A local recovery mismatch is detected by I8; it is not modeled as a network attacker label.,"[""parse_ce1"",""check_header_context"",""check_payload_schema"",""verify_prescribed_authenticator"",""verify_auth:PRF"",""reject:authentication_tag_invalid""]",tests/protocol_v7_scenarios.py,"{""S"":0,""V"":0,""accepted_tokens"":[""4adbbd838d638d161b9ce395b419cdba4e1dd6822a4ef3d122763a756a49ca0c:B2A:0:QRECV_ACK"",""4adbbd838d638d161b9ce395b419cdba4e1dd6822a4ef3d122763a756a49ca0c:B2A:1:DIALOGUE_B_QPASS""],""ack_lengths"":[6,6],""active"":true,""auth_counters"":{""ack_mac_verify"":1,""confirm_prf_generate"":1,""decoy_mac_generate"":1,""dialogue_a_mac_generate"":1,""dialogue_b_qpass_mac_verify"":1},""ciphertext_roles"":[""A"",""B""],""commit_set_sent"":false,""completed"":false,""confirm_sent"":true,""current_gap"":0,""decoy_accepted"":false,""decoy_sent"":true,""detection_passed"":false,""identity"":""Alice"",""key_handle"":""f00c7545746f49c419e5a7b2a9b29a5c"",""max_gap"":0,""mode"":""BASIC"",""next_recv_seq"":2,""next_send_seq"":3,""own_open_sent"":[],""params_hash"":""7805fdf5b30d114248f9394d970206b6cef73fc8d0bb312f208899f2491a0d93"",""peer_commit_indices"":[],""peer_confirm_accepted"":false,""peer_open_accepted"":[],""phase"":""CONFIRM_SENT"",""private_fields_present"":[""own_message""],""public_hashes"":{""h_ack"":""9f919481fe8f776a782cdd1626eff61d58ef59097b6123e9da84b9f486352345"",""h_dist"":""b22aaf334966126feb256e1f5746d0b14e3327f22f404ced35c0bc1dc1626b70""},""qpass_authenticated"":true,""qrecv_accepted"":true,""qrecv_sent"":false,""quantum_received"":false,""quantum_sent"":true,""quantum_view_fields"":[""shared_M_own"",""shared_M_peer"",""tilde_own""],""recovered_peer_message_present"":true,""sent_tokens"":[""4adbbd838d638d161b9ce395b419cdba4e1dd6822a4ef3d122763a756a49ca0c:A2B:0:DECOY_INFO"",""4adbbd838d638d161b9ce395b419cdba4e1dd6822a4ef3d122763a756a49ca0c:A2B:1:DIALOGUE_A"",""4adbbd838d638d161b9ce395b419cdba4e1dd6822a4ef3d122763a756a49ca0c:A2B:2:CONFIRM""],""sid"":""4adbbd838d638d161b9ce395b419cdba4e1dd6822a4ef3d122763a756a49ca0c"",""t_q"":""6175f1a69a0967f067027ade978b90f4365e7070b79637ea6b8bfe4270def54d"",""terminal_reason"":null,""terminated"":false}","{""S"":0,""V"":0,""accepted_tokens"":[""4adbbd838d638d161b9ce395b419cdba4e1dd6822a4ef3d122763a756a49ca0c:A2B:0:DECOY_INFO"",""4adbbd838d638d161b9ce395b419cdba4e1dd6822a4ef3d122763a756a49ca0c:A2B:1:DIALOGUE_A""],""ack_lengths"":[6,6],""active"":false,""auth_counters"":{""ack_mac_generate"":1,""confirm_prf_verify"":1,""decoy_mac_verify"":1,""dialogue_a_mac_verify"":1,""dialogue_b_qpass_mac_generate"":1},""ciphertext_roles"":[""A"",""B""],""commit_set_sent"":false,""completed"":false,""confirm_sent"":false,""current_gap"":0,""decoy_accepted"":true,""decoy_sent"":false,""detection_passed"":true,""identity"":""Bob"",""key_handle"":""b46f59ed560c77bfa404168ae63453cc"",""max_gap"":0,""mode"":""BASIC"",""next_recv_seq"":2,""next_send_seq"":2,""own_open_sent"":[],""params_hash"":""7805fdf5b30d114248f9394d970206b6cef73fc8d0bb312f208899f2491a0d93"",""peer_commit_indices"":[],""peer_confirm_accepted"":false,""peer_open_accepted"":[],""phase"":""TERMINATED"",""private_fields_present"":[""detection_counts"",""own_message""],""public_hashes"":{""h_ack"":""9f919481fe8f776a782cdd1626eff61d58ef59097b6123e9da84b9f486352345"",""h_dist"":""b22aaf334966126feb256e1f5746d0b14e3327f22f404ced35c0bc1dc1626b70""},""qpass_authenticated"":false,""qrecv_accepted"":false,""qrecv_sent"":true,""quantum_received"":true,""quantum_sent"":false,""quantum_view_fields"":[""shared_M_own"",""shared_M_peer"",""tilde_own""],""recovered_peer_message_present"":true,""sent_tokens"":[""4adbbd838d638d161b9ce395b419cdba4e1dd6822a4ef3d122763a756a49ca0c:B2A:0:QRECV_ACK"",""4adbbd838d638d161b9ce395b419cdba4e1dd6822a4ef3d122763a756a49ca0c:B2A:1:DIALOGUE_B_QPASS""],""sid"":""4adbbd838d638d161b9ce395b419cdba4e1dd6822a4ef3d122763a756a49ca0c"",""t_q"":""6175f1a69a0967f067027ade978b90f4365e7070b79637ea6b8bfe4270def54d"",""terminal_reason"":""authentication_tag_invalid"",""terminated"":true}"
wrong_commitment_opening,e5_registered_attacks_v6.csv,external_record,False,True,commitment_opening_mismatch,True,The reviewed local check rejected the altered action.,"[""parse_ce1"",""check_header_context"",""check_payload_schema"",""reject:commitment_opening_mismatch""]",tests/protocol_v7_scenarios.py,"{""S"":4,""V"":0,""accepted_tokens"":[""86c17fd0bc0e69bcc4fd49267bf74b520986dbf4dc71aca90380c848733ef1d6:B2A:0:QRECV_ACK"",""86c17fd0bc0e69bcc4fd49267bf74b520986dbf4dc71aca90380c848733ef1d6:B2A:1:DIALOGUE_B_QPASS"",""86c17fd0bc0e69bcc4fd49267bf74b520986dbf4dc71aca90380c848733ef1d6:B2A:2:COMMIT_SET""],""ack_lengths"":[7,7],""active"":true,""auth_counters"":{""ack_mac_verify"":1,""commit_set_mac_generate"":1,""commit_set_mac_verify"":1,""decoy_mac_generate"":1,""dialogue_a_mac_generate"":1,""dialogue_b_qpass_mac_verify"":1,""open_mac_generate"":1},""ciphertext_roles"":[""A"",""B""],""commit_set_sent"":true,""completed"":false,""confirm_sent"":false,""current_gap"":4,""decoy_accepted"":false,""decoy_sent"":true,""detection_passed"":false,""identity"":""Alice"",""key_handle"":""b38acc4a99127bba4052579a2f216f28"",""max_gap"":4,""mode"":""RELEASE"",""next_recv_seq"":3,""next_send_seq"":4,""own_open_sent"":[1],""params_hash"":""549bde3be5599586f6e3225ab23fa587d58dec775533d2bd5241354aa19856f7"",""peer_commit_indices"":[1,2],""peer_confirm_accepted"":false,""peer_open_accepted"":[],""phase"":""OPEN_SENT"",""private_fields_present"":[""own_mask"",""own_message"",""own_openings""],""public_hashes"":{""h_ack"":""c01118a3331edb1f70104d864bd350ba425aa8eab9b4fde07f3b3e367bd18d20"",""h_dist"":""d1340e88cf003efbc32b36eeee3bcdd011dff0314d299de79aa5ef69f1070e32"",""own_commit_set_hash"":""64d75d15ecb9315d1968b5ebddd17de337b60cdc71c5b92ff9c82a1427e82910"",""peer_commit_set_hash"":""f8e5ba7e3b2141c112eedea236e2a2944fdbcc7bcd26dc190c89fe8b1c80328a""},""qpass_authenticated"":true,""qrecv_accepted"":true,""qrecv_sent"":false,""quantum_received"":false,""quantum_sent"":true,""quantum_view_fields"":[""shared_M_own"",""shared_M_peer"",""tilde_own""],""recovered_peer_message_present"":false,""sent_tokens"":[""86c17fd0bc0e69bcc4fd49267bf74b520986dbf4dc71aca90380c848733ef1d6:A2B:0:DECOY_INFO"",""86c17fd0bc0e69bcc4fd49267bf74b520986dbf4dc71aca90380c848733ef1d6:A2B:1:DIALOGUE_A"",""86c17fd0bc0e69bcc4fd49267bf74b520986dbf4dc71aca90380c848733ef1d6:A2B:2:COMMIT_SET"",""86c17fd0bc0e69bcc4fd49267bf74b520986dbf4dc71aca90380c848733ef1d6:A2B:3:OPEN""],""sid"":""86c17fd0bc0e69bcc4fd49267bf74b520986dbf4dc71aca90380c848733ef1d6"",""t_q"":""ab8e08fe7c561b4b4b2d5bcc484f78b43878b0d2e25dbe2370d5b39453955d75"",""terminal_reason"":null,""terminated"":false}","{""S"":0,""V"":0,""accepted_tokens"":[""86c17fd0bc0e69bcc4fd49267bf74b520986dbf4dc71aca90380c848733ef1d6:A2B:0:DECOY_INFO"",""86c17fd0bc0e69bcc4fd49267bf74b520986dbf4dc71aca90380c848733ef1d6:A2B:1:DIALOGUE_A"",""86c17fd0bc0e69bcc4fd49267bf74b520986dbf4dc71aca90380c848733ef1d6:A2B:2:COMMIT_SET""],""ack_lengths"":[7,7],""active"":false,""auth_counters"":{""ack_mac_generate"":1,""commit_set_mac_generate"":1,""commit_set_mac_verify"":1,""decoy_mac_verify"":1,""dialogue_a_mac_verify"":1,""dialogue_b_qpass_mac_generate"":1},""ciphertext_roles"":[""A"",""B""],""commit_set_sent"":true,""completed"":false,""confirm_sent"":false,""current_gap"":0,""decoy_accepted"":true,""decoy_sent"":false,""detection_passed"":true,""identity"":""Bob"",""key_handle"":""345d908ee616a12c8bb9935759998dc4"",""max_gap"":0,""mode"":""RELEASE"",""next_recv_seq"":3,""next_send_seq"":3,""own_open_sent"":[],""params_hash"":""549bde3be5599586f6e3225ab23fa587d58dec775533d2bd5241354aa19856f7"",""peer_commit_indices"":[1,2],""peer_confirm_accepted"":false,""peer_open_accepted"":[],""phase"":""TERMINATED"",""private_fields_present"":[""detection_counts"",""own_mask"",""own_message"",""own_openings""],""public_hashes"":{""h_ack"":""c01118a3331edb1f70104d864bd350ba425aa8eab9b4fde07f3b3e367bd18d20"",""h_dist"":""d1340e88cf003efbc32b36eeee3bcdd011dff0314d299de79aa5ef69f1070e32"",""own_commit_set_hash"":""f8e5ba7e3b2141c112eedea236e2a2944fdbcc7bcd26dc190c89fe8b1c80328a"",""peer_commit_set_hash"":""64d75d15ecb9315d1968b5ebddd17de337b60cdc71c5b92ff9c82a1427e82910""},""qpass_authenticated"":false,""qrecv_accepted"":false,""qrecv_sent"":true,""quantum_received"":true,""quantum_sent"":false,""quantum_view_fields"":[""shared_M_own"",""shared_M_peer"",""tilde_own""],""recovered_peer_message_present"":false,""sent_tokens"":[""86c17fd0bc0e69bcc4fd49267bf74b520986dbf4dc71aca90380c848733ef1d6:B2A:0:QRECV_ACK"",""86c17fd0bc0e69bcc4fd49267bf74b520986dbf4dc71aca90380c848733ef1d6:B2A:1:DIALOGUE_B_QPASS"",""86c17fd0bc0e69bcc4fd49267bf74b520986dbf4dc71aca90380c848733ef1d6:B2A:2:COMMIT_SET""],""sid"":""86c17fd0bc0e69bcc4fd49267bf74b520986dbf4dc71aca90380c848733ef1d6"",""t_q"":""ab8e08fe7c561b4b4b2d5bcc484f78b43878b0d2e25dbe2370d5b39453955d75"",""terminal_reason"":""commitment_opening_mismatch"",""terminated"":true}"
commitment_replacement,e5_registered_attacks_v6.csv,external_record,False,True,authentication_tag_invalid,True,The reviewed local check rejected the altered action.,"[""parse_ce1"",""check_header_context"",""check_payload_schema"",""verify_prescribed_authenticator"",""verify_auth:K_A_mac"",""reject:authentication_tag_invalid""]",tests/protocol_v7_scenarios.py,"{""S"":0,""V"":0,""accepted_tokens"":[""44cb74dc4d8eeaf05349268009a72ab30f338bba794563488aaf5922e66bd4c4:B2A:0:QRECV_ACK"",""44cb74dc4d8eeaf05349268009a72ab30f338bba794563488aaf5922e66bd4c4:B2A:1:DIALOGUE_B_QPASS""],""ack_lengths"":[7,7],""active"":true,""auth_counters"":{""ack_mac_verify"":1,""commit_set_mac_generate"":1,""decoy_mac_generate"":1,""dialogue_a_mac_generate"":1,""dialogue_b_qpass_mac_verify"":1},""ciphertext_roles"":[""A"",""B""],""commit_set_sent"":true,""completed"":false,""confirm_sent"":false,""current_gap"":0,""decoy_accepted"":false,""decoy_sent"":true,""detection_passed"":false,""identity"":""Alice"",""key_handle"":""3a8846156a876191f22d247407384b3a"",""max_gap"":0,""mode"":""RELEASE"",""next_recv_seq"":2,""next_send_seq"":3,""own_open_sent"":[],""params_hash"":""549bde3be5599586f6e3225ab23fa587d58dec775533d2bd5241354aa19856f7"",""peer_commit_indices"":[],""peer_confirm_accepted"":false,""peer_open_accepted"":[],""phase"":""COMMIT_SET_SENT"",""private_fields_present"":[""own_mask"",""own_message"",""own_openings""],""public_hashes"":{""h_ack"":""08273f53cda1eecbf753f3788200b1947b5fa5af5b59b2efc0b5fe923981c8c2"",""h_dist"":""42a01b93426a2188b7e493cb63e16f3252689b99326dd9680edaaa2da31e7e0f"",""own_commit_set_hash"":""3cca8af7c86b09eacbe6da7916796f9d24742e82c7386d98519d62a0fa5351a3""},""qpass_authenticated"":true,""qrecv_accepted"":true,""qrecv_sent"":false,""quantum_received"":false,""quantum_sent"":true,""quantum_view_fields"":[""shared_M_own"",""shared_M_peer"",""tilde_own""],""recovered_peer_message_present"":false,""sent_tokens"":[""44cb74dc4d8eeaf05349268009a72ab30f338bba794563488aaf5922e66bd4c4:A2B:0:DECOY_INFO"",""44cb74dc4d8eeaf05349268009a72ab30f338bba794563488aaf5922e66bd4c4:A2B:1:DIALOGUE_A"",""44cb74dc4d8eeaf05349268009a72ab30f338bba794563488aaf5922e66bd4c4:A2B:2:COMMIT_SET""],""sid"":""44cb74dc4d8eeaf05349268009a72ab30f338bba794563488aaf5922e66bd4c4"",""t_q"":""35fc6d5d5347977d8791ce2a0ec4ea1b2a8478f158cbf2adbf6bbc5f0684b9fd"",""terminal_reason"":null,""terminated"":false}","{""S"":0,""V"":0,""accepted_tokens"":[""44cb74dc4d8eeaf05349268009a72ab30f338bba794563488aaf5922e66bd4c4:A2B:0:DECOY_INFO"",""44cb74dc4d8eeaf05349268009a72ab30f338bba794563488aaf5922e66bd4c4:A2B:1:DIALOGUE_A""],""ack_lengths"":[7,7],""active"":false,""auth_counters"":{""ack_mac_generate"":1,""commit_set_mac_verify"":1,""decoy_mac_verify"":1,""dialogue_a_mac_verify"":1,""dialogue_b_qpass_mac_generate"":1},""ciphertext_roles"":[""A"",""B""],""commit_set_sent"":false,""completed"":false,""confirm_sent"":false,""current_gap"":0,""decoy_accepted"":true,""decoy_sent"":false,""detection_passed"":true,""identity"":""Bob"",""key_handle"":""e8aa42714daef2661cf921db6bffe8b7"",""max_gap"":0,""mode"":""RELEASE"",""next_recv_seq"":2,""next_send_seq"":2,""own_open_sent"":[],""params_hash"":""549bde3be5599586f6e3225ab23fa587d58dec775533d2bd5241354aa19856f7"",""peer_commit_indices"":[],""peer_confirm_accepted"":false,""peer_open_accepted"":[],""phase"":""TERMINATED"",""private_fields_present"":[""detection_counts"",""own_mask"",""own_message""],""public_hashes"":{""h_ack"":""08273f53cda1eecbf753f3788200b1947b5fa5af5b59b2efc0b5fe923981c8c2"",""h_dist"":""42a01b93426a2188b7e493cb63e16f3252689b99326dd9680edaaa2da31e7e0f""},""qpass_authenticated"":false,""qrecv_accepted"":false,""qrecv_sent"":true,""quantum_received"":true,""quantum_sent"":false,""quantum_view_fields"":[""shared_M_own"",""shared_M_peer"",""tilde_own""],""recovered_peer_message_present"":false,""sent_tokens"":[""44cb74dc4d8eeaf05349268009a72ab30f338bba794563488aaf5922e66bd4c4:B2A:0:QRECV_ACK"",""44cb74dc4d8eeaf05349268009a72ab30f338bba794563488aaf5922e66bd4c4:B2A:1:DIALOGUE_B_QPASS""],""sid"":""44cb74dc4d8eeaf05349268009a72ab30f338bba794563488aaf5922e66bd4c4"",""t_q"":""35fc6d5d5347977d8791ce2a0ec4ea1b2a8478f158cbf2adbf6bbc5f0684b9fd"",""terminal_reason"":""authentication_tag_invalid"",""terminated"":true}"
duplicate_opening,e5_registered_attacks_v6.csv,replay,False,True,replayed_or_old_sequence,True,The reviewed local check rejected the altered action.,"[""parse_ce1"",""check_header_context"",""reject:replayed_or_old_sequence""]",tests/protocol_v7_scenarios.py,"{""S"":0,""V"":4,""accepted_tokens"":[""5d45272a66e06ab52e0c1ee573c6a0783f4443052abf04aa9898fa0dc40c44e0:B2A:0:QRECV_ACK"",""5d45272a66e06ab52e0c1ee573c6a0783f4443052abf04aa9898fa0dc40c44e0:B2A:1:DIALOGUE_B_QPASS"",""5d45272a66e06ab52e0c1ee573c6a0783f4443052abf04aa9898fa0dc40c44e0:B2A:2:COMMIT_SET"",""5d45272a66e06ab52e0c1ee573c6a0783f4443052abf04aa9898fa0dc40c44e0:B2A:3:OPEN""],""ack_lengths"":[7,7],""active"":false,""auth_counters"":{""ack_mac_verify"":1,""commit_set_mac_generate"":1,""commit_set_mac_verify"":1,""decoy_mac_generate"":1,""dialogue_a_mac_generate"":1,""dialogue_b_qpass_mac_verify"":1,""open_mac_verify"":1},""ciphertext_roles"":[""A"",""B""],""commit_set_sent"":true,""completed"":false,""confirm_sent"":false,""current_gap"":-4,""decoy_accepted"":false,""decoy_sent"":true,""detection_passed"":false,""identity"":""Alice"",""key_handle"":""ea2b7a363d3652cfdfb6ddde3ed28e0d"",""max_gap"":0,""mode"":""RELEASE"",""next_recv_seq"":4,""next_send_seq"":3,""own_open_sent"":[],""params_hash"":""549bde3be5599586f6e3225ab23fa587d58dec775533d2bd5241354aa19856f7"",""peer_commit_indices"":[1,2],""peer_confirm_accepted"":false,""peer_open_accepted"":[1],""phase"":""TERMINATED"",""private_fields_present"":[""own_mask"",""own_message"",""own_openings""],""public_hashes"":{""h_ack"":""015c5516ac257344e8d6e513d81f64a5b4b689fcaaca4388a68c728cab9d580b"",""h_dist"":""b20f4bdc62d8354f18d0e0bdbf5e45e7dac98e64fc62fab1080de0f59e35fa0b"",""own_commit_set_hash"":""85f8adc55f59d8da2254d18fbb0668929a67dba59dbe43ea847dc272bf4483e8"",""peer_commit_set_hash"":""32c2b56533983f40549f69ba51cadf989bffc0325f2820293f42cb828f9c8046""},""qpass_authenticated"":true,""qrecv_accepted"":true,""qrecv_sent"":false,""quantum_received"":false,""quantum_sent"":true,""quantum_view_fields"":[""shared_M_own"",""shared_M_peer"",""tilde_own""],""recovered_peer_message_present"":false,""sent_tokens"":[""5d45272a66e06ab52e0c1ee573c6a0783f4443052abf04aa9898fa0dc40c44e0:A2B:0:DECOY_INFO"",""5d45272a66e06ab52e0c1ee573c6a0783f4443052abf04aa9898fa0dc40c44e0:A2B:1:DIALOGUE_A"",""5d45272a66e06ab52e0c1ee573c6a0783f4443052abf04aa9898fa0dc40c44e0:A2B:2:COMMIT_SET""],""sid"":""5d45272a66e06ab52e0c1ee573c6a0783f4443052abf04aa9898fa0dc40c44e0"",""t_q"":""ed82682663c367185ade13cf0524f9164ce21410c8eb091413c9f78c82c34da3"",""terminal_reason"":""replayed_or_old_sequence"",""terminated"":true}","{""S"":4,""V"":0,""accepted_tokens"":[""5d45272a66e06ab52e0c1ee573c6a0783f4443052abf04aa9898fa0dc40c44e0:A2B:0:DECOY_INFO"",""5d45272a66e06ab52e0c1ee573c6a0783f4443052abf04aa9898fa0dc40c44e0:A2B:1:DIALOGUE_A"",""5d45272a66e06ab52e0c1ee573c6a0783f4443052abf04aa9898fa0dc40c44e0:A2B:2:COMMIT_SET""],""ack_lengths"":[7,7],""active"":true,""auth_counters"":{""ack_mac_generate"":1,""commit_set_mac_generate"":1,""commit_set_mac_verify"":1,""decoy_mac_verify"":1,""dialogue_a_mac_verify"":1,""dialogue_b_qpass_mac_generate"":1,""open_mac_generate"":1},""ciphertext_roles"":[""A"",""B""],""commit_set_sent"":true,""completed"":false,""confirm_sent"":false,""current_gap"":4,""decoy_accepted"":true,""decoy_sent"":false,""detection_passed"":true,""identity"":""Bob"",""key_handle"":""93ebd2378b8ca4779395b56bffc30b09"",""max_gap"":4,""mode"":""RELEASE"",""next_recv_seq"":3,""next_send_seq"":4,""own_open_sent"":[1],""params_hash"":""549bde3be5599586f6e3225ab23fa587d58dec775533d2bd5241354aa19856f7"",""peer_commit_indices"":[1,2],""peer_confirm_accepted"":false,""peer_open_accepted"":[],""phase"":""OPEN_SENT"",""private_fields_present"":[""detection_counts"",""own_mask"",""own_message"",""own_openings""],""public_hashes"":{""h_ack"":""015c5516ac257344e8d6e513d81f64a5b4b689fcaaca4388a68c728cab9d580b"",""h_dist"":""b20f4bdc62d8354f18d0e0bdbf5e45e7dac98e64fc62fab1080de0f59e35fa0b"",""own_commit_set_hash"":""32c2b56533983f40549f69ba51cadf989bffc0325f2820293f42cb828f9c8046"",""peer_commit_set_hash"":""85f8adc55f59d8da2254d18fbb0668929a67dba59dbe43ea847dc272bf4483e8""},""qpass_authenticated"":false,""qrecv_accepted"":false,""qrecv_sent"":true,""quantum_received"":true,""quantum_sent"":false,""quantum_view_fields"":[""shared_M_own"",""shared_M_peer"",""tilde_own""],""recovered_peer_message_present"":false,""sent_tokens"":[""5d45272a66e06ab52e0c1ee573c6a0783f4443052abf04aa9898fa0dc40c44e0:B2A:0:QRECV_ACK"",""5d45272a66e06ab52e0c1ee573c6a0783f4443052abf04aa9898fa0dc40c44e0:B2A:1:DIALOGUE_B_QPASS"",""5d45272a66e06ab52e0c1ee573c6a0783f4443052abf04aa9898fa0dc40c44e0:B2A:2:COMMIT_SET"",""5d45272a66e06ab52e0c1ee573c6a0783f4443052abf04aa9898fa0dc40c44e0:B2A:3:OPEN""],""sid"":""5d45272a66e06ab52e0c1ee573c6a0783f4443052abf04aa9898fa0dc40c44e0"",""t_q"":""ed82682663c367185ade13cf0524f9164ce21410c8eb091413c9f78c82c34da3"",""terminal_reason"":null,""terminated"":false}"
out_of_order_opening,e5_registered_attacks_v6.csv,external_record,False,True,future_sequence,True,The reviewed local check rejected the altered action.,"[""parse_ce1"",""check_header_context"",""reject:future_sequence""]",tests/protocol_v7_scenarios.py,"{""S"":0,""V"":0,""accepted_tokens"":[""ce95011df5de3baddd4f87c7001296795d1090fe3ea44070b604df5cc1729336:B2A:0:QRECV_ACK"",""ce95011df5de3baddd4f87c7001296795d1090fe3ea44070b604df5cc1729336:B2A:1:DIALOGUE_B_QPASS"",""ce95011df5de3baddd4f87c7001296795d1090fe3ea44070b604df5cc1729336:B2A:2:COMMIT_SET""],""ack_lengths"":[7,7],""active"":false,""auth_counters"":{""ack_mac_verify"":1,""commit_set_mac_generate"":1,""commit_set_mac_verify"":1,""decoy_mac_generate"":1,""dialogue_a_mac_generate"":1,""dialogue_b_qpass_mac_verify"":1},""ciphertext_roles"":[""A"",""B""],""commit_set_sent"":true,""completed"":false,""confirm_sent"":false,""current_gap"":0,""decoy_accepted"":false,""decoy_sent"":true,""detection_passed"":false,""identity"":""Alice"",""key_handle"":""addf46d318266a6a2951da079b826358"",""max_gap"":0,""mode"":""RELEASE"",""next_recv_seq"":3,""next_send_seq"":3,""own_open_sent"":[],""params_hash"":""549bde3be5599586f6e3225ab23fa587d58dec775533d2bd5241354aa19856f7"",""peer_commit_indices"":[1,2],""peer_confirm_accepted"":false,""peer_open_accepted"":[],""phase"":""TERMINATED"",""private_fields_present"":[""own_mask"",""own_message"",""own_openings""],""public_hashes"":{""h_ack"":""e1569513c1429f63340f9739c88db8111d5e015d2e68dd20ba28a969eba560b5"",""h_dist"":""54402bc2656317a26d5abc3895e6c6d390527b97c3bd250f30dbaf57fc001ff1"",""own_commit_set_hash"":""43a72894796e90b91b213af355c8b1e31f91a8e2254dc789f6c53329b3c96550"",""peer_commit_set_hash"":""fe4376fd09c6714b659dfd493c466f9b7df24f674bbef17df7085c76d98f12dd""},""qpass_authenticated"":true,""qrecv_accepted"":true,""qrecv_sent"":false,""quantum_received"":false,""quantum_sent"":true,""quantum_view_fields"":[""shared_M_own"",""shared_M_peer"",""tilde_own""],""recovered_peer_message_present"":false,""sent_tokens"":[""ce95011df5de3baddd4f87c7001296795d1090fe3ea44070b604df5cc1729336:A2B:0:DECOY_INFO"",""ce95011df5de3baddd4f87c7001296795d1090fe3ea44070b604df5cc1729336:A2B:1:DIALOGUE_A"",""ce95011df5de3baddd4f87c7001296795d1090fe3ea44070b604df5cc1729336:A2B:2:COMMIT_SET""],""sid"":""ce95011df5de3baddd4f87c7001296795d1090fe3ea44070b604df5cc1729336"",""t_q"":""cf3b6428aa678439bffecf9d22b830f4d5624b9a84dd1648fa2746ef126a1d3d"",""terminal_reason"":""future_sequence"",""terminated"":true}","{""S"":4,""V"":0,""accepted_tokens"":[""ce95011df5de3baddd4f87c7001296795d1090fe3ea44070b604df5cc1729336:A2B:0:DECOY_INFO"",""ce95011df5de3baddd4f87c7001296795d1090fe3ea44070b604df5cc1729336:A2B:1:DIALOGUE_A"",""ce95011df5de3baddd4f87c7001296795d1090fe3ea44070b604df5cc1729336:A2B:2:COMMIT_SET""],""ack_lengths"":[7,7],""active"":true,""auth_counters"":{""ack_mac_generate"":1,""commit_set_mac_generate"":1,""commit_set_mac_verify"":1,""decoy_mac_verify"":1,""dialogue_a_mac_verify"":1,""dialogue_b_qpass_mac_generate"":1,""open_mac_generate"":1},""ciphertext_roles"":[""A"",""B""],""commit_set_sent"":true,""completed"":false,""confirm_sent"":false,""current_gap"":4,""decoy_accepted"":true,""decoy_sent"":false,""detection_passed"":true,""identity"":""Bob"",""key_handle"":""2c848ef6d4431c6fd666d160c6452345"",""max_gap"":4,""mode"":""RELEASE"",""next_recv_seq"":3,""next_send_seq"":4,""own_open_sent"":[1],""params_hash"":""549bde3be5599586f6e3225ab23fa587d58dec775533d2bd5241354aa19856f7"",""peer_commit_indices"":[1,2],""peer_confirm_accepted"":false,""peer_open_accepted"":[],""phase"":""OPEN_SENT"",""private_fields_present"":[""detection_counts"",""own_mask"",""own_message"",""own_openings""],""public_hashes"":{""h_ack"":""e1569513c1429f63340f9739c88db8111d5e015d2e68dd20ba28a969eba560b5"",""h_dist"":""54402bc2656317a26d5abc3895e6c6d390527b97c3bd250f30dbaf57fc001ff1"",""own_commit_set_hash"":""fe4376fd09c6714b659dfd493c466f9b7df24f674bbef17df7085c76d98f12dd"",""peer_commit_set_hash"":""43a72894796e90b91b213af355c8b1e31f91a8e2254dc789f6c53329b3c96550""},""qpass_authenticated"":false,""qrecv_accepted"":false,""qrecv_sent"":true,""quantum_received"":true,""quantum_sent"":false,""quantum_view_fields"":[""shared_M_own"",""shared_M_peer"",""tilde_own""],""recovered_peer_message_present"":false,""sent_tokens"":[""ce95011df5de3baddd4f87c7001296795d1090fe3ea44070b604df5cc1729336:B2A:0:QRECV_ACK"",""ce95011df5de3baddd4f87c7001296795d1090fe3ea44070b604df5cc1729336:B2A:1:DIALOGUE_B_QPASS"",""ce95011df5de3baddd4f87c7001296795d1090fe3ea44070b604df5cc1729336:B2A:2:COMMIT_SET"",""ce95011df5de3baddd4f87c7001296795d1090fe3ea44070b604df5cc1729336:B2A:3:OPEN""],""sid"":""ce95011df5de3baddd4f87c7001296795d1090fe3ea44070b604df5cc1729336"",""t_q"":""cf3b6428aa678439bffecf9d22b830f4d5624b9a84dd1648fa2746ef126a1d3d"",""terminal_reason"":null,""terminated"":false}"
salt_mismatch,e5_registered_attacks_v6.csv,external_record,False,True,commitment_opening_mismatch,True,The reviewed local check rejected the altered action.,"[""parse_ce1"",""check_header_context"",""check_payload_schema"",""reject:commitment_opening_mismatch""]",tests/protocol_v7_scenarios.py,"{""S"":0,""V"":0,""accepted_tokens"":[""624401a966bdf01e1d50d7ccf74fc9b472f280c0a5567ed44f84bf32827ddf22:B2A:0:QRECV_ACK"",""624401a966bdf01e1d50d7ccf74fc9b472f280c0a5567ed44f84bf32827ddf22:B2A:1:DIALOGUE_B_QPASS"",""624401a966bdf01e1d50d7ccf74fc9b472f280c0a5567ed44f84bf32827ddf22:B2A:2:COMMIT_SET""],""ack_lengths"":[7,7],""active"":false,""auth_counters"":{""ack_mac_verify"":1,""commit_set_mac_generate"":1,""commit_set_mac_verify"":1,""decoy_mac_generate"":1,""dialogue_a_mac_generate"":1,""dialogue_b_qpass_mac_verify"":1},""ciphertext_roles"":[""A"",""B""],""commit_set_sent"":true,""completed"":false,""confirm_sent"":false,""current_gap"":0,""decoy_accepted"":false,""decoy_sent"":true,""detection_passed"":false,""identity"":""Alice"",""key_handle"":""ab972d12cc7d9e638a6c88fb4a123599"",""max_gap"":0,""mode"":""RELEASE"",""next_recv_seq"":3,""next_send_seq"":3,""own_open_sent"":[],""params_hash"":""549bde3be5599586f6e3225ab23fa587d58dec775533d2bd5241354aa19856f7"",""peer_commit_indices"":[1,2],""peer_confirm_accepted"":false,""peer_open_accepted"":[],""phase"":""TERMINATED"",""private_fields_present"":[""own_mask"",""own_message"",""own_openings""],""public_hashes"":{""h_ack"":""ba4bfa6613a3c33a70e4e63c6d6b14898f1e34f6bc9a21b8097c18b143a6dcf5"",""h_dist"":""41a3a9d31fca825e2e770aed4c3f6a80977a953da83253f2282b5000eafcdb87"",""own_commit_set_hash"":""5ae9b20ba8b8e1b4ce252b94db9966666809a553011996887e941d5a4b4f6b8d"",""peer_commit_set_hash"":""0f5058229a420069870299fe0a6552c107412e54dee89b140aa073c724b4a6be""},""qpass_authenticated"":true,""qrecv_accepted"":true,""qrecv_sent"":false,""quantum_received"":false,""quantum_sent"":true,""quantum_view_fields"":[""shared_M_own"",""shared_M_peer"",""tilde_own""],""recovered_peer_message_present"":false,""sent_tokens"":[""624401a966bdf01e1d50d7ccf74fc9b472f280c0a5567ed44f84bf32827ddf22:A2B:0:DECOY_INFO"",""624401a966bdf01e1d50d7ccf74fc9b472f280c0a5567ed44f84bf32827ddf22:A2B:1:DIALOGUE_A"",""624401a966bdf01e1d50d7ccf74fc9b472f280c0a5567ed44f84bf32827ddf22:A2B:2:COMMIT_SET""],""sid"":""624401a966bdf01e1d50d7ccf74fc9b472f280c0a5567ed44f84bf32827ddf22"",""t_q"":""e9fef796bbe47e90eacd5a1fc2a4585648c4d4ecc835b96daffe0bbda43aec3b"",""terminal_reason"":""commitment_opening_mismatch"",""terminated"":true}","{""S"":4,""V"":0,""accepted_tokens"":[""624401a966bdf01e1d50d7ccf74fc9b472f280c0a5567ed44f84bf32827ddf22:A2B:0:DECOY_INFO"",""624401a966bdf01e1d50d7ccf74fc9b472f280c0a5567ed44f84bf32827ddf22:A2B:1:DIALOGUE_A"",""624401a966bdf01e1d50d7ccf74fc9b472f280c0a5567ed44f84bf32827ddf22:A2B:2:COMMIT_SET""],""ack_lengths"":[7,7],""active"":true,""auth_counters"":{""ack_mac_generate"":1,""commit_set_mac_generate"":1,""commit_set_mac_verify"":1,""decoy_mac_verify"":1,""dialogue_a_mac_verify"":1,""dialogue_b_qpass_mac_generate"":1,""open_mac_generate"":1},""ciphertext_roles"":[""A"",""B""],""commit_set_sent"":true,""completed"":false,""confirm_sent"":false,""current_gap"":4,""decoy_accepted"":true,""decoy_sent"":false,""detection_passed"":true,""identity"":""Bob"",""key_handle"":""39a2d79dbcc05e07b6c286ae3ee39726"",""max_gap"":4,""mode"":""RELEASE"",""next_recv_seq"":3,""next_send_seq"":4,""own_open_sent"":[1],""params_hash"":""549bde3be5599586f6e3225ab23fa587d58dec775533d2bd5241354aa19856f7"",""peer_commit_indices"":[1,2],""peer_confirm_accepted"":false,""peer_open_accepted"":[],""phase"":""OPEN_SENT"",""private_fields_present"":[""detection_counts"",""own_mask"",""own_message"",""own_openings""],""public_hashes"":{""h_ack"":""ba4bfa6613a3c33a70e4e63c6d6b14898f1e34f6bc9a21b8097c18b143a6dcf5"",""h_dist"":""41a3a9d31fca825e2e770aed4c3f6a80977a953da83253f2282b5000eafcdb87"",""own_commit_set_hash"":""0f5058229a420069870299fe0a6552c107412e54dee89b140aa073c724b4a6be"",""peer_commit_set_hash"":""5ae9b20ba8b8e1b4ce252b94db9966666809a553011996887e941d5a4b4f6b8d""},""qpass_authenticated"":false,""qrecv_accepted"":false,""qrecv_sent"":true,""quantum_received"":true,""quantum_sent"":false,""quantum_view_fields"":[""shared_M_own"",""shared_M_peer"",""tilde_own""],""recovered_peer_message_present"":false,""sent_tokens"":[""624401a966bdf01e1d50d7ccf74fc9b472f280c0a5567ed44f84bf32827ddf22:B2A:0:QRECV_ACK"",""624401a966bdf01e1d50d7ccf74fc9b472f280c0a5567ed44f84bf32827ddf22:B2A:1:DIALOGUE_B_QPASS"",""624401a966bdf01e1d50d7ccf74fc9b472f280c0a5567ed44f84bf32827ddf22:B2A:2:COMMIT_SET"",""624401a966bdf01e1d50d7ccf74fc9b472f280c0a5567ed44f84bf32827ddf22:B2A:3:OPEN""],""sid"":""624401a966bdf01e1d50d7ccf74fc9b472f280c0a5567ed44f84bf32827ddf22"",""t_q"":""e9fef796bbe47e90eacd5a1fc2a4585648c4d4ecc835b96daffe0bbda43aec3b"",""terminal_reason"":null,""terminated"":false}"
block_number_replacement,e5_registered_attacks_v6.csv,external_record,False,True,opening_out_of_order_or_duplicate,True,The reviewed local check rejected the altered action.,"[""parse_ce1"",""check_header_context"",""check_payload_schema"",""reject:opening_out_of_order_or_duplicate""]",tests/protocol_v7_scenarios.py,"{""S"":4,""V"":0,""accepted_tokens"":[""b8af8ac87490f50bd62fbccde3688b811c9437f5d8b848f84749b441f3cece72:B2A:0:QRECV_ACK"",""b8af8ac87490f50bd62fbccde3688b811c9437f5d8b848f84749b441f3cece72:B2A:1:DIALOGUE_B_QPASS"",""b8af8ac87490f50bd62fbccde3688b811c9437f5d8b848f84749b441f3cece72:B2A:2:COMMIT_SET""],""ack_lengths"":[7,7],""active"":true,""auth_counters"":{""ack_mac_verify"":1,""commit_set_mac_generate"":1,""commit_set_mac_verify"":1,""decoy_mac_generate"":1,""dialogue_a_mac_generate"":1,""dialogue_b_qpass_mac_verify"":1,""open_mac_generate"":1},""ciphertext_roles"":[""A"",""B""],""commit_set_sent"":true,""completed"":false,""confirm_sent"":false,""current_gap"":4,""decoy_accepted"":false,""decoy_sent"":true,""detection_passed"":false,""identity"":""Alice"",""key_handle"":""f350fcbe2f31001bfa76d156f8482f0e"",""max_gap"":4,""mode"":""RELEASE"",""next_recv_seq"":3,""next_send_seq"":4,""own_open_sent"":[1],""params_hash"":""549bde3be5599586f6e3225ab23fa587d58dec775533d2bd5241354aa19856f7"",""peer_commit_indices"":[1,2],""peer_confirm_accepted"":false,""peer_open_accepted"":[],""phase"":""OPEN_SENT"",""private_fields_present"":[""own_mask"",""own_message"",""own_openings""],""public_hashes"":{""h_ack"":""84b0c92a65fdef2575c08397bb59a308daa6a9574f90f41be13324aa81dcd93b"",""h_dist"":""fad310d6d0306e696f1348781fd84d2293493b8bdb8f034bd9f76d6c0d35e0af"",""own_commit_set_hash"":""72690c53736f4b41808fdf141d9e247ebad5f83cc79cf5fa1cfc9ba5edd6dc87"",""peer_commit_set_hash"":""95ff335a6e720d8452d31e36313ecec766ec7a6bef17c5c532e8abd8cc3cf4a4""},""qpass_authenticated"":true,""qrecv_accepted"":true,""qrecv_sent"":false,""quantum_received"":false,""quantum_sent"":true,""quantum_view_fields"":[""shared_M_own"",""shared_M_peer"",""tilde_own""],""recovered_peer_message_present"":false,""sent_tokens"":[""b8af8ac87490f50bd62fbccde3688b811c9437f5d8b848f84749b441f3cece72:A2B:0:DECOY_INFO"",""b8af8ac87490f50bd62fbccde3688b811c9437f5d8b848f84749b441f3cece72:A2B:1:DIALOGUE_A"",""b8af8ac87490f50bd62fbccde3688b811c9437f5d8b848f84749b441f3cece72:A2B:2:COMMIT_SET"",""b8af8ac87490f50bd62fbccde3688b811c9437f5d8b848f84749b441f3cece72:A2B:3:OPEN""],""sid"":""b8af8ac87490f50bd62fbccde3688b811c9437f5d8b848f84749b441f3cece72"",""t_q"":""a3843f7b3fa7d4caa7cab8af44e74ecf5c128fc0774988e84f496d63acf8b416"",""terminal_reason"":null,""terminated"":false}","{""S"":0,""V"":0,""accepted_tokens"":[""b8af8ac87490f50bd62fbccde3688b811c9437f5d8b848f84749b441f3cece72:A2B:0:DECOY_INFO"",""b8af8ac87490f50bd62fbccde3688b811c9437f5d8b848f84749b441f3cece72:A2B:1:DIALOGUE_A"",""b8af8ac87490f50bd62fbccde3688b811c9437f5d8b848f84749b441f3cece72:A2B:2:COMMIT_SET""],""ack_lengths"":[7,7],""active"":false,""auth_counters"":{""ack_mac_generate"":1,""commit_set_mac_generate"":1,""commit_set_mac_verify"":1,""decoy_mac_verify"":1,""dialogue_a_mac_verify"":1,""dialogue_b_qpass_mac_generate"":1},""ciphertext_roles"":[""A"",""B""],""commit_set_sent"":true,""completed"":false,""confirm_sent"":false,""current_gap"":0,""decoy_accepted"":true,""decoy_sent"":false,""detection_passed"":true,""identity"":""Bob"",""key_handle"":""39d8ac37926756483f1f070b876459b1"",""max_gap"":0,""mode"":""RELEASE"",""next_recv_seq"":3,""next_send_seq"":3,""own_open_sent"":[],""params_hash"":""549bde3be5599586f6e3225ab23fa587d58dec775533d2bd5241354aa19856f7"",""peer_commit_indices"":[1,2],""peer_confirm_accepted"":false,""peer_open_accepted"":[],""phase"":""TERMINATED"",""private_fields_present"":[""detection_counts"",""own_mask"",""own_message"",""own_openings""],""public_hashes"":{""h_ack"":""84b0c92a65fdef2575c08397bb59a308daa6a9574f90f41be13324aa81dcd93b"",""h_dist"":""fad310d6d0306e696f1348781fd84d2293493b8bdb8f034bd9f76d6c0d35e0af"",""own_commit_set_hash"":""95ff335a6e720d8452d31e36313ecec766ec7a6bef17c5c532e8abd8cc3cf4a4"",""peer_commit_set_hash"":""72690c53736f4b41808fdf141d9e247ebad5f83cc79cf5fa1cfc9ba5edd6dc87""},""qpass_authenticated"":false,""qrecv_accepted"":false,""qrecv_sent"":true,""quantum_received"":true,""quantum_sent"":false,""quantum_view_fields"":[""shared_M_own"",""shared_M_peer"",""tilde_own""],""recovered_peer_message_present"":false,""sent_tokens"":[""b8af8ac87490f50bd62fbccde3688b811c9437f5d8b848f84749b441f3cece72:B2A:0:QRECV_ACK"",""b8af8ac87490f50bd62fbccde3688b811c9437f5d8b848f84749b441f3cece72:B2A:1:DIALOGUE_B_QPASS"",""b8af8ac87490f50bd62fbccde3688b811c9437f5d8b848f84749b441f3cece72:B2A:2:COMMIT_SET""],""sid"":""b8af8ac87490f50bd62fbccde3688b811c9437f5d8b848f84749b441f3cece72"",""t_q"":""a3843f7b3fa7d4caa7cab8af44e74ecf5c128fc0774988e84f496d63acf8b416"",""terminal_reason"":""opening_out_of_order_or_duplicate"",""terminated"":true}"
cross_session_opening,e5_registered_attacks_v6.csv,external_record,False,True,sid_mismatch,True,The reviewed local check rejected the altered action.,"[""parse_ce1"",""check_header_context"",""reject:sid_mismatch""]",tests/protocol_v7_scenarios.py,"{""S"":4,""V"":0,""accepted_tokens"":[""d1c593c009d920cee89ca0fc1ac23b7bc46e89aad6ac1ac08ddef0b6e40d73d1:B2A:0:QRECV_ACK"",""d1c593c009d920cee89ca0fc1ac23b7bc46e89aad6ac1ac08ddef0b6e40d73d1:B2A:1:DIALOGUE_B_QPASS"",""d1c593c009d920cee89ca0fc1ac23b7bc46e89aad6ac1ac08ddef0b6e40d73d1:B2A:2:COMMIT_SET""],""ack_lengths"":[7,7],""active"":true,""auth_counters"":{""ack_mac_verify"":1,""commit_set_mac_generate"":1,""commit_set_mac_verify"":1,""decoy_mac_generate"":1,""dialogue_a_mac_generate"":1,""dialogue_b_qpass_mac_verify"":1,""open_mac_generate"":1},""ciphertext_roles"":[""A"",""B""],""commit_set_sent"":true,""completed"":false,""confirm_sent"":false,""current_gap"":4,""decoy_accepted"":false,""decoy_sent"":true,""detection_passed"":false,""identity"":""Alice"",""key_handle"":""ae6f53fa6103aecefaead921c4c06009"",""max_gap"":4,""mode"":""RELEASE"",""next_recv_seq"":3,""next_send_seq"":4,""own_open_sent"":[1],""params_hash"":""549bde3be5599586f6e3225ab23fa587d58dec775533d2bd5241354aa19856f7"",""peer_commit_indices"":[1,2],""peer_confirm_accepted"":false,""peer_open_accepted"":[],""phase"":""OPEN_SENT"",""private_fields_present"":[""own_mask"",""own_message"",""own_openings""],""public_hashes"":{""h_ack"":""6f45c19130d9fda96e521aab5d06bfb871af11c118049e3c89eaaafadec9a87b"",""h_dist"":""8e45ef049907a52e49b7c774fdd20716eda84060ca45e34c13bc788ebdc5dbd2"",""own_commit_set_hash"":""9bde920e1730765279a0d6ca791f3d05a98442ed0565bd8bfec2d97b15069844"",""peer_commit_set_hash"":""7c8cfb75135df8c3f4b1a5c4df0be51834aa3b5cf4bcd89628539a5f411a1dca""},""qpass_authenticated"":true,""qrecv_accepted"":true,""qrecv_sent"":false,""quantum_received"":false,""quantum_sent"":true,""quantum_view_fields"":[""shared_M_own"",""shared_M_peer"",""tilde_own""],""recovered_peer_message_present"":false,""sent_tokens"":[""d1c593c009d920cee89ca0fc1ac23b7bc46e89aad6ac1ac08ddef0b6e40d73d1:A2B:0:DECOY_INFO"",""d1c593c009d920cee89ca0fc1ac23b7bc46e89aad6ac1ac08ddef0b6e40d73d1:A2B:1:DIALOGUE_A"",""d1c593c009d920cee89ca0fc1ac23b7bc46e89aad6ac1ac08ddef0b6e40d73d1:A2B:2:COMMIT_SET"",""d1c593c009d920cee89ca0fc1ac23b7bc46e89aad6ac1ac08ddef0b6e40d73d1:A2B:3:OPEN""],""sid"":""d1c593c009d920cee89ca0fc1ac23b7bc46e89aad6ac1ac08ddef0b6e40d73d1"",""t_q"":""1d524bf2cf8b1901b92add648fde3cab5df9308a399a9f0f2bfaf1e7290b0a00"",""terminal_reason"":null,""terminated"":false}","{""S"":0,""V"":0,""accepted_tokens"":[""d1c593c009d920cee89ca0fc1ac23b7bc46e89aad6ac1ac08ddef0b6e40d73d1:A2B:0:DECOY_INFO"",""d1c593c009d920cee89ca0fc1ac23b7bc46e89aad6ac1ac08ddef0b6e40d73d1:A2B:1:DIALOGUE_A"",""d1c593c009d920cee89ca0fc1ac23b7bc46e89aad6ac1ac08ddef0b6e40d73d1:A2B:2:COMMIT_SET""],""ack_lengths"":[7,7],""active"":false,""auth_counters"":{""ack_mac_generate"":1,""commit_set_mac_generate"":1,""commit_set_mac_verify"":1,""decoy_mac_verify"":1,""dialogue_a_mac_verify"":1,""dialogue_b_qpass_mac_generate"":1},""ciphertext_roles"":[""A"",""B""],""commit_set_sent"":true,""completed"":false,""confirm_sent"":false,""current_gap"":0,""decoy_accepted"":true,""decoy_sent"":false,""detection_passed"":true,""identity"":""Bob"",""key_handle"":""584f1fc11aec08e02f112a4573b82573"",""max_gap"":0,""mode"":""RELEASE"",""next_recv_seq"":3,""next_send_seq"":3,""own_open_sent"":[],""params_hash"":""549bde3be5599586f6e3225ab23fa587d58dec775533d2bd5241354aa19856f7"",""peer_commit_indices"":[1,2],""peer_confirm_accepted"":false,""peer_open_accepted"":[],""phase"":""TERMINATED"",""private_fields_present"":[""detection_counts"",""own_mask"",""own_message"",""own_openings""],""public_hashes"":{""h_ack"":""6f45c19130d9fda96e521aab5d06bfb871af11c118049e3c89eaaafadec9a87b"",""h_dist"":""8e45ef049907a52e49b7c774fdd20716eda84060ca45e34c13bc788ebdc5dbd2"",""own_commit_set_hash"":""7c8cfb75135df8c3f4b1a5c4df0be51834aa3b5cf4bcd89628539a5f411a1dca"",""peer_commit_set_hash"":""9bde920e1730765279a0d6ca791f3d05a98442ed0565bd8bfec2d97b15069844""},""qpass_authenticated"":false,""qrecv_accepted"":false,""qrecv_sent"":true,""quantum_received"":true,""quantum_sent"":false,""quantum_view_fields"":[""shared_M_own"",""shared_M_peer"",""tilde_own""],""recovered_peer_message_present"":false,""sent_tokens"":[""d1c593c009d920cee89ca0fc1ac23b7bc46e89aad6ac1ac08ddef0b6e40d73d1:B2A:0:QRECV_ACK"",""d1c593c009d920cee89ca0fc1ac23b7bc46e89aad6ac1ac08ddef0b6e40d73d1:B2A:1:DIALOGUE_B_QPASS"",""d1c593c009d920cee89ca0fc1ac23b7bc46e89aad6ac1ac08ddef0b6e40d73d1:B2A:2:COMMIT_SET""],""sid"":""d1c593c009d920cee89ca0fc1ac23b7bc46e89aad6ac1ac08ddef0b6e40d73d1"",""t_q"":""1d524bf2cf8b1901b92add648fde3cab5df9308a399a9f0f2bfaf1e7290b0a00"",""terminal_reason"":""sid_mismatch"",""terminated"":true}"
