configuration,role,seed,L,q0,q1,q,q_threshold,threshold_count,accept_rule,executor_equivalent,trials,accepted,rejected,acceptance_rate,simulation_level
L16_q00_q10.2_qth0.05,honest,2026090501,16,0.0,0.2,0.0,0.05,0,errors<=floor(L*q_threshold),errors*100<=16*5,100000,100000,0,1.0,L_independent_error_events_per_trial
L16_q00_q10.2_qth0.05,honest,2026090502,16,0.0,0.2,0.0,0.05,0,errors<=floor(L*q_threshold),errors*100<=16*5,100000,100000,0,1.0,L_independent_error_events_per_trial
L16_q00_q10.2_qth0.05,honest,2026090503,16,0.0,0.2,0.0,0.05,0,errors<=floor(L*q_threshold),errors*100<=16*5,100000,100000,0,1.0,L_independent_error_events_per_trial
L16_q00_q10.2_qth0.05,honest,2026090504,16,0.0,0.2,0.0,0.05,0,errors<=floor(L*q_threshold),errors*100<=16*5,100000,100000,0,1.0,L_independent_error_events_per_trial
L16_q00_q10.2_qth0.05,honest,2026090505,16,0.0,0.2,0.0,0.05,0,errors<=floor(L*q_threshold),errors*100<=16*5,100000,100000,0,1.0,L_independent_error_events_per_trial
L16_q00_q10.2_qth0.05,honest,2026090506,16,0.0,0.2,0.0,0.05,0,errors<=floor(L*q_threshold),errors*100<=16*5,100000,100000,0,1.0,L_independent_error_events_per_trial
L16_q00_q10.2_qth0.05,honest,2026090507,16,0.0,0.2,0.0,0.05,0,errors<=floor(L*q_threshold),errors*100<=16*5,100000,100000,0,1.0,L_independent_error_events_per_trial
L16_q00_q10.2_qth0.05,honest,2026090508,16,0.0,0.2,0.0,0.05,0,errors<=floor(L*q_threshold),errors*100<=16*5,100000,100000,0,1.0,L_independent_error_events_per_trial
L16_q00_q10.2_qth0.05,honest,2026090509,16,0.0,0.2,0.0,0.05,0,errors<=floor(L*q_threshold),errors*100<=16*5,100000,100000,0,1.0,L_independent_error_events_per_trial
L16_q00_q10.2_qth0.05,honest,2026090510,16,0.0,0.2,0.0,0.05,0,errors<=floor(L*q_threshold),errors*100<=16*5,100000,100000,0,1.0,L_independent_error_events_per_trial
L16_q00_q10.2_qth0.05,attack,2026090501,16,0.0,0.2,0.2,0.05,0,errors<=floor(L*q_threshold),errors*100<=16*5,100000,2890,97110,0.0289,L_independent_error_events_per_trial
L16_q00_q10.2_qth0.05,attack,2026090502,16,0.0,0.2,0.2,0.05,0,errors<=floor(L*q_threshold),errors*100<=16*5,100000,2678,97322,0.02678,L_independent_error_events_per_trial
L16_q00_q10.2_qth0.05,attack,2026090503,16,0.0,0.2,0.2,0.05,0,errors<=floor(L*q_threshold),errors*100<=16*5,100000,2710,97290,0.0271,L_independent_error_events_per_trial
L16_q00_q10.2_qth0.05,attack,2026090504,16,0.0,0.2,0.2,0.05,0,errors<=floor(L*q_threshold),errors*100<=16*5,100000,2822,97178,0.02822,L_independent_error_events_per_trial
L16_q00_q10.2_qth0.05,attack,2026090505,16,0.0,0.2,0.2,0.05,0,errors<=floor(L*q_threshold),errors*100<=16*5,100000,2788,97212,0.02788,L_independent_error_events_per_trial
L16_q00_q10.2_qth0.05,attack,2026090506,16,0.0,0.2,0.2,0.05,0,errors<=floor(L*q_threshold),errors*100<=16*5,100000,2736,97264,0.02736,L_independent_error_events_per_trial
L16_q00_q10.2_qth0.05,attack,2026090507,16,0.0,0.2,0.2,0.05,0,errors<=floor(L*q_threshold),errors*100<=16*5,100000,2754,97246,0.02754,L_independent_error_events_per_trial
L16_q00_q10.2_qth0.05,attack,2026090508,16,0.0,0.2,0.2,0.05,0,errors<=floor(L*q_threshold),errors*100<=16*5,100000,2781,97219,0.02781,L_independent_error_events_per_trial
L16_q00_q10.2_qth0.05,attack,2026090509,16,0.0,0.2,0.2,0.05,0,errors<=floor(L*q_threshold),errors*100<=16*5,100000,2830,97170,0.0283,L_independent_error_events_per_trial
L16_q00_q10.2_qth0.05,attack,2026090510,16,0.0,0.2,0.2,0.05,0,errors<=floor(L*q_threshold),errors*100<=16*5,100000,2700,97300,0.027,L_independent_error_events_per_trial
L16_q00_q10.2_qth0.1,honest,2026090501,16,0.0,0.2,0.0,0.1,1,errors<=floor(L*q_threshold),errors*100<=16*10,100000,100000,0,1.0,L_independent_error_events_per_trial
L16_q00_q10.2_qth0.1,honest,2026090502,16,0.0,0.2,0.0,0.1,1,errors<=floor(L*q_threshold),errors*100<=16*10,100000,100000,0,1.0,L_independent_error_events_per_trial
L16_q00_q10.2_qth0.1,honest,2026090503,16,0.0,0.2,0.0,0.1,1,errors<=floor(L*q_threshold),errors*100<=16*10,100000,100000,0,1.0,L_independent_error_events_per_trial
L16_q00_q10.2_qth0.1,honest,2026090504,16,0.0,0.2,0.0,0.1,1,errors<=floor(L*q_threshold),errors*100<=16*10,100000,100000,0,1.0,L_independent_error_events_per_trial
L16_q00_q10.2_qth0.1,honest,2026090505,16,0.0,0.2,0.0,0.1,1,errors<=floor(L*q_threshold),errors*100<=16*10,100000,100000,0,1.0,L_independent_error_events_per_trial
L16_q00_q10.2_qth0.1,honest,2026090506,16,0.0,0.2,0.0,0.1,1,errors<=floor(L*q_threshold),errors*100<=16*10,100000,100000,0,1.0,L_independent_error_events_per_trial
L16_q00_q10.2_qth0.1,honest,2026090507,16,0.0,0.2,0.0,0.1,1,errors<=floor(L*q_threshold),errors*100<=16*10,100000,100000,0,1.0,L_independent_error_events_per_trial
L16_q00_q10.2_qth0.1,honest,2026090508,16,0.0,0.2,0.0,0.1,1,errors<=floor(L*q_threshold),errors*100<=16*10,100000,100000,0,1.0,L_independent_error_events_per_trial
L16_q00_q10.2_qth0.1,honest,2026090509,16,0.0,0.2,0.0,0.1,1,errors<=floor(L*q_threshold),errors*100<=16*10,100000,100000,0,1.0,L_independent_error_events_per_trial
L16_q00_q10.2_qth0.1,honest,2026090510,16,0.0,0.2,0.0,0.1,1,errors<=floor(L*q_threshold),errors*100<=16*10,100000,100000,0,1.0,L_independent_error_events_per_trial
L16_q00_q10.2_qth0.1,attack,2026090501,16,0.0,0.2,0.2,0.1,1,errors<=floor(L*q_threshold),errors*100<=16*10,100000,14068,85932,0.14068,L_independent_error_events_per_trial
L16_q00_q10.2_qth0.1,attack,2026090502,16,0.0,0.2,0.2,0.1,1,errors<=floor(L*q_threshold),errors*100<=16*10,100000,13758,86242,0.13758,L_independent_error_events_per_trial
L16_q00_q10.2_qth0.1,attack,2026090503,16,0.0,0.2,0.2,0.1,1,errors<=floor(L*q_threshold),errors*100<=16*10,100000,14052,85948,0.14052,L_independent_error_events_per_trial
L16_q00_q10.2_qth0.1,attack,2026090504,16,0.0,0.2,0.2,0.1,1,errors<=floor(L*q_threshold),errors*100<=16*10,100000,13921,86079,0.13921,L_independent_error_events_per_trial
L16_q00_q10.2_qth0.1,attack,2026090505,16,0.0,0.2,0.2,0.1,1,errors<=floor(L*q_threshold),errors*100<=16*10,100000,13948,86052,0.13948,L_independent_error_events_per_trial
L16_q00_q10.2_qth0.1,attack,2026090506,16,0.0,0.2,0.2,0.1,1,errors<=floor(L*q_threshold),errors*100<=16*10,100000,13958,86042,0.13958,L_independent_error_events_per_trial
L16_q00_q10.2_qth0.1,attack,2026090507,16,0.0,0.2,0.2,0.1,1,errors<=floor(L*q_threshold),errors*100<=16*10,100000,14075,85925,0.14075,L_independent_error_events_per_trial
L16_q00_q10.2_qth0.1,attack,2026090508,16,0.0,0.2,0.2,0.1,1,errors<=floor(L*q_threshold),errors*100<=16*10,100000,14138,85862,0.14138,L_independent_error_events_per_trial
L16_q00_q10.2_qth0.1,attack,2026090509,16,0.0,0.2,0.2,0.1,1,errors<=floor(L*q_threshold),errors*100<=16*10,100000,14057,85943,0.14057,L_independent_error_events_per_trial
L16_q00_q10.2_qth0.1,attack,2026090510,16,0.0,0.2,0.2,0.1,1,errors<=floor(L*q_threshold),errors*100<=16*10,100000,14047,85953,0.14047,L_independent_error_events_per_trial
L16_q00_q10.2_qth0.15,honest,2026090501,16,0.0,0.2,0.0,0.15,2,errors<=floor(L*q_threshold),errors*100<=16*15,100000,100000,0,1.0,L_independent_error_events_per_trial
L16_q00_q10.2_qth0.15,honest,2026090502,16,0.0,0.2,0.0,0.15,2,errors<=floor(L*q_threshold),errors*100<=16*15,100000,100000,0,1.0,L_independent_error_events_per_trial
L16_q00_q10.2_qth0.15,honest,2026090503,16,0.0,0.2,0.0,0.15,2,errors<=floor(L*q_threshold),errors*100<=16*15,100000,100000,0,1.0,L_independent_error_events_per_trial
L16_q00_q10.2_qth0.15,honest,2026090504,16,0.0,0.2,0.0,0.15,2,errors<=floor(L*q_threshold),errors*100<=16*15,100000,100000,0,1.0,L_independent_error_events_per_trial
L16_q00_q10.2_qth0.15,honest,2026090505,16,0.0,0.2,0.0,0.15,2,errors<=floor(L*q_threshold),errors*100<=16*15,100000,100000,0,1.0,L_independent_error_events_per_trial
L16_q00_q10.2_qth0.15,honest,2026090506,16,0.0,0.2,0.0,0.15,2,errors<=floor(L*q_threshold),errors*100<=16*15,100000,100000,0,1.0,L_independent_error_events_per_trial
L16_q00_q10.2_qth0.15,honest,2026090507,16,0.0,0.2,0.0,0.15,2,errors<=floor(L*q_threshold),errors*100<=16*15,100000,100000,0,1.0,L_independent_error_events_per_trial
L16_q00_q10.2_qth0.15,honest,2026090508,16,0.0,0.2,0.0,0.15,2,errors<=floor(L*q_threshold),errors*100<=16*15,100000,100000,0,1.0,L_independent_error_events_per_trial
L16_q00_q10.2_qth0.15,honest,2026090509,16,0.0,0.2,0.0,0.15,2,errors<=floor(L*q_threshold),errors*100<=16*15,100000,100000,0,1.0,L_independent_error_events_per_trial
L16_q00_q10.2_qth0.15,honest,2026090510,16,0.0,0.2,0.0,0.15,2,errors<=floor(L*q_threshold),errors*100<=16*15,100000,100000,0,1.0,L_independent_error_events_per_trial
L16_q00_q10.2_qth0.15,attack,2026090501,16,0.0,0.2,0.2,0.15,2,errors<=floor(L*q_threshold),errors*100<=16*15,100000,35156,64844,0.35156,L_independent_error_events_per_trial
L16_q00_q10.2_qth0.15,attack,2026090502,16,0.0,0.2,0.2,0.15,2,errors<=floor(L*q_threshold),errors*100<=16*15,100000,34831,65169,0.34831,L_independent_error_events_per_trial
L16_q00_q10.2_qth0.15,attack,2026090503,16,0.0,0.2,0.2,0.15,2,errors<=floor(L*q_threshold),errors*100<=16*15,100000,35100,64900,0.351,L_independent_error_events_per_trial
L16_q00_q10.2_qth0.15,attack,2026090504,16,0.0,0.2,0.2,0.15,2,errors<=floor(L*q_threshold),errors*100<=16*15,100000,35128,64872,0.35128,L_independent_error_events_per_trial
L16_q00_q10.2_qth0.15,attack,2026090505,16,0.0,0.2,0.2,0.15,2,errors<=floor(L*q_threshold),errors*100<=16*15,100000,35184,64816,0.35184,L_independent_error_events_per_trial
L16_q00_q10.2_qth0.15,attack,2026090506,16,0.0,0.2,0.2,0.15,2,errors<=floor(L*q_threshold),errors*100<=16*15,100000,35059,64941,0.35059,L_independent_error_events_per_trial
L16_q00_q10.2_qth0.15,attack,2026090507,16,0.0,0.2,0.2,0.15,2,errors<=floor(L*q_threshold),errors*100<=16*15,100000,35270,64730,0.3527,L_independent_error_events_per_trial
L16_q00_q10.2_qth0.15,attack,2026090508,16,0.0,0.2,0.2,0.15,2,errors<=floor(L*q_threshold),errors*100<=16*15,100000,35104,64896,0.35104,L_independent_error_events_per_trial
L16_q00_q10.2_qth0.15,attack,2026090509,16,0.0,0.2,0.2,0.15,2,errors<=floor(L*q_threshold),errors*100<=16*15,100000,35147,64853,0.35147,L_independent_error_events_per_trial
L16_q00_q10.2_qth0.15,attack,2026090510,16,0.0,0.2,0.2,0.15,2,errors<=floor(L*q_threshold),errors*100<=16*15,100000,35399,64601,0.35399,L_independent_error_events_per_trial
L16_q00.01_q10.2_qth0.05,honest,2026090501,16,0.01,0.2,0.01,0.05,0,errors<=floor(L*q_threshold),errors*100<=16*5,100000,85182,14818,0.85182,L_independent_error_events_per_trial
L16_q00.01_q10.2_qth0.05,honest,2026090502,16,0.01,0.2,0.01,0.05,0,errors<=floor(L*q_threshold),errors*100<=16*5,100000,85047,14953,0.85047,L_independent_error_events_per_trial
L16_q00.01_q10.2_qth0.05,honest,2026090503,16,0.01,0.2,0.01,0.05,0,errors<=floor(L*q_threshold),errors*100<=16*5,100000,85088,14912,0.85088,L_independent_error_events_per_trial
L16_q00.01_q10.2_qth0.05,honest,2026090504,16,0.01,0.2,0.01,0.05,0,errors<=floor(L*q_threshold),errors*100<=16*5,100000,85318,14682,0.85318,L_independent_error_events_per_trial
L16_q00.01_q10.2_qth0.05,honest,2026090505,16,0.01,0.2,0.01,0.05,0,errors<=floor(L*q_threshold),errors*100<=16*5,100000,85228,14772,0.85228,L_independent_error_events_per_trial
L16_q00.01_q10.2_qth0.05,honest,2026090506,16,0.01,0.2,0.01,0.05,0,errors<=floor(L*q_threshold),errors*100<=16*5,100000,85060,14940,0.8506,L_independent_error_events_per_trial
L16_q00.01_q10.2_qth0.05,honest,2026090507,16,0.01,0.2,0.01,0.05,0,errors<=floor(L*q_threshold),errors*100<=16*5,100000,85144,14856,0.85144,L_independent_error_events_per_trial
L16_q00.01_q10.2_qth0.05,honest,2026090508,16,0.01,0.2,0.01,0.05,0,errors<=floor(L*q_threshold),errors*100<=16*5,100000,85376,14624,0.85376,L_independent_error_events_per_trial
L16_q00.01_q10.2_qth0.05,honest,2026090509,16,0.01,0.2,0.01,0.05,0,errors<=floor(L*q_threshold),errors*100<=16*5,100000,85168,14832,0.85168,L_independent_error_events_per_trial
L16_q00.01_q10.2_qth0.05,honest,2026090510,16,0.01,0.2,0.01,0.05,0,errors<=floor(L*q_threshold),errors*100<=16*5,100000,85139,14861,0.85139,L_independent_error_events_per_trial
L16_q00.01_q10.2_qth0.05,attack,2026090501,16,0.01,0.2,0.2,0.05,0,errors<=floor(L*q_threshold),errors*100<=16*5,100000,2890,97110,0.0289,L_independent_error_events_per_trial
L16_q00.01_q10.2_qth0.05,attack,2026090502,16,0.01,0.2,0.2,0.05,0,errors<=floor(L*q_threshold),errors*100<=16*5,100000,2678,97322,0.02678,L_independent_error_events_per_trial
L16_q00.01_q10.2_qth0.05,attack,2026090503,16,0.01,0.2,0.2,0.05,0,errors<=floor(L*q_threshold),errors*100<=16*5,100000,2710,97290,0.0271,L_independent_error_events_per_trial
L16_q00.01_q10.2_qth0.05,attack,2026090504,16,0.01,0.2,0.2,0.05,0,errors<=floor(L*q_threshold),errors*100<=16*5,100000,2822,97178,0.02822,L_independent_error_events_per_trial
L16_q00.01_q10.2_qth0.05,attack,2026090505,16,0.01,0.2,0.2,0.05,0,errors<=floor(L*q_threshold),errors*100<=16*5,100000,2788,97212,0.02788,L_independent_error_events_per_trial
L16_q00.01_q10.2_qth0.05,attack,2026090506,16,0.01,0.2,0.2,0.05,0,errors<=floor(L*q_threshold),errors*100<=16*5,100000,2736,97264,0.02736,L_independent_error_events_per_trial
L16_q00.01_q10.2_qth0.05,attack,2026090507,16,0.01,0.2,0.2,0.05,0,errors<=floor(L*q_threshold),errors*100<=16*5,100000,2754,97246,0.02754,L_independent_error_events_per_trial
L16_q00.01_q10.2_qth0.05,attack,2026090508,16,0.01,0.2,0.2,0.05,0,errors<=floor(L*q_threshold),errors*100<=16*5,100000,2781,97219,0.02781,L_independent_error_events_per_trial
L16_q00.01_q10.2_qth0.05,attack,2026090509,16,0.01,0.2,0.2,0.05,0,errors<=floor(L*q_threshold),errors*100<=16*5,100000,2830,97170,0.0283,L_independent_error_events_per_trial
L16_q00.01_q10.2_qth0.05,attack,2026090510,16,0.01,0.2,0.2,0.05,0,errors<=floor(L*q_threshold),errors*100<=16*5,100000,2700,97300,0.027,L_independent_error_events_per_trial
L16_q00.01_q10.2_qth0.1,honest,2026090501,16,0.01,0.2,0.01,0.1,1,errors<=floor(L*q_threshold),errors*100<=16*10,100000,98895,1105,0.98895,L_independent_error_events_per_trial
L16_q00.01_q10.2_qth0.1,honest,2026090502,16,0.01,0.2,0.01,0.1,1,errors<=floor(L*q_threshold),errors*100<=16*10,100000,98882,1118,0.98882,L_independent_error_events_per_trial
L16_q00.01_q10.2_qth0.1,honest,2026090503,16,0.01,0.2,0.01,0.1,1,errors<=floor(L*q_threshold),errors*100<=16*10,100000,98863,1137,0.98863,L_independent_error_events_per_trial
L16_q00.01_q10.2_qth0.1,honest,2026090504,16,0.01,0.2,0.01,0.1,1,errors<=floor(L*q_threshold),errors*100<=16*10,100000,98939,1061,0.98939,L_independent_error_events_per_trial
L16_q00.01_q10.2_qth0.1,honest,2026090505,16,0.01,0.2,0.01,0.1,1,errors<=floor(L*q_threshold),errors*100<=16*10,100000,98912,1088,0.98912,L_independent_error_events_per_trial
L16_q00.01_q10.2_qth0.1,honest,2026090506,16,0.01,0.2,0.01,0.1,1,errors<=floor(L*q_threshold),errors*100<=16*10,100000,98875,1125,0.98875,L_independent_error_events_per_trial
L16_q00.01_q10.2_qth0.1,honest,2026090507,16,0.01,0.2,0.01,0.1,1,errors<=floor(L*q_threshold),errors*100<=16*10,100000,98871,1129,0.98871,L_independent_error_events_per_trial
L16_q00.01_q10.2_qth0.1,honest,2026090508,16,0.01,0.2,0.01,0.1,1,errors<=floor(L*q_threshold),errors*100<=16*10,100000,98898,1102,0.98898,L_independent_error_events_per_trial
L16_q00.01_q10.2_qth0.1,honest,2026090509,16,0.01,0.2,0.01,0.1,1,errors<=floor(L*q_threshold),errors*100<=16*10,100000,98936,1064,0.98936,L_independent_error_events_per_trial
L16_q00.01_q10.2_qth0.1,honest,2026090510,16,0.01,0.2,0.01,0.1,1,errors<=floor(L*q_threshold),errors*100<=16*10,100000,98870,1130,0.9887,L_independent_error_events_per_trial
L16_q00.01_q10.2_qth0.1,attack,2026090501,16,0.01,0.2,0.2,0.1,1,errors<=floor(L*q_threshold),errors*100<=16*10,100000,14068,85932,0.14068,L_independent_error_events_per_trial
L16_q00.01_q10.2_qth0.1,attack,2026090502,16,0.01,0.2,0.2,0.1,1,errors<=floor(L*q_threshold),errors*100<=16*10,100000,13758,86242,0.13758,L_independent_error_events_per_trial
L16_q00.01_q10.2_qth0.1,attack,2026090503,16,0.01,0.2,0.2,0.1,1,errors<=floor(L*q_threshold),errors*100<=16*10,100000,14052,85948,0.14052,L_independent_error_events_per_trial
L16_q00.01_q10.2_qth0.1,attack,2026090504,16,0.01,0.2,0.2,0.1,1,errors<=floor(L*q_threshold),errors*100<=16*10,100000,13921,86079,0.13921,L_independent_error_events_per_trial
L16_q00.01_q10.2_qth0.1,attack,2026090505,16,0.01,0.2,0.2,0.1,1,errors<=floor(L*q_threshold),errors*100<=16*10,100000,13948,86052,0.13948,L_independent_error_events_per_trial
L16_q00.01_q10.2_qth0.1,attack,2026090506,16,0.01,0.2,0.2,0.1,1,errors<=floor(L*q_threshold),errors*100<=16*10,100000,13958,86042,0.13958,L_independent_error_events_per_trial
L16_q00.01_q10.2_qth0.1,attack,2026090507,16,0.01,0.2,0.2,0.1,1,errors<=floor(L*q_threshold),errors*100<=16*10,100000,14075,85925,0.14075,L_independent_error_events_per_trial
L16_q00.01_q10.2_qth0.1,attack,2026090508,16,0.01,0.2,0.2,0.1,1,errors<=floor(L*q_threshold),errors*100<=16*10,100000,14138,85862,0.14138,L_independent_error_events_per_trial
L16_q00.01_q10.2_qth0.1,attack,2026090509,16,0.01,0.2,0.2,0.1,1,errors<=floor(L*q_threshold),errors*100<=16*10,100000,14057,85943,0.14057,L_independent_error_events_per_trial
L16_q00.01_q10.2_qth0.1,attack,2026090510,16,0.01,0.2,0.2,0.1,1,errors<=floor(L*q_threshold),errors*100<=16*10,100000,14047,85953,0.14047,L_independent_error_events_per_trial
L16_q00.01_q10.2_qth0.15,honest,2026090501,16,0.01,0.2,0.01,0.15,2,errors<=floor(L*q_threshold),errors*100<=16*15,100000,99923,77,0.99923,L_independent_error_events_per_trial
L16_q00.01_q10.2_qth0.15,honest,2026090502,16,0.01,0.2,0.01,0.15,2,errors<=floor(L*q_threshold),errors*100<=16*15,100000,99945,55,0.99945,L_independent_error_events_per_trial
L16_q00.01_q10.2_qth0.15,honest,2026090503,16,0.01,0.2,0.01,0.15,2,errors<=floor(L*q_threshold),errors*100<=16*15,100000,99954,46,0.99954,L_independent_error_events_per_trial
L16_q00.01_q10.2_qth0.15,honest,2026090504,16,0.01,0.2,0.01,0.15,2,errors<=floor(L*q_threshold),errors*100<=16*15,100000,99954,46,0.99954,L_independent_error_events_per_trial
L16_q00.01_q10.2_qth0.15,honest,2026090505,16,0.01,0.2,0.01,0.15,2,errors<=floor(L*q_threshold),errors*100<=16*15,100000,99963,37,0.99963,L_independent_error_events_per_trial
L16_q00.01_q10.2_qth0.15,honest,2026090506,16,0.01,0.2,0.01,0.15,2,errors<=floor(L*q_threshold),errors*100<=16*15,100000,99938,62,0.99938,L_independent_error_events_per_trial
L16_q00.01_q10.2_qth0.15,honest,2026090507,16,0.01,0.2,0.01,0.15,2,errors<=floor(L*q_threshold),errors*100<=16*15,100000,99942,58,0.99942,L_independent_error_events_per_trial
L16_q00.01_q10.2_qth0.15,honest,2026090508,16,0.01,0.2,0.01,0.15,2,errors<=floor(L*q_threshold),errors*100<=16*15,100000,99942,58,0.99942,L_independent_error_events_per_trial
L16_q00.01_q10.2_qth0.15,honest,2026090509,16,0.01,0.2,0.01,0.15,2,errors<=floor(L*q_threshold),errors*100<=16*15,100000,99959,41,0.99959,L_independent_error_events_per_trial
L16_q00.01_q10.2_qth0.15,honest,2026090510,16,0.01,0.2,0.01,0.15,2,errors<=floor(L*q_threshold),errors*100<=16*15,100000,99943,57,0.99943,L_independent_error_events_per_trial
L16_q00.01_q10.2_qth0.15,attack,2026090501,16,0.01,0.2,0.2,0.15,2,errors<=floor(L*q_threshold),errors*100<=16*15,100000,35156,64844,0.35156,L_independent_error_events_per_trial
L16_q00.01_q10.2_qth0.15,attack,2026090502,16,0.01,0.2,0.2,0.15,2,errors<=floor(L*q_threshold),errors*100<=16*15,100000,34831,65169,0.34831,L_independent_error_events_per_trial
L16_q00.01_q10.2_qth0.15,attack,2026090503,16,0.01,0.2,0.2,0.15,2,errors<=floor(L*q_threshold),errors*100<=16*15,100000,35100,64900,0.351,L_independent_error_events_per_trial
L16_q00.01_q10.2_qth0.15,attack,2026090504,16,0.01,0.2,0.2,0.15,2,errors<=floor(L*q_threshold),errors*100<=16*15,100000,35128,64872,0.35128,L_independent_error_events_per_trial
L16_q00.01_q10.2_qth0.15,attack,2026090505,16,0.01,0.2,0.2,0.15,2,errors<=floor(L*q_threshold),errors*100<=16*15,100000,35184,64816,0.35184,L_independent_error_events_per_trial
L16_q00.01_q10.2_qth0.15,attack,2026090506,16,0.01,0.2,0.2,0.15,2,errors<=floor(L*q_threshold),errors*100<=16*15,100000,35059,64941,0.35059,L_independent_error_events_per_trial
L16_q00.01_q10.2_qth0.15,attack,2026090507,16,0.01,0.2,0.2,0.15,2,errors<=floor(L*q_threshold),errors*100<=16*15,100000,35270,64730,0.3527,L_independent_error_events_per_trial
L16_q00.01_q10.2_qth0.15,attack,2026090508,16,0.01,0.2,0.2,0.15,2,errors<=floor(L*q_threshold),errors*100<=16*15,100000,35104,64896,0.35104,L_independent_error_events_per_trial
L16_q00.01_q10.2_qth0.15,attack,2026090509,16,0.01,0.2,0.2,0.15,2,errors<=floor(L*q_threshold),errors*100<=16*15,100000,35147,64853,0.35147,L_independent_error_events_per_trial
L16_q00.01_q10.2_qth0.15,attack,2026090510,16,0.01,0.2,0.2,0.15,2,errors<=floor(L*q_threshold),errors*100<=16*15,100000,35399,64601,0.35399,L_independent_error_events_per_trial
L16_q00.03_q10.2_qth0.05,honest,2026090501,16,0.03,0.2,0.03,0.05,0,errors<=floor(L*q_threshold),errors*100<=16*5,100000,61467,38533,0.61467,L_independent_error_events_per_trial
L16_q00.03_q10.2_qth0.05,honest,2026090502,16,0.03,0.2,0.03,0.05,0,errors<=floor(L*q_threshold),errors*100<=16*5,100000,61343,38657,0.61343,L_independent_error_events_per_trial
L16_q00.03_q10.2_qth0.05,honest,2026090503,16,0.03,0.2,0.03,0.05,0,errors<=floor(L*q_threshold),errors*100<=16*5,100000,61505,38495,0.61505,L_independent_error_events_per_trial
L16_q00.03_q10.2_qth0.05,honest,2026090504,16,0.03,0.2,0.03,0.05,0,errors<=floor(L*q_threshold),errors*100<=16*5,100000,61250,38750,0.6125,L_independent_error_events_per_trial
L16_q00.03_q10.2_qth0.05,honest,2026090505,16,0.03,0.2,0.03,0.05,0,errors<=floor(L*q_threshold),errors*100<=16*5,100000,61412,38588,0.61412,L_independent_error_events_per_trial
L16_q00.03_q10.2_qth0.05,honest,2026090506,16,0.03,0.2,0.03,0.05,0,errors<=floor(L*q_threshold),errors*100<=16*5,100000,61393,38607,0.61393,L_independent_error_events_per_trial
L16_q00.03_q10.2_qth0.05,honest,2026090507,16,0.03,0.2,0.03,0.05,0,errors<=floor(L*q_threshold),errors*100<=16*5,100000,61246,38754,0.61246,L_independent_error_events_per_trial
L16_q00.03_q10.2_qth0.05,honest,2026090508,16,0.03,0.2,0.03,0.05,0,errors<=floor(L*q_threshold),errors*100<=16*5,100000,61649,38351,0.61649,L_independent_error_events_per_trial
L16_q00.03_q10.2_qth0.05,honest,2026090509,16,0.03,0.2,0.03,0.05,0,errors<=floor(L*q_threshold),errors*100<=16*5,100000,61210,38790,0.6121,L_independent_error_events_per_trial
L16_q00.03_q10.2_qth0.05,honest,2026090510,16,0.03,0.2,0.03,0.05,0,errors<=floor(L*q_threshold),errors*100<=16*5,100000,61323,38677,0.61323,L_independent_error_events_per_trial
L16_q00.03_q10.2_qth0.05,attack,2026090501,16,0.03,0.2,0.2,0.05,0,errors<=floor(L*q_threshold),errors*100<=16*5,100000,2890,97110,0.0289,L_independent_error_events_per_trial
L16_q00.03_q10.2_qth0.05,attack,2026090502,16,0.03,0.2,0.2,0.05,0,errors<=floor(L*q_threshold),errors*100<=16*5,100000,2678,97322,0.02678,L_independent_error_events_per_trial
L16_q00.03_q10.2_qth0.05,attack,2026090503,16,0.03,0.2,0.2,0.05,0,errors<=floor(L*q_threshold),errors*100<=16*5,100000,2710,97290,0.0271,L_independent_error_events_per_trial
L16_q00.03_q10.2_qth0.05,attack,2026090504,16,0.03,0.2,0.2,0.05,0,errors<=floor(L*q_threshold),errors*100<=16*5,100000,2822,97178,0.02822,L_independent_error_events_per_trial
L16_q00.03_q10.2_qth0.05,attack,2026090505,16,0.03,0.2,0.2,0.05,0,errors<=floor(L*q_threshold),errors*100<=16*5,100000,2788,97212,0.02788,L_independent_error_events_per_trial
L16_q00.03_q10.2_qth0.05,attack,2026090506,16,0.03,0.2,0.2,0.05,0,errors<=floor(L*q_threshold),errors*100<=16*5,100000,2736,97264,0.02736,L_independent_error_events_per_trial
L16_q00.03_q10.2_qth0.05,attack,2026090507,16,0.03,0.2,0.2,0.05,0,errors<=floor(L*q_threshold),errors*100<=16*5,100000,2754,97246,0.02754,L_independent_error_events_per_trial
L16_q00.03_q10.2_qth0.05,attack,2026090508,16,0.03,0.2,0.2,0.05,0,errors<=floor(L*q_threshold),errors*100<=16*5,100000,2781,97219,0.02781,L_independent_error_events_per_trial
L16_q00.03_q10.2_qth0.05,attack,2026090509,16,0.03,0.2,0.2,0.05,0,errors<=floor(L*q_threshold),errors*100<=16*5,100000,2830,97170,0.0283,L_independent_error_events_per_trial
L16_q00.03_q10.2_qth0.05,attack,2026090510,16,0.03,0.2,0.2,0.05,0,errors<=floor(L*q_threshold),errors*100<=16*5,100000,2700,97300,0.027,L_independent_error_events_per_trial
L16_q00.03_q10.2_qth0.1,honest,2026090501,16,0.03,0.2,0.03,0.1,1,errors<=floor(L*q_threshold),errors*100<=16*10,100000,91872,8128,0.91872,L_independent_error_events_per_trial
L16_q00.03_q10.2_qth0.1,honest,2026090502,16,0.03,0.2,0.03,0.1,1,errors<=floor(L*q_threshold),errors*100<=16*10,100000,91898,8102,0.91898,L_independent_error_events_per_trial
L16_q00.03_q10.2_qth0.1,honest,2026090503,16,0.03,0.2,0.03,0.1,1,errors<=floor(L*q_threshold),errors*100<=16*10,100000,91842,8158,0.91842,L_independent_error_events_per_trial
L16_q00.03_q10.2_qth0.1,honest,2026090504,16,0.03,0.2,0.03,0.1,1,errors<=floor(L*q_threshold),errors*100<=16*10,100000,91968,8032,0.91968,L_independent_error_events_per_trial
L16_q00.03_q10.2_qth0.1,honest,2026090505,16,0.03,0.2,0.03,0.1,1,errors<=floor(L*q_threshold),errors*100<=16*10,100000,91864,8136,0.91864,L_independent_error_events_per_trial
L16_q00.03_q10.2_qth0.1,honest,2026090506,16,0.03,0.2,0.03,0.1,1,errors<=floor(L*q_threshold),errors*100<=16*10,100000,92012,7988,0.92012,L_independent_error_events_per_trial
L16_q00.03_q10.2_qth0.1,honest,2026090507,16,0.03,0.2,0.03,0.1,1,errors<=floor(L*q_threshold),errors*100<=16*10,100000,91826,8174,0.91826,L_independent_error_events_per_trial
L16_q00.03_q10.2_qth0.1,honest,2026090508,16,0.03,0.2,0.03,0.1,1,errors<=floor(L*q_threshold),errors*100<=16*10,100000,91817,8183,0.91817,L_independent_error_events_per_trial
L16_q00.03_q10.2_qth0.1,honest,2026090509,16,0.03,0.2,0.03,0.1,1,errors<=floor(L*q_threshold),errors*100<=16*10,100000,91889,8111,0.91889,L_independent_error_events_per_trial
L16_q00.03_q10.2_qth0.1,honest,2026090510,16,0.03,0.2,0.03,0.1,1,errors<=floor(L*q_threshold),errors*100<=16*10,100000,91957,8043,0.91957,L_independent_error_events_per_trial
L16_q00.03_q10.2_qth0.1,attack,2026090501,16,0.03,0.2,0.2,0.1,1,errors<=floor(L*q_threshold),errors*100<=16*10,100000,14068,85932,0.14068,L_independent_error_events_per_trial
L16_q00.03_q10.2_qth0.1,attack,2026090502,16,0.03,0.2,0.2,0.1,1,errors<=floor(L*q_threshold),errors*100<=16*10,100000,13758,86242,0.13758,L_independent_error_events_per_trial
L16_q00.03_q10.2_qth0.1,attack,2026090503,16,0.03,0.2,0.2,0.1,1,errors<=floor(L*q_threshold),errors*100<=16*10,100000,14052,85948,0.14052,L_independent_error_events_per_trial
L16_q00.03_q10.2_qth0.1,attack,2026090504,16,0.03,0.2,0.2,0.1,1,errors<=floor(L*q_threshold),errors*100<=16*10,100000,13921,86079,0.13921,L_independent_error_events_per_trial
L16_q00.03_q10.2_qth0.1,attack,2026090505,16,0.03,0.2,0.2,0.1,1,errors<=floor(L*q_threshold),errors*100<=16*10,100000,13948,86052,0.13948,L_independent_error_events_per_trial
L16_q00.03_q10.2_qth0.1,attack,2026090506,16,0.03,0.2,0.2,0.1,1,errors<=floor(L*q_threshold),errors*100<=16*10,100000,13958,86042,0.13958,L_independent_error_events_per_trial
L16_q00.03_q10.2_qth0.1,attack,2026090507,16,0.03,0.2,0.2,0.1,1,errors<=floor(L*q_threshold),errors*100<=16*10,100000,14075,85925,0.14075,L_independent_error_events_per_trial
L16_q00.03_q10.2_qth0.1,attack,2026090508,16,0.03,0.2,0.2,0.1,1,errors<=floor(L*q_threshold),errors*100<=16*10,100000,14138,85862,0.14138,L_independent_error_events_per_trial
L16_q00.03_q10.2_qth0.1,attack,2026090509,16,0.03,0.2,0.2,0.1,1,errors<=floor(L*q_threshold),errors*100<=16*10,100000,14057,85943,0.14057,L_independent_error_events_per_trial
L16_q00.03_q10.2_qth0.1,attack,2026090510,16,0.03,0.2,0.2,0.1,1,errors<=floor(L*q_threshold),errors*100<=16*10,100000,14047,85953,0.14047,L_independent_error_events_per_trial
L16_q00.03_q10.2_qth0.15,honest,2026090501,16,0.03,0.2,0.03,0.15,2,errors<=floor(L*q_threshold),errors*100<=16*15,100000,98838,1162,0.98838,L_independent_error_events_per_trial
L16_q00.03_q10.2_qth0.15,honest,2026090502,16,0.03,0.2,0.03,0.15,2,errors<=floor(L*q_threshold),errors*100<=16*15,100000,98865,1135,0.98865,L_independent_error_events_per_trial
L16_q00.03_q10.2_qth0.15,honest,2026090503,16,0.03,0.2,0.03,0.15,2,errors<=floor(L*q_threshold),errors*100<=16*15,100000,98919,1081,0.98919,L_independent_error_events_per_trial
L16_q00.03_q10.2_qth0.15,honest,2026090504,16,0.03,0.2,0.03,0.15,2,errors<=floor(L*q_threshold),errors*100<=16*15,100000,98909,1091,0.98909,L_independent_error_events_per_trial
L16_q00.03_q10.2_qth0.15,honest,2026090505,16,0.03,0.2,0.03,0.15,2,errors<=floor(L*q_threshold),errors*100<=16*15,100000,98906,1094,0.98906,L_independent_error_events_per_trial
L16_q00.03_q10.2_qth0.15,honest,2026090506,16,0.03,0.2,0.03,0.15,2,errors<=floor(L*q_threshold),errors*100<=16*15,100000,98885,1115,0.98885,L_independent_error_events_per_trial
L16_q00.03_q10.2_qth0.15,honest,2026090507,16,0.03,0.2,0.03,0.15,2,errors<=floor(L*q_threshold),errors*100<=16*15,100000,98886,1114,0.98886,L_independent_error_events_per_trial
L16_q00.03_q10.2_qth0.15,honest,2026090508,16,0.03,0.2,0.03,0.15,2,errors<=floor(L*q_threshold),errors*100<=16*15,100000,98876,1124,0.98876,L_independent_error_events_per_trial
L16_q00.03_q10.2_qth0.15,honest,2026090509,16,0.03,0.2,0.03,0.15,2,errors<=floor(L*q_threshold),errors*100<=16*15,100000,98855,1145,0.98855,L_independent_error_events_per_trial
L16_q00.03_q10.2_qth0.15,honest,2026090510,16,0.03,0.2,0.03,0.15,2,errors<=floor(L*q_threshold),errors*100<=16*15,100000,98882,1118,0.98882,L_independent_error_events_per_trial
L16_q00.03_q10.2_qth0.15,attack,2026090501,16,0.03,0.2,0.2,0.15,2,errors<=floor(L*q_threshold),errors*100<=16*15,100000,35156,64844,0.35156,L_independent_error_events_per_trial
L16_q00.03_q10.2_qth0.15,attack,2026090502,16,0.03,0.2,0.2,0.15,2,errors<=floor(L*q_threshold),errors*100<=16*15,100000,34831,65169,0.34831,L_independent_error_events_per_trial
L16_q00.03_q10.2_qth0.15,attack,2026090503,16,0.03,0.2,0.2,0.15,2,errors<=floor(L*q_threshold),errors*100<=16*15,100000,35100,64900,0.351,L_independent_error_events_per_trial
L16_q00.03_q10.2_qth0.15,attack,2026090504,16,0.03,0.2,0.2,0.15,2,errors<=floor(L*q_threshold),errors*100<=16*15,100000,35128,64872,0.35128,L_independent_error_events_per_trial
L16_q00.03_q10.2_qth0.15,attack,2026090505,16,0.03,0.2,0.2,0.15,2,errors<=floor(L*q_threshold),errors*100<=16*15,100000,35184,64816,0.35184,L_independent_error_events_per_trial
L16_q00.03_q10.2_qth0.15,attack,2026090506,16,0.03,0.2,0.2,0.15,2,errors<=floor(L*q_threshold),errors*100<=16*15,100000,35059,64941,0.35059,L_independent_error_events_per_trial
L16_q00.03_q10.2_qth0.15,attack,2026090507,16,0.03,0.2,0.2,0.15,2,errors<=floor(L*q_threshold),errors*100<=16*15,100000,35270,64730,0.3527,L_independent_error_events_per_trial
L16_q00.03_q10.2_qth0.15,attack,2026090508,16,0.03,0.2,0.2,0.15,2,errors<=floor(L*q_threshold),errors*100<=16*15,100000,35104,64896,0.35104,L_independent_error_events_per_trial
L16_q00.03_q10.2_qth0.15,attack,2026090509,16,0.03,0.2,0.2,0.15,2,errors<=floor(L*q_threshold),errors*100<=16*15,100000,35147,64853,0.35147,L_independent_error_events_per_trial
L16_q00.03_q10.2_qth0.15,attack,2026090510,16,0.03,0.2,0.2,0.15,2,errors<=floor(L*q_threshold),errors*100<=16*15,100000,35399,64601,0.35399,L_independent_error_events_per_trial
L16_q00.05_q10.2_qth0.05,honest,2026090501,16,0.05,0.2,0.05,0.05,0,errors<=floor(L*q_threshold),errors*100<=16*5,100000,43823,56177,0.43823,L_independent_error_events_per_trial
L16_q00.05_q10.2_qth0.05,honest,2026090502,16,0.05,0.2,0.05,0.05,0,errors<=floor(L*q_threshold),errors*100<=16*5,100000,44062,55938,0.44062,L_independent_error_events_per_trial
L16_q00.05_q10.2_qth0.05,honest,2026090503,16,0.05,0.2,0.05,0.05,0,errors<=floor(L*q_threshold),errors*100<=16*5,100000,44122,55878,0.44122,L_independent_error_events_per_trial
L16_q00.05_q10.2_qth0.05,honest,2026090504,16,0.05,0.2,0.05,0.05,0,errors<=floor(L*q_threshold),errors*100<=16*5,100000,44011,55989,0.44011,L_independent_error_events_per_trial
L16_q00.05_q10.2_qth0.05,honest,2026090505,16,0.05,0.2,0.05,0.05,0,errors<=floor(L*q_threshold),errors*100<=16*5,100000,43998,56002,0.43998,L_independent_error_events_per_trial
L16_q00.05_q10.2_qth0.05,honest,2026090506,16,0.05,0.2,0.05,0.05,0,errors<=floor(L*q_threshold),errors*100<=16*5,100000,43984,56016,0.43984,L_independent_error_events_per_trial
L16_q00.05_q10.2_qth0.05,honest,2026090507,16,0.05,0.2,0.05,0.05,0,errors<=floor(L*q_threshold),errors*100<=16*5,100000,44041,55959,0.44041,L_independent_error_events_per_trial
L16_q00.05_q10.2_qth0.05,honest,2026090508,16,0.05,0.2,0.05,0.05,0,errors<=floor(L*q_threshold),errors*100<=16*5,100000,44226,55774,0.44226,L_independent_error_events_per_trial
L16_q00.05_q10.2_qth0.05,honest,2026090509,16,0.05,0.2,0.05,0.05,0,errors<=floor(L*q_threshold),errors*100<=16*5,100000,43759,56241,0.43759,L_independent_error_events_per_trial
L16_q00.05_q10.2_qth0.05,honest,2026090510,16,0.05,0.2,0.05,0.05,0,errors<=floor(L*q_threshold),errors*100<=16*5,100000,44028,55972,0.44028,L_independent_error_events_per_trial
L16_q00.05_q10.2_qth0.05,attack,2026090501,16,0.05,0.2,0.2,0.05,0,errors<=floor(L*q_threshold),errors*100<=16*5,100000,2890,97110,0.0289,L_independent_error_events_per_trial
L16_q00.05_q10.2_qth0.05,attack,2026090502,16,0.05,0.2,0.2,0.05,0,errors<=floor(L*q_threshold),errors*100<=16*5,100000,2678,97322,0.02678,L_independent_error_events_per_trial
L16_q00.05_q10.2_qth0.05,attack,2026090503,16,0.05,0.2,0.2,0.05,0,errors<=floor(L*q_threshold),errors*100<=16*5,100000,2710,97290,0.0271,L_independent_error_events_per_trial
L16_q00.05_q10.2_qth0.05,attack,2026090504,16,0.05,0.2,0.2,0.05,0,errors<=floor(L*q_threshold),errors*100<=16*5,100000,2822,97178,0.02822,L_independent_error_events_per_trial
L16_q00.05_q10.2_qth0.05,attack,2026090505,16,0.05,0.2,0.2,0.05,0,errors<=floor(L*q_threshold),errors*100<=16*5,100000,2788,97212,0.02788,L_independent_error_events_per_trial
L16_q00.05_q10.2_qth0.05,attack,2026090506,16,0.05,0.2,0.2,0.05,0,errors<=floor(L*q_threshold),errors*100<=16*5,100000,2736,97264,0.02736,L_independent_error_events_per_trial
L16_q00.05_q10.2_qth0.05,attack,2026090507,16,0.05,0.2,0.2,0.05,0,errors<=floor(L*q_threshold),errors*100<=16*5,100000,2754,97246,0.02754,L_independent_error_events_per_trial
L16_q00.05_q10.2_qth0.05,attack,2026090508,16,0.05,0.2,0.2,0.05,0,errors<=floor(L*q_threshold),errors*100<=16*5,100000,2781,97219,0.02781,L_independent_error_events_per_trial
L16_q00.05_q10.2_qth0.05,attack,2026090509,16,0.05,0.2,0.2,0.05,0,errors<=floor(L*q_threshold),errors*100<=16*5,100000,2830,97170,0.0283,L_independent_error_events_per_trial
L16_q00.05_q10.2_qth0.05,attack,2026090510,16,0.05,0.2,0.2,0.05,0,errors<=floor(L*q_threshold),errors*100<=16*5,100000,2700,97300,0.027,L_independent_error_events_per_trial
L16_q00.05_q10.2_qth0.1,honest,2026090501,16,0.05,0.2,0.05,0.1,1,errors<=floor(L*q_threshold),errors*100<=16*10,100000,80881,19119,0.80881,L_independent_error_events_per_trial
L16_q00.05_q10.2_qth0.1,honest,2026090502,16,0.05,0.2,0.05,0.1,1,errors<=floor(L*q_threshold),errors*100<=16*10,100000,81182,18818,0.81182,L_independent_error_events_per_trial
L16_q00.05_q10.2_qth0.1,honest,2026090503,16,0.05,0.2,0.05,0.1,1,errors<=floor(L*q_threshold),errors*100<=16*10,100000,81219,18781,0.81219,L_independent_error_events_per_trial
L16_q00.05_q10.2_qth0.1,honest,2026090504,16,0.05,0.2,0.05,0.1,1,errors<=floor(L*q_threshold),errors*100<=16*10,100000,80758,19242,0.80758,L_independent_error_events_per_trial
L16_q00.05_q10.2_qth0.1,honest,2026090505,16,0.05,0.2,0.05,0.1,1,errors<=floor(L*q_threshold),errors*100<=16*10,100000,81076,18924,0.81076,L_independent_error_events_per_trial
L16_q00.05_q10.2_qth0.1,honest,2026090506,16,0.05,0.2,0.05,0.1,1,errors<=floor(L*q_threshold),errors*100<=16*10,100000,81042,18958,0.81042,L_independent_error_events_per_trial
L16_q00.05_q10.2_qth0.1,honest,2026090507,16,0.05,0.2,0.05,0.1,1,errors<=floor(L*q_threshold),errors*100<=16*10,100000,81213,18787,0.81213,L_independent_error_events_per_trial
L16_q00.05_q10.2_qth0.1,honest,2026090508,16,0.05,0.2,0.05,0.1,1,errors<=floor(L*q_threshold),errors*100<=16*10,100000,81399,18601,0.81399,L_independent_error_events_per_trial
L16_q00.05_q10.2_qth0.1,honest,2026090509,16,0.05,0.2,0.05,0.1,1,errors<=floor(L*q_threshold),errors*100<=16*10,100000,81132,18868,0.81132,L_independent_error_events_per_trial
L16_q00.05_q10.2_qth0.1,honest,2026090510,16,0.05,0.2,0.05,0.1,1,errors<=floor(L*q_threshold),errors*100<=16*10,100000,81112,18888,0.81112,L_independent_error_events_per_trial
L16_q00.05_q10.2_qth0.1,attack,2026090501,16,0.05,0.2,0.2,0.1,1,errors<=floor(L*q_threshold),errors*100<=16*10,100000,14068,85932,0.14068,L_independent_error_events_per_trial
L16_q00.05_q10.2_qth0.1,attack,2026090502,16,0.05,0.2,0.2,0.1,1,errors<=floor(L*q_threshold),errors*100<=16*10,100000,13758,86242,0.13758,L_independent_error_events_per_trial
L16_q00.05_q10.2_qth0.1,attack,2026090503,16,0.05,0.2,0.2,0.1,1,errors<=floor(L*q_threshold),errors*100<=16*10,100000,14052,85948,0.14052,L_independent_error_events_per_trial
L16_q00.05_q10.2_qth0.1,attack,2026090504,16,0.05,0.2,0.2,0.1,1,errors<=floor(L*q_threshold),errors*100<=16*10,100000,13921,86079,0.13921,L_independent_error_events_per_trial
L16_q00.05_q10.2_qth0.1,attack,2026090505,16,0.05,0.2,0.2,0.1,1,errors<=floor(L*q_threshold),errors*100<=16*10,100000,13948,86052,0.13948,L_independent_error_events_per_trial
L16_q00.05_q10.2_qth0.1,attack,2026090506,16,0.05,0.2,0.2,0.1,1,errors<=floor(L*q_threshold),errors*100<=16*10,100000,13958,86042,0.13958,L_independent_error_events_per_trial
L16_q00.05_q10.2_qth0.1,attack,2026090507,16,0.05,0.2,0.2,0.1,1,errors<=floor(L*q_threshold),errors*100<=16*10,100000,14075,85925,0.14075,L_independent_error_events_per_trial
L16_q00.05_q10.2_qth0.1,attack,2026090508,16,0.05,0.2,0.2,0.1,1,errors<=floor(L*q_threshold),errors*100<=16*10,100000,14138,85862,0.14138,L_independent_error_events_per_trial
L16_q00.05_q10.2_qth0.1,attack,2026090509,16,0.05,0.2,0.2,0.1,1,errors<=floor(L*q_threshold),errors*100<=16*10,100000,14057,85943,0.14057,L_independent_error_events_per_trial
L16_q00.05_q10.2_qth0.1,attack,2026090510,16,0.05,0.2,0.2,0.1,1,errors<=floor(L*q_threshold),errors*100<=16*10,100000,14047,85953,0.14047,L_independent_error_events_per_trial
L16_q00.05_q10.2_qth0.15,honest,2026090501,16,0.05,0.2,0.05,0.15,2,errors<=floor(L*q_threshold),errors*100<=16*15,100000,95696,4304,0.95696,L_independent_error_events_per_trial
L16_q00.05_q10.2_qth0.15,honest,2026090502,16,0.05,0.2,0.05,0.15,2,errors<=floor(L*q_threshold),errors*100<=16*15,100000,95761,4239,0.95761,L_independent_error_events_per_trial
L16_q00.05_q10.2_qth0.15,honest,2026090503,16,0.05,0.2,0.05,0.15,2,errors<=floor(L*q_threshold),errors*100<=16*15,100000,95659,4341,0.95659,L_independent_error_events_per_trial
L16_q00.05_q10.2_qth0.15,honest,2026090504,16,0.05,0.2,0.05,0.15,2,errors<=floor(L*q_threshold),errors*100<=16*15,100000,95637,4363,0.95637,L_independent_error_events_per_trial
L16_q00.05_q10.2_qth0.15,honest,2026090505,16,0.05,0.2,0.05,0.15,2,errors<=floor(L*q_threshold),errors*100<=16*15,100000,95782,4218,0.95782,L_independent_error_events_per_trial
L16_q00.05_q10.2_qth0.15,honest,2026090506,16,0.05,0.2,0.05,0.15,2,errors<=floor(L*q_threshold),errors*100<=16*15,100000,95700,4300,0.957,L_independent_error_events_per_trial
L16_q00.05_q10.2_qth0.15,honest,2026090507,16,0.05,0.2,0.05,0.15,2,errors<=floor(L*q_threshold),errors*100<=16*15,100000,95811,4189,0.95811,L_independent_error_events_per_trial
L16_q00.05_q10.2_qth0.15,honest,2026090508,16,0.05,0.2,0.05,0.15,2,errors<=floor(L*q_threshold),errors*100<=16*15,100000,95743,4257,0.95743,L_independent_error_events_per_trial
L16_q00.05_q10.2_qth0.15,honest,2026090509,16,0.05,0.2,0.05,0.15,2,errors<=floor(L*q_threshold),errors*100<=16*15,100000,95681,4319,0.95681,L_independent_error_events_per_trial
L16_q00.05_q10.2_qth0.15,honest,2026090510,16,0.05,0.2,0.05,0.15,2,errors<=floor(L*q_threshold),errors*100<=16*15,100000,95716,4284,0.95716,L_independent_error_events_per_trial
L16_q00.05_q10.2_qth0.15,attack,2026090501,16,0.05,0.2,0.2,0.15,2,errors<=floor(L*q_threshold),errors*100<=16*15,100000,35156,64844,0.35156,L_independent_error_events_per_trial
L16_q00.05_q10.2_qth0.15,attack,2026090502,16,0.05,0.2,0.2,0.15,2,errors<=floor(L*q_threshold),errors*100<=16*15,100000,34831,65169,0.34831,L_independent_error_events_per_trial
L16_q00.05_q10.2_qth0.15,attack,2026090503,16,0.05,0.2,0.2,0.15,2,errors<=floor(L*q_threshold),errors*100<=16*15,100000,35100,64900,0.351,L_independent_error_events_per_trial
L16_q00.05_q10.2_qth0.15,attack,2026090504,16,0.05,0.2,0.2,0.15,2,errors<=floor(L*q_threshold),errors*100<=16*15,100000,35128,64872,0.35128,L_independent_error_events_per_trial
L16_q00.05_q10.2_qth0.15,attack,2026090505,16,0.05,0.2,0.2,0.15,2,errors<=floor(L*q_threshold),errors*100<=16*15,100000,35184,64816,0.35184,L_independent_error_events_per_trial
L16_q00.05_q10.2_qth0.15,attack,2026090506,16,0.05,0.2,0.2,0.15,2,errors<=floor(L*q_threshold),errors*100<=16*15,100000,35059,64941,0.35059,L_independent_error_events_per_trial
L16_q00.05_q10.2_qth0.15,attack,2026090507,16,0.05,0.2,0.2,0.15,2,errors<=floor(L*q_threshold),errors*100<=16*15,100000,35270,64730,0.3527,L_independent_error_events_per_trial
L16_q00.05_q10.2_qth0.15,attack,2026090508,16,0.05,0.2,0.2,0.15,2,errors<=floor(L*q_threshold),errors*100<=16*15,100000,35104,64896,0.35104,L_independent_error_events_per_trial
L16_q00.05_q10.2_qth0.15,attack,2026090509,16,0.05,0.2,0.2,0.15,2,errors<=floor(L*q_threshold),errors*100<=16*15,100000,35147,64853,0.35147,L_independent_error_events_per_trial
L16_q00.05_q10.2_qth0.15,attack,2026090510,16,0.05,0.2,0.2,0.15,2,errors<=floor(L*q_threshold),errors*100<=16*15,100000,35399,64601,0.35399,L_independent_error_events_per_trial
L32_q00_q10.2_qth0.05,honest,2026090501,32,0.0,0.2,0.0,0.05,1,errors<=floor(L*q_threshold),errors*100<=32*5,100000,100000,0,1.0,L_independent_error_events_per_trial
L32_q00_q10.2_qth0.05,honest,2026090502,32,0.0,0.2,0.0,0.05,1,errors<=floor(L*q_threshold),errors*100<=32*5,100000,100000,0,1.0,L_independent_error_events_per_trial
L32_q00_q10.2_qth0.05,honest,2026090503,32,0.0,0.2,0.0,0.05,1,errors<=floor(L*q_threshold),errors*100<=32*5,100000,100000,0,1.0,L_independent_error_events_per_trial
L32_q00_q10.2_qth0.05,honest,2026090504,32,0.0,0.2,0.0,0.05,1,errors<=floor(L*q_threshold),errors*100<=32*5,100000,100000,0,1.0,L_independent_error_events_per_trial
L32_q00_q10.2_qth0.05,honest,2026090505,32,0.0,0.2,0.0,0.05,1,errors<=floor(L*q_threshold),errors*100<=32*5,100000,100000,0,1.0,L_independent_error_events_per_trial
L32_q00_q10.2_qth0.05,honest,2026090506,32,0.0,0.2,0.0,0.05,1,errors<=floor(L*q_threshold),errors*100<=32*5,100000,100000,0,1.0,L_independent_error_events_per_trial
L32_q00_q10.2_qth0.05,honest,2026090507,32,0.0,0.2,0.0,0.05,1,errors<=floor(L*q_threshold),errors*100<=32*5,100000,100000,0,1.0,L_independent_error_events_per_trial
L32_q00_q10.2_qth0.05,honest,2026090508,32,0.0,0.2,0.0,0.05,1,errors<=floor(L*q_threshold),errors*100<=32*5,100000,100000,0,1.0,L_independent_error_events_per_trial
L32_q00_q10.2_qth0.05,honest,2026090509,32,0.0,0.2,0.0,0.05,1,errors<=floor(L*q_threshold),errors*100<=32*5,100000,100000,0,1.0,L_independent_error_events_per_trial
L32_q00_q10.2_qth0.05,honest,2026090510,32,0.0,0.2,0.0,0.05,1,errors<=floor(L*q_threshold),errors*100<=32*5,100000,100000,0,1.0,L_independent_error_events_per_trial
L32_q00_q10.2_qth0.05,attack,2026090501,32,0.0,0.2,0.2,0.05,1,errors<=floor(L*q_threshold),errors*100<=32*5,100000,684,99316,0.00684,L_independent_error_events_per_trial
L32_q00_q10.2_qth0.05,attack,2026090502,32,0.0,0.2,0.2,0.05,1,errors<=floor(L*q_threshold),errors*100<=32*5,100000,761,99239,0.00761,L_independent_error_events_per_trial
L32_q00_q10.2_qth0.05,attack,2026090503,32,0.0,0.2,0.2,0.05,1,errors<=floor(L*q_threshold),errors*100<=32*5,100000,735,99265,0.00735,L_independent_error_events_per_trial
L32_q00_q10.2_qth0.05,attack,2026090504,32,0.0,0.2,0.2,0.05,1,errors<=floor(L*q_threshold),errors*100<=32*5,100000,759,99241,0.00759,L_independent_error_events_per_trial
L32_q00_q10.2_qth0.05,attack,2026090505,32,0.0,0.2,0.2,0.05,1,errors<=floor(L*q_threshold),errors*100<=32*5,100000,678,99322,0.00678,L_independent_error_events_per_trial
L32_q00_q10.2_qth0.05,attack,2026090506,32,0.0,0.2,0.2,0.05,1,errors<=floor(L*q_threshold),errors*100<=32*5,100000,686,99314,0.00686,L_independent_error_events_per_trial
L32_q00_q10.2_qth0.05,attack,2026090507,32,0.0,0.2,0.2,0.05,1,errors<=floor(L*q_threshold),errors*100<=32*5,100000,702,99298,0.00702,L_independent_error_events_per_trial
L32_q00_q10.2_qth0.05,attack,2026090508,32,0.0,0.2,0.2,0.05,1,errors<=floor(L*q_threshold),errors*100<=32*5,100000,703,99297,0.00703,L_independent_error_events_per_trial
L32_q00_q10.2_qth0.05,attack,2026090509,32,0.0,0.2,0.2,0.05,1,errors<=floor(L*q_threshold),errors*100<=32*5,100000,724,99276,0.00724,L_independent_error_events_per_trial
L32_q00_q10.2_qth0.05,attack,2026090510,32,0.0,0.2,0.2,0.05,1,errors<=floor(L*q_threshold),errors*100<=32*5,100000,737,99263,0.00737,L_independent_error_events_per_trial
L32_q00_q10.2_qth0.1,honest,2026090501,32,0.0,0.2,0.0,0.1,3,errors<=floor(L*q_threshold),errors*100<=32*10,100000,100000,0,1.0,L_independent_error_events_per_trial
L32_q00_q10.2_qth0.1,honest,2026090502,32,0.0,0.2,0.0,0.1,3,errors<=floor(L*q_threshold),errors*100<=32*10,100000,100000,0,1.0,L_independent_error_events_per_trial
L32_q00_q10.2_qth0.1,honest,2026090503,32,0.0,0.2,0.0,0.1,3,errors<=floor(L*q_threshold),errors*100<=32*10,100000,100000,0,1.0,L_independent_error_events_per_trial
L32_q00_q10.2_qth0.1,honest,2026090504,32,0.0,0.2,0.0,0.1,3,errors<=floor(L*q_threshold),errors*100<=32*10,100000,100000,0,1.0,L_independent_error_events_per_trial
L32_q00_q10.2_qth0.1,honest,2026090505,32,0.0,0.2,0.0,0.1,3,errors<=floor(L*q_threshold),errors*100<=32*10,100000,100000,0,1.0,L_independent_error_events_per_trial
L32_q00_q10.2_qth0.1,honest,2026090506,32,0.0,0.2,0.0,0.1,3,errors<=floor(L*q_threshold),errors*100<=32*10,100000,100000,0,1.0,L_independent_error_events_per_trial
L32_q00_q10.2_qth0.1,honest,2026090507,32,0.0,0.2,0.0,0.1,3,errors<=floor(L*q_threshold),errors*100<=32*10,100000,100000,0,1.0,L_independent_error_events_per_trial
L32_q00_q10.2_qth0.1,honest,2026090508,32,0.0,0.2,0.0,0.1,3,errors<=floor(L*q_threshold),errors*100<=32*10,100000,100000,0,1.0,L_independent_error_events_per_trial
L32_q00_q10.2_qth0.1,honest,2026090509,32,0.0,0.2,0.0,0.1,3,errors<=floor(L*q_threshold),errors*100<=32*10,100000,100000,0,1.0,L_independent_error_events_per_trial
L32_q00_q10.2_qth0.1,honest,2026090510,32,0.0,0.2,0.0,0.1,3,errors<=floor(L*q_threshold),errors*100<=32*10,100000,100000,0,1.0,L_independent_error_events_per_trial
L32_q00_q10.2_qth0.1,attack,2026090501,32,0.0,0.2,0.2,0.1,3,errors<=floor(L*q_threshold),errors*100<=32*10,100000,9236,90764,0.09236,L_independent_error_events_per_trial
L32_q00_q10.2_qth0.1,attack,2026090502,32,0.0,0.2,0.2,0.1,3,errors<=floor(L*q_threshold),errors*100<=32*10,100000,9549,90451,0.09549,L_independent_error_events_per_trial
L32_q00_q10.2_qth0.1,attack,2026090503,32,0.0,0.2,0.2,0.1,3,errors<=floor(L*q_threshold),errors*100<=32*10,100000,9278,90722,0.09278,L_independent_error_events_per_trial
L32_q00_q10.2_qth0.1,attack,2026090504,32,0.0,0.2,0.2,0.1,3,errors<=floor(L*q_threshold),errors*100<=32*10,100000,9379,90621,0.09379,L_independent_error_events_per_trial
L32_q00_q10.2_qth0.1,attack,2026090505,32,0.0,0.2,0.2,0.1,3,errors<=floor(L*q_threshold),errors*100<=32*10,100000,9269,90731,0.09269,L_independent_error_events_per_trial
L32_q00_q10.2_qth0.1,attack,2026090506,32,0.0,0.2,0.2,0.1,3,errors<=floor(L*q_threshold),errors*100<=32*10,100000,9196,90804,0.09196,L_independent_error_events_per_trial
L32_q00_q10.2_qth0.1,attack,2026090507,32,0.0,0.2,0.2,0.1,3,errors<=floor(L*q_threshold),errors*100<=32*10,100000,9274,90726,0.09274,L_independent_error_events_per_trial
L32_q00_q10.2_qth0.1,attack,2026090508,32,0.0,0.2,0.2,0.1,3,errors<=floor(L*q_threshold),errors*100<=32*10,100000,9389,90611,0.09389,L_independent_error_events_per_trial
L32_q00_q10.2_qth0.1,attack,2026090509,32,0.0,0.2,0.2,0.1,3,errors<=floor(L*q_threshold),errors*100<=32*10,100000,9434,90566,0.09434,L_independent_error_events_per_trial
L32_q00_q10.2_qth0.1,attack,2026090510,32,0.0,0.2,0.2,0.1,3,errors<=floor(L*q_threshold),errors*100<=32*10,100000,9339,90661,0.09339,L_independent_error_events_per_trial
L32_q00_q10.2_qth0.15,honest,2026090501,32,0.0,0.2,0.0,0.15,4,errors<=floor(L*q_threshold),errors*100<=32*15,100000,100000,0,1.0,L_independent_error_events_per_trial
L32_q00_q10.2_qth0.15,honest,2026090502,32,0.0,0.2,0.0,0.15,4,errors<=floor(L*q_threshold),errors*100<=32*15,100000,100000,0,1.0,L_independent_error_events_per_trial
L32_q00_q10.2_qth0.15,honest,2026090503,32,0.0,0.2,0.0,0.15,4,errors<=floor(L*q_threshold),errors*100<=32*15,100000,100000,0,1.0,L_independent_error_events_per_trial
L32_q00_q10.2_qth0.15,honest,2026090504,32,0.0,0.2,0.0,0.15,4,errors<=floor(L*q_threshold),errors*100<=32*15,100000,100000,0,1.0,L_independent_error_events_per_trial
L32_q00_q10.2_qth0.15,honest,2026090505,32,0.0,0.2,0.0,0.15,4,errors<=floor(L*q_threshold),errors*100<=32*15,100000,100000,0,1.0,L_independent_error_events_per_trial
L32_q00_q10.2_qth0.15,honest,2026090506,32,0.0,0.2,0.0,0.15,4,errors<=floor(L*q_threshold),errors*100<=32*15,100000,100000,0,1.0,L_independent_error_events_per_trial
L32_q00_q10.2_qth0.15,honest,2026090507,32,0.0,0.2,0.0,0.15,4,errors<=floor(L*q_threshold),errors*100<=32*15,100000,100000,0,1.0,L_independent_error_events_per_trial
L32_q00_q10.2_qth0.15,honest,2026090508,32,0.0,0.2,0.0,0.15,4,errors<=floor(L*q_threshold),errors*100<=32*15,100000,100000,0,1.0,L_independent_error_events_per_trial
L32_q00_q10.2_qth0.15,honest,2026090509,32,0.0,0.2,0.0,0.15,4,errors<=floor(L*q_threshold),errors*100<=32*15,100000,100000,0,1.0,L_independent_error_events_per_trial
L32_q00_q10.2_qth0.15,honest,2026090510,32,0.0,0.2,0.0,0.15,4,errors<=floor(L*q_threshold),errors*100<=32*15,100000,100000,0,1.0,L_independent_error_events_per_trial
L32_q00_q10.2_qth0.15,attack,2026090501,32,0.0,0.2,0.2,0.15,4,errors<=floor(L*q_threshold),errors*100<=32*15,100000,20291,79709,0.20291,L_independent_error_events_per_trial
L32_q00_q10.2_qth0.15,attack,2026090502,32,0.0,0.2,0.2,0.15,4,errors<=floor(L*q_threshold),errors*100<=32*15,100000,20690,79310,0.2069,L_independent_error_events_per_trial
L32_q00_q10.2_qth0.15,attack,2026090503,32,0.0,0.2,0.2,0.15,4,errors<=floor(L*q_threshold),errors*100<=32*15,100000,20340,79660,0.2034,L_independent_error_events_per_trial
L32_q00_q10.2_qth0.15,attack,2026090504,32,0.0,0.2,0.2,0.15,4,errors<=floor(L*q_threshold),errors*100<=32*15,100000,20451,79549,0.20451,L_independent_error_events_per_trial
L32_q00_q10.2_qth0.15,attack,2026090505,32,0.0,0.2,0.2,0.15,4,errors<=floor(L*q_threshold),errors*100<=32*15,100000,20316,79684,0.20316,L_independent_error_events_per_trial
L32_q00_q10.2_qth0.15,attack,2026090506,32,0.0,0.2,0.2,0.15,4,errors<=floor(L*q_threshold),errors*100<=32*15,100000,20320,79680,0.2032,L_independent_error_events_per_trial
L32_q00_q10.2_qth0.15,attack,2026090507,32,0.0,0.2,0.2,0.15,4,errors<=floor(L*q_threshold),errors*100<=32*15,100000,20426,79574,0.20426,L_independent_error_events_per_trial
L32_q00_q10.2_qth0.15,attack,2026090508,32,0.0,0.2,0.2,0.15,4,errors<=floor(L*q_threshold),errors*100<=32*15,100000,20602,79398,0.20602,L_independent_error_events_per_trial
L32_q00_q10.2_qth0.15,attack,2026090509,32,0.0,0.2,0.2,0.15,4,errors<=floor(L*q_threshold),errors*100<=32*15,100000,20447,79553,0.20447,L_independent_error_events_per_trial
L32_q00_q10.2_qth0.15,attack,2026090510,32,0.0,0.2,0.2,0.15,4,errors<=floor(L*q_threshold),errors*100<=32*15,100000,20405,79595,0.20405,L_independent_error_events_per_trial
L32_q00.01_q10.2_qth0.05,honest,2026090501,32,0.01,0.2,0.01,0.05,1,errors<=floor(L*q_threshold),errors*100<=32*5,100000,95863,4137,0.95863,L_independent_error_events_per_trial
L32_q00.01_q10.2_qth0.05,honest,2026090502,32,0.01,0.2,0.01,0.05,1,errors<=floor(L*q_threshold),errors*100<=32*5,100000,95856,4144,0.95856,L_independent_error_events_per_trial
L32_q00.01_q10.2_qth0.05,honest,2026090503,32,0.01,0.2,0.01,0.05,1,errors<=floor(L*q_threshold),errors*100<=32*5,100000,95853,4147,0.95853,L_independent_error_events_per_trial
L32_q00.01_q10.2_qth0.05,honest,2026090504,32,0.01,0.2,0.01,0.05,1,errors<=floor(L*q_threshold),errors*100<=32*5,100000,95831,4169,0.95831,L_independent_error_events_per_trial
L32_q00.01_q10.2_qth0.05,honest,2026090505,32,0.01,0.2,0.01,0.05,1,errors<=floor(L*q_threshold),errors*100<=32*5,100000,95992,4008,0.95992,L_independent_error_events_per_trial
L32_q00.01_q10.2_qth0.05,honest,2026090506,32,0.01,0.2,0.01,0.05,1,errors<=floor(L*q_threshold),errors*100<=32*5,100000,95863,4137,0.95863,L_independent_error_events_per_trial
L32_q00.01_q10.2_qth0.05,honest,2026090507,32,0.01,0.2,0.01,0.05,1,errors<=floor(L*q_threshold),errors*100<=32*5,100000,95866,4134,0.95866,L_independent_error_events_per_trial
L32_q00.01_q10.2_qth0.05,honest,2026090508,32,0.01,0.2,0.01,0.05,1,errors<=floor(L*q_threshold),errors*100<=32*5,100000,95893,4107,0.95893,L_independent_error_events_per_trial
L32_q00.01_q10.2_qth0.05,honest,2026090509,32,0.01,0.2,0.01,0.05,1,errors<=floor(L*q_threshold),errors*100<=32*5,100000,95967,4033,0.95967,L_independent_error_events_per_trial
L32_q00.01_q10.2_qth0.05,honest,2026090510,32,0.01,0.2,0.01,0.05,1,errors<=floor(L*q_threshold),errors*100<=32*5,100000,96024,3976,0.96024,L_independent_error_events_per_trial
L32_q00.01_q10.2_qth0.05,attack,2026090501,32,0.01,0.2,0.2,0.05,1,errors<=floor(L*q_threshold),errors*100<=32*5,100000,684,99316,0.00684,L_independent_error_events_per_trial
L32_q00.01_q10.2_qth0.05,attack,2026090502,32,0.01,0.2,0.2,0.05,1,errors<=floor(L*q_threshold),errors*100<=32*5,100000,761,99239,0.00761,L_independent_error_events_per_trial
L32_q00.01_q10.2_qth0.05,attack,2026090503,32,0.01,0.2,0.2,0.05,1,errors<=floor(L*q_threshold),errors*100<=32*5,100000,735,99265,0.00735,L_independent_error_events_per_trial
L32_q00.01_q10.2_qth0.05,attack,2026090504,32,0.01,0.2,0.2,0.05,1,errors<=floor(L*q_threshold),errors*100<=32*5,100000,759,99241,0.00759,L_independent_error_events_per_trial
L32_q00.01_q10.2_qth0.05,attack,2026090505,32,0.01,0.2,0.2,0.05,1,errors<=floor(L*q_threshold),errors*100<=32*5,100000,678,99322,0.00678,L_independent_error_events_per_trial
L32_q00.01_q10.2_qth0.05,attack,2026090506,32,0.01,0.2,0.2,0.05,1,errors<=floor(L*q_threshold),errors*100<=32*5,100000,686,99314,0.00686,L_independent_error_events_per_trial
L32_q00.01_q10.2_qth0.05,attack,2026090507,32,0.01,0.2,0.2,0.05,1,errors<=floor(L*q_threshold),errors*100<=32*5,100000,702,99298,0.00702,L_independent_error_events_per_trial
L32_q00.01_q10.2_qth0.05,attack,2026090508,32,0.01,0.2,0.2,0.05,1,errors<=floor(L*q_threshold),errors*100<=32*5,100000,703,99297,0.00703,L_independent_error_events_per_trial
L32_q00.01_q10.2_qth0.05,attack,2026090509,32,0.01,0.2,0.2,0.05,1,errors<=floor(L*q_threshold),errors*100<=32*5,100000,724,99276,0.00724,L_independent_error_events_per_trial
L32_q00.01_q10.2_qth0.05,attack,2026090510,32,0.01,0.2,0.2,0.05,1,errors<=floor(L*q_threshold),errors*100<=32*5,100000,737,99263,0.00737,L_independent_error_events_per_trial
L32_q00.01_q10.2_qth0.1,honest,2026090501,32,0.01,0.2,0.01,0.1,3,errors<=floor(L*q_threshold),errors*100<=32*10,100000,99967,33,0.99967,L_independent_error_events_per_trial
L32_q00.01_q10.2_qth0.1,honest,2026090502,32,0.01,0.2,0.01,0.1,3,errors<=floor(L*q_threshold),errors*100<=32*10,100000,99976,24,0.99976,L_independent_error_events_per_trial
L32_q00.01_q10.2_qth0.1,honest,2026090503,32,0.01,0.2,0.01,0.1,3,errors<=floor(L*q_threshold),errors*100<=32*10,100000,99972,28,0.99972,L_independent_error_events_per_trial
L32_q00.01_q10.2_qth0.1,honest,2026090504,32,0.01,0.2,0.01,0.1,3,errors<=floor(L*q_threshold),errors*100<=32*10,100000,99977,23,0.99977,L_independent_error_events_per_trial
L32_q00.01_q10.2_qth0.1,honest,2026090505,32,0.01,0.2,0.01,0.1,3,errors<=floor(L*q_threshold),errors*100<=32*10,100000,99968,32,0.99968,L_independent_error_events_per_trial
L32_q00.01_q10.2_qth0.1,honest,2026090506,32,0.01,0.2,0.01,0.1,3,errors<=floor(L*q_threshold),errors*100<=32*10,100000,99974,26,0.99974,L_independent_error_events_per_trial
L32_q00.01_q10.2_qth0.1,honest,2026090507,32,0.01,0.2,0.01,0.1,3,errors<=floor(L*q_threshold),errors*100<=32*10,100000,99976,24,0.99976,L_independent_error_events_per_trial
L32_q00.01_q10.2_qth0.1,honest,2026090508,32,0.01,0.2,0.01,0.1,3,errors<=floor(L*q_threshold),errors*100<=32*10,100000,99978,22,0.99978,L_independent_error_events_per_trial
L32_q00.01_q10.2_qth0.1,honest,2026090509,32,0.01,0.2,0.01,0.1,3,errors<=floor(L*q_threshold),errors*100<=32*10,100000,99955,45,0.99955,L_independent_error_events_per_trial
L32_q00.01_q10.2_qth0.1,honest,2026090510,32,0.01,0.2,0.01,0.1,3,errors<=floor(L*q_threshold),errors*100<=32*10,100000,99973,27,0.99973,L_independent_error_events_per_trial
L32_q00.01_q10.2_qth0.1,attack,2026090501,32,0.01,0.2,0.2,0.1,3,errors<=floor(L*q_threshold),errors*100<=32*10,100000,9236,90764,0.09236,L_independent_error_events_per_trial
L32_q00.01_q10.2_qth0.1,attack,2026090502,32,0.01,0.2,0.2,0.1,3,errors<=floor(L*q_threshold),errors*100<=32*10,100000,9549,90451,0.09549,L_independent_error_events_per_trial
L32_q00.01_q10.2_qth0.1,attack,2026090503,32,0.01,0.2,0.2,0.1,3,errors<=floor(L*q_threshold),errors*100<=32*10,100000,9278,90722,0.09278,L_independent_error_events_per_trial
L32_q00.01_q10.2_qth0.1,attack,2026090504,32,0.01,0.2,0.2,0.1,3,errors<=floor(L*q_threshold),errors*100<=32*10,100000,9379,90621,0.09379,L_independent_error_events_per_trial
L32_q00.01_q10.2_qth0.1,attack,2026090505,32,0.01,0.2,0.2,0.1,3,errors<=floor(L*q_threshold),errors*100<=32*10,100000,9269,90731,0.09269,L_independent_error_events_per_trial
L32_q00.01_q10.2_qth0.1,attack,2026090506,32,0.01,0.2,0.2,0.1,3,errors<=floor(L*q_threshold),errors*100<=32*10,100000,9196,90804,0.09196,L_independent_error_events_per_trial
L32_q00.01_q10.2_qth0.1,attack,2026090507,32,0.01,0.2,0.2,0.1,3,errors<=floor(L*q_threshold),errors*100<=32*10,100000,9274,90726,0.09274,L_independent_error_events_per_trial
L32_q00.01_q10.2_qth0.1,attack,2026090508,32,0.01,0.2,0.2,0.1,3,errors<=floor(L*q_threshold),errors*100<=32*10,100000,9389,90611,0.09389,L_independent_error_events_per_trial
L32_q00.01_q10.2_qth0.1,attack,2026090509,32,0.01,0.2,0.2,0.1,3,errors<=floor(L*q_threshold),errors*100<=32*10,100000,9434,90566,0.09434,L_independent_error_events_per_trial
L32_q00.01_q10.2_qth0.1,attack,2026090510,32,0.01,0.2,0.2,0.1,3,errors<=floor(L*q_threshold),errors*100<=32*10,100000,9339,90661,0.09339,L_independent_error_events_per_trial
L32_q00.01_q10.2_qth0.15,honest,2026090501,32,0.01,0.2,0.01,0.15,4,errors<=floor(L*q_threshold),errors*100<=32*15,100000,99998,2,0.99998,L_independent_error_events_per_trial
L32_q00.01_q10.2_qth0.15,honest,2026090502,32,0.01,0.2,0.01,0.15,4,errors<=floor(L*q_threshold),errors*100<=32*15,100000,99999,1,0.99999,L_independent_error_events_per_trial
L32_q00.01_q10.2_qth0.15,honest,2026090503,32,0.01,0.2,0.01,0.15,4,errors<=floor(L*q_threshold),errors*100<=32*15,100000,100000,0,1.0,L_independent_error_events_per_trial
L32_q00.01_q10.2_qth0.15,honest,2026090504,32,0.01,0.2,0.01,0.15,4,errors<=floor(L*q_threshold),errors*100<=32*15,100000,99999,1,0.99999,L_independent_error_events_per_trial
L32_q00.01_q10.2_qth0.15,honest,2026090505,32,0.01,0.2,0.01,0.15,4,errors<=floor(L*q_threshold),errors*100<=32*15,100000,99996,4,0.99996,L_independent_error_events_per_trial
L32_q00.01_q10.2_qth0.15,honest,2026090506,32,0.01,0.2,0.01,0.15,4,errors<=floor(L*q_threshold),errors*100<=32*15,100000,99998,2,0.99998,L_independent_error_events_per_trial
L32_q00.01_q10.2_qth0.15,honest,2026090507,32,0.01,0.2,0.01,0.15,4,errors<=floor(L*q_threshold),errors*100<=32*15,100000,99998,2,0.99998,L_independent_error_events_per_trial
L32_q00.01_q10.2_qth0.15,honest,2026090508,32,0.01,0.2,0.01,0.15,4,errors<=floor(L*q_threshold),errors*100<=32*15,100000,100000,0,1.0,L_independent_error_events_per_trial
L32_q00.01_q10.2_qth0.15,honest,2026090509,32,0.01,0.2,0.01,0.15,4,errors<=floor(L*q_threshold),errors*100<=32*15,100000,99993,7,0.99993,L_independent_error_events_per_trial
L32_q00.01_q10.2_qth0.15,honest,2026090510,32,0.01,0.2,0.01,0.15,4,errors<=floor(L*q_threshold),errors*100<=32*15,100000,99997,3,0.99997,L_independent_error_events_per_trial
L32_q00.01_q10.2_qth0.15,attack,2026090501,32,0.01,0.2,0.2,0.15,4,errors<=floor(L*q_threshold),errors*100<=32*15,100000,20291,79709,0.20291,L_independent_error_events_per_trial
L32_q00.01_q10.2_qth0.15,attack,2026090502,32,0.01,0.2,0.2,0.15,4,errors<=floor(L*q_threshold),errors*100<=32*15,100000,20690,79310,0.2069,L_independent_error_events_per_trial
L32_q00.01_q10.2_qth0.15,attack,2026090503,32,0.01,0.2,0.2,0.15,4,errors<=floor(L*q_threshold),errors*100<=32*15,100000,20340,79660,0.2034,L_independent_error_events_per_trial
L32_q00.01_q10.2_qth0.15,attack,2026090504,32,0.01,0.2,0.2,0.15,4,errors<=floor(L*q_threshold),errors*100<=32*15,100000,20451,79549,0.20451,L_independent_error_events_per_trial
L32_q00.01_q10.2_qth0.15,attack,2026090505,32,0.01,0.2,0.2,0.15,4,errors<=floor(L*q_threshold),errors*100<=32*15,100000,20316,79684,0.20316,L_independent_error_events_per_trial
L32_q00.01_q10.2_qth0.15,attack,2026090506,32,0.01,0.2,0.2,0.15,4,errors<=floor(L*q_threshold),errors*100<=32*15,100000,20320,79680,0.2032,L_independent_error_events_per_trial
L32_q00.01_q10.2_qth0.15,attack,2026090507,32,0.01,0.2,0.2,0.15,4,errors<=floor(L*q_threshold),errors*100<=32*15,100000,20426,79574,0.20426,L_independent_error_events_per_trial
L32_q00.01_q10.2_qth0.15,attack,2026090508,32,0.01,0.2,0.2,0.15,4,errors<=floor(L*q_threshold),errors*100<=32*15,100000,20602,79398,0.20602,L_independent_error_events_per_trial
L32_q00.01_q10.2_qth0.15,attack,2026090509,32,0.01,0.2,0.2,0.15,4,errors<=floor(L*q_threshold),errors*100<=32*15,100000,20447,79553,0.20447,L_independent_error_events_per_trial
L32_q00.01_q10.2_qth0.15,attack,2026090510,32,0.01,0.2,0.2,0.15,4,errors<=floor(L*q_threshold),errors*100<=32*15,100000,20405,79595,0.20405,L_independent_error_events_per_trial
L32_q00.03_q10.2_qth0.05,honest,2026090501,32,0.03,0.2,0.03,0.05,1,errors<=floor(L*q_threshold),errors*100<=32*5,100000,75119,24881,0.75119,L_independent_error_events_per_trial
L32_q00.03_q10.2_qth0.05,honest,2026090502,32,0.03,0.2,0.03,0.05,1,errors<=floor(L*q_threshold),errors*100<=32*5,100000,75157,24843,0.75157,L_independent_error_events_per_trial
L32_q00.03_q10.2_qth0.05,honest,2026090503,32,0.03,0.2,0.03,0.05,1,errors<=floor(L*q_threshold),errors*100<=32*5,100000,74940,25060,0.7494,L_independent_error_events_per_trial
L32_q00.03_q10.2_qth0.05,honest,2026090504,32,0.03,0.2,0.03,0.05,1,errors<=floor(L*q_threshold),errors*100<=32*5,100000,75210,24790,0.7521,L_independent_error_events_per_trial
L32_q00.03_q10.2_qth0.05,honest,2026090505,32,0.03,0.2,0.03,0.05,1,errors<=floor(L*q_threshold),errors*100<=32*5,100000,74985,25015,0.74985,L_independent_error_events_per_trial
L32_q00.03_q10.2_qth0.05,honest,2026090506,32,0.03,0.2,0.03,0.05,1,errors<=floor(L*q_threshold),errors*100<=32*5,100000,75191,24809,0.75191,L_independent_error_events_per_trial
L32_q00.03_q10.2_qth0.05,honest,2026090507,32,0.03,0.2,0.03,0.05,1,errors<=floor(L*q_threshold),errors*100<=32*5,100000,74974,25026,0.74974,L_independent_error_events_per_trial
L32_q00.03_q10.2_qth0.05,honest,2026090508,32,0.03,0.2,0.03,0.05,1,errors<=floor(L*q_threshold),errors*100<=32*5,100000,75216,24784,0.75216,L_independent_error_events_per_trial
L32_q00.03_q10.2_qth0.05,honest,2026090509,32,0.03,0.2,0.03,0.05,1,errors<=floor(L*q_threshold),errors*100<=32*5,100000,75120,24880,0.7512,L_independent_error_events_per_trial
L32_q00.03_q10.2_qth0.05,honest,2026090510,32,0.03,0.2,0.03,0.05,1,errors<=floor(L*q_threshold),errors*100<=32*5,100000,75117,24883,0.75117,L_independent_error_events_per_trial
L32_q00.03_q10.2_qth0.05,attack,2026090501,32,0.03,0.2,0.2,0.05,1,errors<=floor(L*q_threshold),errors*100<=32*5,100000,684,99316,0.00684,L_independent_error_events_per_trial
L32_q00.03_q10.2_qth0.05,attack,2026090502,32,0.03,0.2,0.2,0.05,1,errors<=floor(L*q_threshold),errors*100<=32*5,100000,761,99239,0.00761,L_independent_error_events_per_trial
L32_q00.03_q10.2_qth0.05,attack,2026090503,32,0.03,0.2,0.2,0.05,1,errors<=floor(L*q_threshold),errors*100<=32*5,100000,735,99265,0.00735,L_independent_error_events_per_trial
L32_q00.03_q10.2_qth0.05,attack,2026090504,32,0.03,0.2,0.2,0.05,1,errors<=floor(L*q_threshold),errors*100<=32*5,100000,759,99241,0.00759,L_independent_error_events_per_trial
L32_q00.03_q10.2_qth0.05,attack,2026090505,32,0.03,0.2,0.2,0.05,1,errors<=floor(L*q_threshold),errors*100<=32*5,100000,678,99322,0.00678,L_independent_error_events_per_trial
L32_q00.03_q10.2_qth0.05,attack,2026090506,32,0.03,0.2,0.2,0.05,1,errors<=floor(L*q_threshold),errors*100<=32*5,100000,686,99314,0.00686,L_independent_error_events_per_trial
L32_q00.03_q10.2_qth0.05,attack,2026090507,32,0.03,0.2,0.2,0.05,1,errors<=floor(L*q_threshold),errors*100<=32*5,100000,702,99298,0.00702,L_independent_error_events_per_trial
L32_q00.03_q10.2_qth0.05,attack,2026090508,32,0.03,0.2,0.2,0.05,1,errors<=floor(L*q_threshold),errors*100<=32*5,100000,703,99297,0.00703,L_independent_error_events_per_trial
L32_q00.03_q10.2_qth0.05,attack,2026090509,32,0.03,0.2,0.2,0.05,1,errors<=floor(L*q_threshold),errors*100<=32*5,100000,724,99276,0.00724,L_independent_error_events_per_trial
L32_q00.03_q10.2_qth0.05,attack,2026090510,32,0.03,0.2,0.2,0.05,1,errors<=floor(L*q_threshold),errors*100<=32*5,100000,737,99263,0.00737,L_independent_error_events_per_trial
L32_q00.03_q10.2_qth0.1,honest,2026090501,32,0.03,0.2,0.03,0.1,3,errors<=floor(L*q_threshold),errors*100<=32*10,100000,98514,1486,0.98514,L_independent_error_events_per_trial
L32_q00.03_q10.2_qth0.1,honest,2026090502,32,0.03,0.2,0.03,0.1,3,errors<=floor(L*q_threshold),errors*100<=32*10,100000,98534,1466,0.98534,L_independent_error_events_per_trial
L32_q00.03_q10.2_qth0.1,honest,2026090503,32,0.03,0.2,0.03,0.1,3,errors<=floor(L*q_threshold),errors*100<=32*10,100000,98514,1486,0.98514,L_independent_error_events_per_trial
L32_q00.03_q10.2_qth0.1,honest,2026090504,32,0.03,0.2,0.03,0.1,3,errors<=floor(L*q_threshold),errors*100<=32*10,100000,98595,1405,0.98595,L_independent_error_events_per_trial
L32_q00.03_q10.2_qth0.1,honest,2026090505,32,0.03,0.2,0.03,0.1,3,errors<=floor(L*q_threshold),errors*100<=32*10,100000,98469,1531,0.98469,L_independent_error_events_per_trial
L32_q00.03_q10.2_qth0.1,honest,2026090506,32,0.03,0.2,0.03,0.1,3,errors<=floor(L*q_threshold),errors*100<=32*10,100000,98487,1513,0.98487,L_independent_error_events_per_trial
L32_q00.03_q10.2_qth0.1,honest,2026090507,32,0.03,0.2,0.03,0.1,3,errors<=floor(L*q_threshold),errors*100<=32*10,100000,98473,1527,0.98473,L_independent_error_events_per_trial
L32_q00.03_q10.2_qth0.1,honest,2026090508,32,0.03,0.2,0.03,0.1,3,errors<=floor(L*q_threshold),errors*100<=32*10,100000,98531,1469,0.98531,L_independent_error_events_per_trial
L32_q00.03_q10.2_qth0.1,honest,2026090509,32,0.03,0.2,0.03,0.1,3,errors<=floor(L*q_threshold),errors*100<=32*10,100000,98534,1466,0.98534,L_independent_error_events_per_trial
L32_q00.03_q10.2_qth0.1,honest,2026090510,32,0.03,0.2,0.03,0.1,3,errors<=floor(L*q_threshold),errors*100<=32*10,100000,98452,1548,0.98452,L_independent_error_events_per_trial
L32_q00.03_q10.2_qth0.1,attack,2026090501,32,0.03,0.2,0.2,0.1,3,errors<=floor(L*q_threshold),errors*100<=32*10,100000,9236,90764,0.09236,L_independent_error_events_per_trial
L32_q00.03_q10.2_qth0.1,attack,2026090502,32,0.03,0.2,0.2,0.1,3,errors<=floor(L*q_threshold),errors*100<=32*10,100000,9549,90451,0.09549,L_independent_error_events_per_trial
L32_q00.03_q10.2_qth0.1,attack,2026090503,32,0.03,0.2,0.2,0.1,3,errors<=floor(L*q_threshold),errors*100<=32*10,100000,9278,90722,0.09278,L_independent_error_events_per_trial
L32_q00.03_q10.2_qth0.1,attack,2026090504,32,0.03,0.2,0.2,0.1,3,errors<=floor(L*q_threshold),errors*100<=32*10,100000,9379,90621,0.09379,L_independent_error_events_per_trial
L32_q00.03_q10.2_qth0.1,attack,2026090505,32,0.03,0.2,0.2,0.1,3,errors<=floor(L*q_threshold),errors*100<=32*10,100000,9269,90731,0.09269,L_independent_error_events_per_trial
L32_q00.03_q10.2_qth0.1,attack,2026090506,32,0.03,0.2,0.2,0.1,3,errors<=floor(L*q_threshold),errors*100<=32*10,100000,9196,90804,0.09196,L_independent_error_events_per_trial
L32_q00.03_q10.2_qth0.1,attack,2026090507,32,0.03,0.2,0.2,0.1,3,errors<=floor(L*q_threshold),errors*100<=32*10,100000,9274,90726,0.09274,L_independent_error_events_per_trial
L32_q00.03_q10.2_qth0.1,attack,2026090508,32,0.03,0.2,0.2,0.1,3,errors<=floor(L*q_threshold),errors*100<=32*10,100000,9389,90611,0.09389,L_independent_error_events_per_trial
L32_q00.03_q10.2_qth0.1,attack,2026090509,32,0.03,0.2,0.2,0.1,3,errors<=floor(L*q_threshold),errors*100<=32*10,100000,9434,90566,0.09434,L_independent_error_events_per_trial
L32_q00.03_q10.2_qth0.1,attack,2026090510,32,0.03,0.2,0.2,0.1,3,errors<=floor(L*q_threshold),errors*100<=32*10,100000,9339,90661,0.09339,L_independent_error_events_per_trial
L32_q00.03_q10.2_qth0.15,honest,2026090501,32,0.03,0.2,0.03,0.15,4,errors<=floor(L*q_threshold),errors*100<=32*15,100000,99777,223,0.99777,L_independent_error_events_per_trial
L32_q00.03_q10.2_qth0.15,honest,2026090502,32,0.03,0.2,0.03,0.15,4,errors<=floor(L*q_threshold),errors*100<=32*15,100000,99765,235,0.99765,L_independent_error_events_per_trial
L32_q00.03_q10.2_qth0.15,honest,2026090503,32,0.03,0.2,0.03,0.15,4,errors<=floor(L*q_threshold),errors*100<=32*15,100000,99741,259,0.99741,L_independent_error_events_per_trial
L32_q00.03_q10.2_qth0.15,honest,2026090504,32,0.03,0.2,0.03,0.15,4,errors<=floor(L*q_threshold),errors*100<=32*15,100000,99759,241,0.99759,L_independent_error_events_per_trial
L32_q00.03_q10.2_qth0.15,honest,2026090505,32,0.03,0.2,0.03,0.15,4,errors<=floor(L*q_threshold),errors*100<=32*15,100000,99714,286,0.99714,L_independent_error_events_per_trial
L32_q00.03_q10.2_qth0.15,honest,2026090506,32,0.03,0.2,0.03,0.15,4,errors<=floor(L*q_threshold),errors*100<=32*15,100000,99736,264,0.99736,L_independent_error_events_per_trial
L32_q00.03_q10.2_qth0.15,honest,2026090507,32,0.03,0.2,0.03,0.15,4,errors<=floor(L*q_threshold),errors*100<=32*15,100000,99772,228,0.99772,L_independent_error_events_per_trial
L32_q00.03_q10.2_qth0.15,honest,2026090508,32,0.03,0.2,0.03,0.15,4,errors<=floor(L*q_threshold),errors*100<=32*15,100000,99737,263,0.99737,L_independent_error_events_per_trial
L32_q00.03_q10.2_qth0.15,honest,2026090509,32,0.03,0.2,0.03,0.15,4,errors<=floor(L*q_threshold),errors*100<=32*15,100000,99759,241,0.99759,L_independent_error_events_per_trial
L32_q00.03_q10.2_qth0.15,honest,2026090510,32,0.03,0.2,0.03,0.15,4,errors<=floor(L*q_threshold),errors*100<=32*15,100000,99742,258,0.99742,L_independent_error_events_per_trial
L32_q00.03_q10.2_qth0.15,attack,2026090501,32,0.03,0.2,0.2,0.15,4,errors<=floor(L*q_threshold),errors*100<=32*15,100000,20291,79709,0.20291,L_independent_error_events_per_trial
L32_q00.03_q10.2_qth0.15,attack,2026090502,32,0.03,0.2,0.2,0.15,4,errors<=floor(L*q_threshold),errors*100<=32*15,100000,20690,79310,0.2069,L_independent_error_events_per_trial
L32_q00.03_q10.2_qth0.15,attack,2026090503,32,0.03,0.2,0.2,0.15,4,errors<=floor(L*q_threshold),errors*100<=32*15,100000,20340,79660,0.2034,L_independent_error_events_per_trial
L32_q00.03_q10.2_qth0.15,attack,2026090504,32,0.03,0.2,0.2,0.15,4,errors<=floor(L*q_threshold),errors*100<=32*15,100000,20451,79549,0.20451,L_independent_error_events_per_trial
L32_q00.03_q10.2_qth0.15,attack,2026090505,32,0.03,0.2,0.2,0.15,4,errors<=floor(L*q_threshold),errors*100<=32*15,100000,20316,79684,0.20316,L_independent_error_events_per_trial
L32_q00.03_q10.2_qth0.15,attack,2026090506,32,0.03,0.2,0.2,0.15,4,errors<=floor(L*q_threshold),errors*100<=32*15,100000,20320,79680,0.2032,L_independent_error_events_per_trial
L32_q00.03_q10.2_qth0.15,attack,2026090507,32,0.03,0.2,0.2,0.15,4,errors<=floor(L*q_threshold),errors*100<=32*15,100000,20426,79574,0.20426,L_independent_error_events_per_trial
L32_q00.03_q10.2_qth0.15,attack,2026090508,32,0.03,0.2,0.2,0.15,4,errors<=floor(L*q_threshold),errors*100<=32*15,100000,20602,79398,0.20602,L_independent_error_events_per_trial
L32_q00.03_q10.2_qth0.15,attack,2026090509,32,0.03,0.2,0.2,0.15,4,errors<=floor(L*q_threshold),errors*100<=32*15,100000,20447,79553,0.20447,L_independent_error_events_per_trial
L32_q00.03_q10.2_qth0.15,attack,2026090510,32,0.03,0.2,0.2,0.15,4,errors<=floor(L*q_threshold),errors*100<=32*15,100000,20405,79595,0.20405,L_independent_error_events_per_trial
L32_q00.05_q10.2_qth0.05,honest,2026090501,32,0.05,0.2,0.05,0.05,1,errors<=floor(L*q_threshold),errors*100<=32*5,100000,51924,48076,0.51924,L_independent_error_events_per_trial
L32_q00.05_q10.2_qth0.05,honest,2026090502,32,0.05,0.2,0.05,0.05,1,errors<=floor(L*q_threshold),errors*100<=32*5,100000,51956,48044,0.51956,L_independent_error_events_per_trial
L32_q00.05_q10.2_qth0.05,honest,2026090503,32,0.05,0.2,0.05,0.05,1,errors<=floor(L*q_threshold),errors*100<=32*5,100000,52137,47863,0.52137,L_independent_error_events_per_trial
L32_q00.05_q10.2_qth0.05,honest,2026090504,32,0.05,0.2,0.05,0.05,1,errors<=floor(L*q_threshold),errors*100<=32*5,100000,52093,47907,0.52093,L_independent_error_events_per_trial
L32_q00.05_q10.2_qth0.05,honest,2026090505,32,0.05,0.2,0.05,0.05,1,errors<=floor(L*q_threshold),errors*100<=32*5,100000,51626,48374,0.51626,L_independent_error_events_per_trial
L32_q00.05_q10.2_qth0.05,honest,2026090506,32,0.05,0.2,0.05,0.05,1,errors<=floor(L*q_threshold),errors*100<=32*5,100000,51959,48041,0.51959,L_independent_error_events_per_trial
L32_q00.05_q10.2_qth0.05,honest,2026090507,32,0.05,0.2,0.05,0.05,1,errors<=floor(L*q_threshold),errors*100<=32*5,100000,52014,47986,0.52014,L_independent_error_events_per_trial
L32_q00.05_q10.2_qth0.05,honest,2026090508,32,0.05,0.2,0.05,0.05,1,errors<=floor(L*q_threshold),errors*100<=32*5,100000,52052,47948,0.52052,L_independent_error_events_per_trial
L32_q00.05_q10.2_qth0.05,honest,2026090509,32,0.05,0.2,0.05,0.05,1,errors<=floor(L*q_threshold),errors*100<=32*5,100000,52126,47874,0.52126,L_independent_error_events_per_trial
L32_q00.05_q10.2_qth0.05,honest,2026090510,32,0.05,0.2,0.05,0.05,1,errors<=floor(L*q_threshold),errors*100<=32*5,100000,51833,48167,0.51833,L_independent_error_events_per_trial
L32_q00.05_q10.2_qth0.05,attack,2026090501,32,0.05,0.2,0.2,0.05,1,errors<=floor(L*q_threshold),errors*100<=32*5,100000,684,99316,0.00684,L_independent_error_events_per_trial
L32_q00.05_q10.2_qth0.05,attack,2026090502,32,0.05,0.2,0.2,0.05,1,errors<=floor(L*q_threshold),errors*100<=32*5,100000,761,99239,0.00761,L_independent_error_events_per_trial
L32_q00.05_q10.2_qth0.05,attack,2026090503,32,0.05,0.2,0.2,0.05,1,errors<=floor(L*q_threshold),errors*100<=32*5,100000,735,99265,0.00735,L_independent_error_events_per_trial
L32_q00.05_q10.2_qth0.05,attack,2026090504,32,0.05,0.2,0.2,0.05,1,errors<=floor(L*q_threshold),errors*100<=32*5,100000,759,99241,0.00759,L_independent_error_events_per_trial
L32_q00.05_q10.2_qth0.05,attack,2026090505,32,0.05,0.2,0.2,0.05,1,errors<=floor(L*q_threshold),errors*100<=32*5,100000,678,99322,0.00678,L_independent_error_events_per_trial
L32_q00.05_q10.2_qth0.05,attack,2026090506,32,0.05,0.2,0.2,0.05,1,errors<=floor(L*q_threshold),errors*100<=32*5,100000,686,99314,0.00686,L_independent_error_events_per_trial
L32_q00.05_q10.2_qth0.05,attack,2026090507,32,0.05,0.2,0.2,0.05,1,errors<=floor(L*q_threshold),errors*100<=32*5,100000,702,99298,0.00702,L_independent_error_events_per_trial
L32_q00.05_q10.2_qth0.05,attack,2026090508,32,0.05,0.2,0.2,0.05,1,errors<=floor(L*q_threshold),errors*100<=32*5,100000,703,99297,0.00703,L_independent_error_events_per_trial
L32_q00.05_q10.2_qth0.05,attack,2026090509,32,0.05,0.2,0.2,0.05,1,errors<=floor(L*q_threshold),errors*100<=32*5,100000,724,99276,0.00724,L_independent_error_events_per_trial
L32_q00.05_q10.2_qth0.05,attack,2026090510,32,0.05,0.2,0.2,0.05,1,errors<=floor(L*q_threshold),errors*100<=32*5,100000,737,99263,0.00737,L_independent_error_events_per_trial
L32_q00.05_q10.2_qth0.1,honest,2026090501,32,0.05,0.2,0.05,0.1,3,errors<=floor(L*q_threshold),errors*100<=32*10,100000,92613,7387,0.92613,L_independent_error_events_per_trial
L32_q00.05_q10.2_qth0.1,honest,2026090502,32,0.05,0.2,0.05,0.1,3,errors<=floor(L*q_threshold),errors*100<=32*10,100000,92642,7358,0.92642,L_independent_error_events_per_trial
L32_q00.05_q10.2_qth0.1,honest,2026090503,32,0.05,0.2,0.05,0.1,3,errors<=floor(L*q_threshold),errors*100<=32*10,100000,92723,7277,0.92723,L_independent_error_events_per_trial
L32_q00.05_q10.2_qth0.1,honest,2026090504,32,0.05,0.2,0.05,0.1,3,errors<=floor(L*q_threshold),errors*100<=32*10,100000,92665,7335,0.92665,L_independent_error_events_per_trial
L32_q00.05_q10.2_qth0.1,honest,2026090505,32,0.05,0.2,0.05,0.1,3,errors<=floor(L*q_threshold),errors*100<=32*10,100000,92739,7261,0.92739,L_independent_error_events_per_trial
L32_q00.05_q10.2_qth0.1,honest,2026090506,32,0.05,0.2,0.05,0.1,3,errors<=floor(L*q_threshold),errors*100<=32*10,100000,92534,7466,0.92534,L_independent_error_events_per_trial
L32_q00.05_q10.2_qth0.1,honest,2026090507,32,0.05,0.2,0.05,0.1,3,errors<=floor(L*q_threshold),errors*100<=32*10,100000,92729,7271,0.92729,L_independent_error_events_per_trial
L32_q00.05_q10.2_qth0.1,honest,2026090508,32,0.05,0.2,0.05,0.1,3,errors<=floor(L*q_threshold),errors*100<=32*10,100000,92542,7458,0.92542,L_independent_error_events_per_trial
L32_q00.05_q10.2_qth0.1,honest,2026090509,32,0.05,0.2,0.05,0.1,3,errors<=floor(L*q_threshold),errors*100<=32*10,100000,92514,7486,0.92514,L_independent_error_events_per_trial
L32_q00.05_q10.2_qth0.1,honest,2026090510,32,0.05,0.2,0.05,0.1,3,errors<=floor(L*q_threshold),errors*100<=32*10,100000,92583,7417,0.92583,L_independent_error_events_per_trial
L32_q00.05_q10.2_qth0.1,attack,2026090501,32,0.05,0.2,0.2,0.1,3,errors<=floor(L*q_threshold),errors*100<=32*10,100000,9236,90764,0.09236,L_independent_error_events_per_trial
L32_q00.05_q10.2_qth0.1,attack,2026090502,32,0.05,0.2,0.2,0.1,3,errors<=floor(L*q_threshold),errors*100<=32*10,100000,9549,90451,0.09549,L_independent_error_events_per_trial
L32_q00.05_q10.2_qth0.1,attack,2026090503,32,0.05,0.2,0.2,0.1,3,errors<=floor(L*q_threshold),errors*100<=32*10,100000,9278,90722,0.09278,L_independent_error_events_per_trial
L32_q00.05_q10.2_qth0.1,attack,2026090504,32,0.05,0.2,0.2,0.1,3,errors<=floor(L*q_threshold),errors*100<=32*10,100000,9379,90621,0.09379,L_independent_error_events_per_trial
L32_q00.05_q10.2_qth0.1,attack,2026090505,32,0.05,0.2,0.2,0.1,3,errors<=floor(L*q_threshold),errors*100<=32*10,100000,9269,90731,0.09269,L_independent_error_events_per_trial
L32_q00.05_q10.2_qth0.1,attack,2026090506,32,0.05,0.2,0.2,0.1,3,errors<=floor(L*q_threshold),errors*100<=32*10,100000,9196,90804,0.09196,L_independent_error_events_per_trial
L32_q00.05_q10.2_qth0.1,attack,2026090507,32,0.05,0.2,0.2,0.1,3,errors<=floor(L*q_threshold),errors*100<=32*10,100000,9274,90726,0.09274,L_independent_error_events_per_trial
L32_q00.05_q10.2_qth0.1,attack,2026090508,32,0.05,0.2,0.2,0.1,3,errors<=floor(L*q_threshold),errors*100<=32*10,100000,9389,90611,0.09389,L_independent_error_events_per_trial
L32_q00.05_q10.2_qth0.1,attack,2026090509,32,0.05,0.2,0.2,0.1,3,errors<=floor(L*q_threshold),errors*100<=32*10,100000,9434,90566,0.09434,L_independent_error_events_per_trial
L32_q00.05_q10.2_qth0.1,attack,2026090510,32,0.05,0.2,0.2,0.1,3,errors<=floor(L*q_threshold),errors*100<=32*10,100000,9339,90661,0.09339,L_independent_error_events_per_trial
L32_q00.05_q10.2_qth0.15,honest,2026090501,32,0.05,0.2,0.05,0.15,4,errors<=floor(L*q_threshold),errors*100<=32*15,100000,98042,1958,0.98042,L_independent_error_events_per_trial
L32_q00.05_q10.2_qth0.15,honest,2026090502,32,0.05,0.2,0.05,0.15,4,errors<=floor(L*q_threshold),errors*100<=32*15,100000,97973,2027,0.97973,L_independent_error_events_per_trial
L32_q00.05_q10.2_qth0.15,honest,2026090503,32,0.05,0.2,0.05,0.15,4,errors<=floor(L*q_threshold),errors*100<=32*15,100000,97982,2018,0.97982,L_independent_error_events_per_trial
L32_q00.05_q10.2_qth0.15,honest,2026090504,32,0.05,0.2,0.05,0.15,4,errors<=floor(L*q_threshold),errors*100<=32*15,100000,97952,2048,0.97952,L_independent_error_events_per_trial
L32_q00.05_q10.2_qth0.15,honest,2026090505,32,0.05,0.2,0.05,0.15,4,errors<=floor(L*q_threshold),errors*100<=32*15,100000,98039,1961,0.98039,L_independent_error_events_per_trial
L32_q00.05_q10.2_qth0.15,honest,2026090506,32,0.05,0.2,0.05,0.15,4,errors<=floor(L*q_threshold),errors*100<=32*15,100000,97937,2063,0.97937,L_independent_error_events_per_trial
L32_q00.05_q10.2_qth0.15,honest,2026090507,32,0.05,0.2,0.05,0.15,4,errors<=floor(L*q_threshold),errors*100<=32*15,100000,97977,2023,0.97977,L_independent_error_events_per_trial
L32_q00.05_q10.2_qth0.15,honest,2026090508,32,0.05,0.2,0.05,0.15,4,errors<=floor(L*q_threshold),errors*100<=32*15,100000,97960,2040,0.9796,L_independent_error_events_per_trial
L32_q00.05_q10.2_qth0.15,honest,2026090509,32,0.05,0.2,0.05,0.15,4,errors<=floor(L*q_threshold),errors*100<=32*15,100000,97934,2066,0.97934,L_independent_error_events_per_trial
L32_q00.05_q10.2_qth0.15,honest,2026090510,32,0.05,0.2,0.05,0.15,4,errors<=floor(L*q_threshold),errors*100<=32*15,100000,98060,1940,0.9806,L_independent_error_events_per_trial
L32_q00.05_q10.2_qth0.15,attack,2026090501,32,0.05,0.2,0.2,0.15,4,errors<=floor(L*q_threshold),errors*100<=32*15,100000,20291,79709,0.20291,L_independent_error_events_per_trial
L32_q00.05_q10.2_qth0.15,attack,2026090502,32,0.05,0.2,0.2,0.15,4,errors<=floor(L*q_threshold),errors*100<=32*15,100000,20690,79310,0.2069,L_independent_error_events_per_trial
L32_q00.05_q10.2_qth0.15,attack,2026090503,32,0.05,0.2,0.2,0.15,4,errors<=floor(L*q_threshold),errors*100<=32*15,100000,20340,79660,0.2034,L_independent_error_events_per_trial
L32_q00.05_q10.2_qth0.15,attack,2026090504,32,0.05,0.2,0.2,0.15,4,errors<=floor(L*q_threshold),errors*100<=32*15,100000,20451,79549,0.20451,L_independent_error_events_per_trial
L32_q00.05_q10.2_qth0.15,attack,2026090505,32,0.05,0.2,0.2,0.15,4,errors<=floor(L*q_threshold),errors*100<=32*15,100000,20316,79684,0.20316,L_independent_error_events_per_trial
L32_q00.05_q10.2_qth0.15,attack,2026090506,32,0.05,0.2,0.2,0.15,4,errors<=floor(L*q_threshold),errors*100<=32*15,100000,20320,79680,0.2032,L_independent_error_events_per_trial
L32_q00.05_q10.2_qth0.15,attack,2026090507,32,0.05,0.2,0.2,0.15,4,errors<=floor(L*q_threshold),errors*100<=32*15,100000,20426,79574,0.20426,L_independent_error_events_per_trial
L32_q00.05_q10.2_qth0.15,attack,2026090508,32,0.05,0.2,0.2,0.15,4,errors<=floor(L*q_threshold),errors*100<=32*15,100000,20602,79398,0.20602,L_independent_error_events_per_trial
L32_q00.05_q10.2_qth0.15,attack,2026090509,32,0.05,0.2,0.2,0.15,4,errors<=floor(L*q_threshold),errors*100<=32*15,100000,20447,79553,0.20447,L_independent_error_events_per_trial
L32_q00.05_q10.2_qth0.15,attack,2026090510,32,0.05,0.2,0.2,0.15,4,errors<=floor(L*q_threshold),errors*100<=32*15,100000,20405,79595,0.20405,L_independent_error_events_per_trial
L64_q00_q10.2_qth0.05,honest,2026090501,64,0.0,0.2,0.0,0.05,3,errors<=floor(L*q_threshold),errors*100<=64*5,100000,100000,0,1.0,L_independent_error_events_per_trial
L64_q00_q10.2_qth0.05,honest,2026090502,64,0.0,0.2,0.0,0.05,3,errors<=floor(L*q_threshold),errors*100<=64*5,100000,100000,0,1.0,L_independent_error_events_per_trial
L64_q00_q10.2_qth0.05,honest,2026090503,64,0.0,0.2,0.0,0.05,3,errors<=floor(L*q_threshold),errors*100<=64*5,100000,100000,0,1.0,L_independent_error_events_per_trial
L64_q00_q10.2_qth0.05,honest,2026090504,64,0.0,0.2,0.0,0.05,3,errors<=floor(L*q_threshold),errors*100<=64*5,100000,100000,0,1.0,L_independent_error_events_per_trial
L64_q00_q10.2_qth0.05,honest,2026090505,64,0.0,0.2,0.0,0.05,3,errors<=floor(L*q_threshold),errors*100<=64*5,100000,100000,0,1.0,L_independent_error_events_per_trial
L64_q00_q10.2_qth0.05,honest,2026090506,64,0.0,0.2,0.0,0.05,3,errors<=floor(L*q_threshold),errors*100<=64*5,100000,100000,0,1.0,L_independent_error_events_per_trial
L64_q00_q10.2_qth0.05,honest,2026090507,64,0.0,0.2,0.0,0.05,3,errors<=floor(L*q_threshold),errors*100<=64*5,100000,100000,0,1.0,L_independent_error_events_per_trial
L64_q00_q10.2_qth0.05,honest,2026090508,64,0.0,0.2,0.0,0.05,3,errors<=floor(L*q_threshold),errors*100<=64*5,100000,100000,0,1.0,L_independent_error_events_per_trial
L64_q00_q10.2_qth0.05,honest,2026090509,64,0.0,0.2,0.0,0.05,3,errors<=floor(L*q_threshold),errors*100<=64*5,100000,100000,0,1.0,L_independent_error_events_per_trial
L64_q00_q10.2_qth0.05,honest,2026090510,64,0.0,0.2,0.0,0.05,3,errors<=floor(L*q_threshold),errors*100<=64*5,100000,100000,0,1.0,L_independent_error_events_per_trial
L64_q00_q10.2_qth0.05,attack,2026090501,64,0.0,0.2,0.2,0.05,3,errors<=floor(L*q_threshold),errors*100<=64*5,100000,53,99947,0.00053,L_independent_error_events_per_trial
L64_q00_q10.2_qth0.05,attack,2026090502,64,0.0,0.2,0.2,0.05,3,errors<=floor(L*q_threshold),errors*100<=64*5,100000,51,99949,0.00051,L_independent_error_events_per_trial
L64_q00_q10.2_qth0.05,attack,2026090503,64,0.0,0.2,0.2,0.05,3,errors<=floor(L*q_threshold),errors*100<=64*5,100000,53,99947,0.00053,L_independent_error_events_per_trial
L64_q00_q10.2_qth0.05,attack,2026090504,64,0.0,0.2,0.2,0.05,3,errors<=floor(L*q_threshold),errors*100<=64*5,100000,60,99940,0.0006,L_independent_error_events_per_trial
L64_q00_q10.2_qth0.05,attack,2026090505,64,0.0,0.2,0.2,0.05,3,errors<=floor(L*q_threshold),errors*100<=64*5,100000,37,99963,0.00037,L_independent_error_events_per_trial
L64_q00_q10.2_qth0.05,attack,2026090506,64,0.0,0.2,0.2,0.05,3,errors<=floor(L*q_threshold),errors*100<=64*5,100000,59,99941,0.00059,L_independent_error_events_per_trial
L64_q00_q10.2_qth0.05,attack,2026090507,64,0.0,0.2,0.2,0.05,3,errors<=floor(L*q_threshold),errors*100<=64*5,100000,50,99950,0.0005,L_independent_error_events_per_trial
L64_q00_q10.2_qth0.05,attack,2026090508,64,0.0,0.2,0.2,0.05,3,errors<=floor(L*q_threshold),errors*100<=64*5,100000,52,99948,0.00052,L_independent_error_events_per_trial
L64_q00_q10.2_qth0.05,attack,2026090509,64,0.0,0.2,0.2,0.05,3,errors<=floor(L*q_threshold),errors*100<=64*5,100000,33,99967,0.00033,L_independent_error_events_per_trial
L64_q00_q10.2_qth0.05,attack,2026090510,64,0.0,0.2,0.2,0.05,3,errors<=floor(L*q_threshold),errors*100<=64*5,100000,45,99955,0.00045,L_independent_error_events_per_trial
L64_q00_q10.2_qth0.1,honest,2026090501,64,0.0,0.2,0.0,0.1,6,errors<=floor(L*q_threshold),errors*100<=64*10,100000,100000,0,1.0,L_independent_error_events_per_trial
L64_q00_q10.2_qth0.1,honest,2026090502,64,0.0,0.2,0.0,0.1,6,errors<=floor(L*q_threshold),errors*100<=64*10,100000,100000,0,1.0,L_independent_error_events_per_trial
L64_q00_q10.2_qth0.1,honest,2026090503,64,0.0,0.2,0.0,0.1,6,errors<=floor(L*q_threshold),errors*100<=64*10,100000,100000,0,1.0,L_independent_error_events_per_trial
L64_q00_q10.2_qth0.1,honest,2026090504,64,0.0,0.2,0.0,0.1,6,errors<=floor(L*q_threshold),errors*100<=64*10,100000,100000,0,1.0,L_independent_error_events_per_trial
L64_q00_q10.2_qth0.1,honest,2026090505,64,0.0,0.2,0.0,0.1,6,errors<=floor(L*q_threshold),errors*100<=64*10,100000,100000,0,1.0,L_independent_error_events_per_trial
L64_q00_q10.2_qth0.1,honest,2026090506,64,0.0,0.2,0.0,0.1,6,errors<=floor(L*q_threshold),errors*100<=64*10,100000,100000,0,1.0,L_independent_error_events_per_trial
L64_q00_q10.2_qth0.1,honest,2026090507,64,0.0,0.2,0.0,0.1,6,errors<=floor(L*q_threshold),errors*100<=64*10,100000,100000,0,1.0,L_independent_error_events_per_trial
L64_q00_q10.2_qth0.1,honest,2026090508,64,0.0,0.2,0.0,0.1,6,errors<=floor(L*q_threshold),errors*100<=64*10,100000,100000,0,1.0,L_independent_error_events_per_trial
L64_q00_q10.2_qth0.1,honest,2026090509,64,0.0,0.2,0.0,0.1,6,errors<=floor(L*q_threshold),errors*100<=64*10,100000,100000,0,1.0,L_independent_error_events_per_trial
L64_q00_q10.2_qth0.1,honest,2026090510,64,0.0,0.2,0.0,0.1,6,errors<=floor(L*q_threshold),errors*100<=64*10,100000,100000,0,1.0,L_independent_error_events_per_trial
L64_q00_q10.2_qth0.1,attack,2026090501,64,0.0,0.2,0.2,0.1,6,errors<=floor(L*q_threshold),errors*100<=64*10,100000,1785,98215,0.01785,L_independent_error_events_per_trial
L64_q00_q10.2_qth0.1,attack,2026090502,64,0.0,0.2,0.2,0.1,6,errors<=floor(L*q_threshold),errors*100<=64*10,100000,1743,98257,0.01743,L_independent_error_events_per_trial
L64_q00_q10.2_qth0.1,attack,2026090503,64,0.0,0.2,0.2,0.1,6,errors<=floor(L*q_threshold),errors*100<=64*10,100000,1835,98165,0.01835,L_independent_error_events_per_trial
L64_q00_q10.2_qth0.1,attack,2026090504,64,0.0,0.2,0.2,0.1,6,errors<=floor(L*q_threshold),errors*100<=64*10,100000,1789,98211,0.01789,L_independent_error_events_per_trial
L64_q00_q10.2_qth0.1,attack,2026090505,64,0.0,0.2,0.2,0.1,6,errors<=floor(L*q_threshold),errors*100<=64*10,100000,1768,98232,0.01768,L_independent_error_events_per_trial
L64_q00_q10.2_qth0.1,attack,2026090506,64,0.0,0.2,0.2,0.1,6,errors<=floor(L*q_threshold),errors*100<=64*10,100000,1840,98160,0.0184,L_independent_error_events_per_trial
L64_q00_q10.2_qth0.1,attack,2026090507,64,0.0,0.2,0.2,0.1,6,errors<=floor(L*q_threshold),errors*100<=64*10,100000,1777,98223,0.01777,L_independent_error_events_per_trial
L64_q00_q10.2_qth0.1,attack,2026090508,64,0.0,0.2,0.2,0.1,6,errors<=floor(L*q_threshold),errors*100<=64*10,100000,1810,98190,0.0181,L_independent_error_events_per_trial
L64_q00_q10.2_qth0.1,attack,2026090509,64,0.0,0.2,0.2,0.1,6,errors<=floor(L*q_threshold),errors*100<=64*10,100000,1845,98155,0.01845,L_independent_error_events_per_trial
L64_q00_q10.2_qth0.1,attack,2026090510,64,0.0,0.2,0.2,0.1,6,errors<=floor(L*q_threshold),errors*100<=64*10,100000,1882,98118,0.01882,L_independent_error_events_per_trial
L64_q00_q10.2_qth0.15,honest,2026090501,64,0.0,0.2,0.0,0.15,9,errors<=floor(L*q_threshold),errors*100<=64*15,100000,100000,0,1.0,L_independent_error_events_per_trial
L64_q00_q10.2_qth0.15,honest,2026090502,64,0.0,0.2,0.0,0.15,9,errors<=floor(L*q_threshold),errors*100<=64*15,100000,100000,0,1.0,L_independent_error_events_per_trial
L64_q00_q10.2_qth0.15,honest,2026090503,64,0.0,0.2,0.0,0.15,9,errors<=floor(L*q_threshold),errors*100<=64*15,100000,100000,0,1.0,L_independent_error_events_per_trial
L64_q00_q10.2_qth0.15,honest,2026090504,64,0.0,0.2,0.0,0.15,9,errors<=floor(L*q_threshold),errors*100<=64*15,100000,100000,0,1.0,L_independent_error_events_per_trial
L64_q00_q10.2_qth0.15,honest,2026090505,64,0.0,0.2,0.0,0.15,9,errors<=floor(L*q_threshold),errors*100<=64*15,100000,100000,0,1.0,L_independent_error_events_per_trial
L64_q00_q10.2_qth0.15,honest,2026090506,64,0.0,0.2,0.0,0.15,9,errors<=floor(L*q_threshold),errors*100<=64*15,100000,100000,0,1.0,L_independent_error_events_per_trial
L64_q00_q10.2_qth0.15,honest,2026090507,64,0.0,0.2,0.0,0.15,9,errors<=floor(L*q_threshold),errors*100<=64*15,100000,100000,0,1.0,L_independent_error_events_per_trial
L64_q00_q10.2_qth0.15,honest,2026090508,64,0.0,0.2,0.0,0.15,9,errors<=floor(L*q_threshold),errors*100<=64*15,100000,100000,0,1.0,L_independent_error_events_per_trial
L64_q00_q10.2_qth0.15,honest,2026090509,64,0.0,0.2,0.0,0.15,9,errors<=floor(L*q_threshold),errors*100<=64*15,100000,100000,0,1.0,L_independent_error_events_per_trial
L64_q00_q10.2_qth0.15,honest,2026090510,64,0.0,0.2,0.0,0.15,9,errors<=floor(L*q_threshold),errors*100<=64*15,100000,100000,0,1.0,L_independent_error_events_per_trial
L64_q00_q10.2_qth0.15,attack,2026090501,64,0.0,0.2,0.2,0.15,9,errors<=floor(L*q_threshold),errors*100<=64*15,100000,15006,84994,0.15006,L_independent_error_events_per_trial
L64_q00_q10.2_qth0.15,attack,2026090502,64,0.0,0.2,0.2,0.15,9,errors<=floor(L*q_threshold),errors*100<=64*15,100000,15025,84975,0.15025,L_independent_error_events_per_trial
L64_q00_q10.2_qth0.15,attack,2026090503,64,0.0,0.2,0.2,0.15,9,errors<=floor(L*q_threshold),errors*100<=64*15,100000,15086,84914,0.15086,L_independent_error_events_per_trial
L64_q00_q10.2_qth0.15,attack,2026090504,64,0.0,0.2,0.2,0.15,9,errors<=floor(L*q_threshold),errors*100<=64*15,100000,14857,85143,0.14857,L_independent_error_events_per_trial
L64_q00_q10.2_qth0.15,attack,2026090505,64,0.0,0.2,0.2,0.15,9,errors<=floor(L*q_threshold),errors*100<=64*15,100000,15061,84939,0.15061,L_independent_error_events_per_trial
L64_q00_q10.2_qth0.15,attack,2026090506,64,0.0,0.2,0.2,0.15,9,errors<=floor(L*q_threshold),errors*100<=64*15,100000,15045,84955,0.15045,L_independent_error_events_per_trial
L64_q00_q10.2_qth0.15,attack,2026090507,64,0.0,0.2,0.2,0.15,9,errors<=floor(L*q_threshold),errors*100<=64*15,100000,14925,85075,0.14925,L_independent_error_events_per_trial
L64_q00_q10.2_qth0.15,attack,2026090508,64,0.0,0.2,0.2,0.15,9,errors<=floor(L*q_threshold),errors*100<=64*15,100000,14934,85066,0.14934,L_independent_error_events_per_trial
L64_q00_q10.2_qth0.15,attack,2026090509,64,0.0,0.2,0.2,0.15,9,errors<=floor(L*q_threshold),errors*100<=64*15,100000,14917,85083,0.14917,L_independent_error_events_per_trial
L64_q00_q10.2_qth0.15,attack,2026090510,64,0.0,0.2,0.2,0.15,9,errors<=floor(L*q_threshold),errors*100<=64*15,100000,15266,84734,0.15266,L_independent_error_events_per_trial
L64_q00.01_q10.2_qth0.05,honest,2026090501,64,0.01,0.2,0.01,0.05,3,errors<=floor(L*q_threshold),errors*100<=64*5,100000,99597,403,0.99597,L_independent_error_events_per_trial
L64_q00.01_q10.2_qth0.05,honest,2026090502,64,0.01,0.2,0.01,0.05,3,errors<=floor(L*q_threshold),errors*100<=64*5,100000,99629,371,0.99629,L_independent_error_events_per_trial
L64_q00.01_q10.2_qth0.05,honest,2026090503,64,0.01,0.2,0.01,0.05,3,errors<=floor(L*q_threshold),errors*100<=64*5,100000,99596,404,0.99596,L_independent_error_events_per_trial
L64_q00.01_q10.2_qth0.05,honest,2026090504,64,0.01,0.2,0.01,0.05,3,errors<=floor(L*q_threshold),errors*100<=64*5,100000,99617,383,0.99617,L_independent_error_events_per_trial
L64_q00.01_q10.2_qth0.05,honest,2026090505,64,0.01,0.2,0.01,0.05,3,errors<=floor(L*q_threshold),errors*100<=64*5,100000,99605,395,0.99605,L_independent_error_events_per_trial
L64_q00.01_q10.2_qth0.05,honest,2026090506,64,0.01,0.2,0.01,0.05,3,errors<=floor(L*q_threshold),errors*100<=64*5,100000,99640,360,0.9964,L_independent_error_events_per_trial
L64_q00.01_q10.2_qth0.05,honest,2026090507,64,0.01,0.2,0.01,0.05,3,errors<=floor(L*q_threshold),errors*100<=64*5,100000,99599,401,0.99599,L_independent_error_events_per_trial
L64_q00.01_q10.2_qth0.05,honest,2026090508,64,0.01,0.2,0.01,0.05,3,errors<=floor(L*q_threshold),errors*100<=64*5,100000,99592,408,0.99592,L_independent_error_events_per_trial
L64_q00.01_q10.2_qth0.05,honest,2026090509,64,0.01,0.2,0.01,0.05,3,errors<=floor(L*q_threshold),errors*100<=64*5,100000,99610,390,0.9961,L_independent_error_events_per_trial
L64_q00.01_q10.2_qth0.05,honest,2026090510,64,0.01,0.2,0.01,0.05,3,errors<=floor(L*q_threshold),errors*100<=64*5,100000,99592,408,0.99592,L_independent_error_events_per_trial
L64_q00.01_q10.2_qth0.05,attack,2026090501,64,0.01,0.2,0.2,0.05,3,errors<=floor(L*q_threshold),errors*100<=64*5,100000,53,99947,0.00053,L_independent_error_events_per_trial
L64_q00.01_q10.2_qth0.05,attack,2026090502,64,0.01,0.2,0.2,0.05,3,errors<=floor(L*q_threshold),errors*100<=64*5,100000,51,99949,0.00051,L_independent_error_events_per_trial
L64_q00.01_q10.2_qth0.05,attack,2026090503,64,0.01,0.2,0.2,0.05,3,errors<=floor(L*q_threshold),errors*100<=64*5,100000,53,99947,0.00053,L_independent_error_events_per_trial
L64_q00.01_q10.2_qth0.05,attack,2026090504,64,0.01,0.2,0.2,0.05,3,errors<=floor(L*q_threshold),errors*100<=64*5,100000,60,99940,0.0006,L_independent_error_events_per_trial
L64_q00.01_q10.2_qth0.05,attack,2026090505,64,0.01,0.2,0.2,0.05,3,errors<=floor(L*q_threshold),errors*100<=64*5,100000,37,99963,0.00037,L_independent_error_events_per_trial
L64_q00.01_q10.2_qth0.05,attack,2026090506,64,0.01,0.2,0.2,0.05,3,errors<=floor(L*q_threshold),errors*100<=64*5,100000,59,99941,0.00059,L_independent_error_events_per_trial
L64_q00.01_q10.2_qth0.05,attack,2026090507,64,0.01,0.2,0.2,0.05,3,errors<=floor(L*q_threshold),errors*100<=64*5,100000,50,99950,0.0005,L_independent_error_events_per_trial
L64_q00.01_q10.2_qth0.05,attack,2026090508,64,0.01,0.2,0.2,0.05,3,errors<=floor(L*q_threshold),errors*100<=64*5,100000,52,99948,0.00052,L_independent_error_events_per_trial
L64_q00.01_q10.2_qth0.05,attack,2026090509,64,0.01,0.2,0.2,0.05,3,errors<=floor(L*q_threshold),errors*100<=64*5,100000,33,99967,0.00033,L_independent_error_events_per_trial
L64_q00.01_q10.2_qth0.05,attack,2026090510,64,0.01,0.2,0.2,0.05,3,errors<=floor(L*q_threshold),errors*100<=64*5,100000,45,99955,0.00045,L_independent_error_events_per_trial
L64_q00.01_q10.2_qth0.1,honest,2026090501,64,0.01,0.2,0.01,0.1,6,errors<=floor(L*q_threshold),errors*100<=64*10,100000,100000,0,1.0,L_independent_error_events_per_trial
L64_q00.01_q10.2_qth0.1,honest,2026090502,64,0.01,0.2,0.01,0.1,6,errors<=floor(L*q_threshold),errors*100<=64*10,100000,100000,0,1.0,L_independent_error_events_per_trial
L64_q00.01_q10.2_qth0.1,honest,2026090503,64,0.01,0.2,0.01,0.1,6,errors<=floor(L*q_threshold),errors*100<=64*10,100000,100000,0,1.0,L_independent_error_events_per_trial
L64_q00.01_q10.2_qth0.1,honest,2026090504,64,0.01,0.2,0.01,0.1,6,errors<=floor(L*q_threshold),errors*100<=64*10,100000,100000,0,1.0,L_independent_error_events_per_trial
L64_q00.01_q10.2_qth0.1,honest,2026090505,64,0.01,0.2,0.01,0.1,6,errors<=floor(L*q_threshold),errors*100<=64*10,100000,100000,0,1.0,L_independent_error_events_per_trial
L64_q00.01_q10.2_qth0.1,honest,2026090506,64,0.01,0.2,0.01,0.1,6,errors<=floor(L*q_threshold),errors*100<=64*10,100000,99999,1,0.99999,L_independent_error_events_per_trial
L64_q00.01_q10.2_qth0.1,honest,2026090507,64,0.01,0.2,0.01,0.1,6,errors<=floor(L*q_threshold),errors*100<=64*10,100000,99999,1,0.99999,L_independent_error_events_per_trial
L64_q00.01_q10.2_qth0.1,honest,2026090508,64,0.01,0.2,0.01,0.1,6,errors<=floor(L*q_threshold),errors*100<=64*10,100000,99999,1,0.99999,L_independent_error_events_per_trial
L64_q00.01_q10.2_qth0.1,honest,2026090509,64,0.01,0.2,0.01,0.1,6,errors<=floor(L*q_threshold),errors*100<=64*10,100000,100000,0,1.0,L_independent_error_events_per_trial
L64_q00.01_q10.2_qth0.1,honest,2026090510,64,0.01,0.2,0.01,0.1,6,errors<=floor(L*q_threshold),errors*100<=64*10,100000,99999,1,0.99999,L_independent_error_events_per_trial
L64_q00.01_q10.2_qth0.1,attack,2026090501,64,0.01,0.2,0.2,0.1,6,errors<=floor(L*q_threshold),errors*100<=64*10,100000,1785,98215,0.01785,L_independent_error_events_per_trial
L64_q00.01_q10.2_qth0.1,attack,2026090502,64,0.01,0.2,0.2,0.1,6,errors<=floor(L*q_threshold),errors*100<=64*10,100000,1743,98257,0.01743,L_independent_error_events_per_trial
L64_q00.01_q10.2_qth0.1,attack,2026090503,64,0.01,0.2,0.2,0.1,6,errors<=floor(L*q_threshold),errors*100<=64*10,100000,1835,98165,0.01835,L_independent_error_events_per_trial
L64_q00.01_q10.2_qth0.1,attack,2026090504,64,0.01,0.2,0.2,0.1,6,errors<=floor(L*q_threshold),errors*100<=64*10,100000,1789,98211,0.01789,L_independent_error_events_per_trial
L64_q00.01_q10.2_qth0.1,attack,2026090505,64,0.01,0.2,0.2,0.1,6,errors<=floor(L*q_threshold),errors*100<=64*10,100000,1768,98232,0.01768,L_independent_error_events_per_trial
L64_q00.01_q10.2_qth0.1,attack,2026090506,64,0.01,0.2,0.2,0.1,6,errors<=floor(L*q_threshold),errors*100<=64*10,100000,1840,98160,0.0184,L_independent_error_events_per_trial
L64_q00.01_q10.2_qth0.1,attack,2026090507,64,0.01,0.2,0.2,0.1,6,errors<=floor(L*q_threshold),errors*100<=64*10,100000,1777,98223,0.01777,L_independent_error_events_per_trial
L64_q00.01_q10.2_qth0.1,attack,2026090508,64,0.01,0.2,0.2,0.1,6,errors<=floor(L*q_threshold),errors*100<=64*10,100000,1810,98190,0.0181,L_independent_error_events_per_trial
L64_q00.01_q10.2_qth0.1,attack,2026090509,64,0.01,0.2,0.2,0.1,6,errors<=floor(L*q_threshold),errors*100<=64*10,100000,1845,98155,0.01845,L_independent_error_events_per_trial
L64_q00.01_q10.2_qth0.1,attack,2026090510,64,0.01,0.2,0.2,0.1,6,errors<=floor(L*q_threshold),errors*100<=64*10,100000,1882,98118,0.01882,L_independent_error_events_per_trial
L64_q00.01_q10.2_qth0.15,honest,2026090501,64,0.01,0.2,0.01,0.15,9,errors<=floor(L*q_threshold),errors*100<=64*15,100000,100000,0,1.0,L_independent_error_events_per_trial
L64_q00.01_q10.2_qth0.15,honest,2026090502,64,0.01,0.2,0.01,0.15,9,errors<=floor(L*q_threshold),errors*100<=64*15,100000,100000,0,1.0,L_independent_error_events_per_trial
L64_q00.01_q10.2_qth0.15,honest,2026090503,64,0.01,0.2,0.01,0.15,9,errors<=floor(L*q_threshold),errors*100<=64*15,100000,100000,0,1.0,L_independent_error_events_per_trial
L64_q00.01_q10.2_qth0.15,honest,2026090504,64,0.01,0.2,0.01,0.15,9,errors<=floor(L*q_threshold),errors*100<=64*15,100000,100000,0,1.0,L_independent_error_events_per_trial
L64_q00.01_q10.2_qth0.15,honest,2026090505,64,0.01,0.2,0.01,0.15,9,errors<=floor(L*q_threshold),errors*100<=64*15,100000,100000,0,1.0,L_independent_error_events_per_trial
L64_q00.01_q10.2_qth0.15,honest,2026090506,64,0.01,0.2,0.01,0.15,9,errors<=floor(L*q_threshold),errors*100<=64*15,100000,100000,0,1.0,L_independent_error_events_per_trial
L64_q00.01_q10.2_qth0.15,honest,2026090507,64,0.01,0.2,0.01,0.15,9,errors<=floor(L*q_threshold),errors*100<=64*15,100000,100000,0,1.0,L_independent_error_events_per_trial
L64_q00.01_q10.2_qth0.15,honest,2026090508,64,0.01,0.2,0.01,0.15,9,errors<=floor(L*q_threshold),errors*100<=64*15,100000,100000,0,1.0,L_independent_error_events_per_trial
L64_q00.01_q10.2_qth0.15,honest,2026090509,64,0.01,0.2,0.01,0.15,9,errors<=floor(L*q_threshold),errors*100<=64*15,100000,100000,0,1.0,L_independent_error_events_per_trial
L64_q00.01_q10.2_qth0.15,honest,2026090510,64,0.01,0.2,0.01,0.15,9,errors<=floor(L*q_threshold),errors*100<=64*15,100000,100000,0,1.0,L_independent_error_events_per_trial
L64_q00.01_q10.2_qth0.15,attack,2026090501,64,0.01,0.2,0.2,0.15,9,errors<=floor(L*q_threshold),errors*100<=64*15,100000,15006,84994,0.15006,L_independent_error_events_per_trial
L64_q00.01_q10.2_qth0.15,attack,2026090502,64,0.01,0.2,0.2,0.15,9,errors<=floor(L*q_threshold),errors*100<=64*15,100000,15025,84975,0.15025,L_independent_error_events_per_trial
L64_q00.01_q10.2_qth0.15,attack,2026090503,64,0.01,0.2,0.2,0.15,9,errors<=floor(L*q_threshold),errors*100<=64*15,100000,15086,84914,0.15086,L_independent_error_events_per_trial
L64_q00.01_q10.2_qth0.15,attack,2026090504,64,0.01,0.2,0.2,0.15,9,errors<=floor(L*q_threshold),errors*100<=64*15,100000,14857,85143,0.14857,L_independent_error_events_per_trial
L64_q00.01_q10.2_qth0.15,attack,2026090505,64,0.01,0.2,0.2,0.15,9,errors<=floor(L*q_threshold),errors*100<=64*15,100000,15061,84939,0.15061,L_independent_error_events_per_trial
L64_q00.01_q10.2_qth0.15,attack,2026090506,64,0.01,0.2,0.2,0.15,9,errors<=floor(L*q_threshold),errors*100<=64*15,100000,15045,84955,0.15045,L_independent_error_events_per_trial
L64_q00.01_q10.2_qth0.15,attack,2026090507,64,0.01,0.2,0.2,0.15,9,errors<=floor(L*q_threshold),errors*100<=64*15,100000,14925,85075,0.14925,L_independent_error_events_per_trial
L64_q00.01_q10.2_qth0.15,attack,2026090508,64,0.01,0.2,0.2,0.15,9,errors<=floor(L*q_threshold),errors*100<=64*15,100000,14934,85066,0.14934,L_independent_error_events_per_trial
L64_q00.01_q10.2_qth0.15,attack,2026090509,64,0.01,0.2,0.2,0.15,9,errors<=floor(L*q_threshold),errors*100<=64*15,100000,14917,85083,0.14917,L_independent_error_events_per_trial
L64_q00.01_q10.2_qth0.15,attack,2026090510,64,0.01,0.2,0.2,0.15,9,errors<=floor(L*q_threshold),errors*100<=64*15,100000,15266,84734,0.15266,L_independent_error_events_per_trial
L64_q00.03_q10.2_qth0.05,honest,2026090501,64,0.03,0.2,0.03,0.05,3,errors<=floor(L*q_threshold),errors*100<=64*5,100000,87414,12586,0.87414,L_independent_error_events_per_trial
L64_q00.03_q10.2_qth0.05,honest,2026090502,64,0.03,0.2,0.03,0.05,3,errors<=floor(L*q_threshold),errors*100<=64*5,100000,87333,12667,0.87333,L_independent_error_events_per_trial
L64_q00.03_q10.2_qth0.05,honest,2026090503,64,0.03,0.2,0.03,0.05,3,errors<=floor(L*q_threshold),errors*100<=64*5,100000,87245,12755,0.87245,L_independent_error_events_per_trial
L64_q00.03_q10.2_qth0.05,honest,2026090504,64,0.03,0.2,0.03,0.05,3,errors<=floor(L*q_threshold),errors*100<=64*5,100000,87494,12506,0.87494,L_independent_error_events_per_trial
L64_q00.03_q10.2_qth0.05,honest,2026090505,64,0.03,0.2,0.03,0.05,3,errors<=floor(L*q_threshold),errors*100<=64*5,100000,87371,12629,0.87371,L_independent_error_events_per_trial
L64_q00.03_q10.2_qth0.05,honest,2026090506,64,0.03,0.2,0.03,0.05,3,errors<=floor(L*q_threshold),errors*100<=64*5,100000,87406,12594,0.87406,L_independent_error_events_per_trial
L64_q00.03_q10.2_qth0.05,honest,2026090507,64,0.03,0.2,0.03,0.05,3,errors<=floor(L*q_threshold),errors*100<=64*5,100000,87499,12501,0.87499,L_independent_error_events_per_trial
L64_q00.03_q10.2_qth0.05,honest,2026090508,64,0.03,0.2,0.03,0.05,3,errors<=floor(L*q_threshold),errors*100<=64*5,100000,87403,12597,0.87403,L_independent_error_events_per_trial
L64_q00.03_q10.2_qth0.05,honest,2026090509,64,0.03,0.2,0.03,0.05,3,errors<=floor(L*q_threshold),errors*100<=64*5,100000,87272,12728,0.87272,L_independent_error_events_per_trial
L64_q00.03_q10.2_qth0.05,honest,2026090510,64,0.03,0.2,0.03,0.05,3,errors<=floor(L*q_threshold),errors*100<=64*5,100000,87406,12594,0.87406,L_independent_error_events_per_trial
L64_q00.03_q10.2_qth0.05,attack,2026090501,64,0.03,0.2,0.2,0.05,3,errors<=floor(L*q_threshold),errors*100<=64*5,100000,53,99947,0.00053,L_independent_error_events_per_trial
L64_q00.03_q10.2_qth0.05,attack,2026090502,64,0.03,0.2,0.2,0.05,3,errors<=floor(L*q_threshold),errors*100<=64*5,100000,51,99949,0.00051,L_independent_error_events_per_trial
L64_q00.03_q10.2_qth0.05,attack,2026090503,64,0.03,0.2,0.2,0.05,3,errors<=floor(L*q_threshold),errors*100<=64*5,100000,53,99947,0.00053,L_independent_error_events_per_trial
L64_q00.03_q10.2_qth0.05,attack,2026090504,64,0.03,0.2,0.2,0.05,3,errors<=floor(L*q_threshold),errors*100<=64*5,100000,60,99940,0.0006,L_independent_error_events_per_trial
L64_q00.03_q10.2_qth0.05,attack,2026090505,64,0.03,0.2,0.2,0.05,3,errors<=floor(L*q_threshold),errors*100<=64*5,100000,37,99963,0.00037,L_independent_error_events_per_trial
L64_q00.03_q10.2_qth0.05,attack,2026090506,64,0.03,0.2,0.2,0.05,3,errors<=floor(L*q_threshold),errors*100<=64*5,100000,59,99941,0.00059,L_independent_error_events_per_trial
L64_q00.03_q10.2_qth0.05,attack,2026090507,64,0.03,0.2,0.2,0.05,3,errors<=floor(L*q_threshold),errors*100<=64*5,100000,50,99950,0.0005,L_independent_error_events_per_trial
L64_q00.03_q10.2_qth0.05,attack,2026090508,64,0.03,0.2,0.2,0.05,3,errors<=floor(L*q_threshold),errors*100<=64*5,100000,52,99948,0.00052,L_independent_error_events_per_trial
L64_q00.03_q10.2_qth0.05,attack,2026090509,64,0.03,0.2,0.2,0.05,3,errors<=floor(L*q_threshold),errors*100<=64*5,100000,33,99967,0.00033,L_independent_error_events_per_trial
L64_q00.03_q10.2_qth0.05,attack,2026090510,64,0.03,0.2,0.2,0.05,3,errors<=floor(L*q_threshold),errors*100<=64*5,100000,45,99955,0.00045,L_independent_error_events_per_trial
L64_q00.03_q10.2_qth0.1,honest,2026090501,64,0.03,0.2,0.03,0.1,6,errors<=floor(L*q_threshold),errors*100<=64*10,100000,99693,307,0.99693,L_independent_error_events_per_trial
L64_q00.03_q10.2_qth0.1,honest,2026090502,64,0.03,0.2,0.03,0.1,6,errors<=floor(L*q_threshold),errors*100<=64*10,100000,99688,312,0.99688,L_independent_error_events_per_trial
L64_q00.03_q10.2_qth0.1,honest,2026090503,64,0.03,0.2,0.03,0.1,6,errors<=floor(L*q_threshold),errors*100<=64*10,100000,99685,315,0.99685,L_independent_error_events_per_trial
L64_q00.03_q10.2_qth0.1,honest,2026090504,64,0.03,0.2,0.03,0.1,6,errors<=floor(L*q_threshold),errors*100<=64*10,100000,99691,309,0.99691,L_independent_error_events_per_trial
L64_q00.03_q10.2_qth0.1,honest,2026090505,64,0.03,0.2,0.03,0.1,6,errors<=floor(L*q_threshold),errors*100<=64*10,100000,99721,279,0.99721,L_independent_error_events_per_trial
L64_q00.03_q10.2_qth0.1,honest,2026090506,64,0.03,0.2,0.03,0.1,6,errors<=floor(L*q_threshold),errors*100<=64*10,100000,99701,299,0.99701,L_independent_error_events_per_trial
L64_q00.03_q10.2_qth0.1,honest,2026090507,64,0.03,0.2,0.03,0.1,6,errors<=floor(L*q_threshold),errors*100<=64*10,100000,99720,280,0.9972,L_independent_error_events_per_trial
L64_q00.03_q10.2_qth0.1,honest,2026090508,64,0.03,0.2,0.03,0.1,6,errors<=floor(L*q_threshold),errors*100<=64*10,100000,99696,304,0.99696,L_independent_error_events_per_trial
L64_q00.03_q10.2_qth0.1,honest,2026090509,64,0.03,0.2,0.03,0.1,6,errors<=floor(L*q_threshold),errors*100<=64*10,100000,99675,325,0.99675,L_independent_error_events_per_trial
L64_q00.03_q10.2_qth0.1,honest,2026090510,64,0.03,0.2,0.03,0.1,6,errors<=floor(L*q_threshold),errors*100<=64*10,100000,99697,303,0.99697,L_independent_error_events_per_trial
L64_q00.03_q10.2_qth0.1,attack,2026090501,64,0.03,0.2,0.2,0.1,6,errors<=floor(L*q_threshold),errors*100<=64*10,100000,1785,98215,0.01785,L_independent_error_events_per_trial
L64_q00.03_q10.2_qth0.1,attack,2026090502,64,0.03,0.2,0.2,0.1,6,errors<=floor(L*q_threshold),errors*100<=64*10,100000,1743,98257,0.01743,L_independent_error_events_per_trial
L64_q00.03_q10.2_qth0.1,attack,2026090503,64,0.03,0.2,0.2,0.1,6,errors<=floor(L*q_threshold),errors*100<=64*10,100000,1835,98165,0.01835,L_independent_error_events_per_trial
L64_q00.03_q10.2_qth0.1,attack,2026090504,64,0.03,0.2,0.2,0.1,6,errors<=floor(L*q_threshold),errors*100<=64*10,100000,1789,98211,0.01789,L_independent_error_events_per_trial
L64_q00.03_q10.2_qth0.1,attack,2026090505,64,0.03,0.2,0.2,0.1,6,errors<=floor(L*q_threshold),errors*100<=64*10,100000,1768,98232,0.01768,L_independent_error_events_per_trial
L64_q00.03_q10.2_qth0.1,attack,2026090506,64,0.03,0.2,0.2,0.1,6,errors<=floor(L*q_threshold),errors*100<=64*10,100000,1840,98160,0.0184,L_independent_error_events_per_trial
L64_q00.03_q10.2_qth0.1,attack,2026090507,64,0.03,0.2,0.2,0.1,6,errors<=floor(L*q_threshold),errors*100<=64*10,100000,1777,98223,0.01777,L_independent_error_events_per_trial
L64_q00.03_q10.2_qth0.1,attack,2026090508,64,0.03,0.2,0.2,0.1,6,errors<=floor(L*q_threshold),errors*100<=64*10,100000,1810,98190,0.0181,L_independent_error_events_per_trial
L64_q00.03_q10.2_qth0.1,attack,2026090509,64,0.03,0.2,0.2,0.1,6,errors<=floor(L*q_threshold),errors*100<=64*10,100000,1845,98155,0.01845,L_independent_error_events_per_trial
L64_q00.03_q10.2_qth0.1,attack,2026090510,64,0.03,0.2,0.2,0.1,6,errors<=floor(L*q_threshold),errors*100<=64*10,100000,1882,98118,0.01882,L_independent_error_events_per_trial
L64_q00.03_q10.2_qth0.15,honest,2026090501,64,0.03,0.2,0.03,0.15,9,errors<=floor(L*q_threshold),errors*100<=64*15,100000,99997,3,0.99997,L_independent_error_events_per_trial
L64_q00.03_q10.2_qth0.15,honest,2026090502,64,0.03,0.2,0.03,0.15,9,errors<=floor(L*q_threshold),errors*100<=64*15,100000,99999,1,0.99999,L_independent_error_events_per_trial
L64_q00.03_q10.2_qth0.15,honest,2026090503,64,0.03,0.2,0.03,0.15,9,errors<=floor(L*q_threshold),errors*100<=64*15,100000,99997,3,0.99997,L_independent_error_events_per_trial
L64_q00.03_q10.2_qth0.15,honest,2026090504,64,0.03,0.2,0.03,0.15,9,errors<=floor(L*q_threshold),errors*100<=64*15,100000,100000,0,1.0,L_independent_error_events_per_trial
L64_q00.03_q10.2_qth0.15,honest,2026090505,64,0.03,0.2,0.03,0.15,9,errors<=floor(L*q_threshold),errors*100<=64*15,100000,99999,1,0.99999,L_independent_error_events_per_trial
L64_q00.03_q10.2_qth0.15,honest,2026090506,64,0.03,0.2,0.03,0.15,9,errors<=floor(L*q_threshold),errors*100<=64*15,100000,99998,2,0.99998,L_independent_error_events_per_trial
L64_q00.03_q10.2_qth0.15,honest,2026090507,64,0.03,0.2,0.03,0.15,9,errors<=floor(L*q_threshold),errors*100<=64*15,100000,99997,3,0.99997,L_independent_error_events_per_trial
L64_q00.03_q10.2_qth0.15,honest,2026090508,64,0.03,0.2,0.03,0.15,9,errors<=floor(L*q_threshold),errors*100<=64*15,100000,99998,2,0.99998,L_independent_error_events_per_trial
L64_q00.03_q10.2_qth0.15,honest,2026090509,64,0.03,0.2,0.03,0.15,9,errors<=floor(L*q_threshold),errors*100<=64*15,100000,99997,3,0.99997,L_independent_error_events_per_trial
L64_q00.03_q10.2_qth0.15,honest,2026090510,64,0.03,0.2,0.03,0.15,9,errors<=floor(L*q_threshold),errors*100<=64*15,100000,99998,2,0.99998,L_independent_error_events_per_trial
L64_q00.03_q10.2_qth0.15,attack,2026090501,64,0.03,0.2,0.2,0.15,9,errors<=floor(L*q_threshold),errors*100<=64*15,100000,15006,84994,0.15006,L_independent_error_events_per_trial
L64_q00.03_q10.2_qth0.15,attack,2026090502,64,0.03,0.2,0.2,0.15,9,errors<=floor(L*q_threshold),errors*100<=64*15,100000,15025,84975,0.15025,L_independent_error_events_per_trial
L64_q00.03_q10.2_qth0.15,attack,2026090503,64,0.03,0.2,0.2,0.15,9,errors<=floor(L*q_threshold),errors*100<=64*15,100000,15086,84914,0.15086,L_independent_error_events_per_trial
L64_q00.03_q10.2_qth0.15,attack,2026090504,64,0.03,0.2,0.2,0.15,9,errors<=floor(L*q_threshold),errors*100<=64*15,100000,14857,85143,0.14857,L_independent_error_events_per_trial
L64_q00.03_q10.2_qth0.15,attack,2026090505,64,0.03,0.2,0.2,0.15,9,errors<=floor(L*q_threshold),errors*100<=64*15,100000,15061,84939,0.15061,L_independent_error_events_per_trial
L64_q00.03_q10.2_qth0.15,attack,2026090506,64,0.03,0.2,0.2,0.15,9,errors<=floor(L*q_threshold),errors*100<=64*15,100000,15045,84955,0.15045,L_independent_error_events_per_trial
L64_q00.03_q10.2_qth0.15,attack,2026090507,64,0.03,0.2,0.2,0.15,9,errors<=floor(L*q_threshold),errors*100<=64*15,100000,14925,85075,0.14925,L_independent_error_events_per_trial
L64_q00.03_q10.2_qth0.15,attack,2026090508,64,0.03,0.2,0.2,0.15,9,errors<=floor(L*q_threshold),errors*100<=64*15,100000,14934,85066,0.14934,L_independent_error_events_per_trial
L64_q00.03_q10.2_qth0.15,attack,2026090509,64,0.03,0.2,0.2,0.15,9,errors<=floor(L*q_threshold),errors*100<=64*15,100000,14917,85083,0.14917,L_independent_error_events_per_trial
L64_q00.03_q10.2_qth0.15,attack,2026090510,64,0.03,0.2,0.2,0.15,9,errors<=floor(L*q_threshold),errors*100<=64*15,100000,15266,84734,0.15266,L_independent_error_events_per_trial
L64_q00.05_q10.2_qth0.05,honest,2026090501,64,0.05,0.2,0.05,0.05,3,errors<=floor(L*q_threshold),errors*100<=64*5,100000,59988,40012,0.59988,L_independent_error_events_per_trial
L64_q00.05_q10.2_qth0.05,honest,2026090502,64,0.05,0.2,0.05,0.05,3,errors<=floor(L*q_threshold),errors*100<=64*5,100000,60325,39675,0.60325,L_independent_error_events_per_trial
L64_q00.05_q10.2_qth0.05,honest,2026090503,64,0.05,0.2,0.05,0.05,3,errors<=floor(L*q_threshold),errors*100<=64*5,100000,60303,39697,0.60303,L_independent_error_events_per_trial
L64_q00.05_q10.2_qth0.05,honest,2026090504,64,0.05,0.2,0.05,0.05,3,errors<=floor(L*q_threshold),errors*100<=64*5,100000,59960,40040,0.5996,L_independent_error_events_per_trial
L64_q00.05_q10.2_qth0.05,honest,2026090505,64,0.05,0.2,0.05,0.05,3,errors<=floor(L*q_threshold),errors*100<=64*5,100000,60059,39941,0.60059,L_independent_error_events_per_trial
L64_q00.05_q10.2_qth0.05,honest,2026090506,64,0.05,0.2,0.05,0.05,3,errors<=floor(L*q_threshold),errors*100<=64*5,100000,60239,39761,0.60239,L_independent_error_events_per_trial
L64_q00.05_q10.2_qth0.05,honest,2026090507,64,0.05,0.2,0.05,0.05,3,errors<=floor(L*q_threshold),errors*100<=64*5,100000,60033,39967,0.60033,L_independent_error_events_per_trial
L64_q00.05_q10.2_qth0.05,honest,2026090508,64,0.05,0.2,0.05,0.05,3,errors<=floor(L*q_threshold),errors*100<=64*5,100000,60186,39814,0.60186,L_independent_error_events_per_trial
L64_q00.05_q10.2_qth0.05,honest,2026090509,64,0.05,0.2,0.05,0.05,3,errors<=floor(L*q_threshold),errors*100<=64*5,100000,59994,40006,0.59994,L_independent_error_events_per_trial
L64_q00.05_q10.2_qth0.05,honest,2026090510,64,0.05,0.2,0.05,0.05,3,errors<=floor(L*q_threshold),errors*100<=64*5,100000,60113,39887,0.60113,L_independent_error_events_per_trial
L64_q00.05_q10.2_qth0.05,attack,2026090501,64,0.05,0.2,0.2,0.05,3,errors<=floor(L*q_threshold),errors*100<=64*5,100000,53,99947,0.00053,L_independent_error_events_per_trial
L64_q00.05_q10.2_qth0.05,attack,2026090502,64,0.05,0.2,0.2,0.05,3,errors<=floor(L*q_threshold),errors*100<=64*5,100000,51,99949,0.00051,L_independent_error_events_per_trial
L64_q00.05_q10.2_qth0.05,attack,2026090503,64,0.05,0.2,0.2,0.05,3,errors<=floor(L*q_threshold),errors*100<=64*5,100000,53,99947,0.00053,L_independent_error_events_per_trial
L64_q00.05_q10.2_qth0.05,attack,2026090504,64,0.05,0.2,0.2,0.05,3,errors<=floor(L*q_threshold),errors*100<=64*5,100000,60,99940,0.0006,L_independent_error_events_per_trial
L64_q00.05_q10.2_qth0.05,attack,2026090505,64,0.05,0.2,0.2,0.05,3,errors<=floor(L*q_threshold),errors*100<=64*5,100000,37,99963,0.00037,L_independent_error_events_per_trial
L64_q00.05_q10.2_qth0.05,attack,2026090506,64,0.05,0.2,0.2,0.05,3,errors<=floor(L*q_threshold),errors*100<=64*5,100000,59,99941,0.00059,L_independent_error_events_per_trial
L64_q00.05_q10.2_qth0.05,attack,2026090507,64,0.05,0.2,0.2,0.05,3,errors<=floor(L*q_threshold),errors*100<=64*5,100000,50,99950,0.0005,L_independent_error_events_per_trial
L64_q00.05_q10.2_qth0.05,attack,2026090508,64,0.05,0.2,0.2,0.05,3,errors<=floor(L*q_threshold),errors*100<=64*5,100000,52,99948,0.00052,L_independent_error_events_per_trial
L64_q00.05_q10.2_qth0.05,attack,2026090509,64,0.05,0.2,0.2,0.05,3,errors<=floor(L*q_threshold),errors*100<=64*5,100000,33,99967,0.00033,L_independent_error_events_per_trial
L64_q00.05_q10.2_qth0.05,attack,2026090510,64,0.05,0.2,0.2,0.05,3,errors<=floor(L*q_threshold),errors*100<=64*5,100000,45,99955,0.00045,L_independent_error_events_per_trial
L64_q00.05_q10.2_qth0.1,honest,2026090501,64,0.05,0.2,0.05,0.1,6,errors<=floor(L*q_threshold),errors*100<=64*10,100000,95913,4087,0.95913,L_independent_error_events_per_trial
L64_q00.05_q10.2_qth0.1,honest,2026090502,64,0.05,0.2,0.05,0.1,6,errors<=floor(L*q_threshold),errors*100<=64*10,100000,96078,3922,0.96078,L_independent_error_events_per_trial
L64_q00.05_q10.2_qth0.1,honest,2026090503,64,0.05,0.2,0.05,0.1,6,errors<=floor(L*q_threshold),errors*100<=64*10,100000,96156,3844,0.96156,L_independent_error_events_per_trial
L64_q00.05_q10.2_qth0.1,honest,2026090504,64,0.05,0.2,0.05,0.1,6,errors<=floor(L*q_threshold),errors*100<=64*10,100000,95907,4093,0.95907,L_independent_error_events_per_trial
L64_q00.05_q10.2_qth0.1,honest,2026090505,64,0.05,0.2,0.05,0.1,6,errors<=floor(L*q_threshold),errors*100<=64*10,100000,96014,3986,0.96014,L_independent_error_events_per_trial
L64_q00.05_q10.2_qth0.1,honest,2026090506,64,0.05,0.2,0.05,0.1,6,errors<=floor(L*q_threshold),errors*100<=64*10,100000,96002,3998,0.96002,L_independent_error_events_per_trial
L64_q00.05_q10.2_qth0.1,honest,2026090507,64,0.05,0.2,0.05,0.1,6,errors<=floor(L*q_threshold),errors*100<=64*10,100000,96000,4000,0.96,L_independent_error_events_per_trial
L64_q00.05_q10.2_qth0.1,honest,2026090508,64,0.05,0.2,0.05,0.1,6,errors<=floor(L*q_threshold),errors*100<=64*10,100000,95925,4075,0.95925,L_independent_error_events_per_trial
L64_q00.05_q10.2_qth0.1,honest,2026090509,64,0.05,0.2,0.05,0.1,6,errors<=floor(L*q_threshold),errors*100<=64*10,100000,95991,4009,0.95991,L_independent_error_events_per_trial
L64_q00.05_q10.2_qth0.1,honest,2026090510,64,0.05,0.2,0.05,0.1,6,errors<=floor(L*q_threshold),errors*100<=64*10,100000,95877,4123,0.95877,L_independent_error_events_per_trial
L64_q00.05_q10.2_qth0.1,attack,2026090501,64,0.05,0.2,0.2,0.1,6,errors<=floor(L*q_threshold),errors*100<=64*10,100000,1785,98215,0.01785,L_independent_error_events_per_trial
L64_q00.05_q10.2_qth0.1,attack,2026090502,64,0.05,0.2,0.2,0.1,6,errors<=floor(L*q_threshold),errors*100<=64*10,100000,1743,98257,0.01743,L_independent_error_events_per_trial
L64_q00.05_q10.2_qth0.1,attack,2026090503,64,0.05,0.2,0.2,0.1,6,errors<=floor(L*q_threshold),errors*100<=64*10,100000,1835,98165,0.01835,L_independent_error_events_per_trial
L64_q00.05_q10.2_qth0.1,attack,2026090504,64,0.05,0.2,0.2,0.1,6,errors<=floor(L*q_threshold),errors*100<=64*10,100000,1789,98211,0.01789,L_independent_error_events_per_trial
L64_q00.05_q10.2_qth0.1,attack,2026090505,64,0.05,0.2,0.2,0.1,6,errors<=floor(L*q_threshold),errors*100<=64*10,100000,1768,98232,0.01768,L_independent_error_events_per_trial
L64_q00.05_q10.2_qth0.1,attack,2026090506,64,0.05,0.2,0.2,0.1,6,errors<=floor(L*q_threshold),errors*100<=64*10,100000,1840,98160,0.0184,L_independent_error_events_per_trial
L64_q00.05_q10.2_qth0.1,attack,2026090507,64,0.05,0.2,0.2,0.1,6,errors<=floor(L*q_threshold),errors*100<=64*10,100000,1777,98223,0.01777,L_independent_error_events_per_trial
L64_q00.05_q10.2_qth0.1,attack,2026090508,64,0.05,0.2,0.2,0.1,6,errors<=floor(L*q_threshold),errors*100<=64*10,100000,1810,98190,0.0181,L_independent_error_events_per_trial
L64_q00.05_q10.2_qth0.1,attack,2026090509,64,0.05,0.2,0.2,0.1,6,errors<=floor(L*q_threshold),errors*100<=64*10,100000,1845,98155,0.01845,L_independent_error_events_per_trial
L64_q00.05_q10.2_qth0.1,attack,2026090510,64,0.05,0.2,0.2,0.1,6,errors<=floor(L*q_threshold),errors*100<=64*10,100000,1882,98118,0.01882,L_independent_error_events_per_trial
L64_q00.05_q10.2_qth0.15,honest,2026090501,64,0.05,0.2,0.05,0.15,9,errors<=floor(L*q_threshold),errors*100<=64*15,100000,99865,135,0.99865,L_independent_error_events_per_trial
L64_q00.05_q10.2_qth0.15,honest,2026090502,64,0.05,0.2,0.05,0.15,9,errors<=floor(L*q_threshold),errors*100<=64*15,100000,99876,124,0.99876,L_independent_error_events_per_trial
L64_q00.05_q10.2_qth0.15,honest,2026090503,64,0.05,0.2,0.05,0.15,9,errors<=floor(L*q_threshold),errors*100<=64*15,100000,99885,115,0.99885,L_independent_error_events_per_trial
L64_q00.05_q10.2_qth0.15,honest,2026090504,64,0.05,0.2,0.05,0.15,9,errors<=floor(L*q_threshold),errors*100<=64*15,100000,99872,128,0.99872,L_independent_error_events_per_trial
L64_q00.05_q10.2_qth0.15,honest,2026090505,64,0.05,0.2,0.05,0.15,9,errors<=floor(L*q_threshold),errors*100<=64*15,100000,99889,111,0.99889,L_independent_error_events_per_trial
L64_q00.05_q10.2_qth0.15,honest,2026090506,64,0.05,0.2,0.05,0.15,9,errors<=floor(L*q_threshold),errors*100<=64*15,100000,99871,129,0.99871,L_independent_error_events_per_trial
L64_q00.05_q10.2_qth0.15,honest,2026090507,64,0.05,0.2,0.05,0.15,9,errors<=floor(L*q_threshold),errors*100<=64*15,100000,99888,112,0.99888,L_independent_error_events_per_trial
L64_q00.05_q10.2_qth0.15,honest,2026090508,64,0.05,0.2,0.05,0.15,9,errors<=floor(L*q_threshold),errors*100<=64*15,100000,99883,117,0.99883,L_independent_error_events_per_trial
L64_q00.05_q10.2_qth0.15,honest,2026090509,64,0.05,0.2,0.05,0.15,9,errors<=floor(L*q_threshold),errors*100<=64*15,100000,99866,134,0.99866,L_independent_error_events_per_trial
L64_q00.05_q10.2_qth0.15,honest,2026090510,64,0.05,0.2,0.05,0.15,9,errors<=floor(L*q_threshold),errors*100<=64*15,100000,99845,155,0.99845,L_independent_error_events_per_trial
L64_q00.05_q10.2_qth0.15,attack,2026090501,64,0.05,0.2,0.2,0.15,9,errors<=floor(L*q_threshold),errors*100<=64*15,100000,15006,84994,0.15006,L_independent_error_events_per_trial
L64_q00.05_q10.2_qth0.15,attack,2026090502,64,0.05,0.2,0.2,0.15,9,errors<=floor(L*q_threshold),errors*100<=64*15,100000,15025,84975,0.15025,L_independent_error_events_per_trial
L64_q00.05_q10.2_qth0.15,attack,2026090503,64,0.05,0.2,0.2,0.15,9,errors<=floor(L*q_threshold),errors*100<=64*15,100000,15086,84914,0.15086,L_independent_error_events_per_trial
L64_q00.05_q10.2_qth0.15,attack,2026090504,64,0.05,0.2,0.2,0.15,9,errors<=floor(L*q_threshold),errors*100<=64*15,100000,14857,85143,0.14857,L_independent_error_events_per_trial
L64_q00.05_q10.2_qth0.15,attack,2026090505,64,0.05,0.2,0.2,0.15,9,errors<=floor(L*q_threshold),errors*100<=64*15,100000,15061,84939,0.15061,L_independent_error_events_per_trial
L64_q00.05_q10.2_qth0.15,attack,2026090506,64,0.05,0.2,0.2,0.15,9,errors<=floor(L*q_threshold),errors*100<=64*15,100000,15045,84955,0.15045,L_independent_error_events_per_trial
L64_q00.05_q10.2_qth0.15,attack,2026090507,64,0.05,0.2,0.2,0.15,9,errors<=floor(L*q_threshold),errors*100<=64*15,100000,14925,85075,0.14925,L_independent_error_events_per_trial
L64_q00.05_q10.2_qth0.15,attack,2026090508,64,0.05,0.2,0.2,0.15,9,errors<=floor(L*q_threshold),errors*100<=64*15,100000,14934,85066,0.14934,L_independent_error_events_per_trial
L64_q00.05_q10.2_qth0.15,attack,2026090509,64,0.05,0.2,0.2,0.15,9,errors<=floor(L*q_threshold),errors*100<=64*15,100000,14917,85083,0.14917,L_independent_error_events_per_trial
L64_q00.05_q10.2_qth0.15,attack,2026090510,64,0.05,0.2,0.2,0.15,9,errors<=floor(L*q_threshold),errors*100<=64*15,100000,15266,84734,0.15266,L_independent_error_events_per_trial
L128_q00_q10.2_qth0.05,honest,2026090501,128,0.0,0.2,0.0,0.05,6,errors<=floor(L*q_threshold),errors*100<=128*5,100000,100000,0,1.0,L_independent_error_events_per_trial
L128_q00_q10.2_qth0.05,honest,2026090502,128,0.0,0.2,0.0,0.05,6,errors<=floor(L*q_threshold),errors*100<=128*5,100000,100000,0,1.0,L_independent_error_events_per_trial
L128_q00_q10.2_qth0.05,honest,2026090503,128,0.0,0.2,0.0,0.05,6,errors<=floor(L*q_threshold),errors*100<=128*5,100000,100000,0,1.0,L_independent_error_events_per_trial
L128_q00_q10.2_qth0.05,honest,2026090504,128,0.0,0.2,0.0,0.05,6,errors<=floor(L*q_threshold),errors*100<=128*5,100000,100000,0,1.0,L_independent_error_events_per_trial
L128_q00_q10.2_qth0.05,honest,2026090505,128,0.0,0.2,0.0,0.05,6,errors<=floor(L*q_threshold),errors*100<=128*5,100000,100000,0,1.0,L_independent_error_events_per_trial
L128_q00_q10.2_qth0.05,honest,2026090506,128,0.0,0.2,0.0,0.05,6,errors<=floor(L*q_threshold),errors*100<=128*5,100000,100000,0,1.0,L_independent_error_events_per_trial
L128_q00_q10.2_qth0.05,honest,2026090507,128,0.0,0.2,0.0,0.05,6,errors<=floor(L*q_threshold),errors*100<=128*5,100000,100000,0,1.0,L_independent_error_events_per_trial
L128_q00_q10.2_qth0.05,honest,2026090508,128,0.0,0.2,0.0,0.05,6,errors<=floor(L*q_threshold),errors*100<=128*5,100000,100000,0,1.0,L_independent_error_events_per_trial
L128_q00_q10.2_qth0.05,honest,2026090509,128,0.0,0.2,0.0,0.05,6,errors<=floor(L*q_threshold),errors*100<=128*5,100000,100000,0,1.0,L_independent_error_events_per_trial
L128_q00_q10.2_qth0.05,honest,2026090510,128,0.0,0.2,0.0,0.05,6,errors<=floor(L*q_threshold),errors*100<=128*5,100000,100000,0,1.0,L_independent_error_events_per_trial
L128_q00_q10.2_qth0.05,attack,2026090501,128,0.0,0.2,0.2,0.05,6,errors<=floor(L*q_threshold),errors*100<=128*5,100000,0,100000,0.0,L_independent_error_events_per_trial
L128_q00_q10.2_qth0.05,attack,2026090502,128,0.0,0.2,0.2,0.05,6,errors<=floor(L*q_threshold),errors*100<=128*5,100000,0,100000,0.0,L_independent_error_events_per_trial
L128_q00_q10.2_qth0.05,attack,2026090503,128,0.0,0.2,0.2,0.05,6,errors<=floor(L*q_threshold),errors*100<=128*5,100000,0,100000,0.0,L_independent_error_events_per_trial
L128_q00_q10.2_qth0.05,attack,2026090504,128,0.0,0.2,0.2,0.05,6,errors<=floor(L*q_threshold),errors*100<=128*5,100000,0,100000,0.0,L_independent_error_events_per_trial
L128_q00_q10.2_qth0.05,attack,2026090505,128,0.0,0.2,0.2,0.05,6,errors<=floor(L*q_threshold),errors*100<=128*5,100000,0,100000,0.0,L_independent_error_events_per_trial
L128_q00_q10.2_qth0.05,attack,2026090506,128,0.0,0.2,0.2,0.05,6,errors<=floor(L*q_threshold),errors*100<=128*5,100000,0,100000,0.0,L_independent_error_events_per_trial
L128_q00_q10.2_qth0.05,attack,2026090507,128,0.0,0.2,0.2,0.05,6,errors<=floor(L*q_threshold),errors*100<=128*5,100000,0,100000,0.0,L_independent_error_events_per_trial
L128_q00_q10.2_qth0.05,attack,2026090508,128,0.0,0.2,0.2,0.05,6,errors<=floor(L*q_threshold),errors*100<=128*5,100000,0,100000,0.0,L_independent_error_events_per_trial
L128_q00_q10.2_qth0.05,attack,2026090509,128,0.0,0.2,0.2,0.05,6,errors<=floor(L*q_threshold),errors*100<=128*5,100000,0,100000,0.0,L_independent_error_events_per_trial
L128_q00_q10.2_qth0.05,attack,2026090510,128,0.0,0.2,0.2,0.05,6,errors<=floor(L*q_threshold),errors*100<=128*5,100000,0,100000,0.0,L_independent_error_events_per_trial
L128_q00_q10.2_qth0.1,honest,2026090501,128,0.0,0.2,0.0,0.1,12,errors<=floor(L*q_threshold),errors*100<=128*10,100000,100000,0,1.0,L_independent_error_events_per_trial
L128_q00_q10.2_qth0.1,honest,2026090502,128,0.0,0.2,0.0,0.1,12,errors<=floor(L*q_threshold),errors*100<=128*10,100000,100000,0,1.0,L_independent_error_events_per_trial
L128_q00_q10.2_qth0.1,honest,2026090503,128,0.0,0.2,0.0,0.1,12,errors<=floor(L*q_threshold),errors*100<=128*10,100000,100000,0,1.0,L_independent_error_events_per_trial
L128_q00_q10.2_qth0.1,honest,2026090504,128,0.0,0.2,0.0,0.1,12,errors<=floor(L*q_threshold),errors*100<=128*10,100000,100000,0,1.0,L_independent_error_events_per_trial
L128_q00_q10.2_qth0.1,honest,2026090505,128,0.0,0.2,0.0,0.1,12,errors<=floor(L*q_threshold),errors*100<=128*10,100000,100000,0,1.0,L_independent_error_events_per_trial
L128_q00_q10.2_qth0.1,honest,2026090506,128,0.0,0.2,0.0,0.1,12,errors<=floor(L*q_threshold),errors*100<=128*10,100000,100000,0,1.0,L_independent_error_events_per_trial
L128_q00_q10.2_qth0.1,honest,2026090507,128,0.0,0.2,0.0,0.1,12,errors<=floor(L*q_threshold),errors*100<=128*10,100000,100000,0,1.0,L_independent_error_events_per_trial
L128_q00_q10.2_qth0.1,honest,2026090508,128,0.0,0.2,0.0,0.1,12,errors<=floor(L*q_threshold),errors*100<=128*10,100000,100000,0,1.0,L_independent_error_events_per_trial
L128_q00_q10.2_qth0.1,honest,2026090509,128,0.0,0.2,0.0,0.1,12,errors<=floor(L*q_threshold),errors*100<=128*10,100000,100000,0,1.0,L_independent_error_events_per_trial
L128_q00_q10.2_qth0.1,honest,2026090510,128,0.0,0.2,0.0,0.1,12,errors<=floor(L*q_threshold),errors*100<=128*10,100000,100000,0,1.0,L_independent_error_events_per_trial
L128_q00_q10.2_qth0.1,attack,2026090501,128,0.0,0.2,0.2,0.1,12,errors<=floor(L*q_threshold),errors*100<=128*10,100000,90,99910,0.0009,L_independent_error_events_per_trial
L128_q00_q10.2_qth0.1,attack,2026090502,128,0.0,0.2,0.2,0.1,12,errors<=floor(L*q_threshold),errors*100<=128*10,100000,81,99919,0.00081,L_independent_error_events_per_trial
L128_q00_q10.2_qth0.1,attack,2026090503,128,0.0,0.2,0.2,0.1,12,errors<=floor(L*q_threshold),errors*100<=128*10,100000,102,99898,0.00102,L_independent_error_events_per_trial
L128_q00_q10.2_qth0.1,attack,2026090504,128,0.0,0.2,0.2,0.1,12,errors<=floor(L*q_threshold),errors*100<=128*10,100000,106,99894,0.00106,L_independent_error_events_per_trial
L128_q00_q10.2_qth0.1,attack,2026090505,128,0.0,0.2,0.2,0.1,12,errors<=floor(L*q_threshold),errors*100<=128*10,100000,94,99906,0.00094,L_independent_error_events_per_trial
L128_q00_q10.2_qth0.1,attack,2026090506,128,0.0,0.2,0.2,0.1,12,errors<=floor(L*q_threshold),errors*100<=128*10,100000,79,99921,0.00079,L_independent_error_events_per_trial
L128_q00_q10.2_qth0.1,attack,2026090507,128,0.0,0.2,0.2,0.1,12,errors<=floor(L*q_threshold),errors*100<=128*10,100000,80,99920,0.0008,L_independent_error_events_per_trial
L128_q00_q10.2_qth0.1,attack,2026090508,128,0.0,0.2,0.2,0.1,12,errors<=floor(L*q_threshold),errors*100<=128*10,100000,80,99920,0.0008,L_independent_error_events_per_trial
L128_q00_q10.2_qth0.1,attack,2026090509,128,0.0,0.2,0.2,0.1,12,errors<=floor(L*q_threshold),errors*100<=128*10,100000,90,99910,0.0009,L_independent_error_events_per_trial
L128_q00_q10.2_qth0.1,attack,2026090510,128,0.0,0.2,0.2,0.1,12,errors<=floor(L*q_threshold),errors*100<=128*10,100000,93,99907,0.00093,L_independent_error_events_per_trial
L128_q00_q10.2_qth0.15,honest,2026090501,128,0.0,0.2,0.0,0.15,19,errors<=floor(L*q_threshold),errors*100<=128*15,100000,100000,0,1.0,L_independent_error_events_per_trial
L128_q00_q10.2_qth0.15,honest,2026090502,128,0.0,0.2,0.0,0.15,19,errors<=floor(L*q_threshold),errors*100<=128*15,100000,100000,0,1.0,L_independent_error_events_per_trial
L128_q00_q10.2_qth0.15,honest,2026090503,128,0.0,0.2,0.0,0.15,19,errors<=floor(L*q_threshold),errors*100<=128*15,100000,100000,0,1.0,L_independent_error_events_per_trial
L128_q00_q10.2_qth0.15,honest,2026090504,128,0.0,0.2,0.0,0.15,19,errors<=floor(L*q_threshold),errors*100<=128*15,100000,100000,0,1.0,L_independent_error_events_per_trial
L128_q00_q10.2_qth0.15,honest,2026090505,128,0.0,0.2,0.0,0.15,19,errors<=floor(L*q_threshold),errors*100<=128*15,100000,100000,0,1.0,L_independent_error_events_per_trial
L128_q00_q10.2_qth0.15,honest,2026090506,128,0.0,0.2,0.0,0.15,19,errors<=floor(L*q_threshold),errors*100<=128*15,100000,100000,0,1.0,L_independent_error_events_per_trial
L128_q00_q10.2_qth0.15,honest,2026090507,128,0.0,0.2,0.0,0.15,19,errors<=floor(L*q_threshold),errors*100<=128*15,100000,100000,0,1.0,L_independent_error_events_per_trial
L128_q00_q10.2_qth0.15,honest,2026090508,128,0.0,0.2,0.0,0.15,19,errors<=floor(L*q_threshold),errors*100<=128*15,100000,100000,0,1.0,L_independent_error_events_per_trial
L128_q00_q10.2_qth0.15,honest,2026090509,128,0.0,0.2,0.0,0.15,19,errors<=floor(L*q_threshold),errors*100<=128*15,100000,100000,0,1.0,L_independent_error_events_per_trial
L128_q00_q10.2_qth0.15,honest,2026090510,128,0.0,0.2,0.0,0.15,19,errors<=floor(L*q_threshold),errors*100<=128*15,100000,100000,0,1.0,L_independent_error_events_per_trial
L128_q00_q10.2_qth0.15,attack,2026090501,128,0.0,0.2,0.2,0.15,19,errors<=floor(L*q_threshold),errors*100<=128*15,100000,8630,91370,0.0863,L_independent_error_events_per_trial
L128_q00_q10.2_qth0.15,attack,2026090502,128,0.0,0.2,0.2,0.15,19,errors<=floor(L*q_threshold),errors*100<=128*15,100000,8348,91652,0.08348,L_independent_error_events_per_trial
L128_q00_q10.2_qth0.15,attack,2026090503,128,0.0,0.2,0.2,0.15,19,errors<=floor(L*q_threshold),errors*100<=128*15,100000,8683,91317,0.08683,L_independent_error_events_per_trial
L128_q00_q10.2_qth0.15,attack,2026090504,128,0.0,0.2,0.2,0.15,19,errors<=floor(L*q_threshold),errors*100<=128*15,100000,8518,91482,0.08518,L_independent_error_events_per_trial
L128_q00_q10.2_qth0.15,attack,2026090505,128,0.0,0.2,0.2,0.15,19,errors<=floor(L*q_threshold),errors*100<=128*15,100000,8588,91412,0.08588,L_independent_error_events_per_trial
L128_q00_q10.2_qth0.15,attack,2026090506,128,0.0,0.2,0.2,0.15,19,errors<=floor(L*q_threshold),errors*100<=128*15,100000,8561,91439,0.08561,L_independent_error_events_per_trial
L128_q00_q10.2_qth0.15,attack,2026090507,128,0.0,0.2,0.2,0.15,19,errors<=floor(L*q_threshold),errors*100<=128*15,100000,8616,91384,0.08616,L_independent_error_events_per_trial
L128_q00_q10.2_qth0.15,attack,2026090508,128,0.0,0.2,0.2,0.15,19,errors<=floor(L*q_threshold),errors*100<=128*15,100000,8563,91437,0.08563,L_independent_error_events_per_trial
L128_q00_q10.2_qth0.15,attack,2026090509,128,0.0,0.2,0.2,0.15,19,errors<=floor(L*q_threshold),errors*100<=128*15,100000,8603,91397,0.08603,L_independent_error_events_per_trial
L128_q00_q10.2_qth0.15,attack,2026090510,128,0.0,0.2,0.2,0.15,19,errors<=floor(L*q_threshold),errors*100<=128*15,100000,8592,91408,0.08592,L_independent_error_events_per_trial
L128_q00.01_q10.2_qth0.05,honest,2026090501,128,0.01,0.2,0.01,0.05,6,errors<=floor(L*q_threshold),errors*100<=128*5,100000,99957,43,0.99957,L_independent_error_events_per_trial
L128_q00.01_q10.2_qth0.05,honest,2026090502,128,0.01,0.2,0.01,0.05,6,errors<=floor(L*q_threshold),errors*100<=128*5,100000,99967,33,0.99967,L_independent_error_events_per_trial
L128_q00.01_q10.2_qth0.05,honest,2026090503,128,0.01,0.2,0.01,0.05,6,errors<=floor(L*q_threshold),errors*100<=128*5,100000,99954,46,0.99954,L_independent_error_events_per_trial
L128_q00.01_q10.2_qth0.05,honest,2026090504,128,0.01,0.2,0.01,0.05,6,errors<=floor(L*q_threshold),errors*100<=128*5,100000,99958,42,0.99958,L_independent_error_events_per_trial
L128_q00.01_q10.2_qth0.05,honest,2026090505,128,0.01,0.2,0.01,0.05,6,errors<=floor(L*q_threshold),errors*100<=128*5,100000,99965,35,0.99965,L_independent_error_events_per_trial
L128_q00.01_q10.2_qth0.05,honest,2026090506,128,0.01,0.2,0.01,0.05,6,errors<=floor(L*q_threshold),errors*100<=128*5,100000,99958,42,0.99958,L_independent_error_events_per_trial
L128_q00.01_q10.2_qth0.05,honest,2026090507,128,0.01,0.2,0.01,0.05,6,errors<=floor(L*q_threshold),errors*100<=128*5,100000,99970,30,0.9997,L_independent_error_events_per_trial
L128_q00.01_q10.2_qth0.05,honest,2026090508,128,0.01,0.2,0.01,0.05,6,errors<=floor(L*q_threshold),errors*100<=128*5,100000,99961,39,0.99961,L_independent_error_events_per_trial
L128_q00.01_q10.2_qth0.05,honest,2026090509,128,0.01,0.2,0.01,0.05,6,errors<=floor(L*q_threshold),errors*100<=128*5,100000,99968,32,0.99968,L_independent_error_events_per_trial
L128_q00.01_q10.2_qth0.05,honest,2026090510,128,0.01,0.2,0.01,0.05,6,errors<=floor(L*q_threshold),errors*100<=128*5,100000,99964,36,0.99964,L_independent_error_events_per_trial
L128_q00.01_q10.2_qth0.05,attack,2026090501,128,0.01,0.2,0.2,0.05,6,errors<=floor(L*q_threshold),errors*100<=128*5,100000,0,100000,0.0,L_independent_error_events_per_trial
L128_q00.01_q10.2_qth0.05,attack,2026090502,128,0.01,0.2,0.2,0.05,6,errors<=floor(L*q_threshold),errors*100<=128*5,100000,0,100000,0.0,L_independent_error_events_per_trial
L128_q00.01_q10.2_qth0.05,attack,2026090503,128,0.01,0.2,0.2,0.05,6,errors<=floor(L*q_threshold),errors*100<=128*5,100000,0,100000,0.0,L_independent_error_events_per_trial
L128_q00.01_q10.2_qth0.05,attack,2026090504,128,0.01,0.2,0.2,0.05,6,errors<=floor(L*q_threshold),errors*100<=128*5,100000,0,100000,0.0,L_independent_error_events_per_trial
L128_q00.01_q10.2_qth0.05,attack,2026090505,128,0.01,0.2,0.2,0.05,6,errors<=floor(L*q_threshold),errors*100<=128*5,100000,0,100000,0.0,L_independent_error_events_per_trial
L128_q00.01_q10.2_qth0.05,attack,2026090506,128,0.01,0.2,0.2,0.05,6,errors<=floor(L*q_threshold),errors*100<=128*5,100000,0,100000,0.0,L_independent_error_events_per_trial
L128_q00.01_q10.2_qth0.05,attack,2026090507,128,0.01,0.2,0.2,0.05,6,errors<=floor(L*q_threshold),errors*100<=128*5,100000,0,100000,0.0,L_independent_error_events_per_trial
L128_q00.01_q10.2_qth0.05,attack,2026090508,128,0.01,0.2,0.2,0.05,6,errors<=floor(L*q_threshold),errors*100<=128*5,100000,0,100000,0.0,L_independent_error_events_per_trial
L128_q00.01_q10.2_qth0.05,attack,2026090509,128,0.01,0.2,0.2,0.05,6,errors<=floor(L*q_threshold),errors*100<=128*5,100000,0,100000,0.0,L_independent_error_events_per_trial
L128_q00.01_q10.2_qth0.05,attack,2026090510,128,0.01,0.2,0.2,0.05,6,errors<=floor(L*q_threshold),errors*100<=128*5,100000,0,100000,0.0,L_independent_error_events_per_trial
L128_q00.01_q10.2_qth0.1,honest,2026090501,128,0.01,0.2,0.01,0.1,12,errors<=floor(L*q_threshold),errors*100<=128*10,100000,100000,0,1.0,L_independent_error_events_per_trial
L128_q00.01_q10.2_qth0.1,honest,2026090502,128,0.01,0.2,0.01,0.1,12,errors<=floor(L*q_threshold),errors*100<=128*10,100000,100000,0,1.0,L_independent_error_events_per_trial
L128_q00.01_q10.2_qth0.1,honest,2026090503,128,0.01,0.2,0.01,0.1,12,errors<=floor(L*q_threshold),errors*100<=128*10,100000,100000,0,1.0,L_independent_error_events_per_trial
L128_q00.01_q10.2_qth0.1,honest,2026090504,128,0.01,0.2,0.01,0.1,12,errors<=floor(L*q_threshold),errors*100<=128*10,100000,100000,0,1.0,L_independent_error_events_per_trial
L128_q00.01_q10.2_qth0.1,honest,2026090505,128,0.01,0.2,0.01,0.1,12,errors<=floor(L*q_threshold),errors*100<=128*10,100000,100000,0,1.0,L_independent_error_events_per_trial
L128_q00.01_q10.2_qth0.1,honest,2026090506,128,0.01,0.2,0.01,0.1,12,errors<=floor(L*q_threshold),errors*100<=128*10,100000,100000,0,1.0,L_independent_error_events_per_trial
L128_q00.01_q10.2_qth0.1,honest,2026090507,128,0.01,0.2,0.01,0.1,12,errors<=floor(L*q_threshold),errors*100<=128*10,100000,100000,0,1.0,L_independent_error_events_per_trial
L128_q00.01_q10.2_qth0.1,honest,2026090508,128,0.01,0.2,0.01,0.1,12,errors<=floor(L*q_threshold),errors*100<=128*10,100000,100000,0,1.0,L_independent_error_events_per_trial
L128_q00.01_q10.2_qth0.1,honest,2026090509,128,0.01,0.2,0.01,0.1,12,errors<=floor(L*q_threshold),errors*100<=128*10,100000,100000,0,1.0,L_independent_error_events_per_trial
L128_q00.01_q10.2_qth0.1,honest,2026090510,128,0.01,0.2,0.01,0.1,12,errors<=floor(L*q_threshold),errors*100<=128*10,100000,100000,0,1.0,L_independent_error_events_per_trial
L128_q00.01_q10.2_qth0.1,attack,2026090501,128,0.01,0.2,0.2,0.1,12,errors<=floor(L*q_threshold),errors*100<=128*10,100000,90,99910,0.0009,L_independent_error_events_per_trial
L128_q00.01_q10.2_qth0.1,attack,2026090502,128,0.01,0.2,0.2,0.1,12,errors<=floor(L*q_threshold),errors*100<=128*10,100000,81,99919,0.00081,L_independent_error_events_per_trial
L128_q00.01_q10.2_qth0.1,attack,2026090503,128,0.01,0.2,0.2,0.1,12,errors<=floor(L*q_threshold),errors*100<=128*10,100000,102,99898,0.00102,L_independent_error_events_per_trial
L128_q00.01_q10.2_qth0.1,attack,2026090504,128,0.01,0.2,0.2,0.1,12,errors<=floor(L*q_threshold),errors*100<=128*10,100000,106,99894,0.00106,L_independent_error_events_per_trial
L128_q00.01_q10.2_qth0.1,attack,2026090505,128,0.01,0.2,0.2,0.1,12,errors<=floor(L*q_threshold),errors*100<=128*10,100000,94,99906,0.00094,L_independent_error_events_per_trial
L128_q00.01_q10.2_qth0.1,attack,2026090506,128,0.01,0.2,0.2,0.1,12,errors<=floor(L*q_threshold),errors*100<=128*10,100000,79,99921,0.00079,L_independent_error_events_per_trial
L128_q00.01_q10.2_qth0.1,attack,2026090507,128,0.01,0.2,0.2,0.1,12,errors<=floor(L*q_threshold),errors*100<=128*10,100000,80,99920,0.0008,L_independent_error_events_per_trial
L128_q00.01_q10.2_qth0.1,attack,2026090508,128,0.01,0.2,0.2,0.1,12,errors<=floor(L*q_threshold),errors*100<=128*10,100000,80,99920,0.0008,L_independent_error_events_per_trial
L128_q00.01_q10.2_qth0.1,attack,2026090509,128,0.01,0.2,0.2,0.1,12,errors<=floor(L*q_threshold),errors*100<=128*10,100000,90,99910,0.0009,L_independent_error_events_per_trial
L128_q00.01_q10.2_qth0.1,attack,2026090510,128,0.01,0.2,0.2,0.1,12,errors<=floor(L*q_threshold),errors*100<=128*10,100000,93,99907,0.00093,L_independent_error_events_per_trial
L128_q00.01_q10.2_qth0.15,honest,2026090501,128,0.01,0.2,0.01,0.15,19,errors<=floor(L*q_threshold),errors*100<=128*15,100000,100000,0,1.0,L_independent_error_events_per_trial
L128_q00.01_q10.2_qth0.15,honest,2026090502,128,0.01,0.2,0.01,0.15,19,errors<=floor(L*q_threshold),errors*100<=128*15,100000,100000,0,1.0,L_independent_error_events_per_trial
L128_q00.01_q10.2_qth0.15,honest,2026090503,128,0.01,0.2,0.01,0.15,19,errors<=floor(L*q_threshold),errors*100<=128*15,100000,100000,0,1.0,L_independent_error_events_per_trial
L128_q00.01_q10.2_qth0.15,honest,2026090504,128,0.01,0.2,0.01,0.15,19,errors<=floor(L*q_threshold),errors*100<=128*15,100000,100000,0,1.0,L_independent_error_events_per_trial
L128_q00.01_q10.2_qth0.15,honest,2026090505,128,0.01,0.2,0.01,0.15,19,errors<=floor(L*q_threshold),errors*100<=128*15,100000,100000,0,1.0,L_independent_error_events_per_trial
L128_q00.01_q10.2_qth0.15,honest,2026090506,128,0.01,0.2,0.01,0.15,19,errors<=floor(L*q_threshold),errors*100<=128*15,100000,100000,0,1.0,L_independent_error_events_per_trial
L128_q00.01_q10.2_qth0.15,honest,2026090507,128,0.01,0.2,0.01,0.15,19,errors<=floor(L*q_threshold),errors*100<=128*15,100000,100000,0,1.0,L_independent_error_events_per_trial
L128_q00.01_q10.2_qth0.15,honest,2026090508,128,0.01,0.2,0.01,0.15,19,errors<=floor(L*q_threshold),errors*100<=128*15,100000,100000,0,1.0,L_independent_error_events_per_trial
L128_q00.01_q10.2_qth0.15,honest,2026090509,128,0.01,0.2,0.01,0.15,19,errors<=floor(L*q_threshold),errors*100<=128*15,100000,100000,0,1.0,L_independent_error_events_per_trial
L128_q00.01_q10.2_qth0.15,honest,2026090510,128,0.01,0.2,0.01,0.15,19,errors<=floor(L*q_threshold),errors*100<=128*15,100000,100000,0,1.0,L_independent_error_events_per_trial
L128_q00.01_q10.2_qth0.15,attack,2026090501,128,0.01,0.2,0.2,0.15,19,errors<=floor(L*q_threshold),errors*100<=128*15,100000,8630,91370,0.0863,L_independent_error_events_per_trial
L128_q00.01_q10.2_qth0.15,attack,2026090502,128,0.01,0.2,0.2,0.15,19,errors<=floor(L*q_threshold),errors*100<=128*15,100000,8348,91652,0.08348,L_independent_error_events_per_trial
L128_q00.01_q10.2_qth0.15,attack,2026090503,128,0.01,0.2,0.2,0.15,19,errors<=floor(L*q_threshold),errors*100<=128*15,100000,8683,91317,0.08683,L_independent_error_events_per_trial
L128_q00.01_q10.2_qth0.15,attack,2026090504,128,0.01,0.2,0.2,0.15,19,errors<=floor(L*q_threshold),errors*100<=128*15,100000,8518,91482,0.08518,L_independent_error_events_per_trial
L128_q00.01_q10.2_qth0.15,attack,2026090505,128,0.01,0.2,0.2,0.15,19,errors<=floor(L*q_threshold),errors*100<=128*15,100000,8588,91412,0.08588,L_independent_error_events_per_trial
L128_q00.01_q10.2_qth0.15,attack,2026090506,128,0.01,0.2,0.2,0.15,19,errors<=floor(L*q_threshold),errors*100<=128*15,100000,8561,91439,0.08561,L_independent_error_events_per_trial
L128_q00.01_q10.2_qth0.15,attack,2026090507,128,0.01,0.2,0.2,0.15,19,errors<=floor(L*q_threshold),errors*100<=128*15,100000,8616,91384,0.08616,L_independent_error_events_per_trial
L128_q00.01_q10.2_qth0.15,attack,2026090508,128,0.01,0.2,0.2,0.15,19,errors<=floor(L*q_threshold),errors*100<=128*15,100000,8563,91437,0.08563,L_independent_error_events_per_trial
L128_q00.01_q10.2_qth0.15,attack,2026090509,128,0.01,0.2,0.2,0.15,19,errors<=floor(L*q_threshold),errors*100<=128*15,100000,8603,91397,0.08603,L_independent_error_events_per_trial
L128_q00.01_q10.2_qth0.15,attack,2026090510,128,0.01,0.2,0.2,0.15,19,errors<=floor(L*q_threshold),errors*100<=128*15,100000,8592,91408,0.08592,L_independent_error_events_per_trial
L128_q00.03_q10.2_qth0.05,honest,2026090501,128,0.03,0.2,0.03,0.05,6,errors<=floor(L*q_threshold),errors*100<=128*5,100000,90872,9128,0.90872,L_independent_error_events_per_trial
L128_q00.03_q10.2_qth0.05,honest,2026090502,128,0.03,0.2,0.03,0.05,6,errors<=floor(L*q_threshold),errors*100<=128*5,100000,90798,9202,0.90798,L_independent_error_events_per_trial
L128_q00.03_q10.2_qth0.05,honest,2026090503,128,0.03,0.2,0.03,0.05,6,errors<=floor(L*q_threshold),errors*100<=128*5,100000,90951,9049,0.90951,L_independent_error_events_per_trial
L128_q00.03_q10.2_qth0.05,honest,2026090504,128,0.03,0.2,0.03,0.05,6,errors<=floor(L*q_threshold),errors*100<=128*5,100000,90686,9314,0.90686,L_independent_error_events_per_trial
L128_q00.03_q10.2_qth0.05,honest,2026090505,128,0.03,0.2,0.03,0.05,6,errors<=floor(L*q_threshold),errors*100<=128*5,100000,90890,9110,0.9089,L_independent_error_events_per_trial
L128_q00.03_q10.2_qth0.05,honest,2026090506,128,0.03,0.2,0.03,0.05,6,errors<=floor(L*q_threshold),errors*100<=128*5,100000,90796,9204,0.90796,L_independent_error_events_per_trial
L128_q00.03_q10.2_qth0.05,honest,2026090507,128,0.03,0.2,0.03,0.05,6,errors<=floor(L*q_threshold),errors*100<=128*5,100000,90886,9114,0.90886,L_independent_error_events_per_trial
L128_q00.03_q10.2_qth0.05,honest,2026090508,128,0.03,0.2,0.03,0.05,6,errors<=floor(L*q_threshold),errors*100<=128*5,100000,90797,9203,0.90797,L_independent_error_events_per_trial
L128_q00.03_q10.2_qth0.05,honest,2026090509,128,0.03,0.2,0.03,0.05,6,errors<=floor(L*q_threshold),errors*100<=128*5,100000,90912,9088,0.90912,L_independent_error_events_per_trial
L128_q00.03_q10.2_qth0.05,honest,2026090510,128,0.03,0.2,0.03,0.05,6,errors<=floor(L*q_threshold),errors*100<=128*5,100000,90935,9065,0.90935,L_independent_error_events_per_trial
L128_q00.03_q10.2_qth0.05,attack,2026090501,128,0.03,0.2,0.2,0.05,6,errors<=floor(L*q_threshold),errors*100<=128*5,100000,0,100000,0.0,L_independent_error_events_per_trial
L128_q00.03_q10.2_qth0.05,attack,2026090502,128,0.03,0.2,0.2,0.05,6,errors<=floor(L*q_threshold),errors*100<=128*5,100000,0,100000,0.0,L_independent_error_events_per_trial
L128_q00.03_q10.2_qth0.05,attack,2026090503,128,0.03,0.2,0.2,0.05,6,errors<=floor(L*q_threshold),errors*100<=128*5,100000,0,100000,0.0,L_independent_error_events_per_trial
L128_q00.03_q10.2_qth0.05,attack,2026090504,128,0.03,0.2,0.2,0.05,6,errors<=floor(L*q_threshold),errors*100<=128*5,100000,0,100000,0.0,L_independent_error_events_per_trial
L128_q00.03_q10.2_qth0.05,attack,2026090505,128,0.03,0.2,0.2,0.05,6,errors<=floor(L*q_threshold),errors*100<=128*5,100000,0,100000,0.0,L_independent_error_events_per_trial
L128_q00.03_q10.2_qth0.05,attack,2026090506,128,0.03,0.2,0.2,0.05,6,errors<=floor(L*q_threshold),errors*100<=128*5,100000,0,100000,0.0,L_independent_error_events_per_trial
L128_q00.03_q10.2_qth0.05,attack,2026090507,128,0.03,0.2,0.2,0.05,6,errors<=floor(L*q_threshold),errors*100<=128*5,100000,0,100000,0.0,L_independent_error_events_per_trial
L128_q00.03_q10.2_qth0.05,attack,2026090508,128,0.03,0.2,0.2,0.05,6,errors<=floor(L*q_threshold),errors*100<=128*5,100000,0,100000,0.0,L_independent_error_events_per_trial
L128_q00.03_q10.2_qth0.05,attack,2026090509,128,0.03,0.2,0.2,0.05,6,errors<=floor(L*q_threshold),errors*100<=128*5,100000,0,100000,0.0,L_independent_error_events_per_trial
L128_q00.03_q10.2_qth0.05,attack,2026090510,128,0.03,0.2,0.2,0.05,6,errors<=floor(L*q_threshold),errors*100<=128*5,100000,0,100000,0.0,L_independent_error_events_per_trial
L128_q00.03_q10.2_qth0.1,honest,2026090501,128,0.03,0.2,0.03,0.1,12,errors<=floor(L*q_threshold),errors*100<=128*10,100000,99988,12,0.99988,L_independent_error_events_per_trial
L128_q00.03_q10.2_qth0.1,honest,2026090502,128,0.03,0.2,0.03,0.1,12,errors<=floor(L*q_threshold),errors*100<=128*10,100000,99989,11,0.99989,L_independent_error_events_per_trial
L128_q00.03_q10.2_qth0.1,honest,2026090503,128,0.03,0.2,0.03,0.1,12,errors<=floor(L*q_threshold),errors*100<=128*10,100000,99991,9,0.99991,L_independent_error_events_per_trial
L128_q00.03_q10.2_qth0.1,honest,2026090504,128,0.03,0.2,0.03,0.1,12,errors<=floor(L*q_threshold),errors*100<=128*10,100000,99984,16,0.99984,L_independent_error_events_per_trial
L128_q00.03_q10.2_qth0.1,honest,2026090505,128,0.03,0.2,0.03,0.1,12,errors<=floor(L*q_threshold),errors*100<=128*10,100000,99986,14,0.99986,L_independent_error_events_per_trial
L128_q00.03_q10.2_qth0.1,honest,2026090506,128,0.03,0.2,0.03,0.1,12,errors<=floor(L*q_threshold),errors*100<=128*10,100000,99982,18,0.99982,L_independent_error_events_per_trial
L128_q00.03_q10.2_qth0.1,honest,2026090507,128,0.03,0.2,0.03,0.1,12,errors<=floor(L*q_threshold),errors*100<=128*10,100000,99992,8,0.99992,L_independent_error_events_per_trial
L128_q00.03_q10.2_qth0.1,honest,2026090508,128,0.03,0.2,0.03,0.1,12,errors<=floor(L*q_threshold),errors*100<=128*10,100000,99985,15,0.99985,L_independent_error_events_per_trial
L128_q00.03_q10.2_qth0.1,honest,2026090509,128,0.03,0.2,0.03,0.1,12,errors<=floor(L*q_threshold),errors*100<=128*10,100000,99987,13,0.99987,L_independent_error_events_per_trial
L128_q00.03_q10.2_qth0.1,honest,2026090510,128,0.03,0.2,0.03,0.1,12,errors<=floor(L*q_threshold),errors*100<=128*10,100000,99985,15,0.99985,L_independent_error_events_per_trial
L128_q00.03_q10.2_qth0.1,attack,2026090501,128,0.03,0.2,0.2,0.1,12,errors<=floor(L*q_threshold),errors*100<=128*10,100000,90,99910,0.0009,L_independent_error_events_per_trial
L128_q00.03_q10.2_qth0.1,attack,2026090502,128,0.03,0.2,0.2,0.1,12,errors<=floor(L*q_threshold),errors*100<=128*10,100000,81,99919,0.00081,L_independent_error_events_per_trial
L128_q00.03_q10.2_qth0.1,attack,2026090503,128,0.03,0.2,0.2,0.1,12,errors<=floor(L*q_threshold),errors*100<=128*10,100000,102,99898,0.00102,L_independent_error_events_per_trial
L128_q00.03_q10.2_qth0.1,attack,2026090504,128,0.03,0.2,0.2,0.1,12,errors<=floor(L*q_threshold),errors*100<=128*10,100000,106,99894,0.00106,L_independent_error_events_per_trial
L128_q00.03_q10.2_qth0.1,attack,2026090505,128,0.03,0.2,0.2,0.1,12,errors<=floor(L*q_threshold),errors*100<=128*10,100000,94,99906,0.00094,L_independent_error_events_per_trial
L128_q00.03_q10.2_qth0.1,attack,2026090506,128,0.03,0.2,0.2,0.1,12,errors<=floor(L*q_threshold),errors*100<=128*10,100000,79,99921,0.00079,L_independent_error_events_per_trial
L128_q00.03_q10.2_qth0.1,attack,2026090507,128,0.03,0.2,0.2,0.1,12,errors<=floor(L*q_threshold),errors*100<=128*10,100000,80,99920,0.0008,L_independent_error_events_per_trial
L128_q00.03_q10.2_qth0.1,attack,2026090508,128,0.03,0.2,0.2,0.1,12,errors<=floor(L*q_threshold),errors*100<=128*10,100000,80,99920,0.0008,L_independent_error_events_per_trial
L128_q00.03_q10.2_qth0.1,attack,2026090509,128,0.03,0.2,0.2,0.1,12,errors<=floor(L*q_threshold),errors*100<=128*10,100000,90,99910,0.0009,L_independent_error_events_per_trial
L128_q00.03_q10.2_qth0.1,attack,2026090510,128,0.03,0.2,0.2,0.1,12,errors<=floor(L*q_threshold),errors*100<=128*10,100000,93,99907,0.00093,L_independent_error_events_per_trial
L128_q00.03_q10.2_qth0.15,honest,2026090501,128,0.03,0.2,0.03,0.15,19,errors<=floor(L*q_threshold),errors*100<=128*15,100000,100000,0,1.0,L_independent_error_events_per_trial
L128_q00.03_q10.2_qth0.15,honest,2026090502,128,0.03,0.2,0.03,0.15,19,errors<=floor(L*q_threshold),errors*100<=128*15,100000,100000,0,1.0,L_independent_error_events_per_trial
L128_q00.03_q10.2_qth0.15,honest,2026090503,128,0.03,0.2,0.03,0.15,19,errors<=floor(L*q_threshold),errors*100<=128*15,100000,100000,0,1.0,L_independent_error_events_per_trial
L128_q00.03_q10.2_qth0.15,honest,2026090504,128,0.03,0.2,0.03,0.15,19,errors<=floor(L*q_threshold),errors*100<=128*15,100000,100000,0,1.0,L_independent_error_events_per_trial
L128_q00.03_q10.2_qth0.15,honest,2026090505,128,0.03,0.2,0.03,0.15,19,errors<=floor(L*q_threshold),errors*100<=128*15,100000,100000,0,1.0,L_independent_error_events_per_trial
L128_q00.03_q10.2_qth0.15,honest,2026090506,128,0.03,0.2,0.03,0.15,19,errors<=floor(L*q_threshold),errors*100<=128*15,100000,100000,0,1.0,L_independent_error_events_per_trial
L128_q00.03_q10.2_qth0.15,honest,2026090507,128,0.03,0.2,0.03,0.15,19,errors<=floor(L*q_threshold),errors*100<=128*15,100000,100000,0,1.0,L_independent_error_events_per_trial
L128_q00.03_q10.2_qth0.15,honest,2026090508,128,0.03,0.2,0.03,0.15,19,errors<=floor(L*q_threshold),errors*100<=128*15,100000,100000,0,1.0,L_independent_error_events_per_trial
L128_q00.03_q10.2_qth0.15,honest,2026090509,128,0.03,0.2,0.03,0.15,19,errors<=floor(L*q_threshold),errors*100<=128*15,100000,100000,0,1.0,L_independent_error_events_per_trial
L128_q00.03_q10.2_qth0.15,honest,2026090510,128,0.03,0.2,0.03,0.15,19,errors<=floor(L*q_threshold),errors*100<=128*15,100000,100000,0,1.0,L_independent_error_events_per_trial
L128_q00.03_q10.2_qth0.15,attack,2026090501,128,0.03,0.2,0.2,0.15,19,errors<=floor(L*q_threshold),errors*100<=128*15,100000,8630,91370,0.0863,L_independent_error_events_per_trial
L128_q00.03_q10.2_qth0.15,attack,2026090502,128,0.03,0.2,0.2,0.15,19,errors<=floor(L*q_threshold),errors*100<=128*15,100000,8348,91652,0.08348,L_independent_error_events_per_trial
L128_q00.03_q10.2_qth0.15,attack,2026090503,128,0.03,0.2,0.2,0.15,19,errors<=floor(L*q_threshold),errors*100<=128*15,100000,8683,91317,0.08683,L_independent_error_events_per_trial
L128_q00.03_q10.2_qth0.15,attack,2026090504,128,0.03,0.2,0.2,0.15,19,errors<=floor(L*q_threshold),errors*100<=128*15,100000,8518,91482,0.08518,L_independent_error_events_per_trial
L128_q00.03_q10.2_qth0.15,attack,2026090505,128,0.03,0.2,0.2,0.15,19,errors<=floor(L*q_threshold),errors*100<=128*15,100000,8588,91412,0.08588,L_independent_error_events_per_trial
L128_q00.03_q10.2_qth0.15,attack,2026090506,128,0.03,0.2,0.2,0.15,19,errors<=floor(L*q_threshold),errors*100<=128*15,100000,8561,91439,0.08561,L_independent_error_events_per_trial
L128_q00.03_q10.2_qth0.15,attack,2026090507,128,0.03,0.2,0.2,0.15,19,errors<=floor(L*q_threshold),errors*100<=128*15,100000,8616,91384,0.08616,L_independent_error_events_per_trial
L128_q00.03_q10.2_qth0.15,attack,2026090508,128,0.03,0.2,0.2,0.15,19,errors<=floor(L*q_threshold),errors*100<=128*15,100000,8563,91437,0.08563,L_independent_error_events_per_trial
L128_q00.03_q10.2_qth0.15,attack,2026090509,128,0.03,0.2,0.2,0.15,19,errors<=floor(L*q_threshold),errors*100<=128*15,100000,8603,91397,0.08603,L_independent_error_events_per_trial
L128_q00.03_q10.2_qth0.15,attack,2026090510,128,0.03,0.2,0.2,0.15,19,errors<=floor(L*q_threshold),errors*100<=128*15,100000,8592,91408,0.08592,L_independent_error_events_per_trial
L128_q00.05_q10.2_qth0.05,honest,2026090501,128,0.05,0.2,0.05,0.05,6,errors<=floor(L*q_threshold),errors*100<=128*5,100000,53960,46040,0.5396,L_independent_error_events_per_trial
L128_q00.05_q10.2_qth0.05,honest,2026090502,128,0.05,0.2,0.05,0.05,6,errors<=floor(L*q_threshold),errors*100<=128*5,100000,53981,46019,0.53981,L_independent_error_events_per_trial
L128_q00.05_q10.2_qth0.05,honest,2026090503,128,0.05,0.2,0.05,0.05,6,errors<=floor(L*q_threshold),errors*100<=128*5,100000,53823,46177,0.53823,L_independent_error_events_per_trial
L128_q00.05_q10.2_qth0.05,honest,2026090504,128,0.05,0.2,0.05,0.05,6,errors<=floor(L*q_threshold),errors*100<=128*5,100000,54081,45919,0.54081,L_independent_error_events_per_trial
L128_q00.05_q10.2_qth0.05,honest,2026090505,128,0.05,0.2,0.05,0.05,6,errors<=floor(L*q_threshold),errors*100<=128*5,100000,54036,45964,0.54036,L_independent_error_events_per_trial
L128_q00.05_q10.2_qth0.05,honest,2026090506,128,0.05,0.2,0.05,0.05,6,errors<=floor(L*q_threshold),errors*100<=128*5,100000,53970,46030,0.5397,L_independent_error_events_per_trial
L128_q00.05_q10.2_qth0.05,honest,2026090507,128,0.05,0.2,0.05,0.05,6,errors<=floor(L*q_threshold),errors*100<=128*5,100000,54028,45972,0.54028,L_independent_error_events_per_trial
L128_q00.05_q10.2_qth0.05,honest,2026090508,128,0.05,0.2,0.05,0.05,6,errors<=floor(L*q_threshold),errors*100<=128*5,100000,53771,46229,0.53771,L_independent_error_events_per_trial
L128_q00.05_q10.2_qth0.05,honest,2026090509,128,0.05,0.2,0.05,0.05,6,errors<=floor(L*q_threshold),errors*100<=128*5,100000,54016,45984,0.54016,L_independent_error_events_per_trial
L128_q00.05_q10.2_qth0.05,honest,2026090510,128,0.05,0.2,0.05,0.05,6,errors<=floor(L*q_threshold),errors*100<=128*5,100000,53828,46172,0.53828,L_independent_error_events_per_trial
L128_q00.05_q10.2_qth0.05,attack,2026090501,128,0.05,0.2,0.2,0.05,6,errors<=floor(L*q_threshold),errors*100<=128*5,100000,0,100000,0.0,L_independent_error_events_per_trial
L128_q00.05_q10.2_qth0.05,attack,2026090502,128,0.05,0.2,0.2,0.05,6,errors<=floor(L*q_threshold),errors*100<=128*5,100000,0,100000,0.0,L_independent_error_events_per_trial
L128_q00.05_q10.2_qth0.05,attack,2026090503,128,0.05,0.2,0.2,0.05,6,errors<=floor(L*q_threshold),errors*100<=128*5,100000,0,100000,0.0,L_independent_error_events_per_trial
L128_q00.05_q10.2_qth0.05,attack,2026090504,128,0.05,0.2,0.2,0.05,6,errors<=floor(L*q_threshold),errors*100<=128*5,100000,0,100000,0.0,L_independent_error_events_per_trial
L128_q00.05_q10.2_qth0.05,attack,2026090505,128,0.05,0.2,0.2,0.05,6,errors<=floor(L*q_threshold),errors*100<=128*5,100000,0,100000,0.0,L_independent_error_events_per_trial
L128_q00.05_q10.2_qth0.05,attack,2026090506,128,0.05,0.2,0.2,0.05,6,errors<=floor(L*q_threshold),errors*100<=128*5,100000,0,100000,0.0,L_independent_error_events_per_trial
L128_q00.05_q10.2_qth0.05,attack,2026090507,128,0.05,0.2,0.2,0.05,6,errors<=floor(L*q_threshold),errors*100<=128*5,100000,0,100000,0.0,L_independent_error_events_per_trial
L128_q00.05_q10.2_qth0.05,attack,2026090508,128,0.05,0.2,0.2,0.05,6,errors<=floor(L*q_threshold),errors*100<=128*5,100000,0,100000,0.0,L_independent_error_events_per_trial
L128_q00.05_q10.2_qth0.05,attack,2026090509,128,0.05,0.2,0.2,0.05,6,errors<=floor(L*q_threshold),errors*100<=128*5,100000,0,100000,0.0,L_independent_error_events_per_trial
L128_q00.05_q10.2_qth0.05,attack,2026090510,128,0.05,0.2,0.2,0.05,6,errors<=floor(L*q_threshold),errors*100<=128*5,100000,0,100000,0.0,L_independent_error_events_per_trial
L128_q00.05_q10.2_qth0.1,honest,2026090501,128,0.05,0.2,0.05,0.1,12,errors<=floor(L*q_threshold),errors*100<=128*10,100000,98751,1249,0.98751,L_independent_error_events_per_trial
L128_q00.05_q10.2_qth0.1,honest,2026090502,128,0.05,0.2,0.05,0.1,12,errors<=floor(L*q_threshold),errors*100<=128*10,100000,98816,1184,0.98816,L_independent_error_events_per_trial
L128_q00.05_q10.2_qth0.1,honest,2026090503,128,0.05,0.2,0.05,0.1,12,errors<=floor(L*q_threshold),errors*100<=128*10,100000,98759,1241,0.98759,L_independent_error_events_per_trial
L128_q00.05_q10.2_qth0.1,honest,2026090504,128,0.05,0.2,0.05,0.1,12,errors<=floor(L*q_threshold),errors*100<=128*10,100000,98836,1164,0.98836,L_independent_error_events_per_trial
L128_q00.05_q10.2_qth0.1,honest,2026090505,128,0.05,0.2,0.05,0.1,12,errors<=floor(L*q_threshold),errors*100<=128*10,100000,98746,1254,0.98746,L_independent_error_events_per_trial
L128_q00.05_q10.2_qth0.1,honest,2026090506,128,0.05,0.2,0.05,0.1,12,errors<=floor(L*q_threshold),errors*100<=128*10,100000,98739,1261,0.98739,L_independent_error_events_per_trial
L128_q00.05_q10.2_qth0.1,honest,2026090507,128,0.05,0.2,0.05,0.1,12,errors<=floor(L*q_threshold),errors*100<=128*10,100000,98813,1187,0.98813,L_independent_error_events_per_trial
L128_q00.05_q10.2_qth0.1,honest,2026090508,128,0.05,0.2,0.05,0.1,12,errors<=floor(L*q_threshold),errors*100<=128*10,100000,98811,1189,0.98811,L_independent_error_events_per_trial
L128_q00.05_q10.2_qth0.1,honest,2026090509,128,0.05,0.2,0.05,0.1,12,errors<=floor(L*q_threshold),errors*100<=128*10,100000,98812,1188,0.98812,L_independent_error_events_per_trial
L128_q00.05_q10.2_qth0.1,honest,2026090510,128,0.05,0.2,0.05,0.1,12,errors<=floor(L*q_threshold),errors*100<=128*10,100000,98769,1231,0.98769,L_independent_error_events_per_trial
L128_q00.05_q10.2_qth0.1,attack,2026090501,128,0.05,0.2,0.2,0.1,12,errors<=floor(L*q_threshold),errors*100<=128*10,100000,90,99910,0.0009,L_independent_error_events_per_trial
L128_q00.05_q10.2_qth0.1,attack,2026090502,128,0.05,0.2,0.2,0.1,12,errors<=floor(L*q_threshold),errors*100<=128*10,100000,81,99919,0.00081,L_independent_error_events_per_trial
L128_q00.05_q10.2_qth0.1,attack,2026090503,128,0.05,0.2,0.2,0.1,12,errors<=floor(L*q_threshold),errors*100<=128*10,100000,102,99898,0.00102,L_independent_error_events_per_trial
L128_q00.05_q10.2_qth0.1,attack,2026090504,128,0.05,0.2,0.2,0.1,12,errors<=floor(L*q_threshold),errors*100<=128*10,100000,106,99894,0.00106,L_independent_error_events_per_trial
L128_q00.05_q10.2_qth0.1,attack,2026090505,128,0.05,0.2,0.2,0.1,12,errors<=floor(L*q_threshold),errors*100<=128*10,100000,94,99906,0.00094,L_independent_error_events_per_trial
L128_q00.05_q10.2_qth0.1,attack,2026090506,128,0.05,0.2,0.2,0.1,12,errors<=floor(L*q_threshold),errors*100<=128*10,100000,79,99921,0.00079,L_independent_error_events_per_trial
L128_q00.05_q10.2_qth0.1,attack,2026090507,128,0.05,0.2,0.2,0.1,12,errors<=floor(L*q_threshold),errors*100<=128*10,100000,80,99920,0.0008,L_independent_error_events_per_trial
L128_q00.05_q10.2_qth0.1,attack,2026090508,128,0.05,0.2,0.2,0.1,12,errors<=floor(L*q_threshold),errors*100<=128*10,100000,80,99920,0.0008,L_independent_error_events_per_trial
L128_q00.05_q10.2_qth0.1,attack,2026090509,128,0.05,0.2,0.2,0.1,12,errors<=floor(L*q_threshold),errors*100<=128*10,100000,90,99910,0.0009,L_independent_error_events_per_trial
L128_q00.05_q10.2_qth0.1,attack,2026090510,128,0.05,0.2,0.2,0.1,12,errors<=floor(L*q_threshold),errors*100<=128*10,100000,93,99907,0.00093,L_independent_error_events_per_trial
L128_q00.05_q10.2_qth0.15,honest,2026090501,128,0.05,0.2,0.05,0.15,19,errors<=floor(L*q_threshold),errors*100<=128*15,100000,100000,0,1.0,L_independent_error_events_per_trial
L128_q00.05_q10.2_qth0.15,honest,2026090502,128,0.05,0.2,0.05,0.15,19,errors<=floor(L*q_threshold),errors*100<=128*15,100000,99999,1,0.99999,L_independent_error_events_per_trial
L128_q00.05_q10.2_qth0.15,honest,2026090503,128,0.05,0.2,0.05,0.15,19,errors<=floor(L*q_threshold),errors*100<=128*15,100000,99999,1,0.99999,L_independent_error_events_per_trial
L128_q00.05_q10.2_qth0.15,honest,2026090504,128,0.05,0.2,0.05,0.15,19,errors<=floor(L*q_threshold),errors*100<=128*15,100000,99999,1,0.99999,L_independent_error_events_per_trial
L128_q00.05_q10.2_qth0.15,honest,2026090505,128,0.05,0.2,0.05,0.15,19,errors<=floor(L*q_threshold),errors*100<=128*15,100000,100000,0,1.0,L_independent_error_events_per_trial
L128_q00.05_q10.2_qth0.15,honest,2026090506,128,0.05,0.2,0.05,0.15,19,errors<=floor(L*q_threshold),errors*100<=128*15,100000,100000,0,1.0,L_independent_error_events_per_trial
L128_q00.05_q10.2_qth0.15,honest,2026090507,128,0.05,0.2,0.05,0.15,19,errors<=floor(L*q_threshold),errors*100<=128*15,100000,100000,0,1.0,L_independent_error_events_per_trial
L128_q00.05_q10.2_qth0.15,honest,2026090508,128,0.05,0.2,0.05,0.15,19,errors<=floor(L*q_threshold),errors*100<=128*15,100000,100000,0,1.0,L_independent_error_events_per_trial
L128_q00.05_q10.2_qth0.15,honest,2026090509,128,0.05,0.2,0.05,0.15,19,errors<=floor(L*q_threshold),errors*100<=128*15,100000,100000,0,1.0,L_independent_error_events_per_trial
L128_q00.05_q10.2_qth0.15,honest,2026090510,128,0.05,0.2,0.05,0.15,19,errors<=floor(L*q_threshold),errors*100<=128*15,100000,100000,0,1.0,L_independent_error_events_per_trial
L128_q00.05_q10.2_qth0.15,attack,2026090501,128,0.05,0.2,0.2,0.15,19,errors<=floor(L*q_threshold),errors*100<=128*15,100000,8630,91370,0.0863,L_independent_error_events_per_trial
L128_q00.05_q10.2_qth0.15,attack,2026090502,128,0.05,0.2,0.2,0.15,19,errors<=floor(L*q_threshold),errors*100<=128*15,100000,8348,91652,0.08348,L_independent_error_events_per_trial
L128_q00.05_q10.2_qth0.15,attack,2026090503,128,0.05,0.2,0.2,0.15,19,errors<=floor(L*q_threshold),errors*100<=128*15,100000,8683,91317,0.08683,L_independent_error_events_per_trial
L128_q00.05_q10.2_qth0.15,attack,2026090504,128,0.05,0.2,0.2,0.15,19,errors<=floor(L*q_threshold),errors*100<=128*15,100000,8518,91482,0.08518,L_independent_error_events_per_trial
L128_q00.05_q10.2_qth0.15,attack,2026090505,128,0.05,0.2,0.2,0.15,19,errors<=floor(L*q_threshold),errors*100<=128*15,100000,8588,91412,0.08588,L_independent_error_events_per_trial
L128_q00.05_q10.2_qth0.15,attack,2026090506,128,0.05,0.2,0.2,0.15,19,errors<=floor(L*q_threshold),errors*100<=128*15,100000,8561,91439,0.08561,L_independent_error_events_per_trial
L128_q00.05_q10.2_qth0.15,attack,2026090507,128,0.05,0.2,0.2,0.15,19,errors<=floor(L*q_threshold),errors*100<=128*15,100000,8616,91384,0.08616,L_independent_error_events_per_trial
L128_q00.05_q10.2_qth0.15,attack,2026090508,128,0.05,0.2,0.2,0.15,19,errors<=floor(L*q_threshold),errors*100<=128*15,100000,8563,91437,0.08563,L_independent_error_events_per_trial
L128_q00.05_q10.2_qth0.15,attack,2026090509,128,0.05,0.2,0.2,0.15,19,errors<=floor(L*q_threshold),errors*100<=128*15,100000,8603,91397,0.08603,L_independent_error_events_per_trial
L128_q00.05_q10.2_qth0.15,attack,2026090510,128,0.05,0.2,0.2,0.15,19,errors<=floor(L*q_threshold),errors*100<=128*15,100000,8592,91408,0.08592,L_independent_error_events_per_trial
