mode,n_blocks,ell,lambda_bits,r,run_index,input_seed,fixture_secret_seed,warmups_before_measurement,elapsed_ns,elapsed_ms,success,post_ke_records,wire_bytes,timing_scope,timer,process
BASIC,1,4,,0,0,2026090501,2046090501,5,4273300,4.2733,True,6,4645,"in-memory V7 session incl simulated KE derivation and deterministic quantum fixture; excl external KE/QKD, network, Qiskit, PRISM",time.perf_counter_ns,single_process
BASIC,1,4,,0,1,2026090502,2046090503,5,3830900,3.8309,True,6,4645,"in-memory V7 session incl simulated KE derivation and deterministic quantum fixture; excl external KE/QKD, network, Qiskit, PRISM",time.perf_counter_ns,single_process
BASIC,1,4,,0,2,2026090503,2046090505,5,3917700,3.9177,True,6,4645,"in-memory V7 session incl simulated KE derivation and deterministic quantum fixture; excl external KE/QKD, network, Qiskit, PRISM",time.perf_counter_ns,single_process
BASIC,1,4,,0,3,2026090504,2046090507,5,3861300,3.8613,True,6,4645,"in-memory V7 session incl simulated KE derivation and deterministic quantum fixture; excl external KE/QKD, network, Qiskit, PRISM",time.perf_counter_ns,single_process
BASIC,1,4,,0,4,2026090505,2046090509,5,3803400,3.8034,True,6,4645,"in-memory V7 session incl simulated KE derivation and deterministic quantum fixture; excl external KE/QKD, network, Qiskit, PRISM",time.perf_counter_ns,single_process
BASIC,1,4,,0,5,2026090506,2046090511,5,3815800,3.8158,True,6,4645,"in-memory V7 session incl simulated KE derivation and deterministic quantum fixture; excl external KE/QKD, network, Qiskit, PRISM",time.perf_counter_ns,single_process
BASIC,1,4,,0,6,2026090507,2046090513,5,3963000,3.963,True,6,4645,"in-memory V7 session incl simulated KE derivation and deterministic quantum fixture; excl external KE/QKD, network, Qiskit, PRISM",time.perf_counter_ns,single_process
BASIC,1,4,,0,7,2026090508,2046090515,5,4174500,4.1745,True,6,4645,"in-memory V7 session incl simulated KE derivation and deterministic quantum fixture; excl external KE/QKD, network, Qiskit, PRISM",time.perf_counter_ns,single_process
BASIC,1,4,,0,8,2026090509,2046090517,5,3795100,3.7951,True,6,4645,"in-memory V7 session incl simulated KE derivation and deterministic quantum fixture; excl external KE/QKD, network, Qiskit, PRISM",time.perf_counter_ns,single_process
BASIC,1,4,,0,9,2026090510,2046090519,5,4015700,4.0157,True,6,4645,"in-memory V7 session incl simulated KE derivation and deterministic quantum fixture; excl external KE/QKD, network, Qiskit, PRISM",time.perf_counter_ns,single_process
BASIC,1,4,,0,10,2026090501,2046090511,5,3981000,3.981,True,6,4645,"in-memory V7 session incl simulated KE derivation and deterministic quantum fixture; excl external KE/QKD, network, Qiskit, PRISM",time.perf_counter_ns,single_process
BASIC,1,4,,0,11,2026090502,2046090513,5,3969200,3.9692,True,6,4645,"in-memory V7 session incl simulated KE derivation and deterministic quantum fixture; excl external KE/QKD, network, Qiskit, PRISM",time.perf_counter_ns,single_process
BASIC,1,4,,0,12,2026090503,2046090515,5,3905900,3.9059,True,6,4645,"in-memory V7 session incl simulated KE derivation and deterministic quantum fixture; excl external KE/QKD, network, Qiskit, PRISM",time.perf_counter_ns,single_process
BASIC,1,4,,0,13,2026090504,2046090517,5,3893500,3.8935,True,6,4645,"in-memory V7 session incl simulated KE derivation and deterministic quantum fixture; excl external KE/QKD, network, Qiskit, PRISM",time.perf_counter_ns,single_process
BASIC,1,4,,0,14,2026090505,2046090519,5,4103000,4.103,True,6,4645,"in-memory V7 session incl simulated KE derivation and deterministic quantum fixture; excl external KE/QKD, network, Qiskit, PRISM",time.perf_counter_ns,single_process
BASIC,1,4,,0,15,2026090506,2046090521,5,3747900,3.7479,True,6,4645,"in-memory V7 session incl simulated KE derivation and deterministic quantum fixture; excl external KE/QKD, network, Qiskit, PRISM",time.perf_counter_ns,single_process
BASIC,1,4,,0,16,2026090507,2046090523,5,3915200,3.9152,True,6,4645,"in-memory V7 session incl simulated KE derivation and deterministic quantum fixture; excl external KE/QKD, network, Qiskit, PRISM",time.perf_counter_ns,single_process
BASIC,1,4,,0,17,2026090508,2046090525,5,3962100,3.9621,True,6,4645,"in-memory V7 session incl simulated KE derivation and deterministic quantum fixture; excl external KE/QKD, network, Qiskit, PRISM",time.perf_counter_ns,single_process
BASIC,1,4,,0,18,2026090509,2046090527,5,3892300,3.8923,True,6,4645,"in-memory V7 session incl simulated KE derivation and deterministic quantum fixture; excl external KE/QKD, network, Qiskit, PRISM",time.perf_counter_ns,single_process
BASIC,1,4,,0,19,2026090510,2046090529,5,3782900,3.7829,True,6,4645,"in-memory V7 session incl simulated KE derivation and deterministic quantum fixture; excl external KE/QKD, network, Qiskit, PRISM",time.perf_counter_ns,single_process
BASIC,1,4,,0,20,2026090501,2046090521,5,3875200,3.8752,True,6,4645,"in-memory V7 session incl simulated KE derivation and deterministic quantum fixture; excl external KE/QKD, network, Qiskit, PRISM",time.perf_counter_ns,single_process
BASIC,1,4,,0,21,2026090502,2046090523,5,3914500,3.9145,True,6,4645,"in-memory V7 session incl simulated KE derivation and deterministic quantum fixture; excl external KE/QKD, network, Qiskit, PRISM",time.perf_counter_ns,single_process
BASIC,1,4,,0,22,2026090503,2046090525,5,3801800,3.8018,True,6,4645,"in-memory V7 session incl simulated KE derivation and deterministic quantum fixture; excl external KE/QKD, network, Qiskit, PRISM",time.perf_counter_ns,single_process
BASIC,1,4,,0,23,2026090504,2046090527,5,4021100,4.0211,True,6,4645,"in-memory V7 session incl simulated KE derivation and deterministic quantum fixture; excl external KE/QKD, network, Qiskit, PRISM",time.perf_counter_ns,single_process
BASIC,1,4,,0,24,2026090505,2046090529,5,3934100,3.9341,True,6,4645,"in-memory V7 session incl simulated KE derivation and deterministic quantum fixture; excl external KE/QKD, network, Qiskit, PRISM",time.perf_counter_ns,single_process
BASIC,1,4,,0,25,2026090506,2046090531,5,3987000,3.987,True,6,4645,"in-memory V7 session incl simulated KE derivation and deterministic quantum fixture; excl external KE/QKD, network, Qiskit, PRISM",time.perf_counter_ns,single_process
BASIC,1,4,,0,26,2026090507,2046090533,5,3808500,3.8085,True,6,4645,"in-memory V7 session incl simulated KE derivation and deterministic quantum fixture; excl external KE/QKD, network, Qiskit, PRISM",time.perf_counter_ns,single_process
BASIC,1,4,,0,27,2026090508,2046090535,5,3905100,3.9051,True,6,4645,"in-memory V7 session incl simulated KE derivation and deterministic quantum fixture; excl external KE/QKD, network, Qiskit, PRISM",time.perf_counter_ns,single_process
BASIC,1,4,,0,28,2026090509,2046090537,5,3945800,3.9458,True,6,4645,"in-memory V7 session incl simulated KE derivation and deterministic quantum fixture; excl external KE/QKD, network, Qiskit, PRISM",time.perf_counter_ns,single_process
BASIC,1,4,,0,29,2026090510,2046090539,5,3813800,3.8138,True,6,4645,"in-memory V7 session incl simulated KE derivation and deterministic quantum fixture; excl external KE/QKD, network, Qiskit, PRISM",time.perf_counter_ns,single_process
RELEASE,1,4,1,2,0,2026090501,2046091501,5,7059900,7.0599,True,12,9715,"in-memory V7 session incl simulated KE derivation and deterministic quantum fixture; excl external KE/QKD, network, Qiskit, PRISM",time.perf_counter_ns,single_process
RELEASE,1,4,1,2,1,2026090502,2046091503,5,7055500,7.0555,True,12,9715,"in-memory V7 session incl simulated KE derivation and deterministic quantum fixture; excl external KE/QKD, network, Qiskit, PRISM",time.perf_counter_ns,single_process
RELEASE,1,4,1,2,2,2026090503,2046091505,5,6995400,6.9954,True,12,9715,"in-memory V7 session incl simulated KE derivation and deterministic quantum fixture; excl external KE/QKD, network, Qiskit, PRISM",time.perf_counter_ns,single_process
RELEASE,1,4,1,2,3,2026090504,2046091507,5,7069900,7.0699,True,12,9715,"in-memory V7 session incl simulated KE derivation and deterministic quantum fixture; excl external KE/QKD, network, Qiskit, PRISM",time.perf_counter_ns,single_process
RELEASE,1,4,1,2,4,2026090505,2046091509,5,7219900,7.2199,True,12,9715,"in-memory V7 session incl simulated KE derivation and deterministic quantum fixture; excl external KE/QKD, network, Qiskit, PRISM",time.perf_counter_ns,single_process
RELEASE,1,4,1,2,5,2026090506,2046091511,5,7523500,7.5235,True,12,9715,"in-memory V7 session incl simulated KE derivation and deterministic quantum fixture; excl external KE/QKD, network, Qiskit, PRISM",time.perf_counter_ns,single_process
RELEASE,1,4,1,2,6,2026090507,2046091513,5,7460900,7.4609,True,12,9715,"in-memory V7 session incl simulated KE derivation and deterministic quantum fixture; excl external KE/QKD, network, Qiskit, PRISM",time.perf_counter_ns,single_process
RELEASE,1,4,1,2,7,2026090508,2046091515,5,7860200,7.8602,True,12,9715,"in-memory V7 session incl simulated KE derivation and deterministic quantum fixture; excl external KE/QKD, network, Qiskit, PRISM",time.perf_counter_ns,single_process
RELEASE,1,4,1,2,8,2026090509,2046091517,5,7658800,7.6588,True,12,9715,"in-memory V7 session incl simulated KE derivation and deterministic quantum fixture; excl external KE/QKD, network, Qiskit, PRISM",time.perf_counter_ns,single_process
RELEASE,1,4,1,2,9,2026090510,2046091519,5,7383900,7.3839,True,12,9715,"in-memory V7 session incl simulated KE derivation and deterministic quantum fixture; excl external KE/QKD, network, Qiskit, PRISM",time.perf_counter_ns,single_process
RELEASE,1,4,1,2,10,2026090501,2046091511,5,7249700,7.2497,True,12,9715,"in-memory V7 session incl simulated KE derivation and deterministic quantum fixture; excl external KE/QKD, network, Qiskit, PRISM",time.perf_counter_ns,single_process
RELEASE,1,4,1,2,11,2026090502,2046091513,5,7145300,7.1453,True,12,9715,"in-memory V7 session incl simulated KE derivation and deterministic quantum fixture; excl external KE/QKD, network, Qiskit, PRISM",time.perf_counter_ns,single_process
RELEASE,1,4,1,2,12,2026090503,2046091515,5,7237600,7.2376,True,12,9715,"in-memory V7 session incl simulated KE derivation and deterministic quantum fixture; excl external KE/QKD, network, Qiskit, PRISM",time.perf_counter_ns,single_process
RELEASE,1,4,1,2,13,2026090504,2046091517,5,7320300,7.3203,True,12,9715,"in-memory V7 session incl simulated KE derivation and deterministic quantum fixture; excl external KE/QKD, network, Qiskit, PRISM",time.perf_counter_ns,single_process
RELEASE,1,4,1,2,14,2026090505,2046091519,5,6988500,6.9885,True,12,9715,"in-memory V7 session incl simulated KE derivation and deterministic quantum fixture; excl external KE/QKD, network, Qiskit, PRISM",time.perf_counter_ns,single_process
RELEASE,1,4,1,2,15,2026090506,2046091521,5,7815300,7.8153,True,12,9715,"in-memory V7 session incl simulated KE derivation and deterministic quantum fixture; excl external KE/QKD, network, Qiskit, PRISM",time.perf_counter_ns,single_process
RELEASE,1,4,1,2,16,2026090507,2046091523,5,7336700,7.3367,True,12,9715,"in-memory V7 session incl simulated KE derivation and deterministic quantum fixture; excl external KE/QKD, network, Qiskit, PRISM",time.perf_counter_ns,single_process
RELEASE,1,4,1,2,17,2026090508,2046091525,5,7335800,7.3358,True,12,9715,"in-memory V7 session incl simulated KE derivation and deterministic quantum fixture; excl external KE/QKD, network, Qiskit, PRISM",time.perf_counter_ns,single_process
RELEASE,1,4,1,2,18,2026090509,2046091527,5,7512300,7.5123,True,12,9715,"in-memory V7 session incl simulated KE derivation and deterministic quantum fixture; excl external KE/QKD, network, Qiskit, PRISM",time.perf_counter_ns,single_process
RELEASE,1,4,1,2,19,2026090510,2046091529,5,6991500,6.9915,True,12,9715,"in-memory V7 session incl simulated KE derivation and deterministic quantum fixture; excl external KE/QKD, network, Qiskit, PRISM",time.perf_counter_ns,single_process
RELEASE,1,4,1,2,20,2026090501,2046091521,5,7066800,7.0668,True,12,9715,"in-memory V7 session incl simulated KE derivation and deterministic quantum fixture; excl external KE/QKD, network, Qiskit, PRISM",time.perf_counter_ns,single_process
RELEASE,1,4,1,2,21,2026090502,2046091523,5,7039100,7.0391,True,12,9715,"in-memory V7 session incl simulated KE derivation and deterministic quantum fixture; excl external KE/QKD, network, Qiskit, PRISM",time.perf_counter_ns,single_process
RELEASE,1,4,1,2,22,2026090503,2046091525,5,7549000,7.549,True,12,9715,"in-memory V7 session incl simulated KE derivation and deterministic quantum fixture; excl external KE/QKD, network, Qiskit, PRISM",time.perf_counter_ns,single_process
RELEASE,1,4,1,2,23,2026090504,2046091527,5,7221300,7.2213,True,12,9715,"in-memory V7 session incl simulated KE derivation and deterministic quantum fixture; excl external KE/QKD, network, Qiskit, PRISM",time.perf_counter_ns,single_process
RELEASE,1,4,1,2,24,2026090505,2046091529,5,7695300,7.6953,True,12,9715,"in-memory V7 session incl simulated KE derivation and deterministic quantum fixture; excl external KE/QKD, network, Qiskit, PRISM",time.perf_counter_ns,single_process
RELEASE,1,4,1,2,25,2026090506,2046091531,5,7217400,7.2174,True,12,9715,"in-memory V7 session incl simulated KE derivation and deterministic quantum fixture; excl external KE/QKD, network, Qiskit, PRISM",time.perf_counter_ns,single_process
RELEASE,1,4,1,2,26,2026090507,2046091533,5,7239300,7.2393,True,12,9715,"in-memory V7 session incl simulated KE derivation and deterministic quantum fixture; excl external KE/QKD, network, Qiskit, PRISM",time.perf_counter_ns,single_process
RELEASE,1,4,1,2,27,2026090508,2046091535,5,7672100,7.6721,True,12,9715,"in-memory V7 session incl simulated KE derivation and deterministic quantum fixture; excl external KE/QKD, network, Qiskit, PRISM",time.perf_counter_ns,single_process
RELEASE,1,4,1,2,28,2026090509,2046091537,5,7374100,7.3741,True,12,9715,"in-memory V7 session incl simulated KE derivation and deterministic quantum fixture; excl external KE/QKD, network, Qiskit, PRISM",time.perf_counter_ns,single_process
RELEASE,1,4,1,2,29,2026090510,2046091539,5,7222100,7.2221,True,12,9715,"in-memory V7 session incl simulated KE derivation and deterministic quantum fixture; excl external KE/QKD, network, Qiskit, PRISM",time.perf_counter_ns,single_process
RELEASE,1,4,2,1,0,2026090501,2046092501,5,5914900,5.9149,True,10,7953,"in-memory V7 session incl simulated KE derivation and deterministic quantum fixture; excl external KE/QKD, network, Qiskit, PRISM",time.perf_counter_ns,single_process
RELEASE,1,4,2,1,1,2026090502,2046092503,5,6242000,6.242,True,10,7953,"in-memory V7 session incl simulated KE derivation and deterministic quantum fixture; excl external KE/QKD, network, Qiskit, PRISM",time.perf_counter_ns,single_process
RELEASE,1,4,2,1,2,2026090503,2046092505,5,5991500,5.9915,True,10,7953,"in-memory V7 session incl simulated KE derivation and deterministic quantum fixture; excl external KE/QKD, network, Qiskit, PRISM",time.perf_counter_ns,single_process
RELEASE,1,4,2,1,3,2026090504,2046092507,5,6031100,6.0311,True,10,7953,"in-memory V7 session incl simulated KE derivation and deterministic quantum fixture; excl external KE/QKD, network, Qiskit, PRISM",time.perf_counter_ns,single_process
RELEASE,1,4,2,1,4,2026090505,2046092509,5,6076600,6.0766,True,10,7953,"in-memory V7 session incl simulated KE derivation and deterministic quantum fixture; excl external KE/QKD, network, Qiskit, PRISM",time.perf_counter_ns,single_process
RELEASE,1,4,2,1,5,2026090506,2046092511,5,6106900,6.1069,True,10,7953,"in-memory V7 session incl simulated KE derivation and deterministic quantum fixture; excl external KE/QKD, network, Qiskit, PRISM",time.perf_counter_ns,single_process
RELEASE,1,4,2,1,6,2026090507,2046092513,5,6169800,6.1698,True,10,7953,"in-memory V7 session incl simulated KE derivation and deterministic quantum fixture; excl external KE/QKD, network, Qiskit, PRISM",time.perf_counter_ns,single_process
RELEASE,1,4,2,1,7,2026090508,2046092515,5,6169600,6.1696,True,10,7953,"in-memory V7 session incl simulated KE derivation and deterministic quantum fixture; excl external KE/QKD, network, Qiskit, PRISM",time.perf_counter_ns,single_process
RELEASE,1,4,2,1,8,2026090509,2046092517,5,5870100,5.8701,True,10,7953,"in-memory V7 session incl simulated KE derivation and deterministic quantum fixture; excl external KE/QKD, network, Qiskit, PRISM",time.perf_counter_ns,single_process
RELEASE,1,4,2,1,9,2026090510,2046092519,5,5924000,5.924,True,10,7953,"in-memory V7 session incl simulated KE derivation and deterministic quantum fixture; excl external KE/QKD, network, Qiskit, PRISM",time.perf_counter_ns,single_process
RELEASE,1,4,2,1,10,2026090501,2046092511,5,6037600,6.0376,True,10,7953,"in-memory V7 session incl simulated KE derivation and deterministic quantum fixture; excl external KE/QKD, network, Qiskit, PRISM",time.perf_counter_ns,single_process
RELEASE,1,4,2,1,11,2026090502,2046092513,5,6281700,6.2817,True,10,7953,"in-memory V7 session incl simulated KE derivation and deterministic quantum fixture; excl external KE/QKD, network, Qiskit, PRISM",time.perf_counter_ns,single_process
RELEASE,1,4,2,1,12,2026090503,2046092515,5,6178900,6.1789,True,10,7953,"in-memory V7 session incl simulated KE derivation and deterministic quantum fixture; excl external KE/QKD, network, Qiskit, PRISM",time.perf_counter_ns,single_process
RELEASE,1,4,2,1,13,2026090504,2046092517,5,6151500,6.1515,True,10,7953,"in-memory V7 session incl simulated KE derivation and deterministic quantum fixture; excl external KE/QKD, network, Qiskit, PRISM",time.perf_counter_ns,single_process
RELEASE,1,4,2,1,14,2026090505,2046092519,5,6023500,6.0235,True,10,7953,"in-memory V7 session incl simulated KE derivation and deterministic quantum fixture; excl external KE/QKD, network, Qiskit, PRISM",time.perf_counter_ns,single_process
RELEASE,1,4,2,1,15,2026090506,2046092521,5,6317300,6.3173,True,10,7953,"in-memory V7 session incl simulated KE derivation and deterministic quantum fixture; excl external KE/QKD, network, Qiskit, PRISM",time.perf_counter_ns,single_process
RELEASE,1,4,2,1,16,2026090507,2046092523,5,5943000,5.943,True,10,7953,"in-memory V7 session incl simulated KE derivation and deterministic quantum fixture; excl external KE/QKD, network, Qiskit, PRISM",time.perf_counter_ns,single_process
RELEASE,1,4,2,1,17,2026090508,2046092525,5,6004500,6.0045,True,10,7953,"in-memory V7 session incl simulated KE derivation and deterministic quantum fixture; excl external KE/QKD, network, Qiskit, PRISM",time.perf_counter_ns,single_process
RELEASE,1,4,2,1,18,2026090509,2046092527,5,5964500,5.9645,True,10,7953,"in-memory V7 session incl simulated KE derivation and deterministic quantum fixture; excl external KE/QKD, network, Qiskit, PRISM",time.perf_counter_ns,single_process
RELEASE,1,4,2,1,19,2026090510,2046092529,5,5871200,5.8712,True,10,7953,"in-memory V7 session incl simulated KE derivation and deterministic quantum fixture; excl external KE/QKD, network, Qiskit, PRISM",time.perf_counter_ns,single_process
RELEASE,1,4,2,1,20,2026090501,2046092521,5,6121200,6.1212,True,10,7953,"in-memory V7 session incl simulated KE derivation and deterministic quantum fixture; excl external KE/QKD, network, Qiskit, PRISM",time.perf_counter_ns,single_process
RELEASE,1,4,2,1,21,2026090502,2046092523,5,6222600,6.2226,True,10,7953,"in-memory V7 session incl simulated KE derivation and deterministic quantum fixture; excl external KE/QKD, network, Qiskit, PRISM",time.perf_counter_ns,single_process
RELEASE,1,4,2,1,22,2026090503,2046092525,5,5984600,5.9846,True,10,7953,"in-memory V7 session incl simulated KE derivation and deterministic quantum fixture; excl external KE/QKD, network, Qiskit, PRISM",time.perf_counter_ns,single_process
RELEASE,1,4,2,1,23,2026090504,2046092527,5,5873100,5.8731,True,10,7953,"in-memory V7 session incl simulated KE derivation and deterministic quantum fixture; excl external KE/QKD, network, Qiskit, PRISM",time.perf_counter_ns,single_process
RELEASE,1,4,2,1,24,2026090505,2046092529,5,5873200,5.8732,True,10,7953,"in-memory V7 session incl simulated KE derivation and deterministic quantum fixture; excl external KE/QKD, network, Qiskit, PRISM",time.perf_counter_ns,single_process
RELEASE,1,4,2,1,25,2026090506,2046092531,5,6496900,6.4969,True,10,7953,"in-memory V7 session incl simulated KE derivation and deterministic quantum fixture; excl external KE/QKD, network, Qiskit, PRISM",time.perf_counter_ns,single_process
RELEASE,1,4,2,1,26,2026090507,2046092533,5,6394500,6.3945,True,10,7953,"in-memory V7 session incl simulated KE derivation and deterministic quantum fixture; excl external KE/QKD, network, Qiskit, PRISM",time.perf_counter_ns,single_process
RELEASE,1,4,2,1,27,2026090508,2046092535,5,6231500,6.2315,True,10,7953,"in-memory V7 session incl simulated KE derivation and deterministic quantum fixture; excl external KE/QKD, network, Qiskit, PRISM",time.perf_counter_ns,single_process
RELEASE,1,4,2,1,28,2026090509,2046092537,5,5847900,5.8479,True,10,7953,"in-memory V7 session incl simulated KE derivation and deterministic quantum fixture; excl external KE/QKD, network, Qiskit, PRISM",time.perf_counter_ns,single_process
RELEASE,1,4,2,1,29,2026090510,2046092539,5,6056700,6.0567,True,10,7953,"in-memory V7 session incl simulated KE derivation and deterministic quantum fixture; excl external KE/QKD, network, Qiskit, PRISM",time.perf_counter_ns,single_process
BASIC,1,155,,0,0,2026090501,2046093501,5,11985300,11.9853,True,6,10082,"in-memory V7 session incl simulated KE derivation and deterministic quantum fixture; excl external KE/QKD, network, Qiskit, PRISM",time.perf_counter_ns,single_process
BASIC,1,155,,0,1,2026090502,2046093503,5,12108000,12.108,True,6,10082,"in-memory V7 session incl simulated KE derivation and deterministic quantum fixture; excl external KE/QKD, network, Qiskit, PRISM",time.perf_counter_ns,single_process
BASIC,1,155,,0,2,2026090503,2046093505,5,12366600,12.3666,True,6,10082,"in-memory V7 session incl simulated KE derivation and deterministic quantum fixture; excl external KE/QKD, network, Qiskit, PRISM",time.perf_counter_ns,single_process
BASIC,1,155,,0,3,2026090504,2046093507,5,12496100,12.4961,True,6,10082,"in-memory V7 session incl simulated KE derivation and deterministic quantum fixture; excl external KE/QKD, network, Qiskit, PRISM",time.perf_counter_ns,single_process
BASIC,1,155,,0,4,2026090505,2046093509,5,12109800,12.1098,True,6,10082,"in-memory V7 session incl simulated KE derivation and deterministic quantum fixture; excl external KE/QKD, network, Qiskit, PRISM",time.perf_counter_ns,single_process
BASIC,1,155,,0,5,2026090506,2046093511,5,11851500,11.8515,True,6,10082,"in-memory V7 session incl simulated KE derivation and deterministic quantum fixture; excl external KE/QKD, network, Qiskit, PRISM",time.perf_counter_ns,single_process
BASIC,1,155,,0,6,2026090507,2046093513,5,12295200,12.2952,True,6,10082,"in-memory V7 session incl simulated KE derivation and deterministic quantum fixture; excl external KE/QKD, network, Qiskit, PRISM",time.perf_counter_ns,single_process
BASIC,1,155,,0,7,2026090508,2046093515,5,12561700,12.5617,True,6,10082,"in-memory V7 session incl simulated KE derivation and deterministic quantum fixture; excl external KE/QKD, network, Qiskit, PRISM",time.perf_counter_ns,single_process
BASIC,1,155,,0,8,2026090509,2046093517,5,12660100,12.6601,True,6,10082,"in-memory V7 session incl simulated KE derivation and deterministic quantum fixture; excl external KE/QKD, network, Qiskit, PRISM",time.perf_counter_ns,single_process
BASIC,1,155,,0,9,2026090510,2046093519,5,12384600,12.3846,True,6,10082,"in-memory V7 session incl simulated KE derivation and deterministic quantum fixture; excl external KE/QKD, network, Qiskit, PRISM",time.perf_counter_ns,single_process
BASIC,1,155,,0,10,2026090501,2046093511,5,12086200,12.0862,True,6,10082,"in-memory V7 session incl simulated KE derivation and deterministic quantum fixture; excl external KE/QKD, network, Qiskit, PRISM",time.perf_counter_ns,single_process
BASIC,1,155,,0,11,2026090502,2046093513,5,12450400,12.4504,True,6,10082,"in-memory V7 session incl simulated KE derivation and deterministic quantum fixture; excl external KE/QKD, network, Qiskit, PRISM",time.perf_counter_ns,single_process
BASIC,1,155,,0,12,2026090503,2046093515,5,11987300,11.9873,True,6,10082,"in-memory V7 session incl simulated KE derivation and deterministic quantum fixture; excl external KE/QKD, network, Qiskit, PRISM",time.perf_counter_ns,single_process
BASIC,1,155,,0,13,2026090504,2046093517,5,12077200,12.0772,True,6,10082,"in-memory V7 session incl simulated KE derivation and deterministic quantum fixture; excl external KE/QKD, network, Qiskit, PRISM",time.perf_counter_ns,single_process
BASIC,1,155,,0,14,2026090505,2046093519,5,12424600,12.4246,True,6,10082,"in-memory V7 session incl simulated KE derivation and deterministic quantum fixture; excl external KE/QKD, network, Qiskit, PRISM",time.perf_counter_ns,single_process
BASIC,1,155,,0,15,2026090506,2046093521,5,12837000,12.837,True,6,10082,"in-memory V7 session incl simulated KE derivation and deterministic quantum fixture; excl external KE/QKD, network, Qiskit, PRISM",time.perf_counter_ns,single_process
BASIC,1,155,,0,16,2026090507,2046093523,5,13179800,13.1798,True,6,10082,"in-memory V7 session incl simulated KE derivation and deterministic quantum fixture; excl external KE/QKD, network, Qiskit, PRISM",time.perf_counter_ns,single_process
BASIC,1,155,,0,17,2026090508,2046093525,5,13086000,13.086,True,6,10082,"in-memory V7 session incl simulated KE derivation and deterministic quantum fixture; excl external KE/QKD, network, Qiskit, PRISM",time.perf_counter_ns,single_process
BASIC,1,155,,0,18,2026090509,2046093527,5,13711100,13.7111,True,6,10082,"in-memory V7 session incl simulated KE derivation and deterministic quantum fixture; excl external KE/QKD, network, Qiskit, PRISM",time.perf_counter_ns,single_process
BASIC,1,155,,0,19,2026090510,2046093529,5,12596200,12.5962,True,6,10082,"in-memory V7 session incl simulated KE derivation and deterministic quantum fixture; excl external KE/QKD, network, Qiskit, PRISM",time.perf_counter_ns,single_process
BASIC,1,155,,0,20,2026090501,2046093521,5,12472000,12.472,True,6,10082,"in-memory V7 session incl simulated KE derivation and deterministic quantum fixture; excl external KE/QKD, network, Qiskit, PRISM",time.perf_counter_ns,single_process
BASIC,1,155,,0,21,2026090502,2046093523,5,15933300,15.9333,True,6,10082,"in-memory V7 session incl simulated KE derivation and deterministic quantum fixture; excl external KE/QKD, network, Qiskit, PRISM",time.perf_counter_ns,single_process
BASIC,1,155,,0,22,2026090503,2046093525,5,13044800,13.0448,True,6,10082,"in-memory V7 session incl simulated KE derivation and deterministic quantum fixture; excl external KE/QKD, network, Qiskit, PRISM",time.perf_counter_ns,single_process
BASIC,1,155,,0,23,2026090504,2046093527,5,13166900,13.1669,True,6,10082,"in-memory V7 session incl simulated KE derivation and deterministic quantum fixture; excl external KE/QKD, network, Qiskit, PRISM",time.perf_counter_ns,single_process
BASIC,1,155,,0,24,2026090505,2046093529,5,12379900,12.3799,True,6,10082,"in-memory V7 session incl simulated KE derivation and deterministic quantum fixture; excl external KE/QKD, network, Qiskit, PRISM",time.perf_counter_ns,single_process
BASIC,1,155,,0,25,2026090506,2046093531,5,12158900,12.1589,True,6,10082,"in-memory V7 session incl simulated KE derivation and deterministic quantum fixture; excl external KE/QKD, network, Qiskit, PRISM",time.perf_counter_ns,single_process
BASIC,1,155,,0,26,2026090507,2046093533,5,12718900,12.7189,True,6,10082,"in-memory V7 session incl simulated KE derivation and deterministic quantum fixture; excl external KE/QKD, network, Qiskit, PRISM",time.perf_counter_ns,single_process
BASIC,1,155,,0,27,2026090508,2046093535,5,12929100,12.9291,True,6,10082,"in-memory V7 session incl simulated KE derivation and deterministic quantum fixture; excl external KE/QKD, network, Qiskit, PRISM",time.perf_counter_ns,single_process
BASIC,1,155,,0,28,2026090509,2046093537,5,12300600,12.3006,True,6,10082,"in-memory V7 session incl simulated KE derivation and deterministic quantum fixture; excl external KE/QKD, network, Qiskit, PRISM",time.perf_counter_ns,single_process
BASIC,1,155,,0,29,2026090510,2046093539,5,12458200,12.4582,True,6,10082,"in-memory V7 session incl simulated KE derivation and deterministic quantum fixture; excl external KE/QKD, network, Qiskit, PRISM",time.perf_counter_ns,single_process
RELEASE,1,155,1,2,0,2026090501,2046094501,5,16103700,16.1037,True,12,15152,"in-memory V7 session incl simulated KE derivation and deterministic quantum fixture; excl external KE/QKD, network, Qiskit, PRISM",time.perf_counter_ns,single_process
RELEASE,1,155,1,2,1,2026090502,2046094503,5,15255700,15.2557,True,12,15152,"in-memory V7 session incl simulated KE derivation and deterministic quantum fixture; excl external KE/QKD, network, Qiskit, PRISM",time.perf_counter_ns,single_process
RELEASE,1,155,1,2,2,2026090503,2046094505,5,15198900,15.1989,True,12,15152,"in-memory V7 session incl simulated KE derivation and deterministic quantum fixture; excl external KE/QKD, network, Qiskit, PRISM",time.perf_counter_ns,single_process
RELEASE,1,155,1,2,3,2026090504,2046094507,5,15780700,15.7807,True,12,15152,"in-memory V7 session incl simulated KE derivation and deterministic quantum fixture; excl external KE/QKD, network, Qiskit, PRISM",time.perf_counter_ns,single_process
RELEASE,1,155,1,2,4,2026090505,2046094509,5,16326900,16.3269,True,12,15152,"in-memory V7 session incl simulated KE derivation and deterministic quantum fixture; excl external KE/QKD, network, Qiskit, PRISM",time.perf_counter_ns,single_process
RELEASE,1,155,1,2,5,2026090506,2046094511,5,16653700,16.6537,True,12,15152,"in-memory V7 session incl simulated KE derivation and deterministic quantum fixture; excl external KE/QKD, network, Qiskit, PRISM",time.perf_counter_ns,single_process
RELEASE,1,155,1,2,6,2026090507,2046094513,5,17516800,17.5168,True,12,15152,"in-memory V7 session incl simulated KE derivation and deterministic quantum fixture; excl external KE/QKD, network, Qiskit, PRISM",time.perf_counter_ns,single_process
RELEASE,1,155,1,2,7,2026090508,2046094515,5,16683300,16.6833,True,12,15152,"in-memory V7 session incl simulated KE derivation and deterministic quantum fixture; excl external KE/QKD, network, Qiskit, PRISM",time.perf_counter_ns,single_process
RELEASE,1,155,1,2,8,2026090509,2046094517,5,17094100,17.0941,True,12,15152,"in-memory V7 session incl simulated KE derivation and deterministic quantum fixture; excl external KE/QKD, network, Qiskit, PRISM",time.perf_counter_ns,single_process
RELEASE,1,155,1,2,9,2026090510,2046094519,5,16304500,16.3045,True,12,15152,"in-memory V7 session incl simulated KE derivation and deterministic quantum fixture; excl external KE/QKD, network, Qiskit, PRISM",time.perf_counter_ns,single_process
RELEASE,1,155,1,2,10,2026090501,2046094511,5,19047800,19.0478,True,12,15152,"in-memory V7 session incl simulated KE derivation and deterministic quantum fixture; excl external KE/QKD, network, Qiskit, PRISM",time.perf_counter_ns,single_process
RELEASE,1,155,1,2,11,2026090502,2046094513,5,17594300,17.5943,True,12,15152,"in-memory V7 session incl simulated KE derivation and deterministic quantum fixture; excl external KE/QKD, network, Qiskit, PRISM",time.perf_counter_ns,single_process
RELEASE,1,155,1,2,12,2026090503,2046094515,5,17773200,17.7732,True,12,15152,"in-memory V7 session incl simulated KE derivation and deterministic quantum fixture; excl external KE/QKD, network, Qiskit, PRISM",time.perf_counter_ns,single_process
RELEASE,1,155,1,2,13,2026090504,2046094517,5,17207700,17.2077,True,12,15152,"in-memory V7 session incl simulated KE derivation and deterministic quantum fixture; excl external KE/QKD, network, Qiskit, PRISM",time.perf_counter_ns,single_process
RELEASE,1,155,1,2,14,2026090505,2046094519,5,18732200,18.7322,True,12,15152,"in-memory V7 session incl simulated KE derivation and deterministic quantum fixture; excl external KE/QKD, network, Qiskit, PRISM",time.perf_counter_ns,single_process
RELEASE,1,155,1,2,15,2026090506,2046094521,5,15546300,15.5463,True,12,15152,"in-memory V7 session incl simulated KE derivation and deterministic quantum fixture; excl external KE/QKD, network, Qiskit, PRISM",time.perf_counter_ns,single_process
RELEASE,1,155,1,2,16,2026090507,2046094523,5,16703900,16.7039,True,12,15152,"in-memory V7 session incl simulated KE derivation and deterministic quantum fixture; excl external KE/QKD, network, Qiskit, PRISM",time.perf_counter_ns,single_process
RELEASE,1,155,1,2,17,2026090508,2046094525,5,16167800,16.1678,True,12,15152,"in-memory V7 session incl simulated KE derivation and deterministic quantum fixture; excl external KE/QKD, network, Qiskit, PRISM",time.perf_counter_ns,single_process
RELEASE,1,155,1,2,18,2026090509,2046094527,5,16398300,16.3983,True,12,15152,"in-memory V7 session incl simulated KE derivation and deterministic quantum fixture; excl external KE/QKD, network, Qiskit, PRISM",time.perf_counter_ns,single_process
RELEASE,1,155,1,2,19,2026090510,2046094529,5,16730900,16.7309,True,12,15152,"in-memory V7 session incl simulated KE derivation and deterministic quantum fixture; excl external KE/QKD, network, Qiskit, PRISM",time.perf_counter_ns,single_process
RELEASE,1,155,1,2,20,2026090501,2046094521,5,16448300,16.4483,True,12,15152,"in-memory V7 session incl simulated KE derivation and deterministic quantum fixture; excl external KE/QKD, network, Qiskit, PRISM",time.perf_counter_ns,single_process
RELEASE,1,155,1,2,21,2026090502,2046094523,5,16507100,16.5071,True,12,15152,"in-memory V7 session incl simulated KE derivation and deterministic quantum fixture; excl external KE/QKD, network, Qiskit, PRISM",time.perf_counter_ns,single_process
RELEASE,1,155,1,2,22,2026090503,2046094525,5,16191100,16.1911,True,12,15152,"in-memory V7 session incl simulated KE derivation and deterministic quantum fixture; excl external KE/QKD, network, Qiskit, PRISM",time.perf_counter_ns,single_process
RELEASE,1,155,1,2,23,2026090504,2046094527,5,17180300,17.1803,True,12,15152,"in-memory V7 session incl simulated KE derivation and deterministic quantum fixture; excl external KE/QKD, network, Qiskit, PRISM",time.perf_counter_ns,single_process
RELEASE,1,155,1,2,24,2026090505,2046094529,5,16187000,16.187,True,12,15152,"in-memory V7 session incl simulated KE derivation and deterministic quantum fixture; excl external KE/QKD, network, Qiskit, PRISM",time.perf_counter_ns,single_process
RELEASE,1,155,1,2,25,2026090506,2046094531,5,15919400,15.9194,True,12,15152,"in-memory V7 session incl simulated KE derivation and deterministic quantum fixture; excl external KE/QKD, network, Qiskit, PRISM",time.perf_counter_ns,single_process
RELEASE,1,155,1,2,26,2026090507,2046094533,5,15748100,15.7481,True,12,15152,"in-memory V7 session incl simulated KE derivation and deterministic quantum fixture; excl external KE/QKD, network, Qiskit, PRISM",time.perf_counter_ns,single_process
RELEASE,1,155,1,2,27,2026090508,2046094535,5,15398400,15.3984,True,12,15152,"in-memory V7 session incl simulated KE derivation and deterministic quantum fixture; excl external KE/QKD, network, Qiskit, PRISM",time.perf_counter_ns,single_process
RELEASE,1,155,1,2,28,2026090509,2046094537,5,15173300,15.1733,True,12,15152,"in-memory V7 session incl simulated KE derivation and deterministic quantum fixture; excl external KE/QKD, network, Qiskit, PRISM",time.perf_counter_ns,single_process
RELEASE,1,155,1,2,29,2026090510,2046094539,5,15065200,15.0652,True,12,15152,"in-memory V7 session incl simulated KE derivation and deterministic quantum fixture; excl external KE/QKD, network, Qiskit, PRISM",time.perf_counter_ns,single_process
RELEASE,1,155,2,1,0,2026090501,2046095501,5,13892700,13.8927,True,10,13390,"in-memory V7 session incl simulated KE derivation and deterministic quantum fixture; excl external KE/QKD, network, Qiskit, PRISM",time.perf_counter_ns,single_process
RELEASE,1,155,2,1,1,2026090502,2046095503,5,14275300,14.2753,True,10,13390,"in-memory V7 session incl simulated KE derivation and deterministic quantum fixture; excl external KE/QKD, network, Qiskit, PRISM",time.perf_counter_ns,single_process
RELEASE,1,155,2,1,2,2026090503,2046095505,5,14505700,14.5057,True,10,13390,"in-memory V7 session incl simulated KE derivation and deterministic quantum fixture; excl external KE/QKD, network, Qiskit, PRISM",time.perf_counter_ns,single_process
RELEASE,1,155,2,1,3,2026090504,2046095507,5,14696500,14.6965,True,10,13390,"in-memory V7 session incl simulated KE derivation and deterministic quantum fixture; excl external KE/QKD, network, Qiskit, PRISM",time.perf_counter_ns,single_process
RELEASE,1,155,2,1,4,2026090505,2046095509,5,14147700,14.1477,True,10,13390,"in-memory V7 session incl simulated KE derivation and deterministic quantum fixture; excl external KE/QKD, network, Qiskit, PRISM",time.perf_counter_ns,single_process
RELEASE,1,155,2,1,5,2026090506,2046095511,5,14160600,14.1606,True,10,13390,"in-memory V7 session incl simulated KE derivation and deterministic quantum fixture; excl external KE/QKD, network, Qiskit, PRISM",time.perf_counter_ns,single_process
RELEASE,1,155,2,1,6,2026090507,2046095513,5,15391100,15.3911,True,10,13390,"in-memory V7 session incl simulated KE derivation and deterministic quantum fixture; excl external KE/QKD, network, Qiskit, PRISM",time.perf_counter_ns,single_process
RELEASE,1,155,2,1,7,2026090508,2046095515,5,14131200,14.1312,True,10,13390,"in-memory V7 session incl simulated KE derivation and deterministic quantum fixture; excl external KE/QKD, network, Qiskit, PRISM",time.perf_counter_ns,single_process
RELEASE,1,155,2,1,8,2026090509,2046095517,5,14218500,14.2185,True,10,13390,"in-memory V7 session incl simulated KE derivation and deterministic quantum fixture; excl external KE/QKD, network, Qiskit, PRISM",time.perf_counter_ns,single_process
RELEASE,1,155,2,1,9,2026090510,2046095519,5,14095700,14.0957,True,10,13390,"in-memory V7 session incl simulated KE derivation and deterministic quantum fixture; excl external KE/QKD, network, Qiskit, PRISM",time.perf_counter_ns,single_process
RELEASE,1,155,2,1,10,2026090501,2046095511,5,14028200,14.0282,True,10,13390,"in-memory V7 session incl simulated KE derivation and deterministic quantum fixture; excl external KE/QKD, network, Qiskit, PRISM",time.perf_counter_ns,single_process
RELEASE,1,155,2,1,11,2026090502,2046095513,5,13993200,13.9932,True,10,13390,"in-memory V7 session incl simulated KE derivation and deterministic quantum fixture; excl external KE/QKD, network, Qiskit, PRISM",time.perf_counter_ns,single_process
RELEASE,1,155,2,1,12,2026090503,2046095515,5,14374600,14.3746,True,10,13390,"in-memory V7 session incl simulated KE derivation and deterministic quantum fixture; excl external KE/QKD, network, Qiskit, PRISM",time.perf_counter_ns,single_process
RELEASE,1,155,2,1,13,2026090504,2046095517,5,14519600,14.5196,True,10,13390,"in-memory V7 session incl simulated KE derivation and deterministic quantum fixture; excl external KE/QKD, network, Qiskit, PRISM",time.perf_counter_ns,single_process
RELEASE,1,155,2,1,14,2026090505,2046095519,5,14564000,14.564,True,10,13390,"in-memory V7 session incl simulated KE derivation and deterministic quantum fixture; excl external KE/QKD, network, Qiskit, PRISM",time.perf_counter_ns,single_process
RELEASE,1,155,2,1,15,2026090506,2046095521,5,15943700,15.9437,True,10,13390,"in-memory V7 session incl simulated KE derivation and deterministic quantum fixture; excl external KE/QKD, network, Qiskit, PRISM",time.perf_counter_ns,single_process
RELEASE,1,155,2,1,16,2026090507,2046095523,5,14798700,14.7987,True,10,13390,"in-memory V7 session incl simulated KE derivation and deterministic quantum fixture; excl external KE/QKD, network, Qiskit, PRISM",time.perf_counter_ns,single_process
RELEASE,1,155,2,1,17,2026090508,2046095525,5,14352900,14.3529,True,10,13390,"in-memory V7 session incl simulated KE derivation and deterministic quantum fixture; excl external KE/QKD, network, Qiskit, PRISM",time.perf_counter_ns,single_process
RELEASE,1,155,2,1,18,2026090509,2046095527,5,14022000,14.022,True,10,13390,"in-memory V7 session incl simulated KE derivation and deterministic quantum fixture; excl external KE/QKD, network, Qiskit, PRISM",time.perf_counter_ns,single_process
RELEASE,1,155,2,1,19,2026090510,2046095529,5,14529200,14.5292,True,10,13390,"in-memory V7 session incl simulated KE derivation and deterministic quantum fixture; excl external KE/QKD, network, Qiskit, PRISM",time.perf_counter_ns,single_process
RELEASE,1,155,2,1,20,2026090501,2046095521,5,14463100,14.4631,True,10,13390,"in-memory V7 session incl simulated KE derivation and deterministic quantum fixture; excl external KE/QKD, network, Qiskit, PRISM",time.perf_counter_ns,single_process
RELEASE,1,155,2,1,21,2026090502,2046095523,5,14416600,14.4166,True,10,13390,"in-memory V7 session incl simulated KE derivation and deterministic quantum fixture; excl external KE/QKD, network, Qiskit, PRISM",time.perf_counter_ns,single_process
RELEASE,1,155,2,1,22,2026090503,2046095525,5,14231300,14.2313,True,10,13390,"in-memory V7 session incl simulated KE derivation and deterministic quantum fixture; excl external KE/QKD, network, Qiskit, PRISM",time.perf_counter_ns,single_process
RELEASE,1,155,2,1,23,2026090504,2046095527,5,14414900,14.4149,True,10,13390,"in-memory V7 session incl simulated KE derivation and deterministic quantum fixture; excl external KE/QKD, network, Qiskit, PRISM",time.perf_counter_ns,single_process
RELEASE,1,155,2,1,24,2026090505,2046095529,5,14430100,14.4301,True,10,13390,"in-memory V7 session incl simulated KE derivation and deterministic quantum fixture; excl external KE/QKD, network, Qiskit, PRISM",time.perf_counter_ns,single_process
RELEASE,1,155,2,1,25,2026090506,2046095531,5,15132300,15.1323,True,10,13390,"in-memory V7 session incl simulated KE derivation and deterministic quantum fixture; excl external KE/QKD, network, Qiskit, PRISM",time.perf_counter_ns,single_process
RELEASE,1,155,2,1,26,2026090507,2046095533,5,14808100,14.8081,True,10,13390,"in-memory V7 session incl simulated KE derivation and deterministic quantum fixture; excl external KE/QKD, network, Qiskit, PRISM",time.perf_counter_ns,single_process
RELEASE,1,155,2,1,27,2026090508,2046095535,5,14969100,14.9691,True,10,13390,"in-memory V7 session incl simulated KE derivation and deterministic quantum fixture; excl external KE/QKD, network, Qiskit, PRISM",time.perf_counter_ns,single_process
RELEASE,1,155,2,1,28,2026090509,2046095537,5,14909000,14.909,True,10,13390,"in-memory V7 session incl simulated KE derivation and deterministic quantum fixture; excl external KE/QKD, network, Qiskit, PRISM",time.perf_counter_ns,single_process
RELEASE,1,155,2,1,29,2026090510,2046095539,5,14477200,14.4772,True,10,13390,"in-memory V7 session incl simulated KE derivation and deterministic quantum fixture; excl external KE/QKD, network, Qiskit, PRISM",time.perf_counter_ns,single_process
BASIC,2,4,,0,0,2026090501,2046096501,5,3949600,3.9496,True,6,4649,"in-memory V7 session incl simulated KE derivation and deterministic quantum fixture; excl external KE/QKD, network, Qiskit, PRISM",time.perf_counter_ns,single_process
BASIC,2,4,,0,1,2026090502,2046096503,5,3890500,3.8905,True,6,4649,"in-memory V7 session incl simulated KE derivation and deterministic quantum fixture; excl external KE/QKD, network, Qiskit, PRISM",time.perf_counter_ns,single_process
BASIC,2,4,,0,2,2026090503,2046096505,5,3693900,3.6939,True,6,4649,"in-memory V7 session incl simulated KE derivation and deterministic quantum fixture; excl external KE/QKD, network, Qiskit, PRISM",time.perf_counter_ns,single_process
BASIC,2,4,,0,3,2026090504,2046096507,5,3901900,3.9019,True,6,4649,"in-memory V7 session incl simulated KE derivation and deterministic quantum fixture; excl external KE/QKD, network, Qiskit, PRISM",time.perf_counter_ns,single_process
BASIC,2,4,,0,4,2026090505,2046096509,5,3868400,3.8684,True,6,4649,"in-memory V7 session incl simulated KE derivation and deterministic quantum fixture; excl external KE/QKD, network, Qiskit, PRISM",time.perf_counter_ns,single_process
BASIC,2,4,,0,5,2026090506,2046096511,5,3832300,3.8323,True,6,4649,"in-memory V7 session incl simulated KE derivation and deterministic quantum fixture; excl external KE/QKD, network, Qiskit, PRISM",time.perf_counter_ns,single_process
BASIC,2,4,,0,6,2026090507,2046096513,5,4059100,4.0591,True,6,4649,"in-memory V7 session incl simulated KE derivation and deterministic quantum fixture; excl external KE/QKD, network, Qiskit, PRISM",time.perf_counter_ns,single_process
BASIC,2,4,,0,7,2026090508,2046096515,5,3790200,3.7902,True,6,4649,"in-memory V7 session incl simulated KE derivation and deterministic quantum fixture; excl external KE/QKD, network, Qiskit, PRISM",time.perf_counter_ns,single_process
BASIC,2,4,,0,8,2026090509,2046096517,5,4589000,4.589,True,6,4649,"in-memory V7 session incl simulated KE derivation and deterministic quantum fixture; excl external KE/QKD, network, Qiskit, PRISM",time.perf_counter_ns,single_process
BASIC,2,4,,0,9,2026090510,2046096519,5,3767800,3.7678,True,6,4649,"in-memory V7 session incl simulated KE derivation and deterministic quantum fixture; excl external KE/QKD, network, Qiskit, PRISM",time.perf_counter_ns,single_process
BASIC,2,4,,0,10,2026090501,2046096511,5,3972700,3.9727,True,6,4649,"in-memory V7 session incl simulated KE derivation and deterministic quantum fixture; excl external KE/QKD, network, Qiskit, PRISM",time.perf_counter_ns,single_process
BASIC,2,4,,0,11,2026090502,2046096513,5,4126800,4.1268,True,6,4649,"in-memory V7 session incl simulated KE derivation and deterministic quantum fixture; excl external KE/QKD, network, Qiskit, PRISM",time.perf_counter_ns,single_process
BASIC,2,4,,0,12,2026090503,2046096515,5,4011100,4.0111,True,6,4649,"in-memory V7 session incl simulated KE derivation and deterministic quantum fixture; excl external KE/QKD, network, Qiskit, PRISM",time.perf_counter_ns,single_process
BASIC,2,4,,0,13,2026090504,2046096517,5,4214700,4.2147,True,6,4649,"in-memory V7 session incl simulated KE derivation and deterministic quantum fixture; excl external KE/QKD, network, Qiskit, PRISM",time.perf_counter_ns,single_process
BASIC,2,4,,0,14,2026090505,2046096519,5,3990800,3.9908,True,6,4649,"in-memory V7 session incl simulated KE derivation and deterministic quantum fixture; excl external KE/QKD, network, Qiskit, PRISM",time.perf_counter_ns,single_process
BASIC,2,4,,0,15,2026090506,2046096521,5,4174400,4.1744,True,6,4649,"in-memory V7 session incl simulated KE derivation and deterministic quantum fixture; excl external KE/QKD, network, Qiskit, PRISM",time.perf_counter_ns,single_process
BASIC,2,4,,0,16,2026090507,2046096523,5,3894500,3.8945,True,6,4649,"in-memory V7 session incl simulated KE derivation and deterministic quantum fixture; excl external KE/QKD, network, Qiskit, PRISM",time.perf_counter_ns,single_process
BASIC,2,4,,0,17,2026090508,2046096525,5,3895500,3.8955,True,6,4649,"in-memory V7 session incl simulated KE derivation and deterministic quantum fixture; excl external KE/QKD, network, Qiskit, PRISM",time.perf_counter_ns,single_process
BASIC,2,4,,0,18,2026090509,2046096527,5,4230900,4.2309,True,6,4649,"in-memory V7 session incl simulated KE derivation and deterministic quantum fixture; excl external KE/QKD, network, Qiskit, PRISM",time.perf_counter_ns,single_process
BASIC,2,4,,0,19,2026090510,2046096529,5,4152700,4.1527,True,6,4649,"in-memory V7 session incl simulated KE derivation and deterministic quantum fixture; excl external KE/QKD, network, Qiskit, PRISM",time.perf_counter_ns,single_process
BASIC,2,4,,0,20,2026090501,2046096521,5,4114900,4.1149,True,6,4649,"in-memory V7 session incl simulated KE derivation and deterministic quantum fixture; excl external KE/QKD, network, Qiskit, PRISM",time.perf_counter_ns,single_process
BASIC,2,4,,0,21,2026090502,2046096523,5,3892000,3.892,True,6,4649,"in-memory V7 session incl simulated KE derivation and deterministic quantum fixture; excl external KE/QKD, network, Qiskit, PRISM",time.perf_counter_ns,single_process
BASIC,2,4,,0,22,2026090503,2046096525,5,3811400,3.8114,True,6,4649,"in-memory V7 session incl simulated KE derivation and deterministic quantum fixture; excl external KE/QKD, network, Qiskit, PRISM",time.perf_counter_ns,single_process
BASIC,2,4,,0,23,2026090504,2046096527,5,4257100,4.2571,True,6,4649,"in-memory V7 session incl simulated KE derivation and deterministic quantum fixture; excl external KE/QKD, network, Qiskit, PRISM",time.perf_counter_ns,single_process
BASIC,2,4,,0,24,2026090505,2046096529,5,3871400,3.8714,True,6,4649,"in-memory V7 session incl simulated KE derivation and deterministic quantum fixture; excl external KE/QKD, network, Qiskit, PRISM",time.perf_counter_ns,single_process
BASIC,2,4,,0,25,2026090506,2046096531,5,4680400,4.6804,True,6,4649,"in-memory V7 session incl simulated KE derivation and deterministic quantum fixture; excl external KE/QKD, network, Qiskit, PRISM",time.perf_counter_ns,single_process
BASIC,2,4,,0,26,2026090507,2046096533,5,3985800,3.9858,True,6,4649,"in-memory V7 session incl simulated KE derivation and deterministic quantum fixture; excl external KE/QKD, network, Qiskit, PRISM",time.perf_counter_ns,single_process
BASIC,2,4,,0,27,2026090508,2046096535,5,4415600,4.4156,True,6,4649,"in-memory V7 session incl simulated KE derivation and deterministic quantum fixture; excl external KE/QKD, network, Qiskit, PRISM",time.perf_counter_ns,single_process
BASIC,2,4,,0,28,2026090509,2046096537,5,4532000,4.532,True,6,4649,"in-memory V7 session incl simulated KE derivation and deterministic quantum fixture; excl external KE/QKD, network, Qiskit, PRISM",time.perf_counter_ns,single_process
BASIC,2,4,,0,29,2026090510,2046096539,5,3938900,3.9389,True,6,4649,"in-memory V7 session incl simulated KE derivation and deterministic quantum fixture; excl external KE/QKD, network, Qiskit, PRISM",time.perf_counter_ns,single_process
RELEASE,2,4,1,4,0,2026090501,2046097501,5,9927100,9.9271,True,16,13247,"in-memory V7 session incl simulated KE derivation and deterministic quantum fixture; excl external KE/QKD, network, Qiskit, PRISM",time.perf_counter_ns,single_process
RELEASE,2,4,1,4,1,2026090502,2046097503,5,10231900,10.2319,True,16,13247,"in-memory V7 session incl simulated KE derivation and deterministic quantum fixture; excl external KE/QKD, network, Qiskit, PRISM",time.perf_counter_ns,single_process
RELEASE,2,4,1,4,2,2026090503,2046097505,5,9756400,9.7564,True,16,13247,"in-memory V7 session incl simulated KE derivation and deterministic quantum fixture; excl external KE/QKD, network, Qiskit, PRISM",time.perf_counter_ns,single_process
RELEASE,2,4,1,4,3,2026090504,2046097507,5,9473500,9.4735,True,16,13247,"in-memory V7 session incl simulated KE derivation and deterministic quantum fixture; excl external KE/QKD, network, Qiskit, PRISM",time.perf_counter_ns,single_process
RELEASE,2,4,1,4,4,2026090505,2046097509,5,12695800,12.6958,True,16,13247,"in-memory V7 session incl simulated KE derivation and deterministic quantum fixture; excl external KE/QKD, network, Qiskit, PRISM",time.perf_counter_ns,single_process
RELEASE,2,4,1,4,5,2026090506,2046097511,5,10061900,10.0619,True,16,13247,"in-memory V7 session incl simulated KE derivation and deterministic quantum fixture; excl external KE/QKD, network, Qiskit, PRISM",time.perf_counter_ns,single_process
RELEASE,2,4,1,4,6,2026090507,2046097513,5,9371100,9.3711,True,16,13247,"in-memory V7 session incl simulated KE derivation and deterministic quantum fixture; excl external KE/QKD, network, Qiskit, PRISM",time.perf_counter_ns,single_process
RELEASE,2,4,1,4,7,2026090508,2046097515,5,9726700,9.7267,True,16,13247,"in-memory V7 session incl simulated KE derivation and deterministic quantum fixture; excl external KE/QKD, network, Qiskit, PRISM",time.perf_counter_ns,single_process
RELEASE,2,4,1,4,8,2026090509,2046097517,5,9969400,9.9694,True,16,13247,"in-memory V7 session incl simulated KE derivation and deterministic quantum fixture; excl external KE/QKD, network, Qiskit, PRISM",time.perf_counter_ns,single_process
RELEASE,2,4,1,4,9,2026090510,2046097519,5,10182700,10.1827,True,16,13247,"in-memory V7 session incl simulated KE derivation and deterministic quantum fixture; excl external KE/QKD, network, Qiskit, PRISM",time.perf_counter_ns,single_process
RELEASE,2,4,1,4,10,2026090501,2046097511,5,10172400,10.1724,True,16,13247,"in-memory V7 session incl simulated KE derivation and deterministic quantum fixture; excl external KE/QKD, network, Qiskit, PRISM",time.perf_counter_ns,single_process
RELEASE,2,4,1,4,11,2026090502,2046097513,5,9393200,9.3932,True,16,13247,"in-memory V7 session incl simulated KE derivation and deterministic quantum fixture; excl external KE/QKD, network, Qiskit, PRISM",time.perf_counter_ns,single_process
RELEASE,2,4,1,4,12,2026090503,2046097515,5,9556100,9.5561,True,16,13247,"in-memory V7 session incl simulated KE derivation and deterministic quantum fixture; excl external KE/QKD, network, Qiskit, PRISM",time.perf_counter_ns,single_process
RELEASE,2,4,1,4,13,2026090504,2046097517,5,10088600,10.0886,True,16,13247,"in-memory V7 session incl simulated KE derivation and deterministic quantum fixture; excl external KE/QKD, network, Qiskit, PRISM",time.perf_counter_ns,single_process
RELEASE,2,4,1,4,14,2026090505,2046097519,5,9455500,9.4555,True,16,13247,"in-memory V7 session incl simulated KE derivation and deterministic quantum fixture; excl external KE/QKD, network, Qiskit, PRISM",time.perf_counter_ns,single_process
RELEASE,2,4,1,4,15,2026090506,2046097521,5,9765700,9.7657,True,16,13247,"in-memory V7 session incl simulated KE derivation and deterministic quantum fixture; excl external KE/QKD, network, Qiskit, PRISM",time.perf_counter_ns,single_process
RELEASE,2,4,1,4,16,2026090507,2046097523,5,9631100,9.6311,True,16,13247,"in-memory V7 session incl simulated KE derivation and deterministic quantum fixture; excl external KE/QKD, network, Qiskit, PRISM",time.perf_counter_ns,single_process
RELEASE,2,4,1,4,17,2026090508,2046097525,5,9805700,9.8057,True,16,13247,"in-memory V7 session incl simulated KE derivation and deterministic quantum fixture; excl external KE/QKD, network, Qiskit, PRISM",time.perf_counter_ns,single_process
RELEASE,2,4,1,4,18,2026090509,2046097527,5,10003700,10.0037,True,16,13247,"in-memory V7 session incl simulated KE derivation and deterministic quantum fixture; excl external KE/QKD, network, Qiskit, PRISM",time.perf_counter_ns,single_process
RELEASE,2,4,1,4,19,2026090510,2046097529,5,9552300,9.5523,True,16,13247,"in-memory V7 session incl simulated KE derivation and deterministic quantum fixture; excl external KE/QKD, network, Qiskit, PRISM",time.perf_counter_ns,single_process
RELEASE,2,4,1,4,20,2026090501,2046097521,5,9397600,9.3976,True,16,13247,"in-memory V7 session incl simulated KE derivation and deterministic quantum fixture; excl external KE/QKD, network, Qiskit, PRISM",time.perf_counter_ns,single_process
RELEASE,2,4,1,4,21,2026090502,2046097523,5,9553100,9.5531,True,16,13247,"in-memory V7 session incl simulated KE derivation and deterministic quantum fixture; excl external KE/QKD, network, Qiskit, PRISM",time.perf_counter_ns,single_process
RELEASE,2,4,1,4,22,2026090503,2046097525,5,9258500,9.2585,True,16,13247,"in-memory V7 session incl simulated KE derivation and deterministic quantum fixture; excl external KE/QKD, network, Qiskit, PRISM",time.perf_counter_ns,single_process
RELEASE,2,4,1,4,23,2026090504,2046097527,5,9567500,9.5675,True,16,13247,"in-memory V7 session incl simulated KE derivation and deterministic quantum fixture; excl external KE/QKD, network, Qiskit, PRISM",time.perf_counter_ns,single_process
RELEASE,2,4,1,4,24,2026090505,2046097529,5,9498100,9.4981,True,16,13247,"in-memory V7 session incl simulated KE derivation and deterministic quantum fixture; excl external KE/QKD, network, Qiskit, PRISM",time.perf_counter_ns,single_process
RELEASE,2,4,1,4,25,2026090506,2046097531,5,9416300,9.4163,True,16,13247,"in-memory V7 session incl simulated KE derivation and deterministic quantum fixture; excl external KE/QKD, network, Qiskit, PRISM",time.perf_counter_ns,single_process
RELEASE,2,4,1,4,26,2026090507,2046097533,5,9694300,9.6943,True,16,13247,"in-memory V7 session incl simulated KE derivation and deterministic quantum fixture; excl external KE/QKD, network, Qiskit, PRISM",time.perf_counter_ns,single_process
RELEASE,2,4,1,4,27,2026090508,2046097535,5,9494000,9.494,True,16,13247,"in-memory V7 session incl simulated KE derivation and deterministic quantum fixture; excl external KE/QKD, network, Qiskit, PRISM",time.perf_counter_ns,single_process
RELEASE,2,4,1,4,28,2026090509,2046097537,5,9880400,9.8804,True,16,13247,"in-memory V7 session incl simulated KE derivation and deterministic quantum fixture; excl external KE/QKD, network, Qiskit, PRISM",time.perf_counter_ns,single_process
RELEASE,2,4,1,4,29,2026090510,2046097539,5,9376900,9.3769,True,16,13247,"in-memory V7 session incl simulated KE derivation and deterministic quantum fixture; excl external KE/QKD, network, Qiskit, PRISM",time.perf_counter_ns,single_process
RELEASE,2,4,2,2,0,2026090501,2046098501,5,7235600,7.2356,True,12,9723,"in-memory V7 session incl simulated KE derivation and deterministic quantum fixture; excl external KE/QKD, network, Qiskit, PRISM",time.perf_counter_ns,single_process
RELEASE,2,4,2,2,1,2026090502,2046098503,5,7262100,7.2621,True,12,9723,"in-memory V7 session incl simulated KE derivation and deterministic quantum fixture; excl external KE/QKD, network, Qiskit, PRISM",time.perf_counter_ns,single_process
RELEASE,2,4,2,2,2,2026090503,2046098505,5,7169600,7.1696,True,12,9723,"in-memory V7 session incl simulated KE derivation and deterministic quantum fixture; excl external KE/QKD, network, Qiskit, PRISM",time.perf_counter_ns,single_process
RELEASE,2,4,2,2,3,2026090504,2046098507,5,7061100,7.0611,True,12,9723,"in-memory V7 session incl simulated KE derivation and deterministic quantum fixture; excl external KE/QKD, network, Qiskit, PRISM",time.perf_counter_ns,single_process
RELEASE,2,4,2,2,4,2026090505,2046098509,5,7206400,7.2064,True,12,9723,"in-memory V7 session incl simulated KE derivation and deterministic quantum fixture; excl external KE/QKD, network, Qiskit, PRISM",time.perf_counter_ns,single_process
RELEASE,2,4,2,2,5,2026090506,2046098511,5,7026200,7.0262,True,12,9723,"in-memory V7 session incl simulated KE derivation and deterministic quantum fixture; excl external KE/QKD, network, Qiskit, PRISM",time.perf_counter_ns,single_process
RELEASE,2,4,2,2,6,2026090507,2046098513,5,7137700,7.1377,True,12,9723,"in-memory V7 session incl simulated KE derivation and deterministic quantum fixture; excl external KE/QKD, network, Qiskit, PRISM",time.perf_counter_ns,single_process
RELEASE,2,4,2,2,7,2026090508,2046098515,5,7056200,7.0562,True,12,9723,"in-memory V7 session incl simulated KE derivation and deterministic quantum fixture; excl external KE/QKD, network, Qiskit, PRISM",time.perf_counter_ns,single_process
RELEASE,2,4,2,2,8,2026090509,2046098517,5,7109500,7.1095,True,12,9723,"in-memory V7 session incl simulated KE derivation and deterministic quantum fixture; excl external KE/QKD, network, Qiskit, PRISM",time.perf_counter_ns,single_process
RELEASE,2,4,2,2,9,2026090510,2046098519,5,7298300,7.2983,True,12,9723,"in-memory V7 session incl simulated KE derivation and deterministic quantum fixture; excl external KE/QKD, network, Qiskit, PRISM",time.perf_counter_ns,single_process
RELEASE,2,4,2,2,10,2026090501,2046098511,5,7358100,7.3581,True,12,9723,"in-memory V7 session incl simulated KE derivation and deterministic quantum fixture; excl external KE/QKD, network, Qiskit, PRISM",time.perf_counter_ns,single_process
RELEASE,2,4,2,2,11,2026090502,2046098513,5,7505100,7.5051,True,12,9723,"in-memory V7 session incl simulated KE derivation and deterministic quantum fixture; excl external KE/QKD, network, Qiskit, PRISM",time.perf_counter_ns,single_process
RELEASE,2,4,2,2,12,2026090503,2046098515,5,7285600,7.2856,True,12,9723,"in-memory V7 session incl simulated KE derivation and deterministic quantum fixture; excl external KE/QKD, network, Qiskit, PRISM",time.perf_counter_ns,single_process
RELEASE,2,4,2,2,13,2026090504,2046098517,5,7148200,7.1482,True,12,9723,"in-memory V7 session incl simulated KE derivation and deterministic quantum fixture; excl external KE/QKD, network, Qiskit, PRISM",time.perf_counter_ns,single_process
RELEASE,2,4,2,2,14,2026090505,2046098519,5,7895900,7.8959,True,12,9723,"in-memory V7 session incl simulated KE derivation and deterministic quantum fixture; excl external KE/QKD, network, Qiskit, PRISM",time.perf_counter_ns,single_process
RELEASE,2,4,2,2,15,2026090506,2046098521,5,7311200,7.3112,True,12,9723,"in-memory V7 session incl simulated KE derivation and deterministic quantum fixture; excl external KE/QKD, network, Qiskit, PRISM",time.perf_counter_ns,single_process
RELEASE,2,4,2,2,16,2026090507,2046098523,5,7341900,7.3419,True,12,9723,"in-memory V7 session incl simulated KE derivation and deterministic quantum fixture; excl external KE/QKD, network, Qiskit, PRISM",time.perf_counter_ns,single_process
RELEASE,2,4,2,2,17,2026090508,2046098525,5,7259600,7.2596,True,12,9723,"in-memory V7 session incl simulated KE derivation and deterministic quantum fixture; excl external KE/QKD, network, Qiskit, PRISM",time.perf_counter_ns,single_process
RELEASE,2,4,2,2,18,2026090509,2046098527,5,7040900,7.0409,True,12,9723,"in-memory V7 session incl simulated KE derivation and deterministic quantum fixture; excl external KE/QKD, network, Qiskit, PRISM",time.perf_counter_ns,single_process
RELEASE,2,4,2,2,19,2026090510,2046098529,5,7091700,7.0917,True,12,9723,"in-memory V7 session incl simulated KE derivation and deterministic quantum fixture; excl external KE/QKD, network, Qiskit, PRISM",time.perf_counter_ns,single_process
RELEASE,2,4,2,2,20,2026090501,2046098521,5,7869500,7.8695,True,12,9723,"in-memory V7 session incl simulated KE derivation and deterministic quantum fixture; excl external KE/QKD, network, Qiskit, PRISM",time.perf_counter_ns,single_process
RELEASE,2,4,2,2,21,2026090502,2046098523,5,7468700,7.4687,True,12,9723,"in-memory V7 session incl simulated KE derivation and deterministic quantum fixture; excl external KE/QKD, network, Qiskit, PRISM",time.perf_counter_ns,single_process
RELEASE,2,4,2,2,22,2026090503,2046098525,5,7540900,7.5409,True,12,9723,"in-memory V7 session incl simulated KE derivation and deterministic quantum fixture; excl external KE/QKD, network, Qiskit, PRISM",time.perf_counter_ns,single_process
RELEASE,2,4,2,2,23,2026090504,2046098527,5,7658100,7.6581,True,12,9723,"in-memory V7 session incl simulated KE derivation and deterministic quantum fixture; excl external KE/QKD, network, Qiskit, PRISM",time.perf_counter_ns,single_process
RELEASE,2,4,2,2,24,2026090505,2046098529,5,7240000,7.24,True,12,9723,"in-memory V7 session incl simulated KE derivation and deterministic quantum fixture; excl external KE/QKD, network, Qiskit, PRISM",time.perf_counter_ns,single_process
RELEASE,2,4,2,2,25,2026090506,2046098531,5,7467200,7.4672,True,12,9723,"in-memory V7 session incl simulated KE derivation and deterministic quantum fixture; excl external KE/QKD, network, Qiskit, PRISM",time.perf_counter_ns,single_process
RELEASE,2,4,2,2,26,2026090507,2046098533,5,7162400,7.1624,True,12,9723,"in-memory V7 session incl simulated KE derivation and deterministic quantum fixture; excl external KE/QKD, network, Qiskit, PRISM",time.perf_counter_ns,single_process
RELEASE,2,4,2,2,27,2026090508,2046098535,5,7536900,7.5369,True,12,9723,"in-memory V7 session incl simulated KE derivation and deterministic quantum fixture; excl external KE/QKD, network, Qiskit, PRISM",time.perf_counter_ns,single_process
RELEASE,2,4,2,2,28,2026090509,2046098537,5,7343200,7.3432,True,12,9723,"in-memory V7 session incl simulated KE derivation and deterministic quantum fixture; excl external KE/QKD, network, Qiskit, PRISM",time.perf_counter_ns,single_process
RELEASE,2,4,2,2,29,2026090510,2046098539,5,7648100,7.6481,True,12,9723,"in-memory V7 session incl simulated KE derivation and deterministic quantum fixture; excl external KE/QKD, network, Qiskit, PRISM",time.perf_counter_ns,single_process
RELEASE,2,4,4,1,0,2026090501,2046099501,5,6771600,6.7716,True,10,7961,"in-memory V7 session incl simulated KE derivation and deterministic quantum fixture; excl external KE/QKD, network, Qiskit, PRISM",time.perf_counter_ns,single_process
RELEASE,2,4,4,1,1,2026090502,2046099503,5,6265300,6.2653,True,10,7961,"in-memory V7 session incl simulated KE derivation and deterministic quantum fixture; excl external KE/QKD, network, Qiskit, PRISM",time.perf_counter_ns,single_process
RELEASE,2,4,4,1,2,2026090503,2046099505,5,6343100,6.3431,True,10,7961,"in-memory V7 session incl simulated KE derivation and deterministic quantum fixture; excl external KE/QKD, network, Qiskit, PRISM",time.perf_counter_ns,single_process
RELEASE,2,4,4,1,3,2026090504,2046099507,5,6090600,6.0906,True,10,7961,"in-memory V7 session incl simulated KE derivation and deterministic quantum fixture; excl external KE/QKD, network, Qiskit, PRISM",time.perf_counter_ns,single_process
RELEASE,2,4,4,1,4,2026090505,2046099509,5,6368800,6.3688,True,10,7961,"in-memory V7 session incl simulated KE derivation and deterministic quantum fixture; excl external KE/QKD, network, Qiskit, PRISM",time.perf_counter_ns,single_process
RELEASE,2,4,4,1,5,2026090506,2046099511,5,6707900,6.7079,True,10,7961,"in-memory V7 session incl simulated KE derivation and deterministic quantum fixture; excl external KE/QKD, network, Qiskit, PRISM",time.perf_counter_ns,single_process
RELEASE,2,4,4,1,6,2026090507,2046099513,5,6099600,6.0996,True,10,7961,"in-memory V7 session incl simulated KE derivation and deterministic quantum fixture; excl external KE/QKD, network, Qiskit, PRISM",time.perf_counter_ns,single_process
RELEASE,2,4,4,1,7,2026090508,2046099515,5,6125100,6.1251,True,10,7961,"in-memory V7 session incl simulated KE derivation and deterministic quantum fixture; excl external KE/QKD, network, Qiskit, PRISM",time.perf_counter_ns,single_process
RELEASE,2,4,4,1,8,2026090509,2046099517,5,6248600,6.2486,True,10,7961,"in-memory V7 session incl simulated KE derivation and deterministic quantum fixture; excl external KE/QKD, network, Qiskit, PRISM",time.perf_counter_ns,single_process
RELEASE,2,4,4,1,9,2026090510,2046099519,5,6023500,6.0235,True,10,7961,"in-memory V7 session incl simulated KE derivation and deterministic quantum fixture; excl external KE/QKD, network, Qiskit, PRISM",time.perf_counter_ns,single_process
RELEASE,2,4,4,1,10,2026090501,2046099511,5,6366000,6.366,True,10,7961,"in-memory V7 session incl simulated KE derivation and deterministic quantum fixture; excl external KE/QKD, network, Qiskit, PRISM",time.perf_counter_ns,single_process
RELEASE,2,4,4,1,11,2026090502,2046099513,5,6142200,6.1422,True,10,7961,"in-memory V7 session incl simulated KE derivation and deterministic quantum fixture; excl external KE/QKD, network, Qiskit, PRISM",time.perf_counter_ns,single_process
RELEASE,2,4,4,1,12,2026090503,2046099515,5,6383000,6.383,True,10,7961,"in-memory V7 session incl simulated KE derivation and deterministic quantum fixture; excl external KE/QKD, network, Qiskit, PRISM",time.perf_counter_ns,single_process
RELEASE,2,4,4,1,13,2026090504,2046099517,5,6348700,6.3487,True,10,7961,"in-memory V7 session incl simulated KE derivation and deterministic quantum fixture; excl external KE/QKD, network, Qiskit, PRISM",time.perf_counter_ns,single_process
RELEASE,2,4,4,1,14,2026090505,2046099519,5,6040100,6.0401,True,10,7961,"in-memory V7 session incl simulated KE derivation and deterministic quantum fixture; excl external KE/QKD, network, Qiskit, PRISM",time.perf_counter_ns,single_process
RELEASE,2,4,4,1,15,2026090506,2046099521,5,6281200,6.2812,True,10,7961,"in-memory V7 session incl simulated KE derivation and deterministic quantum fixture; excl external KE/QKD, network, Qiskit, PRISM",time.perf_counter_ns,single_process
RELEASE,2,4,4,1,16,2026090507,2046099523,5,6214400,6.2144,True,10,7961,"in-memory V7 session incl simulated KE derivation and deterministic quantum fixture; excl external KE/QKD, network, Qiskit, PRISM",time.perf_counter_ns,single_process
RELEASE,2,4,4,1,17,2026090508,2046099525,5,6316700,6.3167,True,10,7961,"in-memory V7 session incl simulated KE derivation and deterministic quantum fixture; excl external KE/QKD, network, Qiskit, PRISM",time.perf_counter_ns,single_process
RELEASE,2,4,4,1,18,2026090509,2046099527,5,6145400,6.1454,True,10,7961,"in-memory V7 session incl simulated KE derivation and deterministic quantum fixture; excl external KE/QKD, network, Qiskit, PRISM",time.perf_counter_ns,single_process
RELEASE,2,4,4,1,19,2026090510,2046099529,5,6175500,6.1755,True,10,7961,"in-memory V7 session incl simulated KE derivation and deterministic quantum fixture; excl external KE/QKD, network, Qiskit, PRISM",time.perf_counter_ns,single_process
RELEASE,2,4,4,1,20,2026090501,2046099521,5,6504500,6.5045,True,10,7961,"in-memory V7 session incl simulated KE derivation and deterministic quantum fixture; excl external KE/QKD, network, Qiskit, PRISM",time.perf_counter_ns,single_process
RELEASE,2,4,4,1,21,2026090502,2046099523,5,6084000,6.084,True,10,7961,"in-memory V7 session incl simulated KE derivation and deterministic quantum fixture; excl external KE/QKD, network, Qiskit, PRISM",time.perf_counter_ns,single_process
RELEASE,2,4,4,1,22,2026090503,2046099525,5,6427100,6.4271,True,10,7961,"in-memory V7 session incl simulated KE derivation and deterministic quantum fixture; excl external KE/QKD, network, Qiskit, PRISM",time.perf_counter_ns,single_process
RELEASE,2,4,4,1,23,2026090504,2046099527,5,6160500,6.1605,True,10,7961,"in-memory V7 session incl simulated KE derivation and deterministic quantum fixture; excl external KE/QKD, network, Qiskit, PRISM",time.perf_counter_ns,single_process
RELEASE,2,4,4,1,24,2026090505,2046099529,5,6129200,6.1292,True,10,7961,"in-memory V7 session incl simulated KE derivation and deterministic quantum fixture; excl external KE/QKD, network, Qiskit, PRISM",time.perf_counter_ns,single_process
RELEASE,2,4,4,1,25,2026090506,2046099531,5,6118400,6.1184,True,10,7961,"in-memory V7 session incl simulated KE derivation and deterministic quantum fixture; excl external KE/QKD, network, Qiskit, PRISM",time.perf_counter_ns,single_process
RELEASE,2,4,4,1,26,2026090507,2046099533,5,6731700,6.7317,True,10,7961,"in-memory V7 session incl simulated KE derivation and deterministic quantum fixture; excl external KE/QKD, network, Qiskit, PRISM",time.perf_counter_ns,single_process
RELEASE,2,4,4,1,27,2026090508,2046099535,5,6156200,6.1562,True,10,7961,"in-memory V7 session incl simulated KE derivation and deterministic quantum fixture; excl external KE/QKD, network, Qiskit, PRISM",time.perf_counter_ns,single_process
RELEASE,2,4,4,1,28,2026090509,2046099537,5,6027900,6.0279,True,10,7961,"in-memory V7 session incl simulated KE derivation and deterministic quantum fixture; excl external KE/QKD, network, Qiskit, PRISM",time.perf_counter_ns,single_process
RELEASE,2,4,4,1,29,2026090510,2046099539,5,5988300,5.9883,True,10,7961,"in-memory V7 session incl simulated KE derivation and deterministic quantum fixture; excl external KE/QKD, network, Qiskit, PRISM",time.perf_counter_ns,single_process
BASIC,2,155,,0,0,2026090501,2046100501,5,11947600,11.9476,True,6,10086,"in-memory V7 session incl simulated KE derivation and deterministic quantum fixture; excl external KE/QKD, network, Qiskit, PRISM",time.perf_counter_ns,single_process
BASIC,2,155,,0,1,2026090502,2046100503,5,12047800,12.0478,True,6,10086,"in-memory V7 session incl simulated KE derivation and deterministic quantum fixture; excl external KE/QKD, network, Qiskit, PRISM",time.perf_counter_ns,single_process
BASIC,2,155,,0,2,2026090503,2046100505,5,11982900,11.9829,True,6,10086,"in-memory V7 session incl simulated KE derivation and deterministic quantum fixture; excl external KE/QKD, network, Qiskit, PRISM",time.perf_counter_ns,single_process
BASIC,2,155,,0,3,2026090504,2046100507,5,11846700,11.8467,True,6,10086,"in-memory V7 session incl simulated KE derivation and deterministic quantum fixture; excl external KE/QKD, network, Qiskit, PRISM",time.perf_counter_ns,single_process
BASIC,2,155,,0,4,2026090505,2046100509,5,12090100,12.0901,True,6,10086,"in-memory V7 session incl simulated KE derivation and deterministic quantum fixture; excl external KE/QKD, network, Qiskit, PRISM",time.perf_counter_ns,single_process
BASIC,2,155,,0,5,2026090506,2046100511,5,12130900,12.1309,True,6,10086,"in-memory V7 session incl simulated KE derivation and deterministic quantum fixture; excl external KE/QKD, network, Qiskit, PRISM",time.perf_counter_ns,single_process
BASIC,2,155,,0,6,2026090507,2046100513,5,12008700,12.0087,True,6,10086,"in-memory V7 session incl simulated KE derivation and deterministic quantum fixture; excl external KE/QKD, network, Qiskit, PRISM",time.perf_counter_ns,single_process
BASIC,2,155,,0,7,2026090508,2046100515,5,14801100,14.8011,True,6,10086,"in-memory V7 session incl simulated KE derivation and deterministic quantum fixture; excl external KE/QKD, network, Qiskit, PRISM",time.perf_counter_ns,single_process
BASIC,2,155,,0,8,2026090509,2046100517,5,13202400,13.2024,True,6,10086,"in-memory V7 session incl simulated KE derivation and deterministic quantum fixture; excl external KE/QKD, network, Qiskit, PRISM",time.perf_counter_ns,single_process
BASIC,2,155,,0,9,2026090510,2046100519,5,12195700,12.1957,True,6,10086,"in-memory V7 session incl simulated KE derivation and deterministic quantum fixture; excl external KE/QKD, network, Qiskit, PRISM",time.perf_counter_ns,single_process
BASIC,2,155,,0,10,2026090501,2046100511,5,12185100,12.1851,True,6,10086,"in-memory V7 session incl simulated KE derivation and deterministic quantum fixture; excl external KE/QKD, network, Qiskit, PRISM",time.perf_counter_ns,single_process
BASIC,2,155,,0,11,2026090502,2046100513,5,12357400,12.3574,True,6,10086,"in-memory V7 session incl simulated KE derivation and deterministic quantum fixture; excl external KE/QKD, network, Qiskit, PRISM",time.perf_counter_ns,single_process
BASIC,2,155,,0,12,2026090503,2046100515,5,12150100,12.1501,True,6,10086,"in-memory V7 session incl simulated KE derivation and deterministic quantum fixture; excl external KE/QKD, network, Qiskit, PRISM",time.perf_counter_ns,single_process
BASIC,2,155,,0,13,2026090504,2046100517,5,12093400,12.0934,True,6,10086,"in-memory V7 session incl simulated KE derivation and deterministic quantum fixture; excl external KE/QKD, network, Qiskit, PRISM",time.perf_counter_ns,single_process
BASIC,2,155,,0,14,2026090505,2046100519,5,12199100,12.1991,True,6,10086,"in-memory V7 session incl simulated KE derivation and deterministic quantum fixture; excl external KE/QKD, network, Qiskit, PRISM",time.perf_counter_ns,single_process
BASIC,2,155,,0,15,2026090506,2046100521,5,12388500,12.3885,True,6,10086,"in-memory V7 session incl simulated KE derivation and deterministic quantum fixture; excl external KE/QKD, network, Qiskit, PRISM",time.perf_counter_ns,single_process
BASIC,2,155,,0,16,2026090507,2046100523,5,12209100,12.2091,True,6,10086,"in-memory V7 session incl simulated KE derivation and deterministic quantum fixture; excl external KE/QKD, network, Qiskit, PRISM",time.perf_counter_ns,single_process
BASIC,2,155,,0,17,2026090508,2046100525,5,12017400,12.0174,True,6,10086,"in-memory V7 session incl simulated KE derivation and deterministic quantum fixture; excl external KE/QKD, network, Qiskit, PRISM",time.perf_counter_ns,single_process
BASIC,2,155,,0,18,2026090509,2046100527,5,11826300,11.8263,True,6,10086,"in-memory V7 session incl simulated KE derivation and deterministic quantum fixture; excl external KE/QKD, network, Qiskit, PRISM",time.perf_counter_ns,single_process
BASIC,2,155,,0,19,2026090510,2046100529,5,12159100,12.1591,True,6,10086,"in-memory V7 session incl simulated KE derivation and deterministic quantum fixture; excl external KE/QKD, network, Qiskit, PRISM",time.perf_counter_ns,single_process
BASIC,2,155,,0,20,2026090501,2046100521,5,12145000,12.145,True,6,10086,"in-memory V7 session incl simulated KE derivation and deterministic quantum fixture; excl external KE/QKD, network, Qiskit, PRISM",time.perf_counter_ns,single_process
BASIC,2,155,,0,21,2026090502,2046100523,5,11900200,11.9002,True,6,10086,"in-memory V7 session incl simulated KE derivation and deterministic quantum fixture; excl external KE/QKD, network, Qiskit, PRISM",time.perf_counter_ns,single_process
BASIC,2,155,,0,22,2026090503,2046100525,5,11920000,11.92,True,6,10086,"in-memory V7 session incl simulated KE derivation and deterministic quantum fixture; excl external KE/QKD, network, Qiskit, PRISM",time.perf_counter_ns,single_process
BASIC,2,155,,0,23,2026090504,2046100527,5,12824000,12.824,True,6,10086,"in-memory V7 session incl simulated KE derivation and deterministic quantum fixture; excl external KE/QKD, network, Qiskit, PRISM",time.perf_counter_ns,single_process
BASIC,2,155,,0,24,2026090505,2046100529,5,12239800,12.2398,True,6,10086,"in-memory V7 session incl simulated KE derivation and deterministic quantum fixture; excl external KE/QKD, network, Qiskit, PRISM",time.perf_counter_ns,single_process
BASIC,2,155,,0,25,2026090506,2046100531,5,12197300,12.1973,True,6,10086,"in-memory V7 session incl simulated KE derivation and deterministic quantum fixture; excl external KE/QKD, network, Qiskit, PRISM",time.perf_counter_ns,single_process
BASIC,2,155,,0,26,2026090507,2046100533,5,12220300,12.2203,True,6,10086,"in-memory V7 session incl simulated KE derivation and deterministic quantum fixture; excl external KE/QKD, network, Qiskit, PRISM",time.perf_counter_ns,single_process
BASIC,2,155,,0,27,2026090508,2046100535,5,12678800,12.6788,True,6,10086,"in-memory V7 session incl simulated KE derivation and deterministic quantum fixture; excl external KE/QKD, network, Qiskit, PRISM",time.perf_counter_ns,single_process
BASIC,2,155,,0,28,2026090509,2046100537,5,12375700,12.3757,True,6,10086,"in-memory V7 session incl simulated KE derivation and deterministic quantum fixture; excl external KE/QKD, network, Qiskit, PRISM",time.perf_counter_ns,single_process
BASIC,2,155,,0,29,2026090510,2046100539,5,12534800,12.5348,True,6,10086,"in-memory V7 session incl simulated KE derivation and deterministic quantum fixture; excl external KE/QKD, network, Qiskit, PRISM",time.perf_counter_ns,single_process
RELEASE,2,155,1,4,0,2026090501,2046101501,5,17601200,17.6012,True,16,18684,"in-memory V7 session incl simulated KE derivation and deterministic quantum fixture; excl external KE/QKD, network, Qiskit, PRISM",time.perf_counter_ns,single_process
RELEASE,2,155,1,4,1,2026090502,2046101503,5,18408900,18.4089,True,16,18684,"in-memory V7 session incl simulated KE derivation and deterministic quantum fixture; excl external KE/QKD, network, Qiskit, PRISM",time.perf_counter_ns,single_process
RELEASE,2,155,1,4,2,2026090503,2046101505,5,18264800,18.2648,True,16,18684,"in-memory V7 session incl simulated KE derivation and deterministic quantum fixture; excl external KE/QKD, network, Qiskit, PRISM",time.perf_counter_ns,single_process
RELEASE,2,155,1,4,3,2026090504,2046101507,5,17640100,17.6401,True,16,18684,"in-memory V7 session incl simulated KE derivation and deterministic quantum fixture; excl external KE/QKD, network, Qiskit, PRISM",time.perf_counter_ns,single_process
RELEASE,2,155,1,4,4,2026090505,2046101509,5,17841800,17.8418,True,16,18684,"in-memory V7 session incl simulated KE derivation and deterministic quantum fixture; excl external KE/QKD, network, Qiskit, PRISM",time.perf_counter_ns,single_process
RELEASE,2,155,1,4,5,2026090506,2046101511,5,17888900,17.8889,True,16,18684,"in-memory V7 session incl simulated KE derivation and deterministic quantum fixture; excl external KE/QKD, network, Qiskit, PRISM",time.perf_counter_ns,single_process
RELEASE,2,155,1,4,6,2026090507,2046101513,5,17884800,17.8848,True,16,18684,"in-memory V7 session incl simulated KE derivation and deterministic quantum fixture; excl external KE/QKD, network, Qiskit, PRISM",time.perf_counter_ns,single_process
RELEASE,2,155,1,4,7,2026090508,2046101515,5,18598300,18.5983,True,16,18684,"in-memory V7 session incl simulated KE derivation and deterministic quantum fixture; excl external KE/QKD, network, Qiskit, PRISM",time.perf_counter_ns,single_process
RELEASE,2,155,1,4,8,2026090509,2046101517,5,17440800,17.4408,True,16,18684,"in-memory V7 session incl simulated KE derivation and deterministic quantum fixture; excl external KE/QKD, network, Qiskit, PRISM",time.perf_counter_ns,single_process
RELEASE,2,155,1,4,9,2026090510,2046101519,5,18060500,18.0605,True,16,18684,"in-memory V7 session incl simulated KE derivation and deterministic quantum fixture; excl external KE/QKD, network, Qiskit, PRISM",time.perf_counter_ns,single_process
RELEASE,2,155,1,4,10,2026090501,2046101511,5,18049200,18.0492,True,16,18684,"in-memory V7 session incl simulated KE derivation and deterministic quantum fixture; excl external KE/QKD, network, Qiskit, PRISM",time.perf_counter_ns,single_process
RELEASE,2,155,1,4,11,2026090502,2046101513,5,17878100,17.8781,True,16,18684,"in-memory V7 session incl simulated KE derivation and deterministic quantum fixture; excl external KE/QKD, network, Qiskit, PRISM",time.perf_counter_ns,single_process
RELEASE,2,155,1,4,12,2026090503,2046101515,5,17763600,17.7636,True,16,18684,"in-memory V7 session incl simulated KE derivation and deterministic quantum fixture; excl external KE/QKD, network, Qiskit, PRISM",time.perf_counter_ns,single_process
RELEASE,2,155,1,4,13,2026090504,2046101517,5,17988900,17.9889,True,16,18684,"in-memory V7 session incl simulated KE derivation and deterministic quantum fixture; excl external KE/QKD, network, Qiskit, PRISM",time.perf_counter_ns,single_process
RELEASE,2,155,1,4,14,2026090505,2046101519,5,18214300,18.2143,True,16,18684,"in-memory V7 session incl simulated KE derivation and deterministic quantum fixture; excl external KE/QKD, network, Qiskit, PRISM",time.perf_counter_ns,single_process
RELEASE,2,155,1,4,15,2026090506,2046101521,5,17897000,17.897,True,16,18684,"in-memory V7 session incl simulated KE derivation and deterministic quantum fixture; excl external KE/QKD, network, Qiskit, PRISM",time.perf_counter_ns,single_process
RELEASE,2,155,1,4,16,2026090507,2046101523,5,18644500,18.6445,True,16,18684,"in-memory V7 session incl simulated KE derivation and deterministic quantum fixture; excl external KE/QKD, network, Qiskit, PRISM",time.perf_counter_ns,single_process
RELEASE,2,155,1,4,17,2026090508,2046101525,5,17792300,17.7923,True,16,18684,"in-memory V7 session incl simulated KE derivation and deterministic quantum fixture; excl external KE/QKD, network, Qiskit, PRISM",time.perf_counter_ns,single_process
RELEASE,2,155,1,4,18,2026090509,2046101527,5,18396700,18.3967,True,16,18684,"in-memory V7 session incl simulated KE derivation and deterministic quantum fixture; excl external KE/QKD, network, Qiskit, PRISM",time.perf_counter_ns,single_process
RELEASE,2,155,1,4,19,2026090510,2046101529,5,18648100,18.6481,True,16,18684,"in-memory V7 session incl simulated KE derivation and deterministic quantum fixture; excl external KE/QKD, network, Qiskit, PRISM",time.perf_counter_ns,single_process
RELEASE,2,155,1,4,20,2026090501,2046101521,5,17508600,17.5086,True,16,18684,"in-memory V7 session incl simulated KE derivation and deterministic quantum fixture; excl external KE/QKD, network, Qiskit, PRISM",time.perf_counter_ns,single_process
RELEASE,2,155,1,4,21,2026090502,2046101523,5,18162600,18.1626,True,16,18684,"in-memory V7 session incl simulated KE derivation and deterministic quantum fixture; excl external KE/QKD, network, Qiskit, PRISM",time.perf_counter_ns,single_process
RELEASE,2,155,1,4,22,2026090503,2046101525,5,17874500,17.8745,True,16,18684,"in-memory V7 session incl simulated KE derivation and deterministic quantum fixture; excl external KE/QKD, network, Qiskit, PRISM",time.perf_counter_ns,single_process
RELEASE,2,155,1,4,23,2026090504,2046101527,5,17806400,17.8064,True,16,18684,"in-memory V7 session incl simulated KE derivation and deterministic quantum fixture; excl external KE/QKD, network, Qiskit, PRISM",time.perf_counter_ns,single_process
RELEASE,2,155,1,4,24,2026090505,2046101529,5,18094900,18.0949,True,16,18684,"in-memory V7 session incl simulated KE derivation and deterministic quantum fixture; excl external KE/QKD, network, Qiskit, PRISM",time.perf_counter_ns,single_process
RELEASE,2,155,1,4,25,2026090506,2046101531,5,18139800,18.1398,True,16,18684,"in-memory V7 session incl simulated KE derivation and deterministic quantum fixture; excl external KE/QKD, network, Qiskit, PRISM",time.perf_counter_ns,single_process
RELEASE,2,155,1,4,26,2026090507,2046101533,5,18233500,18.2335,True,16,18684,"in-memory V7 session incl simulated KE derivation and deterministic quantum fixture; excl external KE/QKD, network, Qiskit, PRISM",time.perf_counter_ns,single_process
RELEASE,2,155,1,4,27,2026090508,2046101535,5,18355100,18.3551,True,16,18684,"in-memory V7 session incl simulated KE derivation and deterministic quantum fixture; excl external KE/QKD, network, Qiskit, PRISM",time.perf_counter_ns,single_process
RELEASE,2,155,1,4,28,2026090509,2046101537,5,17679600,17.6796,True,16,18684,"in-memory V7 session incl simulated KE derivation and deterministic quantum fixture; excl external KE/QKD, network, Qiskit, PRISM",time.perf_counter_ns,single_process
RELEASE,2,155,1,4,29,2026090510,2046101539,5,18002500,18.0025,True,16,18684,"in-memory V7 session incl simulated KE derivation and deterministic quantum fixture; excl external KE/QKD, network, Qiskit, PRISM",time.perf_counter_ns,single_process
RELEASE,2,155,2,2,0,2026090501,2046102501,5,15418500,15.4185,True,12,15160,"in-memory V7 session incl simulated KE derivation and deterministic quantum fixture; excl external KE/QKD, network, Qiskit, PRISM",time.perf_counter_ns,single_process
RELEASE,2,155,2,2,1,2026090502,2046102503,5,15551400,15.5514,True,12,15160,"in-memory V7 session incl simulated KE derivation and deterministic quantum fixture; excl external KE/QKD, network, Qiskit, PRISM",time.perf_counter_ns,single_process
RELEASE,2,155,2,2,2,2026090503,2046102505,5,15585000,15.585,True,12,15160,"in-memory V7 session incl simulated KE derivation and deterministic quantum fixture; excl external KE/QKD, network, Qiskit, PRISM",time.perf_counter_ns,single_process
RELEASE,2,155,2,2,3,2026090504,2046102507,5,15463500,15.4635,True,12,15160,"in-memory V7 session incl simulated KE derivation and deterministic quantum fixture; excl external KE/QKD, network, Qiskit, PRISM",time.perf_counter_ns,single_process
RELEASE,2,155,2,2,4,2026090505,2046102509,5,15980500,15.9805,True,12,15160,"in-memory V7 session incl simulated KE derivation and deterministic quantum fixture; excl external KE/QKD, network, Qiskit, PRISM",time.perf_counter_ns,single_process
RELEASE,2,155,2,2,5,2026090506,2046102511,5,15910500,15.9105,True,12,15160,"in-memory V7 session incl simulated KE derivation and deterministic quantum fixture; excl external KE/QKD, network, Qiskit, PRISM",time.perf_counter_ns,single_process
RELEASE,2,155,2,2,6,2026090507,2046102513,5,15570600,15.5706,True,12,15160,"in-memory V7 session incl simulated KE derivation and deterministic quantum fixture; excl external KE/QKD, network, Qiskit, PRISM",time.perf_counter_ns,single_process
RELEASE,2,155,2,2,7,2026090508,2046102515,5,15869400,15.8694,True,12,15160,"in-memory V7 session incl simulated KE derivation and deterministic quantum fixture; excl external KE/QKD, network, Qiskit, PRISM",time.perf_counter_ns,single_process
RELEASE,2,155,2,2,8,2026090509,2046102517,5,15972900,15.9729,True,12,15160,"in-memory V7 session incl simulated KE derivation and deterministic quantum fixture; excl external KE/QKD, network, Qiskit, PRISM",time.perf_counter_ns,single_process
RELEASE,2,155,2,2,9,2026090510,2046102519,5,16183300,16.1833,True,12,15160,"in-memory V7 session incl simulated KE derivation and deterministic quantum fixture; excl external KE/QKD, network, Qiskit, PRISM",time.perf_counter_ns,single_process
RELEASE,2,155,2,2,10,2026090501,2046102511,5,15548700,15.5487,True,12,15160,"in-memory V7 session incl simulated KE derivation and deterministic quantum fixture; excl external KE/QKD, network, Qiskit, PRISM",time.perf_counter_ns,single_process
RELEASE,2,155,2,2,11,2026090502,2046102513,5,15691000,15.691,True,12,15160,"in-memory V7 session incl simulated KE derivation and deterministic quantum fixture; excl external KE/QKD, network, Qiskit, PRISM",time.perf_counter_ns,single_process
RELEASE,2,155,2,2,12,2026090503,2046102515,5,16242900,16.2429,True,12,15160,"in-memory V7 session incl simulated KE derivation and deterministic quantum fixture; excl external KE/QKD, network, Qiskit, PRISM",time.perf_counter_ns,single_process
RELEASE,2,155,2,2,13,2026090504,2046102517,5,16897200,16.8972,True,12,15160,"in-memory V7 session incl simulated KE derivation and deterministic quantum fixture; excl external KE/QKD, network, Qiskit, PRISM",time.perf_counter_ns,single_process
RELEASE,2,155,2,2,14,2026090505,2046102519,5,15986000,15.986,True,12,15160,"in-memory V7 session incl simulated KE derivation and deterministic quantum fixture; excl external KE/QKD, network, Qiskit, PRISM",time.perf_counter_ns,single_process
RELEASE,2,155,2,2,15,2026090506,2046102521,5,16205500,16.2055,True,12,15160,"in-memory V7 session incl simulated KE derivation and deterministic quantum fixture; excl external KE/QKD, network, Qiskit, PRISM",time.perf_counter_ns,single_process
RELEASE,2,155,2,2,16,2026090507,2046102523,5,15743500,15.7435,True,12,15160,"in-memory V7 session incl simulated KE derivation and deterministic quantum fixture; excl external KE/QKD, network, Qiskit, PRISM",time.perf_counter_ns,single_process
RELEASE,2,155,2,2,17,2026090508,2046102525,5,15584700,15.5847,True,12,15160,"in-memory V7 session incl simulated KE derivation and deterministic quantum fixture; excl external KE/QKD, network, Qiskit, PRISM",time.perf_counter_ns,single_process
RELEASE,2,155,2,2,18,2026090509,2046102527,5,15367300,15.3673,True,12,15160,"in-memory V7 session incl simulated KE derivation and deterministic quantum fixture; excl external KE/QKD, network, Qiskit, PRISM",time.perf_counter_ns,single_process
RELEASE,2,155,2,2,19,2026090510,2046102529,5,15602900,15.6029,True,12,15160,"in-memory V7 session incl simulated KE derivation and deterministic quantum fixture; excl external KE/QKD, network, Qiskit, PRISM",time.perf_counter_ns,single_process
RELEASE,2,155,2,2,20,2026090501,2046102521,5,15379800,15.3798,True,12,15160,"in-memory V7 session incl simulated KE derivation and deterministic quantum fixture; excl external KE/QKD, network, Qiskit, PRISM",time.perf_counter_ns,single_process
RELEASE,2,155,2,2,21,2026090502,2046102523,5,15762700,15.7627,True,12,15160,"in-memory V7 session incl simulated KE derivation and deterministic quantum fixture; excl external KE/QKD, network, Qiskit, PRISM",time.perf_counter_ns,single_process
RELEASE,2,155,2,2,22,2026090503,2046102525,5,15328800,15.3288,True,12,15160,"in-memory V7 session incl simulated KE derivation and deterministic quantum fixture; excl external KE/QKD, network, Qiskit, PRISM",time.perf_counter_ns,single_process
RELEASE,2,155,2,2,23,2026090504,2046102527,5,15565600,15.5656,True,12,15160,"in-memory V7 session incl simulated KE derivation and deterministic quantum fixture; excl external KE/QKD, network, Qiskit, PRISM",time.perf_counter_ns,single_process
RELEASE,2,155,2,2,24,2026090505,2046102529,5,15773400,15.7734,True,12,15160,"in-memory V7 session incl simulated KE derivation and deterministic quantum fixture; excl external KE/QKD, network, Qiskit, PRISM",time.perf_counter_ns,single_process
RELEASE,2,155,2,2,25,2026090506,2046102531,5,15634500,15.6345,True,12,15160,"in-memory V7 session incl simulated KE derivation and deterministic quantum fixture; excl external KE/QKD, network, Qiskit, PRISM",time.perf_counter_ns,single_process
RELEASE,2,155,2,2,26,2026090507,2046102533,5,15606600,15.6066,True,12,15160,"in-memory V7 session incl simulated KE derivation and deterministic quantum fixture; excl external KE/QKD, network, Qiskit, PRISM",time.perf_counter_ns,single_process
RELEASE,2,155,2,2,27,2026090508,2046102535,5,15930200,15.9302,True,12,15160,"in-memory V7 session incl simulated KE derivation and deterministic quantum fixture; excl external KE/QKD, network, Qiskit, PRISM",time.perf_counter_ns,single_process
RELEASE,2,155,2,2,28,2026090509,2046102537,5,15855600,15.8556,True,12,15160,"in-memory V7 session incl simulated KE derivation and deterministic quantum fixture; excl external KE/QKD, network, Qiskit, PRISM",time.perf_counter_ns,single_process
RELEASE,2,155,2,2,29,2026090510,2046102539,5,15654800,15.6548,True,12,15160,"in-memory V7 session incl simulated KE derivation and deterministic quantum fixture; excl external KE/QKD, network, Qiskit, PRISM",time.perf_counter_ns,single_process
RELEASE,2,155,4,1,0,2026090501,2046103501,5,16982400,16.9824,True,10,13398,"in-memory V7 session incl simulated KE derivation and deterministic quantum fixture; excl external KE/QKD, network, Qiskit, PRISM",time.perf_counter_ns,single_process
RELEASE,2,155,4,1,1,2026090502,2046103503,5,14248700,14.2487,True,10,13398,"in-memory V7 session incl simulated KE derivation and deterministic quantum fixture; excl external KE/QKD, network, Qiskit, PRISM",time.perf_counter_ns,single_process
RELEASE,2,155,4,1,2,2026090503,2046103505,5,14528800,14.5288,True,10,13398,"in-memory V7 session incl simulated KE derivation and deterministic quantum fixture; excl external KE/QKD, network, Qiskit, PRISM",time.perf_counter_ns,single_process
RELEASE,2,155,4,1,3,2026090504,2046103507,5,14778200,14.7782,True,10,13398,"in-memory V7 session incl simulated KE derivation and deterministic quantum fixture; excl external KE/QKD, network, Qiskit, PRISM",time.perf_counter_ns,single_process
RELEASE,2,155,4,1,4,2026090505,2046103509,5,14311300,14.3113,True,10,13398,"in-memory V7 session incl simulated KE derivation and deterministic quantum fixture; excl external KE/QKD, network, Qiskit, PRISM",time.perf_counter_ns,single_process
RELEASE,2,155,4,1,5,2026090506,2046103511,5,14398500,14.3985,True,10,13398,"in-memory V7 session incl simulated KE derivation and deterministic quantum fixture; excl external KE/QKD, network, Qiskit, PRISM",time.perf_counter_ns,single_process
RELEASE,2,155,4,1,6,2026090507,2046103513,5,14186000,14.186,True,10,13398,"in-memory V7 session incl simulated KE derivation and deterministic quantum fixture; excl external KE/QKD, network, Qiskit, PRISM",time.perf_counter_ns,single_process
RELEASE,2,155,4,1,7,2026090508,2046103515,5,15267700,15.2677,True,10,13398,"in-memory V7 session incl simulated KE derivation and deterministic quantum fixture; excl external KE/QKD, network, Qiskit, PRISM",time.perf_counter_ns,single_process
RELEASE,2,155,4,1,8,2026090509,2046103517,5,14209700,14.2097,True,10,13398,"in-memory V7 session incl simulated KE derivation and deterministic quantum fixture; excl external KE/QKD, network, Qiskit, PRISM",time.perf_counter_ns,single_process
RELEASE,2,155,4,1,9,2026090510,2046103519,5,14660700,14.6607,True,10,13398,"in-memory V7 session incl simulated KE derivation and deterministic quantum fixture; excl external KE/QKD, network, Qiskit, PRISM",time.perf_counter_ns,single_process
RELEASE,2,155,4,1,10,2026090501,2046103511,5,14766700,14.7667,True,10,13398,"in-memory V7 session incl simulated KE derivation and deterministic quantum fixture; excl external KE/QKD, network, Qiskit, PRISM",time.perf_counter_ns,single_process
RELEASE,2,155,4,1,11,2026090502,2046103513,5,14754900,14.7549,True,10,13398,"in-memory V7 session incl simulated KE derivation and deterministic quantum fixture; excl external KE/QKD, network, Qiskit, PRISM",time.perf_counter_ns,single_process
RELEASE,2,155,4,1,12,2026090503,2046103515,5,14512300,14.5123,True,10,13398,"in-memory V7 session incl simulated KE derivation and deterministic quantum fixture; excl external KE/QKD, network, Qiskit, PRISM",time.perf_counter_ns,single_process
RELEASE,2,155,4,1,13,2026090504,2046103517,5,14287800,14.2878,True,10,13398,"in-memory V7 session incl simulated KE derivation and deterministic quantum fixture; excl external KE/QKD, network, Qiskit, PRISM",time.perf_counter_ns,single_process
RELEASE,2,155,4,1,14,2026090505,2046103519,5,14387400,14.3874,True,10,13398,"in-memory V7 session incl simulated KE derivation and deterministic quantum fixture; excl external KE/QKD, network, Qiskit, PRISM",time.perf_counter_ns,single_process
RELEASE,2,155,4,1,15,2026090506,2046103521,5,14863400,14.8634,True,10,13398,"in-memory V7 session incl simulated KE derivation and deterministic quantum fixture; excl external KE/QKD, network, Qiskit, PRISM",time.perf_counter_ns,single_process
RELEASE,2,155,4,1,16,2026090507,2046103523,5,14355700,14.3557,True,10,13398,"in-memory V7 session incl simulated KE derivation and deterministic quantum fixture; excl external KE/QKD, network, Qiskit, PRISM",time.perf_counter_ns,single_process
RELEASE,2,155,4,1,17,2026090508,2046103525,5,14408700,14.4087,True,10,13398,"in-memory V7 session incl simulated KE derivation and deterministic quantum fixture; excl external KE/QKD, network, Qiskit, PRISM",time.perf_counter_ns,single_process
RELEASE,2,155,4,1,18,2026090509,2046103527,5,14472200,14.4722,True,10,13398,"in-memory V7 session incl simulated KE derivation and deterministic quantum fixture; excl external KE/QKD, network, Qiskit, PRISM",time.perf_counter_ns,single_process
RELEASE,2,155,4,1,19,2026090510,2046103529,5,14831500,14.8315,True,10,13398,"in-memory V7 session incl simulated KE derivation and deterministic quantum fixture; excl external KE/QKD, network, Qiskit, PRISM",time.perf_counter_ns,single_process
RELEASE,2,155,4,1,20,2026090501,2046103521,5,14702500,14.7025,True,10,13398,"in-memory V7 session incl simulated KE derivation and deterministic quantum fixture; excl external KE/QKD, network, Qiskit, PRISM",time.perf_counter_ns,single_process
RELEASE,2,155,4,1,21,2026090502,2046103523,5,14556500,14.5565,True,10,13398,"in-memory V7 session incl simulated KE derivation and deterministic quantum fixture; excl external KE/QKD, network, Qiskit, PRISM",time.perf_counter_ns,single_process
RELEASE,2,155,4,1,22,2026090503,2046103525,5,14605900,14.6059,True,10,13398,"in-memory V7 session incl simulated KE derivation and deterministic quantum fixture; excl external KE/QKD, network, Qiskit, PRISM",time.perf_counter_ns,single_process
RELEASE,2,155,4,1,23,2026090504,2046103527,5,14252700,14.2527,True,10,13398,"in-memory V7 session incl simulated KE derivation and deterministic quantum fixture; excl external KE/QKD, network, Qiskit, PRISM",time.perf_counter_ns,single_process
RELEASE,2,155,4,1,24,2026090505,2046103529,5,14304000,14.304,True,10,13398,"in-memory V7 session incl simulated KE derivation and deterministic quantum fixture; excl external KE/QKD, network, Qiskit, PRISM",time.perf_counter_ns,single_process
RELEASE,2,155,4,1,25,2026090506,2046103531,5,14749100,14.7491,True,10,13398,"in-memory V7 session incl simulated KE derivation and deterministic quantum fixture; excl external KE/QKD, network, Qiskit, PRISM",time.perf_counter_ns,single_process
RELEASE,2,155,4,1,26,2026090507,2046103533,5,14819800,14.8198,True,10,13398,"in-memory V7 session incl simulated KE derivation and deterministic quantum fixture; excl external KE/QKD, network, Qiskit, PRISM",time.perf_counter_ns,single_process
RELEASE,2,155,4,1,27,2026090508,2046103535,5,14365800,14.3658,True,10,13398,"in-memory V7 session incl simulated KE derivation and deterministic quantum fixture; excl external KE/QKD, network, Qiskit, PRISM",time.perf_counter_ns,single_process
RELEASE,2,155,4,1,28,2026090509,2046103537,5,14374200,14.3742,True,10,13398,"in-memory V7 session incl simulated KE derivation and deterministic quantum fixture; excl external KE/QKD, network, Qiskit, PRISM",time.perf_counter_ns,single_process
RELEASE,2,155,4,1,29,2026090510,2046103539,5,15128900,15.1289,True,10,13398,"in-memory V7 session incl simulated KE derivation and deterministic quantum fixture; excl external KE/QKD, network, Qiskit, PRISM",time.perf_counter_ns,single_process
BASIC,4,4,,0,0,2026090501,2046104501,5,4172500,4.1725,True,6,4657,"in-memory V7 session incl simulated KE derivation and deterministic quantum fixture; excl external KE/QKD, network, Qiskit, PRISM",time.perf_counter_ns,single_process
BASIC,4,4,,0,1,2026090502,2046104503,5,3923000,3.923,True,6,4657,"in-memory V7 session incl simulated KE derivation and deterministic quantum fixture; excl external KE/QKD, network, Qiskit, PRISM",time.perf_counter_ns,single_process
BASIC,4,4,,0,2,2026090503,2046104505,5,4236500,4.2365,True,6,4657,"in-memory V7 session incl simulated KE derivation and deterministic quantum fixture; excl external KE/QKD, network, Qiskit, PRISM",time.perf_counter_ns,single_process
BASIC,4,4,,0,3,2026090504,2046104507,5,4101200,4.1012,True,6,4657,"in-memory V7 session incl simulated KE derivation and deterministic quantum fixture; excl external KE/QKD, network, Qiskit, PRISM",time.perf_counter_ns,single_process
BASIC,4,4,,0,4,2026090505,2046104509,5,4272400,4.2724,True,6,4657,"in-memory V7 session incl simulated KE derivation and deterministic quantum fixture; excl external KE/QKD, network, Qiskit, PRISM",time.perf_counter_ns,single_process
BASIC,4,4,,0,5,2026090506,2046104511,5,4249300,4.2493,True,6,4657,"in-memory V7 session incl simulated KE derivation and deterministic quantum fixture; excl external KE/QKD, network, Qiskit, PRISM",time.perf_counter_ns,single_process
BASIC,4,4,,0,6,2026090507,2046104513,5,3779100,3.7791,True,6,4657,"in-memory V7 session incl simulated KE derivation and deterministic quantum fixture; excl external KE/QKD, network, Qiskit, PRISM",time.perf_counter_ns,single_process
BASIC,4,4,,0,7,2026090508,2046104515,5,4374700,4.3747,True,6,4657,"in-memory V7 session incl simulated KE derivation and deterministic quantum fixture; excl external KE/QKD, network, Qiskit, PRISM",time.perf_counter_ns,single_process
BASIC,4,4,,0,8,2026090509,2046104517,5,4158300,4.1583,True,6,4657,"in-memory V7 session incl simulated KE derivation and deterministic quantum fixture; excl external KE/QKD, network, Qiskit, PRISM",time.perf_counter_ns,single_process
BASIC,4,4,,0,9,2026090510,2046104519,5,4127200,4.1272,True,6,4657,"in-memory V7 session incl simulated KE derivation and deterministic quantum fixture; excl external KE/QKD, network, Qiskit, PRISM",time.perf_counter_ns,single_process
BASIC,4,4,,0,10,2026090501,2046104511,5,4079200,4.0792,True,6,4657,"in-memory V7 session incl simulated KE derivation and deterministic quantum fixture; excl external KE/QKD, network, Qiskit, PRISM",time.perf_counter_ns,single_process
BASIC,4,4,,0,11,2026090502,2046104513,5,3947000,3.947,True,6,4657,"in-memory V7 session incl simulated KE derivation and deterministic quantum fixture; excl external KE/QKD, network, Qiskit, PRISM",time.perf_counter_ns,single_process
BASIC,4,4,,0,12,2026090503,2046104515,5,4196800,4.1968,True,6,4657,"in-memory V7 session incl simulated KE derivation and deterministic quantum fixture; excl external KE/QKD, network, Qiskit, PRISM",time.perf_counter_ns,single_process
BASIC,4,4,,0,13,2026090504,2046104517,5,4306700,4.3067,True,6,4657,"in-memory V7 session incl simulated KE derivation and deterministic quantum fixture; excl external KE/QKD, network, Qiskit, PRISM",time.perf_counter_ns,single_process
BASIC,4,4,,0,14,2026090505,2046104519,5,4193200,4.1932,True,6,4657,"in-memory V7 session incl simulated KE derivation and deterministic quantum fixture; excl external KE/QKD, network, Qiskit, PRISM",time.perf_counter_ns,single_process
BASIC,4,4,,0,15,2026090506,2046104521,5,4094800,4.0948,True,6,4657,"in-memory V7 session incl simulated KE derivation and deterministic quantum fixture; excl external KE/QKD, network, Qiskit, PRISM",time.perf_counter_ns,single_process
BASIC,4,4,,0,16,2026090507,2046104523,5,3898800,3.8988,True,6,4657,"in-memory V7 session incl simulated KE derivation and deterministic quantum fixture; excl external KE/QKD, network, Qiskit, PRISM",time.perf_counter_ns,single_process
BASIC,4,4,,0,17,2026090508,2046104525,5,4319800,4.3198,True,6,4657,"in-memory V7 session incl simulated KE derivation and deterministic quantum fixture; excl external KE/QKD, network, Qiskit, PRISM",time.perf_counter_ns,single_process
BASIC,4,4,,0,18,2026090509,2046104527,5,3923600,3.9236,True,6,4657,"in-memory V7 session incl simulated KE derivation and deterministic quantum fixture; excl external KE/QKD, network, Qiskit, PRISM",time.perf_counter_ns,single_process
BASIC,4,4,,0,19,2026090510,2046104529,5,4203900,4.2039,True,6,4657,"in-memory V7 session incl simulated KE derivation and deterministic quantum fixture; excl external KE/QKD, network, Qiskit, PRISM",time.perf_counter_ns,single_process
BASIC,4,4,,0,20,2026090501,2046104521,5,4154100,4.1541,True,6,4657,"in-memory V7 session incl simulated KE derivation and deterministic quantum fixture; excl external KE/QKD, network, Qiskit, PRISM",time.perf_counter_ns,single_process
BASIC,4,4,,0,21,2026090502,2046104523,5,3975800,3.9758,True,6,4657,"in-memory V7 session incl simulated KE derivation and deterministic quantum fixture; excl external KE/QKD, network, Qiskit, PRISM",time.perf_counter_ns,single_process
BASIC,4,4,,0,22,2026090503,2046104525,5,4146300,4.1463,True,6,4657,"in-memory V7 session incl simulated KE derivation and deterministic quantum fixture; excl external KE/QKD, network, Qiskit, PRISM",time.perf_counter_ns,single_process
BASIC,4,4,,0,23,2026090504,2046104527,5,3881400,3.8814,True,6,4657,"in-memory V7 session incl simulated KE derivation and deterministic quantum fixture; excl external KE/QKD, network, Qiskit, PRISM",time.perf_counter_ns,single_process
BASIC,4,4,,0,24,2026090505,2046104529,5,4177400,4.1774,True,6,4657,"in-memory V7 session incl simulated KE derivation and deterministic quantum fixture; excl external KE/QKD, network, Qiskit, PRISM",time.perf_counter_ns,single_process
BASIC,4,4,,0,25,2026090506,2046104531,5,3962300,3.9623,True,6,4657,"in-memory V7 session incl simulated KE derivation and deterministic quantum fixture; excl external KE/QKD, network, Qiskit, PRISM",time.perf_counter_ns,single_process
BASIC,4,4,,0,26,2026090507,2046104533,5,4277800,4.2778,True,6,4657,"in-memory V7 session incl simulated KE derivation and deterministic quantum fixture; excl external KE/QKD, network, Qiskit, PRISM",time.perf_counter_ns,single_process
BASIC,4,4,,0,27,2026090508,2046104535,5,4185200,4.1852,True,6,4657,"in-memory V7 session incl simulated KE derivation and deterministic quantum fixture; excl external KE/QKD, network, Qiskit, PRISM",time.perf_counter_ns,single_process
BASIC,4,4,,0,28,2026090509,2046104537,5,4525600,4.5256,True,6,4657,"in-memory V7 session incl simulated KE derivation and deterministic quantum fixture; excl external KE/QKD, network, Qiskit, PRISM",time.perf_counter_ns,single_process
BASIC,4,4,,0,29,2026090510,2046104539,5,4285500,4.2855,True,6,4657,"in-memory V7 session incl simulated KE derivation and deterministic quantum fixture; excl external KE/QKD, network, Qiskit, PRISM",time.perf_counter_ns,single_process
RELEASE,4,4,1,8,0,2026090501,2046105501,5,14143200,14.1432,True,24,20311,"in-memory V7 session incl simulated KE derivation and deterministic quantum fixture; excl external KE/QKD, network, Qiskit, PRISM",time.perf_counter_ns,single_process
RELEASE,4,4,1,8,1,2026090502,2046105503,5,14948700,14.9487,True,24,20311,"in-memory V7 session incl simulated KE derivation and deterministic quantum fixture; excl external KE/QKD, network, Qiskit, PRISM",time.perf_counter_ns,single_process
RELEASE,4,4,1,8,2,2026090503,2046105505,5,14691300,14.6913,True,24,20311,"in-memory V7 session incl simulated KE derivation and deterministic quantum fixture; excl external KE/QKD, network, Qiskit, PRISM",time.perf_counter_ns,single_process
RELEASE,4,4,1,8,3,2026090504,2046105507,5,14493400,14.4934,True,24,20311,"in-memory V7 session incl simulated KE derivation and deterministic quantum fixture; excl external KE/QKD, network, Qiskit, PRISM",time.perf_counter_ns,single_process
RELEASE,4,4,1,8,4,2026090505,2046105509,5,13974100,13.9741,True,24,20311,"in-memory V7 session incl simulated KE derivation and deterministic quantum fixture; excl external KE/QKD, network, Qiskit, PRISM",time.perf_counter_ns,single_process
RELEASE,4,4,1,8,5,2026090506,2046105511,5,14221100,14.2211,True,24,20311,"in-memory V7 session incl simulated KE derivation and deterministic quantum fixture; excl external KE/QKD, network, Qiskit, PRISM",time.perf_counter_ns,single_process
RELEASE,4,4,1,8,6,2026090507,2046105513,5,13879600,13.8796,True,24,20311,"in-memory V7 session incl simulated KE derivation and deterministic quantum fixture; excl external KE/QKD, network, Qiskit, PRISM",time.perf_counter_ns,single_process
RELEASE,4,4,1,8,7,2026090508,2046105515,5,14174500,14.1745,True,24,20311,"in-memory V7 session incl simulated KE derivation and deterministic quantum fixture; excl external KE/QKD, network, Qiskit, PRISM",time.perf_counter_ns,single_process
RELEASE,4,4,1,8,8,2026090509,2046105517,5,14282200,14.2822,True,24,20311,"in-memory V7 session incl simulated KE derivation and deterministic quantum fixture; excl external KE/QKD, network, Qiskit, PRISM",time.perf_counter_ns,single_process
RELEASE,4,4,1,8,9,2026090510,2046105519,5,14508500,14.5085,True,24,20311,"in-memory V7 session incl simulated KE derivation and deterministic quantum fixture; excl external KE/QKD, network, Qiskit, PRISM",time.perf_counter_ns,single_process
RELEASE,4,4,1,8,10,2026090501,2046105511,5,14477700,14.4777,True,24,20311,"in-memory V7 session incl simulated KE derivation and deterministic quantum fixture; excl external KE/QKD, network, Qiskit, PRISM",time.perf_counter_ns,single_process
RELEASE,4,4,1,8,11,2026090502,2046105513,5,14033500,14.0335,True,24,20311,"in-memory V7 session incl simulated KE derivation and deterministic quantum fixture; excl external KE/QKD, network, Qiskit, PRISM",time.perf_counter_ns,single_process
RELEASE,4,4,1,8,12,2026090503,2046105515,5,14238800,14.2388,True,24,20311,"in-memory V7 session incl simulated KE derivation and deterministic quantum fixture; excl external KE/QKD, network, Qiskit, PRISM",time.perf_counter_ns,single_process
RELEASE,4,4,1,8,13,2026090504,2046105517,5,14435800,14.4358,True,24,20311,"in-memory V7 session incl simulated KE derivation and deterministic quantum fixture; excl external KE/QKD, network, Qiskit, PRISM",time.perf_counter_ns,single_process
RELEASE,4,4,1,8,14,2026090505,2046105519,5,14409200,14.4092,True,24,20311,"in-memory V7 session incl simulated KE derivation and deterministic quantum fixture; excl external KE/QKD, network, Qiskit, PRISM",time.perf_counter_ns,single_process
RELEASE,4,4,1,8,15,2026090506,2046105521,5,14206500,14.2065,True,24,20311,"in-memory V7 session incl simulated KE derivation and deterministic quantum fixture; excl external KE/QKD, network, Qiskit, PRISM",time.perf_counter_ns,single_process
RELEASE,4,4,1,8,16,2026090507,2046105523,5,14358800,14.3588,True,24,20311,"in-memory V7 session incl simulated KE derivation and deterministic quantum fixture; excl external KE/QKD, network, Qiskit, PRISM",time.perf_counter_ns,single_process
RELEASE,4,4,1,8,17,2026090508,2046105525,5,17180600,17.1806,True,24,20311,"in-memory V7 session incl simulated KE derivation and deterministic quantum fixture; excl external KE/QKD, network, Qiskit, PRISM",time.perf_counter_ns,single_process
RELEASE,4,4,1,8,18,2026090509,2046105527,5,14254300,14.2543,True,24,20311,"in-memory V7 session incl simulated KE derivation and deterministic quantum fixture; excl external KE/QKD, network, Qiskit, PRISM",time.perf_counter_ns,single_process
RELEASE,4,4,1,8,19,2026090510,2046105529,5,14350700,14.3507,True,24,20311,"in-memory V7 session incl simulated KE derivation and deterministic quantum fixture; excl external KE/QKD, network, Qiskit, PRISM",time.perf_counter_ns,single_process
RELEASE,4,4,1,8,20,2026090501,2046105521,5,14290500,14.2905,True,24,20311,"in-memory V7 session incl simulated KE derivation and deterministic quantum fixture; excl external KE/QKD, network, Qiskit, PRISM",time.perf_counter_ns,single_process
RELEASE,4,4,1,8,21,2026090502,2046105523,5,14533700,14.5337,True,24,20311,"in-memory V7 session incl simulated KE derivation and deterministic quantum fixture; excl external KE/QKD, network, Qiskit, PRISM",time.perf_counter_ns,single_process
RELEASE,4,4,1,8,22,2026090503,2046105525,5,14925800,14.9258,True,24,20311,"in-memory V7 session incl simulated KE derivation and deterministic quantum fixture; excl external KE/QKD, network, Qiskit, PRISM",time.perf_counter_ns,single_process
RELEASE,4,4,1,8,23,2026090504,2046105527,5,14728600,14.7286,True,24,20311,"in-memory V7 session incl simulated KE derivation and deterministic quantum fixture; excl external KE/QKD, network, Qiskit, PRISM",time.perf_counter_ns,single_process
RELEASE,4,4,1,8,24,2026090505,2046105529,5,14264500,14.2645,True,24,20311,"in-memory V7 session incl simulated KE derivation and deterministic quantum fixture; excl external KE/QKD, network, Qiskit, PRISM",time.perf_counter_ns,single_process
RELEASE,4,4,1,8,25,2026090506,2046105531,5,14247400,14.2474,True,24,20311,"in-memory V7 session incl simulated KE derivation and deterministic quantum fixture; excl external KE/QKD, network, Qiskit, PRISM",time.perf_counter_ns,single_process
RELEASE,4,4,1,8,26,2026090507,2046105533,5,14894400,14.8944,True,24,20311,"in-memory V7 session incl simulated KE derivation and deterministic quantum fixture; excl external KE/QKD, network, Qiskit, PRISM",time.perf_counter_ns,single_process
RELEASE,4,4,1,8,27,2026090508,2046105535,5,14670100,14.6701,True,24,20311,"in-memory V7 session incl simulated KE derivation and deterministic quantum fixture; excl external KE/QKD, network, Qiskit, PRISM",time.perf_counter_ns,single_process
RELEASE,4,4,1,8,28,2026090509,2046105537,5,15089100,15.0891,True,24,20311,"in-memory V7 session incl simulated KE derivation and deterministic quantum fixture; excl external KE/QKD, network, Qiskit, PRISM",time.perf_counter_ns,single_process
RELEASE,4,4,1,8,29,2026090510,2046105539,5,15001600,15.0016,True,24,20311,"in-memory V7 session incl simulated KE derivation and deterministic quantum fixture; excl external KE/QKD, network, Qiskit, PRISM",time.perf_counter_ns,single_process
RELEASE,4,4,2,4,0,2026090501,2046106501,5,9812800,9.8128,True,16,13263,"in-memory V7 session incl simulated KE derivation and deterministic quantum fixture; excl external KE/QKD, network, Qiskit, PRISM",time.perf_counter_ns,single_process
RELEASE,4,4,2,4,1,2026090502,2046106503,5,9597000,9.597,True,16,13263,"in-memory V7 session incl simulated KE derivation and deterministic quantum fixture; excl external KE/QKD, network, Qiskit, PRISM",time.perf_counter_ns,single_process
RELEASE,4,4,2,4,2,2026090503,2046106505,5,9490400,9.4904,True,16,13263,"in-memory V7 session incl simulated KE derivation and deterministic quantum fixture; excl external KE/QKD, network, Qiskit, PRISM",time.perf_counter_ns,single_process
RELEASE,4,4,2,4,3,2026090504,2046106507,5,9958500,9.9585,True,16,13263,"in-memory V7 session incl simulated KE derivation and deterministic quantum fixture; excl external KE/QKD, network, Qiskit, PRISM",time.perf_counter_ns,single_process
RELEASE,4,4,2,4,4,2026090505,2046106509,5,10117500,10.1175,True,16,13263,"in-memory V7 session incl simulated KE derivation and deterministic quantum fixture; excl external KE/QKD, network, Qiskit, PRISM",time.perf_counter_ns,single_process
RELEASE,4,4,2,4,5,2026090506,2046106511,5,9920900,9.9209,True,16,13263,"in-memory V7 session incl simulated KE derivation and deterministic quantum fixture; excl external KE/QKD, network, Qiskit, PRISM",time.perf_counter_ns,single_process
RELEASE,4,4,2,4,6,2026090507,2046106513,5,9852200,9.8522,True,16,13263,"in-memory V7 session incl simulated KE derivation and deterministic quantum fixture; excl external KE/QKD, network, Qiskit, PRISM",time.perf_counter_ns,single_process
RELEASE,4,4,2,4,7,2026090508,2046106515,5,9818000,9.818,True,16,13263,"in-memory V7 session incl simulated KE derivation and deterministic quantum fixture; excl external KE/QKD, network, Qiskit, PRISM",time.perf_counter_ns,single_process
RELEASE,4,4,2,4,8,2026090509,2046106517,5,9683800,9.6838,True,16,13263,"in-memory V7 session incl simulated KE derivation and deterministic quantum fixture; excl external KE/QKD, network, Qiskit, PRISM",time.perf_counter_ns,single_process
RELEASE,4,4,2,4,9,2026090510,2046106519,5,9699700,9.6997,True,16,13263,"in-memory V7 session incl simulated KE derivation and deterministic quantum fixture; excl external KE/QKD, network, Qiskit, PRISM",time.perf_counter_ns,single_process
RELEASE,4,4,2,4,10,2026090501,2046106511,5,9624200,9.6242,True,16,13263,"in-memory V7 session incl simulated KE derivation and deterministic quantum fixture; excl external KE/QKD, network, Qiskit, PRISM",time.perf_counter_ns,single_process
RELEASE,4,4,2,4,11,2026090502,2046106513,5,9578000,9.578,True,16,13263,"in-memory V7 session incl simulated KE derivation and deterministic quantum fixture; excl external KE/QKD, network, Qiskit, PRISM",time.perf_counter_ns,single_process
RELEASE,4,4,2,4,12,2026090503,2046106515,5,9861000,9.861,True,16,13263,"in-memory V7 session incl simulated KE derivation and deterministic quantum fixture; excl external KE/QKD, network, Qiskit, PRISM",time.perf_counter_ns,single_process
RELEASE,4,4,2,4,13,2026090504,2046106517,5,9562900,9.5629,True,16,13263,"in-memory V7 session incl simulated KE derivation and deterministic quantum fixture; excl external KE/QKD, network, Qiskit, PRISM",time.perf_counter_ns,single_process
RELEASE,4,4,2,4,14,2026090505,2046106519,5,9557100,9.5571,True,16,13263,"in-memory V7 session incl simulated KE derivation and deterministic quantum fixture; excl external KE/QKD, network, Qiskit, PRISM",time.perf_counter_ns,single_process
RELEASE,4,4,2,4,15,2026090506,2046106521,5,9700500,9.7005,True,16,13263,"in-memory V7 session incl simulated KE derivation and deterministic quantum fixture; excl external KE/QKD, network, Qiskit, PRISM",time.perf_counter_ns,single_process
RELEASE,4,4,2,4,16,2026090507,2046106523,5,9368400,9.3684,True,16,13263,"in-memory V7 session incl simulated KE derivation and deterministic quantum fixture; excl external KE/QKD, network, Qiskit, PRISM",time.perf_counter_ns,single_process
RELEASE,4,4,2,4,17,2026090508,2046106525,5,9857300,9.8573,True,16,13263,"in-memory V7 session incl simulated KE derivation and deterministic quantum fixture; excl external KE/QKD, network, Qiskit, PRISM",time.perf_counter_ns,single_process
RELEASE,4,4,2,4,18,2026090509,2046106527,5,9915800,9.9158,True,16,13263,"in-memory V7 session incl simulated KE derivation and deterministic quantum fixture; excl external KE/QKD, network, Qiskit, PRISM",time.perf_counter_ns,single_process
RELEASE,4,4,2,4,19,2026090510,2046106529,5,9917800,9.9178,True,16,13263,"in-memory V7 session incl simulated KE derivation and deterministic quantum fixture; excl external KE/QKD, network, Qiskit, PRISM",time.perf_counter_ns,single_process
RELEASE,4,4,2,4,20,2026090501,2046106521,5,10090700,10.0907,True,16,13263,"in-memory V7 session incl simulated KE derivation and deterministic quantum fixture; excl external KE/QKD, network, Qiskit, PRISM",time.perf_counter_ns,single_process
RELEASE,4,4,2,4,21,2026090502,2046106523,5,9490800,9.4908,True,16,13263,"in-memory V7 session incl simulated KE derivation and deterministic quantum fixture; excl external KE/QKD, network, Qiskit, PRISM",time.perf_counter_ns,single_process
RELEASE,4,4,2,4,22,2026090503,2046106525,5,9716600,9.7166,True,16,13263,"in-memory V7 session incl simulated KE derivation and deterministic quantum fixture; excl external KE/QKD, network, Qiskit, PRISM",time.perf_counter_ns,single_process
RELEASE,4,4,2,4,23,2026090504,2046106527,5,9557200,9.5572,True,16,13263,"in-memory V7 session incl simulated KE derivation and deterministic quantum fixture; excl external KE/QKD, network, Qiskit, PRISM",time.perf_counter_ns,single_process
RELEASE,4,4,2,4,24,2026090505,2046106529,5,9788600,9.7886,True,16,13263,"in-memory V7 session incl simulated KE derivation and deterministic quantum fixture; excl external KE/QKD, network, Qiskit, PRISM",time.perf_counter_ns,single_process
RELEASE,4,4,2,4,25,2026090506,2046106531,5,10192400,10.1924,True,16,13263,"in-memory V7 session incl simulated KE derivation and deterministic quantum fixture; excl external KE/QKD, network, Qiskit, PRISM",time.perf_counter_ns,single_process
RELEASE,4,4,2,4,26,2026090507,2046106533,5,10018100,10.0181,True,16,13263,"in-memory V7 session incl simulated KE derivation and deterministic quantum fixture; excl external KE/QKD, network, Qiskit, PRISM",time.perf_counter_ns,single_process
RELEASE,4,4,2,4,27,2026090508,2046106535,5,9750600,9.7506,True,16,13263,"in-memory V7 session incl simulated KE derivation and deterministic quantum fixture; excl external KE/QKD, network, Qiskit, PRISM",time.perf_counter_ns,single_process
RELEASE,4,4,2,4,28,2026090509,2046106537,5,9519100,9.5191,True,16,13263,"in-memory V7 session incl simulated KE derivation and deterministic quantum fixture; excl external KE/QKD, network, Qiskit, PRISM",time.perf_counter_ns,single_process
RELEASE,4,4,2,4,29,2026090510,2046106539,5,9617600,9.6176,True,16,13263,"in-memory V7 session incl simulated KE derivation and deterministic quantum fixture; excl external KE/QKD, network, Qiskit, PRISM",time.perf_counter_ns,single_process
RELEASE,4,4,4,2,0,2026090501,2046107501,5,7306500,7.3065,True,12,9739,"in-memory V7 session incl simulated KE derivation and deterministic quantum fixture; excl external KE/QKD, network, Qiskit, PRISM",time.perf_counter_ns,single_process
RELEASE,4,4,4,2,1,2026090502,2046107503,5,7561000,7.561,True,12,9739,"in-memory V7 session incl simulated KE derivation and deterministic quantum fixture; excl external KE/QKD, network, Qiskit, PRISM",time.perf_counter_ns,single_process
RELEASE,4,4,4,2,2,2026090503,2046107505,5,7513400,7.5134,True,12,9739,"in-memory V7 session incl simulated KE derivation and deterministic quantum fixture; excl external KE/QKD, network, Qiskit, PRISM",time.perf_counter_ns,single_process
RELEASE,4,4,4,2,3,2026090504,2046107507,5,7375900,7.3759,True,12,9739,"in-memory V7 session incl simulated KE derivation and deterministic quantum fixture; excl external KE/QKD, network, Qiskit, PRISM",time.perf_counter_ns,single_process
RELEASE,4,4,4,2,4,2026090505,2046107509,5,7223200,7.2232,True,12,9739,"in-memory V7 session incl simulated KE derivation and deterministic quantum fixture; excl external KE/QKD, network, Qiskit, PRISM",time.perf_counter_ns,single_process
RELEASE,4,4,4,2,5,2026090506,2046107511,5,7690600,7.6906,True,12,9739,"in-memory V7 session incl simulated KE derivation and deterministic quantum fixture; excl external KE/QKD, network, Qiskit, PRISM",time.perf_counter_ns,single_process
RELEASE,4,4,4,2,6,2026090507,2046107513,5,7321400,7.3214,True,12,9739,"in-memory V7 session incl simulated KE derivation and deterministic quantum fixture; excl external KE/QKD, network, Qiskit, PRISM",time.perf_counter_ns,single_process
RELEASE,4,4,4,2,7,2026090508,2046107515,5,7230800,7.2308,True,12,9739,"in-memory V7 session incl simulated KE derivation and deterministic quantum fixture; excl external KE/QKD, network, Qiskit, PRISM",time.perf_counter_ns,single_process
RELEASE,4,4,4,2,8,2026090509,2046107517,5,7748800,7.7488,True,12,9739,"in-memory V7 session incl simulated KE derivation and deterministic quantum fixture; excl external KE/QKD, network, Qiskit, PRISM",time.perf_counter_ns,single_process
RELEASE,4,4,4,2,9,2026090510,2046107519,5,7435100,7.4351,True,12,9739,"in-memory V7 session incl simulated KE derivation and deterministic quantum fixture; excl external KE/QKD, network, Qiskit, PRISM",time.perf_counter_ns,single_process
RELEASE,4,4,4,2,10,2026090501,2046107511,5,7447500,7.4475,True,12,9739,"in-memory V7 session incl simulated KE derivation and deterministic quantum fixture; excl external KE/QKD, network, Qiskit, PRISM",time.perf_counter_ns,single_process
RELEASE,4,4,4,2,11,2026090502,2046107513,5,7205900,7.2059,True,12,9739,"in-memory V7 session incl simulated KE derivation and deterministic quantum fixture; excl external KE/QKD, network, Qiskit, PRISM",time.perf_counter_ns,single_process
RELEASE,4,4,4,2,12,2026090503,2046107515,5,7234600,7.2346,True,12,9739,"in-memory V7 session incl simulated KE derivation and deterministic quantum fixture; excl external KE/QKD, network, Qiskit, PRISM",time.perf_counter_ns,single_process
RELEASE,4,4,4,2,13,2026090504,2046107517,5,7570600,7.5706,True,12,9739,"in-memory V7 session incl simulated KE derivation and deterministic quantum fixture; excl external KE/QKD, network, Qiskit, PRISM",time.perf_counter_ns,single_process
RELEASE,4,4,4,2,14,2026090505,2046107519,5,7133900,7.1339,True,12,9739,"in-memory V7 session incl simulated KE derivation and deterministic quantum fixture; excl external KE/QKD, network, Qiskit, PRISM",time.perf_counter_ns,single_process
RELEASE,4,4,4,2,15,2026090506,2046107521,5,7350600,7.3506,True,12,9739,"in-memory V7 session incl simulated KE derivation and deterministic quantum fixture; excl external KE/QKD, network, Qiskit, PRISM",time.perf_counter_ns,single_process
RELEASE,4,4,4,2,16,2026090507,2046107523,5,7630500,7.6305,True,12,9739,"in-memory V7 session incl simulated KE derivation and deterministic quantum fixture; excl external KE/QKD, network, Qiskit, PRISM",time.perf_counter_ns,single_process
RELEASE,4,4,4,2,17,2026090508,2046107525,5,7127100,7.1271,True,12,9739,"in-memory V7 session incl simulated KE derivation and deterministic quantum fixture; excl external KE/QKD, network, Qiskit, PRISM",time.perf_counter_ns,single_process
RELEASE,4,4,4,2,18,2026090509,2046107527,5,7076600,7.0766,True,12,9739,"in-memory V7 session incl simulated KE derivation and deterministic quantum fixture; excl external KE/QKD, network, Qiskit, PRISM",time.perf_counter_ns,single_process
RELEASE,4,4,4,2,19,2026090510,2046107529,5,7419100,7.4191,True,12,9739,"in-memory V7 session incl simulated KE derivation and deterministic quantum fixture; excl external KE/QKD, network, Qiskit, PRISM",time.perf_counter_ns,single_process
RELEASE,4,4,4,2,20,2026090501,2046107521,5,7455600,7.4556,True,12,9739,"in-memory V7 session incl simulated KE derivation and deterministic quantum fixture; excl external KE/QKD, network, Qiskit, PRISM",time.perf_counter_ns,single_process
RELEASE,4,4,4,2,21,2026090502,2046107523,5,10037800,10.0378,True,12,9739,"in-memory V7 session incl simulated KE derivation and deterministic quantum fixture; excl external KE/QKD, network, Qiskit, PRISM",time.perf_counter_ns,single_process
RELEASE,4,4,4,2,22,2026090503,2046107525,5,7309900,7.3099,True,12,9739,"in-memory V7 session incl simulated KE derivation and deterministic quantum fixture; excl external KE/QKD, network, Qiskit, PRISM",time.perf_counter_ns,single_process
RELEASE,4,4,4,2,23,2026090504,2046107527,5,7443100,7.4431,True,12,9739,"in-memory V7 session incl simulated KE derivation and deterministic quantum fixture; excl external KE/QKD, network, Qiskit, PRISM",time.perf_counter_ns,single_process
RELEASE,4,4,4,2,24,2026090505,2046107529,5,7465900,7.4659,True,12,9739,"in-memory V7 session incl simulated KE derivation and deterministic quantum fixture; excl external KE/QKD, network, Qiskit, PRISM",time.perf_counter_ns,single_process
RELEASE,4,4,4,2,25,2026090506,2046107531,5,7250000,7.25,True,12,9739,"in-memory V7 session incl simulated KE derivation and deterministic quantum fixture; excl external KE/QKD, network, Qiskit, PRISM",time.perf_counter_ns,single_process
RELEASE,4,4,4,2,26,2026090507,2046107533,5,7921700,7.9217,True,12,9739,"in-memory V7 session incl simulated KE derivation and deterministic quantum fixture; excl external KE/QKD, network, Qiskit, PRISM",time.perf_counter_ns,single_process
RELEASE,4,4,4,2,27,2026090508,2046107535,5,7528300,7.5283,True,12,9739,"in-memory V7 session incl simulated KE derivation and deterministic quantum fixture; excl external KE/QKD, network, Qiskit, PRISM",time.perf_counter_ns,single_process
RELEASE,4,4,4,2,28,2026090509,2046107537,5,7465800,7.4658,True,12,9739,"in-memory V7 session incl simulated KE derivation and deterministic quantum fixture; excl external KE/QKD, network, Qiskit, PRISM",time.perf_counter_ns,single_process
RELEASE,4,4,4,2,29,2026090510,2046107539,5,7516400,7.5164,True,12,9739,"in-memory V7 session incl simulated KE derivation and deterministic quantum fixture; excl external KE/QKD, network, Qiskit, PRISM",time.perf_counter_ns,single_process
RELEASE,4,4,8,1,0,2026090501,2046108501,5,6564500,6.5645,True,10,7977,"in-memory V7 session incl simulated KE derivation and deterministic quantum fixture; excl external KE/QKD, network, Qiskit, PRISM",time.perf_counter_ns,single_process
RELEASE,4,4,8,1,1,2026090502,2046108503,5,6223200,6.2232,True,10,7977,"in-memory V7 session incl simulated KE derivation and deterministic quantum fixture; excl external KE/QKD, network, Qiskit, PRISM",time.perf_counter_ns,single_process
RELEASE,4,4,8,1,2,2026090503,2046108505,5,6294600,6.2946,True,10,7977,"in-memory V7 session incl simulated KE derivation and deterministic quantum fixture; excl external KE/QKD, network, Qiskit, PRISM",time.perf_counter_ns,single_process
RELEASE,4,4,8,1,3,2026090504,2046108507,5,6229800,6.2298,True,10,7977,"in-memory V7 session incl simulated KE derivation and deterministic quantum fixture; excl external KE/QKD, network, Qiskit, PRISM",time.perf_counter_ns,single_process
RELEASE,4,4,8,1,4,2026090505,2046108509,5,6083900,6.0839,True,10,7977,"in-memory V7 session incl simulated KE derivation and deterministic quantum fixture; excl external KE/QKD, network, Qiskit, PRISM",time.perf_counter_ns,single_process
RELEASE,4,4,8,1,5,2026090506,2046108511,5,6332900,6.3329,True,10,7977,"in-memory V7 session incl simulated KE derivation and deterministic quantum fixture; excl external KE/QKD, network, Qiskit, PRISM",time.perf_counter_ns,single_process
RELEASE,4,4,8,1,6,2026090507,2046108513,5,6031200,6.0312,True,10,7977,"in-memory V7 session incl simulated KE derivation and deterministic quantum fixture; excl external KE/QKD, network, Qiskit, PRISM",time.perf_counter_ns,single_process
RELEASE,4,4,8,1,7,2026090508,2046108515,5,6102300,6.1023,True,10,7977,"in-memory V7 session incl simulated KE derivation and deterministic quantum fixture; excl external KE/QKD, network, Qiskit, PRISM",time.perf_counter_ns,single_process
RELEASE,4,4,8,1,8,2026090509,2046108517,5,6012400,6.0124,True,10,7977,"in-memory V7 session incl simulated KE derivation and deterministic quantum fixture; excl external KE/QKD, network, Qiskit, PRISM",time.perf_counter_ns,single_process
RELEASE,4,4,8,1,9,2026090510,2046108519,5,6086600,6.0866,True,10,7977,"in-memory V7 session incl simulated KE derivation and deterministic quantum fixture; excl external KE/QKD, network, Qiskit, PRISM",time.perf_counter_ns,single_process
RELEASE,4,4,8,1,10,2026090501,2046108511,5,6323600,6.3236,True,10,7977,"in-memory V7 session incl simulated KE derivation and deterministic quantum fixture; excl external KE/QKD, network, Qiskit, PRISM",time.perf_counter_ns,single_process
RELEASE,4,4,8,1,11,2026090502,2046108513,5,5996400,5.9964,True,10,7977,"in-memory V7 session incl simulated KE derivation and deterministic quantum fixture; excl external KE/QKD, network, Qiskit, PRISM",time.perf_counter_ns,single_process
RELEASE,4,4,8,1,12,2026090503,2046108515,5,5961300,5.9613,True,10,7977,"in-memory V7 session incl simulated KE derivation and deterministic quantum fixture; excl external KE/QKD, network, Qiskit, PRISM",time.perf_counter_ns,single_process
RELEASE,4,4,8,1,13,2026090504,2046108517,5,6611800,6.6118,True,10,7977,"in-memory V7 session incl simulated KE derivation and deterministic quantum fixture; excl external KE/QKD, network, Qiskit, PRISM",time.perf_counter_ns,single_process
RELEASE,4,4,8,1,14,2026090505,2046108519,5,6573800,6.5738,True,10,7977,"in-memory V7 session incl simulated KE derivation and deterministic quantum fixture; excl external KE/QKD, network, Qiskit, PRISM",time.perf_counter_ns,single_process
RELEASE,4,4,8,1,15,2026090506,2046108521,5,6234800,6.2348,True,10,7977,"in-memory V7 session incl simulated KE derivation and deterministic quantum fixture; excl external KE/QKD, network, Qiskit, PRISM",time.perf_counter_ns,single_process
RELEASE,4,4,8,1,16,2026090507,2046108523,5,6221300,6.2213,True,10,7977,"in-memory V7 session incl simulated KE derivation and deterministic quantum fixture; excl external KE/QKD, network, Qiskit, PRISM",time.perf_counter_ns,single_process
RELEASE,4,4,8,1,17,2026090508,2046108525,5,6046400,6.0464,True,10,7977,"in-memory V7 session incl simulated KE derivation and deterministic quantum fixture; excl external KE/QKD, network, Qiskit, PRISM",time.perf_counter_ns,single_process
RELEASE,4,4,8,1,18,2026090509,2046108527,5,6244600,6.2446,True,10,7977,"in-memory V7 session incl simulated KE derivation and deterministic quantum fixture; excl external KE/QKD, network, Qiskit, PRISM",time.perf_counter_ns,single_process
RELEASE,4,4,8,1,19,2026090510,2046108529,5,6315200,6.3152,True,10,7977,"in-memory V7 session incl simulated KE derivation and deterministic quantum fixture; excl external KE/QKD, network, Qiskit, PRISM",time.perf_counter_ns,single_process
RELEASE,4,4,8,1,20,2026090501,2046108521,5,6190900,6.1909,True,10,7977,"in-memory V7 session incl simulated KE derivation and deterministic quantum fixture; excl external KE/QKD, network, Qiskit, PRISM",time.perf_counter_ns,single_process
RELEASE,4,4,8,1,21,2026090502,2046108523,5,6083900,6.0839,True,10,7977,"in-memory V7 session incl simulated KE derivation and deterministic quantum fixture; excl external KE/QKD, network, Qiskit, PRISM",time.perf_counter_ns,single_process
RELEASE,4,4,8,1,22,2026090503,2046108525,5,6163400,6.1634,True,10,7977,"in-memory V7 session incl simulated KE derivation and deterministic quantum fixture; excl external KE/QKD, network, Qiskit, PRISM",time.perf_counter_ns,single_process
RELEASE,4,4,8,1,23,2026090504,2046108527,5,6022300,6.0223,True,10,7977,"in-memory V7 session incl simulated KE derivation and deterministic quantum fixture; excl external KE/QKD, network, Qiskit, PRISM",time.perf_counter_ns,single_process
RELEASE,4,4,8,1,24,2026090505,2046108529,5,6315300,6.3153,True,10,7977,"in-memory V7 session incl simulated KE derivation and deterministic quantum fixture; excl external KE/QKD, network, Qiskit, PRISM",time.perf_counter_ns,single_process
RELEASE,4,4,8,1,25,2026090506,2046108531,5,6418000,6.418,True,10,7977,"in-memory V7 session incl simulated KE derivation and deterministic quantum fixture; excl external KE/QKD, network, Qiskit, PRISM",time.perf_counter_ns,single_process
RELEASE,4,4,8,1,26,2026090507,2046108533,5,6146600,6.1466,True,10,7977,"in-memory V7 session incl simulated KE derivation and deterministic quantum fixture; excl external KE/QKD, network, Qiskit, PRISM",time.perf_counter_ns,single_process
RELEASE,4,4,8,1,27,2026090508,2046108535,5,6239000,6.239,True,10,7977,"in-memory V7 session incl simulated KE derivation and deterministic quantum fixture; excl external KE/QKD, network, Qiskit, PRISM",time.perf_counter_ns,single_process
RELEASE,4,4,8,1,28,2026090509,2046108537,5,6094200,6.0942,True,10,7977,"in-memory V7 session incl simulated KE derivation and deterministic quantum fixture; excl external KE/QKD, network, Qiskit, PRISM",time.perf_counter_ns,single_process
RELEASE,4,4,8,1,29,2026090510,2046108539,5,6395700,6.3957,True,10,7977,"in-memory V7 session incl simulated KE derivation and deterministic quantum fixture; excl external KE/QKD, network, Qiskit, PRISM",time.perf_counter_ns,single_process
BASIC,4,155,,0,0,2026090501,2046109501,5,12299000,12.299,True,6,10094,"in-memory V7 session incl simulated KE derivation and deterministic quantum fixture; excl external KE/QKD, network, Qiskit, PRISM",time.perf_counter_ns,single_process
BASIC,4,155,,0,1,2026090502,2046109503,5,13278300,13.2783,True,6,10094,"in-memory V7 session incl simulated KE derivation and deterministic quantum fixture; excl external KE/QKD, network, Qiskit, PRISM",time.perf_counter_ns,single_process
BASIC,4,155,,0,2,2026090503,2046109505,5,12147700,12.1477,True,6,10094,"in-memory V7 session incl simulated KE derivation and deterministic quantum fixture; excl external KE/QKD, network, Qiskit, PRISM",time.perf_counter_ns,single_process
BASIC,4,155,,0,3,2026090504,2046109507,5,12096800,12.0968,True,6,10094,"in-memory V7 session incl simulated KE derivation and deterministic quantum fixture; excl external KE/QKD, network, Qiskit, PRISM",time.perf_counter_ns,single_process
BASIC,4,155,,0,4,2026090505,2046109509,5,12247000,12.247,True,6,10094,"in-memory V7 session incl simulated KE derivation and deterministic quantum fixture; excl external KE/QKD, network, Qiskit, PRISM",time.perf_counter_ns,single_process
BASIC,4,155,,0,5,2026090506,2046109511,5,11799900,11.7999,True,6,10094,"in-memory V7 session incl simulated KE derivation and deterministic quantum fixture; excl external KE/QKD, network, Qiskit, PRISM",time.perf_counter_ns,single_process
BASIC,4,155,,0,6,2026090507,2046109513,5,12256300,12.2563,True,6,10094,"in-memory V7 session incl simulated KE derivation and deterministic quantum fixture; excl external KE/QKD, network, Qiskit, PRISM",time.perf_counter_ns,single_process
BASIC,4,155,,0,7,2026090508,2046109515,5,12628600,12.6286,True,6,10094,"in-memory V7 session incl simulated KE derivation and deterministic quantum fixture; excl external KE/QKD, network, Qiskit, PRISM",time.perf_counter_ns,single_process
BASIC,4,155,,0,8,2026090509,2046109517,5,11997700,11.9977,True,6,10094,"in-memory V7 session incl simulated KE derivation and deterministic quantum fixture; excl external KE/QKD, network, Qiskit, PRISM",time.perf_counter_ns,single_process
BASIC,4,155,,0,9,2026090510,2046109519,5,12422400,12.4224,True,6,10094,"in-memory V7 session incl simulated KE derivation and deterministic quantum fixture; excl external KE/QKD, network, Qiskit, PRISM",time.perf_counter_ns,single_process
BASIC,4,155,,0,10,2026090501,2046109511,5,12270600,12.2706,True,6,10094,"in-memory V7 session incl simulated KE derivation and deterministic quantum fixture; excl external KE/QKD, network, Qiskit, PRISM",time.perf_counter_ns,single_process
BASIC,4,155,,0,11,2026090502,2046109513,5,12862800,12.8628,True,6,10094,"in-memory V7 session incl simulated KE derivation and deterministic quantum fixture; excl external KE/QKD, network, Qiskit, PRISM",time.perf_counter_ns,single_process
BASIC,4,155,,0,12,2026090503,2046109515,5,12900600,12.9006,True,6,10094,"in-memory V7 session incl simulated KE derivation and deterministic quantum fixture; excl external KE/QKD, network, Qiskit, PRISM",time.perf_counter_ns,single_process
BASIC,4,155,,0,13,2026090504,2046109517,5,12377300,12.3773,True,6,10094,"in-memory V7 session incl simulated KE derivation and deterministic quantum fixture; excl external KE/QKD, network, Qiskit, PRISM",time.perf_counter_ns,single_process
BASIC,4,155,,0,14,2026090505,2046109519,5,12116700,12.1167,True,6,10094,"in-memory V7 session incl simulated KE derivation and deterministic quantum fixture; excl external KE/QKD, network, Qiskit, PRISM",time.perf_counter_ns,single_process
BASIC,4,155,,0,15,2026090506,2046109521,5,12068100,12.0681,True,6,10094,"in-memory V7 session incl simulated KE derivation and deterministic quantum fixture; excl external KE/QKD, network, Qiskit, PRISM",time.perf_counter_ns,single_process
BASIC,4,155,,0,16,2026090507,2046109523,5,12844000,12.844,True,6,10094,"in-memory V7 session incl simulated KE derivation and deterministic quantum fixture; excl external KE/QKD, network, Qiskit, PRISM",time.perf_counter_ns,single_process
BASIC,4,155,,0,17,2026090508,2046109525,5,12639500,12.6395,True,6,10094,"in-memory V7 session incl simulated KE derivation and deterministic quantum fixture; excl external KE/QKD, network, Qiskit, PRISM",time.perf_counter_ns,single_process
BASIC,4,155,,0,18,2026090509,2046109527,5,12488200,12.4882,True,6,10094,"in-memory V7 session incl simulated KE derivation and deterministic quantum fixture; excl external KE/QKD, network, Qiskit, PRISM",time.perf_counter_ns,single_process
BASIC,4,155,,0,19,2026090510,2046109529,5,12279400,12.2794,True,6,10094,"in-memory V7 session incl simulated KE derivation and deterministic quantum fixture; excl external KE/QKD, network, Qiskit, PRISM",time.perf_counter_ns,single_process
BASIC,4,155,,0,20,2026090501,2046109521,5,12939300,12.9393,True,6,10094,"in-memory V7 session incl simulated KE derivation and deterministic quantum fixture; excl external KE/QKD, network, Qiskit, PRISM",time.perf_counter_ns,single_process
BASIC,4,155,,0,21,2026090502,2046109523,5,12382800,12.3828,True,6,10094,"in-memory V7 session incl simulated KE derivation and deterministic quantum fixture; excl external KE/QKD, network, Qiskit, PRISM",time.perf_counter_ns,single_process
BASIC,4,155,,0,22,2026090503,2046109525,5,12417800,12.4178,True,6,10094,"in-memory V7 session incl simulated KE derivation and deterministic quantum fixture; excl external KE/QKD, network, Qiskit, PRISM",time.perf_counter_ns,single_process
BASIC,4,155,,0,23,2026090504,2046109527,5,13198100,13.1981,True,6,10094,"in-memory V7 session incl simulated KE derivation and deterministic quantum fixture; excl external KE/QKD, network, Qiskit, PRISM",time.perf_counter_ns,single_process
BASIC,4,155,,0,24,2026090505,2046109529,5,12693100,12.6931,True,6,10094,"in-memory V7 session incl simulated KE derivation and deterministic quantum fixture; excl external KE/QKD, network, Qiskit, PRISM",time.perf_counter_ns,single_process
BASIC,4,155,,0,25,2026090506,2046109531,5,12566700,12.5667,True,6,10094,"in-memory V7 session incl simulated KE derivation and deterministic quantum fixture; excl external KE/QKD, network, Qiskit, PRISM",time.perf_counter_ns,single_process
BASIC,4,155,,0,26,2026090507,2046109533,5,12488200,12.4882,True,6,10094,"in-memory V7 session incl simulated KE derivation and deterministic quantum fixture; excl external KE/QKD, network, Qiskit, PRISM",time.perf_counter_ns,single_process
BASIC,4,155,,0,27,2026090508,2046109535,5,12520200,12.5202,True,6,10094,"in-memory V7 session incl simulated KE derivation and deterministic quantum fixture; excl external KE/QKD, network, Qiskit, PRISM",time.perf_counter_ns,single_process
BASIC,4,155,,0,28,2026090509,2046109537,5,12347600,12.3476,True,6,10094,"in-memory V7 session incl simulated KE derivation and deterministic quantum fixture; excl external KE/QKD, network, Qiskit, PRISM",time.perf_counter_ns,single_process
BASIC,4,155,,0,29,2026090510,2046109539,5,12398200,12.3982,True,6,10094,"in-memory V7 session incl simulated KE derivation and deterministic quantum fixture; excl external KE/QKD, network, Qiskit, PRISM",time.perf_counter_ns,single_process
RELEASE,4,155,1,8,0,2026090501,2046110501,5,22710700,22.7107,True,24,25748,"in-memory V7 session incl simulated KE derivation and deterministic quantum fixture; excl external KE/QKD, network, Qiskit, PRISM",time.perf_counter_ns,single_process
RELEASE,4,155,1,8,1,2026090502,2046110503,5,22485000,22.485,True,24,25748,"in-memory V7 session incl simulated KE derivation and deterministic quantum fixture; excl external KE/QKD, network, Qiskit, PRISM",time.perf_counter_ns,single_process
RELEASE,4,155,1,8,2,2026090503,2046110505,5,22778200,22.7782,True,24,25748,"in-memory V7 session incl simulated KE derivation and deterministic quantum fixture; excl external KE/QKD, network, Qiskit, PRISM",time.perf_counter_ns,single_process
RELEASE,4,155,1,8,3,2026090504,2046110507,5,22319600,22.3196,True,24,25748,"in-memory V7 session incl simulated KE derivation and deterministic quantum fixture; excl external KE/QKD, network, Qiskit, PRISM",time.perf_counter_ns,single_process
RELEASE,4,155,1,8,4,2026090505,2046110509,5,23147400,23.1474,True,24,25748,"in-memory V7 session incl simulated KE derivation and deterministic quantum fixture; excl external KE/QKD, network, Qiskit, PRISM",time.perf_counter_ns,single_process
RELEASE,4,155,1,8,5,2026090506,2046110511,5,22932800,22.9328,True,24,25748,"in-memory V7 session incl simulated KE derivation and deterministic quantum fixture; excl external KE/QKD, network, Qiskit, PRISM",time.perf_counter_ns,single_process
RELEASE,4,155,1,8,6,2026090507,2046110513,5,23064900,23.0649,True,24,25748,"in-memory V7 session incl simulated KE derivation and deterministic quantum fixture; excl external KE/QKD, network, Qiskit, PRISM",time.perf_counter_ns,single_process
RELEASE,4,155,1,8,7,2026090508,2046110515,5,22664400,22.6644,True,24,25748,"in-memory V7 session incl simulated KE derivation and deterministic quantum fixture; excl external KE/QKD, network, Qiskit, PRISM",time.perf_counter_ns,single_process
RELEASE,4,155,1,8,8,2026090509,2046110517,5,22737800,22.7378,True,24,25748,"in-memory V7 session incl simulated KE derivation and deterministic quantum fixture; excl external KE/QKD, network, Qiskit, PRISM",time.perf_counter_ns,single_process
RELEASE,4,155,1,8,9,2026090510,2046110519,5,22555800,22.5558,True,24,25748,"in-memory V7 session incl simulated KE derivation and deterministic quantum fixture; excl external KE/QKD, network, Qiskit, PRISM",time.perf_counter_ns,single_process
RELEASE,4,155,1,8,10,2026090501,2046110511,5,22925000,22.925,True,24,25748,"in-memory V7 session incl simulated KE derivation and deterministic quantum fixture; excl external KE/QKD, network, Qiskit, PRISM",time.perf_counter_ns,single_process
RELEASE,4,155,1,8,11,2026090502,2046110513,5,22668500,22.6685,True,24,25748,"in-memory V7 session incl simulated KE derivation and deterministic quantum fixture; excl external KE/QKD, network, Qiskit, PRISM",time.perf_counter_ns,single_process
RELEASE,4,155,1,8,12,2026090503,2046110515,5,22501300,22.5013,True,24,25748,"in-memory V7 session incl simulated KE derivation and deterministic quantum fixture; excl external KE/QKD, network, Qiskit, PRISM",time.perf_counter_ns,single_process
RELEASE,4,155,1,8,13,2026090504,2046110517,5,25439500,25.4395,True,24,25748,"in-memory V7 session incl simulated KE derivation and deterministic quantum fixture; excl external KE/QKD, network, Qiskit, PRISM",time.perf_counter_ns,single_process
RELEASE,4,155,1,8,14,2026090505,2046110519,5,23053700,23.0537,True,24,25748,"in-memory V7 session incl simulated KE derivation and deterministic quantum fixture; excl external KE/QKD, network, Qiskit, PRISM",time.perf_counter_ns,single_process
RELEASE,4,155,1,8,15,2026090506,2046110521,5,23012800,23.0128,True,24,25748,"in-memory V7 session incl simulated KE derivation and deterministic quantum fixture; excl external KE/QKD, network, Qiskit, PRISM",time.perf_counter_ns,single_process
RELEASE,4,155,1,8,16,2026090507,2046110523,5,22665300,22.6653,True,24,25748,"in-memory V7 session incl simulated KE derivation and deterministic quantum fixture; excl external KE/QKD, network, Qiskit, PRISM",time.perf_counter_ns,single_process
RELEASE,4,155,1,8,17,2026090508,2046110525,5,22657400,22.6574,True,24,25748,"in-memory V7 session incl simulated KE derivation and deterministic quantum fixture; excl external KE/QKD, network, Qiskit, PRISM",time.perf_counter_ns,single_process
RELEASE,4,155,1,8,18,2026090509,2046110527,5,22690200,22.6902,True,24,25748,"in-memory V7 session incl simulated KE derivation and deterministic quantum fixture; excl external KE/QKD, network, Qiskit, PRISM",time.perf_counter_ns,single_process
RELEASE,4,155,1,8,19,2026090510,2046110529,5,22329000,22.329,True,24,25748,"in-memory V7 session incl simulated KE derivation and deterministic quantum fixture; excl external KE/QKD, network, Qiskit, PRISM",time.perf_counter_ns,single_process
RELEASE,4,155,1,8,20,2026090501,2046110521,5,22636600,22.6366,True,24,25748,"in-memory V7 session incl simulated KE derivation and deterministic quantum fixture; excl external KE/QKD, network, Qiskit, PRISM",time.perf_counter_ns,single_process
RELEASE,4,155,1,8,21,2026090502,2046110523,5,22301600,22.3016,True,24,25748,"in-memory V7 session incl simulated KE derivation and deterministic quantum fixture; excl external KE/QKD, network, Qiskit, PRISM",time.perf_counter_ns,single_process
RELEASE,4,155,1,8,22,2026090503,2046110525,5,22876400,22.8764,True,24,25748,"in-memory V7 session incl simulated KE derivation and deterministic quantum fixture; excl external KE/QKD, network, Qiskit, PRISM",time.perf_counter_ns,single_process
RELEASE,4,155,1,8,23,2026090504,2046110527,5,22508800,22.5088,True,24,25748,"in-memory V7 session incl simulated KE derivation and deterministic quantum fixture; excl external KE/QKD, network, Qiskit, PRISM",time.perf_counter_ns,single_process
RELEASE,4,155,1,8,24,2026090505,2046110529,5,22368900,22.3689,True,24,25748,"in-memory V7 session incl simulated KE derivation and deterministic quantum fixture; excl external KE/QKD, network, Qiskit, PRISM",time.perf_counter_ns,single_process
RELEASE,4,155,1,8,25,2026090506,2046110531,5,22268700,22.2687,True,24,25748,"in-memory V7 session incl simulated KE derivation and deterministic quantum fixture; excl external KE/QKD, network, Qiskit, PRISM",time.perf_counter_ns,single_process
RELEASE,4,155,1,8,26,2026090507,2046110533,5,22435600,22.4356,True,24,25748,"in-memory V7 session incl simulated KE derivation and deterministic quantum fixture; excl external KE/QKD, network, Qiskit, PRISM",time.perf_counter_ns,single_process
RELEASE,4,155,1,8,27,2026090508,2046110535,5,22747900,22.7479,True,24,25748,"in-memory V7 session incl simulated KE derivation and deterministic quantum fixture; excl external KE/QKD, network, Qiskit, PRISM",time.perf_counter_ns,single_process
RELEASE,4,155,1,8,28,2026090509,2046110537,5,23461100,23.4611,True,24,25748,"in-memory V7 session incl simulated KE derivation and deterministic quantum fixture; excl external KE/QKD, network, Qiskit, PRISM",time.perf_counter_ns,single_process
RELEASE,4,155,1,8,29,2026090510,2046110539,5,26067100,26.0671,True,24,25748,"in-memory V7 session incl simulated KE derivation and deterministic quantum fixture; excl external KE/QKD, network, Qiskit, PRISM",time.perf_counter_ns,single_process
RELEASE,4,155,2,4,0,2026090501,2046111501,5,18301300,18.3013,True,16,18700,"in-memory V7 session incl simulated KE derivation and deterministic quantum fixture; excl external KE/QKD, network, Qiskit, PRISM",time.perf_counter_ns,single_process
RELEASE,4,155,2,4,1,2026090502,2046111503,5,17676900,17.6769,True,16,18700,"in-memory V7 session incl simulated KE derivation and deterministic quantum fixture; excl external KE/QKD, network, Qiskit, PRISM",time.perf_counter_ns,single_process
RELEASE,4,155,2,4,2,2026090503,2046111505,5,17995800,17.9958,True,16,18700,"in-memory V7 session incl simulated KE derivation and deterministic quantum fixture; excl external KE/QKD, network, Qiskit, PRISM",time.perf_counter_ns,single_process
RELEASE,4,155,2,4,3,2026090504,2046111507,5,17705300,17.7053,True,16,18700,"in-memory V7 session incl simulated KE derivation and deterministic quantum fixture; excl external KE/QKD, network, Qiskit, PRISM",time.perf_counter_ns,single_process
RELEASE,4,155,2,4,4,2026090505,2046111509,5,17931300,17.9313,True,16,18700,"in-memory V7 session incl simulated KE derivation and deterministic quantum fixture; excl external KE/QKD, network, Qiskit, PRISM",time.perf_counter_ns,single_process
RELEASE,4,155,2,4,5,2026090506,2046111511,5,17946400,17.9464,True,16,18700,"in-memory V7 session incl simulated KE derivation and deterministic quantum fixture; excl external KE/QKD, network, Qiskit, PRISM",time.perf_counter_ns,single_process
RELEASE,4,155,2,4,6,2026090507,2046111513,5,17832300,17.8323,True,16,18700,"in-memory V7 session incl simulated KE derivation and deterministic quantum fixture; excl external KE/QKD, network, Qiskit, PRISM",time.perf_counter_ns,single_process
RELEASE,4,155,2,4,7,2026090508,2046111515,5,18476800,18.4768,True,16,18700,"in-memory V7 session incl simulated KE derivation and deterministic quantum fixture; excl external KE/QKD, network, Qiskit, PRISM",time.perf_counter_ns,single_process
RELEASE,4,155,2,4,8,2026090509,2046111517,5,17476800,17.4768,True,16,18700,"in-memory V7 session incl simulated KE derivation and deterministic quantum fixture; excl external KE/QKD, network, Qiskit, PRISM",time.perf_counter_ns,single_process
RELEASE,4,155,2,4,9,2026090510,2046111519,5,18900700,18.9007,True,16,18700,"in-memory V7 session incl simulated KE derivation and deterministic quantum fixture; excl external KE/QKD, network, Qiskit, PRISM",time.perf_counter_ns,single_process
RELEASE,4,155,2,4,10,2026090501,2046111511,5,18191300,18.1913,True,16,18700,"in-memory V7 session incl simulated KE derivation and deterministic quantum fixture; excl external KE/QKD, network, Qiskit, PRISM",time.perf_counter_ns,single_process
RELEASE,4,155,2,4,11,2026090502,2046111513,5,18079900,18.0799,True,16,18700,"in-memory V7 session incl simulated KE derivation and deterministic quantum fixture; excl external KE/QKD, network, Qiskit, PRISM",time.perf_counter_ns,single_process
RELEASE,4,155,2,4,12,2026090503,2046111515,5,17712700,17.7127,True,16,18700,"in-memory V7 session incl simulated KE derivation and deterministic quantum fixture; excl external KE/QKD, network, Qiskit, PRISM",time.perf_counter_ns,single_process
RELEASE,4,155,2,4,13,2026090504,2046111517,5,17925400,17.9254,True,16,18700,"in-memory V7 session incl simulated KE derivation and deterministic quantum fixture; excl external KE/QKD, network, Qiskit, PRISM",time.perf_counter_ns,single_process
RELEASE,4,155,2,4,14,2026090505,2046111519,5,18045400,18.0454,True,16,18700,"in-memory V7 session incl simulated KE derivation and deterministic quantum fixture; excl external KE/QKD, network, Qiskit, PRISM",time.perf_counter_ns,single_process
RELEASE,4,155,2,4,15,2026090506,2046111521,5,18153100,18.1531,True,16,18700,"in-memory V7 session incl simulated KE derivation and deterministic quantum fixture; excl external KE/QKD, network, Qiskit, PRISM",time.perf_counter_ns,single_process
RELEASE,4,155,2,4,16,2026090507,2046111523,5,17640500,17.6405,True,16,18700,"in-memory V7 session incl simulated KE derivation and deterministic quantum fixture; excl external KE/QKD, network, Qiskit, PRISM",time.perf_counter_ns,single_process
RELEASE,4,155,2,4,17,2026090508,2046111525,5,18067100,18.0671,True,16,18700,"in-memory V7 session incl simulated KE derivation and deterministic quantum fixture; excl external KE/QKD, network, Qiskit, PRISM",time.perf_counter_ns,single_process
RELEASE,4,155,2,4,18,2026090509,2046111527,5,19104600,19.1046,True,16,18700,"in-memory V7 session incl simulated KE derivation and deterministic quantum fixture; excl external KE/QKD, network, Qiskit, PRISM",time.perf_counter_ns,single_process
RELEASE,4,155,2,4,19,2026090510,2046111529,5,18128700,18.1287,True,16,18700,"in-memory V7 session incl simulated KE derivation and deterministic quantum fixture; excl external KE/QKD, network, Qiskit, PRISM",time.perf_counter_ns,single_process
RELEASE,4,155,2,4,20,2026090501,2046111521,5,18235900,18.2359,True,16,18700,"in-memory V7 session incl simulated KE derivation and deterministic quantum fixture; excl external KE/QKD, network, Qiskit, PRISM",time.perf_counter_ns,single_process
RELEASE,4,155,2,4,21,2026090502,2046111523,5,17611100,17.6111,True,16,18700,"in-memory V7 session incl simulated KE derivation and deterministic quantum fixture; excl external KE/QKD, network, Qiskit, PRISM",time.perf_counter_ns,single_process
RELEASE,4,155,2,4,22,2026090503,2046111525,5,18437600,18.4376,True,16,18700,"in-memory V7 session incl simulated KE derivation and deterministic quantum fixture; excl external KE/QKD, network, Qiskit, PRISM",time.perf_counter_ns,single_process
RELEASE,4,155,2,4,23,2026090504,2046111527,5,17644500,17.6445,True,16,18700,"in-memory V7 session incl simulated KE derivation and deterministic quantum fixture; excl external KE/QKD, network, Qiskit, PRISM",time.perf_counter_ns,single_process
RELEASE,4,155,2,4,24,2026090505,2046111529,5,18281700,18.2817,True,16,18700,"in-memory V7 session incl simulated KE derivation and deterministic quantum fixture; excl external KE/QKD, network, Qiskit, PRISM",time.perf_counter_ns,single_process
RELEASE,4,155,2,4,25,2026090506,2046111531,5,17940000,17.94,True,16,18700,"in-memory V7 session incl simulated KE derivation and deterministic quantum fixture; excl external KE/QKD, network, Qiskit, PRISM",time.perf_counter_ns,single_process
RELEASE,4,155,2,4,26,2026090507,2046111533,5,18165600,18.1656,True,16,18700,"in-memory V7 session incl simulated KE derivation and deterministic quantum fixture; excl external KE/QKD, network, Qiskit, PRISM",time.perf_counter_ns,single_process
RELEASE,4,155,2,4,27,2026090508,2046111535,5,18005300,18.0053,True,16,18700,"in-memory V7 session incl simulated KE derivation and deterministic quantum fixture; excl external KE/QKD, network, Qiskit, PRISM",time.perf_counter_ns,single_process
RELEASE,4,155,2,4,28,2026090509,2046111537,5,17482900,17.4829,True,16,18700,"in-memory V7 session incl simulated KE derivation and deterministic quantum fixture; excl external KE/QKD, network, Qiskit, PRISM",time.perf_counter_ns,single_process
RELEASE,4,155,2,4,29,2026090510,2046111539,5,18498100,18.4981,True,16,18700,"in-memory V7 session incl simulated KE derivation and deterministic quantum fixture; excl external KE/QKD, network, Qiskit, PRISM",time.perf_counter_ns,single_process
RELEASE,4,155,4,2,0,2026090501,2046112501,5,15521800,15.5218,True,12,15176,"in-memory V7 session incl simulated KE derivation and deterministic quantum fixture; excl external KE/QKD, network, Qiskit, PRISM",time.perf_counter_ns,single_process
RELEASE,4,155,4,2,1,2026090502,2046112503,5,15381400,15.3814,True,12,15176,"in-memory V7 session incl simulated KE derivation and deterministic quantum fixture; excl external KE/QKD, network, Qiskit, PRISM",time.perf_counter_ns,single_process
RELEASE,4,155,4,2,2,2026090503,2046112505,5,15264900,15.2649,True,12,15176,"in-memory V7 session incl simulated KE derivation and deterministic quantum fixture; excl external KE/QKD, network, Qiskit, PRISM",time.perf_counter_ns,single_process
RELEASE,4,155,4,2,3,2026090504,2046112507,5,15694600,15.6946,True,12,15176,"in-memory V7 session incl simulated KE derivation and deterministic quantum fixture; excl external KE/QKD, network, Qiskit, PRISM",time.perf_counter_ns,single_process
RELEASE,4,155,4,2,4,2026090505,2046112509,5,15936700,15.9367,True,12,15176,"in-memory V7 session incl simulated KE derivation and deterministic quantum fixture; excl external KE/QKD, network, Qiskit, PRISM",time.perf_counter_ns,single_process
RELEASE,4,155,4,2,5,2026090506,2046112511,5,15252200,15.2522,True,12,15176,"in-memory V7 session incl simulated KE derivation and deterministic quantum fixture; excl external KE/QKD, network, Qiskit, PRISM",time.perf_counter_ns,single_process
RELEASE,4,155,4,2,6,2026090507,2046112513,5,16081300,16.0813,True,12,15176,"in-memory V7 session incl simulated KE derivation and deterministic quantum fixture; excl external KE/QKD, network, Qiskit, PRISM",time.perf_counter_ns,single_process
RELEASE,4,155,4,2,7,2026090508,2046112515,5,18829900,18.8299,True,12,15176,"in-memory V7 session incl simulated KE derivation and deterministic quantum fixture; excl external KE/QKD, network, Qiskit, PRISM",time.perf_counter_ns,single_process
RELEASE,4,155,4,2,8,2026090509,2046112517,5,15795100,15.7951,True,12,15176,"in-memory V7 session incl simulated KE derivation and deterministic quantum fixture; excl external KE/QKD, network, Qiskit, PRISM",time.perf_counter_ns,single_process
RELEASE,4,155,4,2,9,2026090510,2046112519,5,15596100,15.5961,True,12,15176,"in-memory V7 session incl simulated KE derivation and deterministic quantum fixture; excl external KE/QKD, network, Qiskit, PRISM",time.perf_counter_ns,single_process
RELEASE,4,155,4,2,10,2026090501,2046112511,5,15539500,15.5395,True,12,15176,"in-memory V7 session incl simulated KE derivation and deterministic quantum fixture; excl external KE/QKD, network, Qiskit, PRISM",time.perf_counter_ns,single_process
RELEASE,4,155,4,2,11,2026090502,2046112513,5,16031300,16.0313,True,12,15176,"in-memory V7 session incl simulated KE derivation and deterministic quantum fixture; excl external KE/QKD, network, Qiskit, PRISM",time.perf_counter_ns,single_process
RELEASE,4,155,4,2,12,2026090503,2046112515,5,15590900,15.5909,True,12,15176,"in-memory V7 session incl simulated KE derivation and deterministic quantum fixture; excl external KE/QKD, network, Qiskit, PRISM",time.perf_counter_ns,single_process
RELEASE,4,155,4,2,13,2026090504,2046112517,5,15488500,15.4885,True,12,15176,"in-memory V7 session incl simulated KE derivation and deterministic quantum fixture; excl external KE/QKD, network, Qiskit, PRISM",time.perf_counter_ns,single_process
RELEASE,4,155,4,2,14,2026090505,2046112519,5,15882000,15.882,True,12,15176,"in-memory V7 session incl simulated KE derivation and deterministic quantum fixture; excl external KE/QKD, network, Qiskit, PRISM",time.perf_counter_ns,single_process
RELEASE,4,155,4,2,15,2026090506,2046112521,5,15990100,15.9901,True,12,15176,"in-memory V7 session incl simulated KE derivation and deterministic quantum fixture; excl external KE/QKD, network, Qiskit, PRISM",time.perf_counter_ns,single_process
RELEASE,4,155,4,2,16,2026090507,2046112523,5,16123100,16.1231,True,12,15176,"in-memory V7 session incl simulated KE derivation and deterministic quantum fixture; excl external KE/QKD, network, Qiskit, PRISM",time.perf_counter_ns,single_process
RELEASE,4,155,4,2,17,2026090508,2046112525,5,15401600,15.4016,True,12,15176,"in-memory V7 session incl simulated KE derivation and deterministic quantum fixture; excl external KE/QKD, network, Qiskit, PRISM",time.perf_counter_ns,single_process
RELEASE,4,155,4,2,18,2026090509,2046112527,5,15493700,15.4937,True,12,15176,"in-memory V7 session incl simulated KE derivation and deterministic quantum fixture; excl external KE/QKD, network, Qiskit, PRISM",time.perf_counter_ns,single_process
RELEASE,4,155,4,2,19,2026090510,2046112529,5,15595000,15.595,True,12,15176,"in-memory V7 session incl simulated KE derivation and deterministic quantum fixture; excl external KE/QKD, network, Qiskit, PRISM",time.perf_counter_ns,single_process
RELEASE,4,155,4,2,20,2026090501,2046112521,5,15308800,15.3088,True,12,15176,"in-memory V7 session incl simulated KE derivation and deterministic quantum fixture; excl external KE/QKD, network, Qiskit, PRISM",time.perf_counter_ns,single_process
RELEASE,4,155,4,2,21,2026090502,2046112523,5,15301600,15.3016,True,12,15176,"in-memory V7 session incl simulated KE derivation and deterministic quantum fixture; excl external KE/QKD, network, Qiskit, PRISM",time.perf_counter_ns,single_process
RELEASE,4,155,4,2,22,2026090503,2046112525,5,15924100,15.9241,True,12,15176,"in-memory V7 session incl simulated KE derivation and deterministic quantum fixture; excl external KE/QKD, network, Qiskit, PRISM",time.perf_counter_ns,single_process
RELEASE,4,155,4,2,23,2026090504,2046112527,5,15224700,15.2247,True,12,15176,"in-memory V7 session incl simulated KE derivation and deterministic quantum fixture; excl external KE/QKD, network, Qiskit, PRISM",time.perf_counter_ns,single_process
RELEASE,4,155,4,2,24,2026090505,2046112529,5,15502000,15.502,True,12,15176,"in-memory V7 session incl simulated KE derivation and deterministic quantum fixture; excl external KE/QKD, network, Qiskit, PRISM",time.perf_counter_ns,single_process
RELEASE,4,155,4,2,25,2026090506,2046112531,5,15756500,15.7565,True,12,15176,"in-memory V7 session incl simulated KE derivation and deterministic quantum fixture; excl external KE/QKD, network, Qiskit, PRISM",time.perf_counter_ns,single_process
RELEASE,4,155,4,2,26,2026090507,2046112533,5,16074800,16.0748,True,12,15176,"in-memory V7 session incl simulated KE derivation and deterministic quantum fixture; excl external KE/QKD, network, Qiskit, PRISM",time.perf_counter_ns,single_process
RELEASE,4,155,4,2,27,2026090508,2046112535,5,16105700,16.1057,True,12,15176,"in-memory V7 session incl simulated KE derivation and deterministic quantum fixture; excl external KE/QKD, network, Qiskit, PRISM",time.perf_counter_ns,single_process
RELEASE,4,155,4,2,28,2026090509,2046112537,5,15999800,15.9998,True,12,15176,"in-memory V7 session incl simulated KE derivation and deterministic quantum fixture; excl external KE/QKD, network, Qiskit, PRISM",time.perf_counter_ns,single_process
RELEASE,4,155,4,2,29,2026090510,2046112539,5,15771000,15.771,True,12,15176,"in-memory V7 session incl simulated KE derivation and deterministic quantum fixture; excl external KE/QKD, network, Qiskit, PRISM",time.perf_counter_ns,single_process
RELEASE,4,155,8,1,0,2026090501,2046113501,5,14829500,14.8295,True,10,13414,"in-memory V7 session incl simulated KE derivation and deterministic quantum fixture; excl external KE/QKD, network, Qiskit, PRISM",time.perf_counter_ns,single_process
RELEASE,4,155,8,1,1,2026090502,2046113503,5,14674600,14.6746,True,10,13414,"in-memory V7 session incl simulated KE derivation and deterministic quantum fixture; excl external KE/QKD, network, Qiskit, PRISM",time.perf_counter_ns,single_process
RELEASE,4,155,8,1,2,2026090503,2046113505,5,14582600,14.5826,True,10,13414,"in-memory V7 session incl simulated KE derivation and deterministic quantum fixture; excl external KE/QKD, network, Qiskit, PRISM",time.perf_counter_ns,single_process
RELEASE,4,155,8,1,3,2026090504,2046113507,5,14431500,14.4315,True,10,13414,"in-memory V7 session incl simulated KE derivation and deterministic quantum fixture; excl external KE/QKD, network, Qiskit, PRISM",time.perf_counter_ns,single_process
RELEASE,4,155,8,1,4,2026090505,2046113509,5,14197000,14.197,True,10,13414,"in-memory V7 session incl simulated KE derivation and deterministic quantum fixture; excl external KE/QKD, network, Qiskit, PRISM",time.perf_counter_ns,single_process
RELEASE,4,155,8,1,5,2026090506,2046113511,5,14645600,14.6456,True,10,13414,"in-memory V7 session incl simulated KE derivation and deterministic quantum fixture; excl external KE/QKD, network, Qiskit, PRISM",time.perf_counter_ns,single_process
RELEASE,4,155,8,1,6,2026090507,2046113513,5,13875100,13.8751,True,10,13414,"in-memory V7 session incl simulated KE derivation and deterministic quantum fixture; excl external KE/QKD, network, Qiskit, PRISM",time.perf_counter_ns,single_process
RELEASE,4,155,8,1,7,2026090508,2046113515,5,14469700,14.4697,True,10,13414,"in-memory V7 session incl simulated KE derivation and deterministic quantum fixture; excl external KE/QKD, network, Qiskit, PRISM",time.perf_counter_ns,single_process
RELEASE,4,155,8,1,8,2026090509,2046113517,5,14670700,14.6707,True,10,13414,"in-memory V7 session incl simulated KE derivation and deterministic quantum fixture; excl external KE/QKD, network, Qiskit, PRISM",time.perf_counter_ns,single_process
RELEASE,4,155,8,1,9,2026090510,2046113519,5,14684000,14.684,True,10,13414,"in-memory V7 session incl simulated KE derivation and deterministic quantum fixture; excl external KE/QKD, network, Qiskit, PRISM",time.perf_counter_ns,single_process
RELEASE,4,155,8,1,10,2026090501,2046113511,5,14390100,14.3901,True,10,13414,"in-memory V7 session incl simulated KE derivation and deterministic quantum fixture; excl external KE/QKD, network, Qiskit, PRISM",time.perf_counter_ns,single_process
RELEASE,4,155,8,1,11,2026090502,2046113513,5,14927900,14.9279,True,10,13414,"in-memory V7 session incl simulated KE derivation and deterministic quantum fixture; excl external KE/QKD, network, Qiskit, PRISM",time.perf_counter_ns,single_process
RELEASE,4,155,8,1,12,2026090503,2046113515,5,15198800,15.1988,True,10,13414,"in-memory V7 session incl simulated KE derivation and deterministic quantum fixture; excl external KE/QKD, network, Qiskit, PRISM",time.perf_counter_ns,single_process
RELEASE,4,155,8,1,13,2026090504,2046113517,5,14566700,14.5667,True,10,13414,"in-memory V7 session incl simulated KE derivation and deterministic quantum fixture; excl external KE/QKD, network, Qiskit, PRISM",time.perf_counter_ns,single_process
RELEASE,4,155,8,1,14,2026090505,2046113519,5,14729900,14.7299,True,10,13414,"in-memory V7 session incl simulated KE derivation and deterministic quantum fixture; excl external KE/QKD, network, Qiskit, PRISM",time.perf_counter_ns,single_process
RELEASE,4,155,8,1,15,2026090506,2046113521,5,14447900,14.4479,True,10,13414,"in-memory V7 session incl simulated KE derivation and deterministic quantum fixture; excl external KE/QKD, network, Qiskit, PRISM",time.perf_counter_ns,single_process
RELEASE,4,155,8,1,16,2026090507,2046113523,5,14205300,14.2053,True,10,13414,"in-memory V7 session incl simulated KE derivation and deterministic quantum fixture; excl external KE/QKD, network, Qiskit, PRISM",time.perf_counter_ns,single_process
RELEASE,4,155,8,1,17,2026090508,2046113525,5,14312800,14.3128,True,10,13414,"in-memory V7 session incl simulated KE derivation and deterministic quantum fixture; excl external KE/QKD, network, Qiskit, PRISM",time.perf_counter_ns,single_process
RELEASE,4,155,8,1,18,2026090509,2046113527,5,14742800,14.7428,True,10,13414,"in-memory V7 session incl simulated KE derivation and deterministic quantum fixture; excl external KE/QKD, network, Qiskit, PRISM",time.perf_counter_ns,single_process
RELEASE,4,155,8,1,19,2026090510,2046113529,5,14843400,14.8434,True,10,13414,"in-memory V7 session incl simulated KE derivation and deterministic quantum fixture; excl external KE/QKD, network, Qiskit, PRISM",time.perf_counter_ns,single_process
RELEASE,4,155,8,1,20,2026090501,2046113521,5,14269600,14.2696,True,10,13414,"in-memory V7 session incl simulated KE derivation and deterministic quantum fixture; excl external KE/QKD, network, Qiskit, PRISM",time.perf_counter_ns,single_process
RELEASE,4,155,8,1,21,2026090502,2046113523,5,14605100,14.6051,True,10,13414,"in-memory V7 session incl simulated KE derivation and deterministic quantum fixture; excl external KE/QKD, network, Qiskit, PRISM",time.perf_counter_ns,single_process
RELEASE,4,155,8,1,22,2026090503,2046113525,5,14310800,14.3108,True,10,13414,"in-memory V7 session incl simulated KE derivation and deterministic quantum fixture; excl external KE/QKD, network, Qiskit, PRISM",time.perf_counter_ns,single_process
RELEASE,4,155,8,1,23,2026090504,2046113527,5,14538800,14.5388,True,10,13414,"in-memory V7 session incl simulated KE derivation and deterministic quantum fixture; excl external KE/QKD, network, Qiskit, PRISM",time.perf_counter_ns,single_process
RELEASE,4,155,8,1,24,2026090505,2046113529,5,14381200,14.3812,True,10,13414,"in-memory V7 session incl simulated KE derivation and deterministic quantum fixture; excl external KE/QKD, network, Qiskit, PRISM",time.perf_counter_ns,single_process
RELEASE,4,155,8,1,25,2026090506,2046113531,5,14028600,14.0286,True,10,13414,"in-memory V7 session incl simulated KE derivation and deterministic quantum fixture; excl external KE/QKD, network, Qiskit, PRISM",time.perf_counter_ns,single_process
RELEASE,4,155,8,1,26,2026090507,2046113533,5,14387900,14.3879,True,10,13414,"in-memory V7 session incl simulated KE derivation and deterministic quantum fixture; excl external KE/QKD, network, Qiskit, PRISM",time.perf_counter_ns,single_process
RELEASE,4,155,8,1,27,2026090508,2046113535,5,14529200,14.5292,True,10,13414,"in-memory V7 session incl simulated KE derivation and deterministic quantum fixture; excl external KE/QKD, network, Qiskit, PRISM",time.perf_counter_ns,single_process
RELEASE,4,155,8,1,28,2026090509,2046113537,5,14056200,14.0562,True,10,13414,"in-memory V7 session incl simulated KE derivation and deterministic quantum fixture; excl external KE/QKD, network, Qiskit, PRISM",time.perf_counter_ns,single_process
RELEASE,4,155,8,1,29,2026090510,2046113539,5,14107500,14.1075,True,10,13414,"in-memory V7 session incl simulated KE derivation and deterministic quantum fixture; excl external KE/QKD, network, Qiskit, PRISM",time.perf_counter_ns,single_process
BASIC,8,4,,0,0,2026090501,2046114501,5,4141900,4.1419,True,6,4673,"in-memory V7 session incl simulated KE derivation and deterministic quantum fixture; excl external KE/QKD, network, Qiskit, PRISM",time.perf_counter_ns,single_process
BASIC,8,4,,0,1,2026090502,2046114503,5,4058300,4.0583,True,6,4673,"in-memory V7 session incl simulated KE derivation and deterministic quantum fixture; excl external KE/QKD, network, Qiskit, PRISM",time.perf_counter_ns,single_process
BASIC,8,4,,0,2,2026090503,2046114505,5,4570800,4.5708,True,6,4673,"in-memory V7 session incl simulated KE derivation and deterministic quantum fixture; excl external KE/QKD, network, Qiskit, PRISM",time.perf_counter_ns,single_process
BASIC,8,4,,0,3,2026090504,2046114507,5,3939700,3.9397,True,6,4673,"in-memory V7 session incl simulated KE derivation and deterministic quantum fixture; excl external KE/QKD, network, Qiskit, PRISM",time.perf_counter_ns,single_process
BASIC,8,4,,0,4,2026090505,2046114509,5,4081300,4.0813,True,6,4673,"in-memory V7 session incl simulated KE derivation and deterministic quantum fixture; excl external KE/QKD, network, Qiskit, PRISM",time.perf_counter_ns,single_process
BASIC,8,4,,0,5,2026090506,2046114511,5,4268200,4.2682,True,6,4673,"in-memory V7 session incl simulated KE derivation and deterministic quantum fixture; excl external KE/QKD, network, Qiskit, PRISM",time.perf_counter_ns,single_process
BASIC,8,4,,0,6,2026090507,2046114513,5,4176200,4.1762,True,6,4673,"in-memory V7 session incl simulated KE derivation and deterministic quantum fixture; excl external KE/QKD, network, Qiskit, PRISM",time.perf_counter_ns,single_process
BASIC,8,4,,0,7,2026090508,2046114515,5,4333500,4.3335,True,6,4673,"in-memory V7 session incl simulated KE derivation and deterministic quantum fixture; excl external KE/QKD, network, Qiskit, PRISM",time.perf_counter_ns,single_process
BASIC,8,4,,0,8,2026090509,2046114517,5,3922200,3.9222,True,6,4673,"in-memory V7 session incl simulated KE derivation and deterministic quantum fixture; excl external KE/QKD, network, Qiskit, PRISM",time.perf_counter_ns,single_process
BASIC,8,4,,0,9,2026090510,2046114519,5,4187700,4.1877,True,6,4673,"in-memory V7 session incl simulated KE derivation and deterministic quantum fixture; excl external KE/QKD, network, Qiskit, PRISM",time.perf_counter_ns,single_process
BASIC,8,4,,0,10,2026090501,2046114511,5,4045500,4.0455,True,6,4673,"in-memory V7 session incl simulated KE derivation and deterministic quantum fixture; excl external KE/QKD, network, Qiskit, PRISM",time.perf_counter_ns,single_process
BASIC,8,4,,0,11,2026090502,2046114513,5,4052900,4.0529,True,6,4673,"in-memory V7 session incl simulated KE derivation and deterministic quantum fixture; excl external KE/QKD, network, Qiskit, PRISM",time.perf_counter_ns,single_process
BASIC,8,4,,0,12,2026090503,2046114515,5,4320100,4.3201,True,6,4673,"in-memory V7 session incl simulated KE derivation and deterministic quantum fixture; excl external KE/QKD, network, Qiskit, PRISM",time.perf_counter_ns,single_process
BASIC,8,4,,0,13,2026090504,2046114517,5,3945400,3.9454,True,6,4673,"in-memory V7 session incl simulated KE derivation and deterministic quantum fixture; excl external KE/QKD, network, Qiskit, PRISM",time.perf_counter_ns,single_process
BASIC,8,4,,0,14,2026090505,2046114519,5,4228200,4.2282,True,6,4673,"in-memory V7 session incl simulated KE derivation and deterministic quantum fixture; excl external KE/QKD, network, Qiskit, PRISM",time.perf_counter_ns,single_process
BASIC,8,4,,0,15,2026090506,2046114521,5,4135500,4.1355,True,6,4673,"in-memory V7 session incl simulated KE derivation and deterministic quantum fixture; excl external KE/QKD, network, Qiskit, PRISM",time.perf_counter_ns,single_process
BASIC,8,4,,0,16,2026090507,2046114523,5,3992700,3.9927,True,6,4673,"in-memory V7 session incl simulated KE derivation and deterministic quantum fixture; excl external KE/QKD, network, Qiskit, PRISM",time.perf_counter_ns,single_process
BASIC,8,4,,0,17,2026090508,2046114525,5,4145900,4.1459,True,6,4673,"in-memory V7 session incl simulated KE derivation and deterministic quantum fixture; excl external KE/QKD, network, Qiskit, PRISM",time.perf_counter_ns,single_process
BASIC,8,4,,0,18,2026090509,2046114527,5,4155500,4.1555,True,6,4673,"in-memory V7 session incl simulated KE derivation and deterministic quantum fixture; excl external KE/QKD, network, Qiskit, PRISM",time.perf_counter_ns,single_process
BASIC,8,4,,0,19,2026090510,2046114529,5,4293500,4.2935,True,6,4673,"in-memory V7 session incl simulated KE derivation and deterministic quantum fixture; excl external KE/QKD, network, Qiskit, PRISM",time.perf_counter_ns,single_process
BASIC,8,4,,0,20,2026090501,2046114521,5,4017700,4.0177,True,6,4673,"in-memory V7 session incl simulated KE derivation and deterministic quantum fixture; excl external KE/QKD, network, Qiskit, PRISM",time.perf_counter_ns,single_process
BASIC,8,4,,0,21,2026090502,2046114523,5,4050300,4.0503,True,6,4673,"in-memory V7 session incl simulated KE derivation and deterministic quantum fixture; excl external KE/QKD, network, Qiskit, PRISM",time.perf_counter_ns,single_process
BASIC,8,4,,0,22,2026090503,2046114525,5,4265000,4.265,True,6,4673,"in-memory V7 session incl simulated KE derivation and deterministic quantum fixture; excl external KE/QKD, network, Qiskit, PRISM",time.perf_counter_ns,single_process
BASIC,8,4,,0,23,2026090504,2046114527,5,4004900,4.0049,True,6,4673,"in-memory V7 session incl simulated KE derivation and deterministic quantum fixture; excl external KE/QKD, network, Qiskit, PRISM",time.perf_counter_ns,single_process
BASIC,8,4,,0,24,2026090505,2046114529,5,4497700,4.4977,True,6,4673,"in-memory V7 session incl simulated KE derivation and deterministic quantum fixture; excl external KE/QKD, network, Qiskit, PRISM",time.perf_counter_ns,single_process
BASIC,8,4,,0,25,2026090506,2046114531,5,4106000,4.106,True,6,4673,"in-memory V7 session incl simulated KE derivation and deterministic quantum fixture; excl external KE/QKD, network, Qiskit, PRISM",time.perf_counter_ns,single_process
BASIC,8,4,,0,26,2026090507,2046114533,5,4028400,4.0284,True,6,4673,"in-memory V7 session incl simulated KE derivation and deterministic quantum fixture; excl external KE/QKD, network, Qiskit, PRISM",time.perf_counter_ns,single_process
BASIC,8,4,,0,27,2026090508,2046114535,5,4292900,4.2929,True,6,4673,"in-memory V7 session incl simulated KE derivation and deterministic quantum fixture; excl external KE/QKD, network, Qiskit, PRISM",time.perf_counter_ns,single_process
BASIC,8,4,,0,28,2026090509,2046114537,5,4113200,4.1132,True,6,4673,"in-memory V7 session incl simulated KE derivation and deterministic quantum fixture; excl external KE/QKD, network, Qiskit, PRISM",time.perf_counter_ns,single_process
BASIC,8,4,,0,29,2026090510,2046114539,5,4365500,4.3655,True,6,4673,"in-memory V7 session incl simulated KE derivation and deterministic quantum fixture; excl external KE/QKD, network, Qiskit, PRISM",time.perf_counter_ns,single_process
RELEASE,8,4,1,16,0,2026090501,2046115501,5,23665000,23.665,True,40,34439,"in-memory V7 session incl simulated KE derivation and deterministic quantum fixture; excl external KE/QKD, network, Qiskit, PRISM",time.perf_counter_ns,single_process
RELEASE,8,4,1,16,1,2026090502,2046115503,5,27856200,27.8562,True,40,34439,"in-memory V7 session incl simulated KE derivation and deterministic quantum fixture; excl external KE/QKD, network, Qiskit, PRISM",time.perf_counter_ns,single_process
RELEASE,8,4,1,16,2,2026090503,2046115505,5,23813000,23.813,True,40,34439,"in-memory V7 session incl simulated KE derivation and deterministic quantum fixture; excl external KE/QKD, network, Qiskit, PRISM",time.perf_counter_ns,single_process
RELEASE,8,4,1,16,3,2026090504,2046115507,5,24717500,24.7175,True,40,34439,"in-memory V7 session incl simulated KE derivation and deterministic quantum fixture; excl external KE/QKD, network, Qiskit, PRISM",time.perf_counter_ns,single_process
RELEASE,8,4,1,16,4,2026090505,2046115509,5,23938500,23.9385,True,40,34439,"in-memory V7 session incl simulated KE derivation and deterministic quantum fixture; excl external KE/QKD, network, Qiskit, PRISM",time.perf_counter_ns,single_process
RELEASE,8,4,1,16,5,2026090506,2046115511,5,24999000,24.999,True,40,34439,"in-memory V7 session incl simulated KE derivation and deterministic quantum fixture; excl external KE/QKD, network, Qiskit, PRISM",time.perf_counter_ns,single_process
RELEASE,8,4,1,16,6,2026090507,2046115513,5,24718200,24.7182,True,40,34439,"in-memory V7 session incl simulated KE derivation and deterministic quantum fixture; excl external KE/QKD, network, Qiskit, PRISM",time.perf_counter_ns,single_process
RELEASE,8,4,1,16,7,2026090508,2046115515,5,23936600,23.9366,True,40,34439,"in-memory V7 session incl simulated KE derivation and deterministic quantum fixture; excl external KE/QKD, network, Qiskit, PRISM",time.perf_counter_ns,single_process
RELEASE,8,4,1,16,8,2026090509,2046115517,5,24456500,24.4565,True,40,34439,"in-memory V7 session incl simulated KE derivation and deterministic quantum fixture; excl external KE/QKD, network, Qiskit, PRISM",time.perf_counter_ns,single_process
RELEASE,8,4,1,16,9,2026090510,2046115519,5,23831700,23.8317,True,40,34439,"in-memory V7 session incl simulated KE derivation and deterministic quantum fixture; excl external KE/QKD, network, Qiskit, PRISM",time.perf_counter_ns,single_process
RELEASE,8,4,1,16,10,2026090501,2046115511,5,25023800,25.0238,True,40,34439,"in-memory V7 session incl simulated KE derivation and deterministic quantum fixture; excl external KE/QKD, network, Qiskit, PRISM",time.perf_counter_ns,single_process
RELEASE,8,4,1,16,11,2026090502,2046115513,5,24336900,24.3369,True,40,34439,"in-memory V7 session incl simulated KE derivation and deterministic quantum fixture; excl external KE/QKD, network, Qiskit, PRISM",time.perf_counter_ns,single_process
RELEASE,8,4,1,16,12,2026090503,2046115515,5,24644900,24.6449,True,40,34439,"in-memory V7 session incl simulated KE derivation and deterministic quantum fixture; excl external KE/QKD, network, Qiskit, PRISM",time.perf_counter_ns,single_process
RELEASE,8,4,1,16,13,2026090504,2046115517,5,24839900,24.8399,True,40,34439,"in-memory V7 session incl simulated KE derivation and deterministic quantum fixture; excl external KE/QKD, network, Qiskit, PRISM",time.perf_counter_ns,single_process
RELEASE,8,4,1,16,14,2026090505,2046115519,5,23863000,23.863,True,40,34439,"in-memory V7 session incl simulated KE derivation and deterministic quantum fixture; excl external KE/QKD, network, Qiskit, PRISM",time.perf_counter_ns,single_process
RELEASE,8,4,1,16,15,2026090506,2046115521,5,24939100,24.9391,True,40,34439,"in-memory V7 session incl simulated KE derivation and deterministic quantum fixture; excl external KE/QKD, network, Qiskit, PRISM",time.perf_counter_ns,single_process
RELEASE,8,4,1,16,16,2026090507,2046115523,5,24737900,24.7379,True,40,34439,"in-memory V7 session incl simulated KE derivation and deterministic quantum fixture; excl external KE/QKD, network, Qiskit, PRISM",time.perf_counter_ns,single_process
RELEASE,8,4,1,16,17,2026090508,2046115525,5,24829100,24.8291,True,40,34439,"in-memory V7 session incl simulated KE derivation and deterministic quantum fixture; excl external KE/QKD, network, Qiskit, PRISM",time.perf_counter_ns,single_process
RELEASE,8,4,1,16,18,2026090509,2046115527,5,24934000,24.934,True,40,34439,"in-memory V7 session incl simulated KE derivation and deterministic quantum fixture; excl external KE/QKD, network, Qiskit, PRISM",time.perf_counter_ns,single_process
RELEASE,8,4,1,16,19,2026090510,2046115529,5,24666800,24.6668,True,40,34439,"in-memory V7 session incl simulated KE derivation and deterministic quantum fixture; excl external KE/QKD, network, Qiskit, PRISM",time.perf_counter_ns,single_process
RELEASE,8,4,1,16,20,2026090501,2046115521,5,23656800,23.6568,True,40,34439,"in-memory V7 session incl simulated KE derivation and deterministic quantum fixture; excl external KE/QKD, network, Qiskit, PRISM",time.perf_counter_ns,single_process
RELEASE,8,4,1,16,21,2026090502,2046115523,5,24125700,24.1257,True,40,34439,"in-memory V7 session incl simulated KE derivation and deterministic quantum fixture; excl external KE/QKD, network, Qiskit, PRISM",time.perf_counter_ns,single_process
RELEASE,8,4,1,16,22,2026090503,2046115525,5,24011200,24.0112,True,40,34439,"in-memory V7 session incl simulated KE derivation and deterministic quantum fixture; excl external KE/QKD, network, Qiskit, PRISM",time.perf_counter_ns,single_process
RELEASE,8,4,1,16,23,2026090504,2046115527,5,28206200,28.2062,True,40,34439,"in-memory V7 session incl simulated KE derivation and deterministic quantum fixture; excl external KE/QKD, network, Qiskit, PRISM",time.perf_counter_ns,single_process
RELEASE,8,4,1,16,24,2026090505,2046115529,5,24405200,24.4052,True,40,34439,"in-memory V7 session incl simulated KE derivation and deterministic quantum fixture; excl external KE/QKD, network, Qiskit, PRISM",time.perf_counter_ns,single_process
RELEASE,8,4,1,16,25,2026090506,2046115531,5,24344800,24.3448,True,40,34439,"in-memory V7 session incl simulated KE derivation and deterministic quantum fixture; excl external KE/QKD, network, Qiskit, PRISM",time.perf_counter_ns,single_process
RELEASE,8,4,1,16,26,2026090507,2046115533,5,23562800,23.5628,True,40,34439,"in-memory V7 session incl simulated KE derivation and deterministic quantum fixture; excl external KE/QKD, network, Qiskit, PRISM",time.perf_counter_ns,single_process
RELEASE,8,4,1,16,27,2026090508,2046115535,5,23863400,23.8634,True,40,34439,"in-memory V7 session incl simulated KE derivation and deterministic quantum fixture; excl external KE/QKD, network, Qiskit, PRISM",time.perf_counter_ns,single_process
RELEASE,8,4,1,16,28,2026090509,2046115537,5,24739800,24.7398,True,40,34439,"in-memory V7 session incl simulated KE derivation and deterministic quantum fixture; excl external KE/QKD, network, Qiskit, PRISM",time.perf_counter_ns,single_process
RELEASE,8,4,1,16,29,2026090510,2046115539,5,24216500,24.2165,True,40,34439,"in-memory V7 session incl simulated KE derivation and deterministic quantum fixture; excl external KE/QKD, network, Qiskit, PRISM",time.perf_counter_ns,single_process
RELEASE,8,4,2,8,0,2026090501,2046116501,5,14726400,14.7264,True,24,20343,"in-memory V7 session incl simulated KE derivation and deterministic quantum fixture; excl external KE/QKD, network, Qiskit, PRISM",time.perf_counter_ns,single_process
RELEASE,8,4,2,8,1,2026090502,2046116503,5,14484200,14.4842,True,24,20343,"in-memory V7 session incl simulated KE derivation and deterministic quantum fixture; excl external KE/QKD, network, Qiskit, PRISM",time.perf_counter_ns,single_process
RELEASE,8,4,2,8,2,2026090503,2046116505,5,15026400,15.0264,True,24,20343,"in-memory V7 session incl simulated KE derivation and deterministic quantum fixture; excl external KE/QKD, network, Qiskit, PRISM",time.perf_counter_ns,single_process
RELEASE,8,4,2,8,3,2026090504,2046116507,5,14575200,14.5752,True,24,20343,"in-memory V7 session incl simulated KE derivation and deterministic quantum fixture; excl external KE/QKD, network, Qiskit, PRISM",time.perf_counter_ns,single_process
RELEASE,8,4,2,8,4,2026090505,2046116509,5,14412200,14.4122,True,24,20343,"in-memory V7 session incl simulated KE derivation and deterministic quantum fixture; excl external KE/QKD, network, Qiskit, PRISM",time.perf_counter_ns,single_process
RELEASE,8,4,2,8,5,2026090506,2046116511,5,14202800,14.2028,True,24,20343,"in-memory V7 session incl simulated KE derivation and deterministic quantum fixture; excl external KE/QKD, network, Qiskit, PRISM",time.perf_counter_ns,single_process
RELEASE,8,4,2,8,6,2026090507,2046116513,5,14396800,14.3968,True,24,20343,"in-memory V7 session incl simulated KE derivation and deterministic quantum fixture; excl external KE/QKD, network, Qiskit, PRISM",time.perf_counter_ns,single_process
RELEASE,8,4,2,8,7,2026090508,2046116515,5,14426500,14.4265,True,24,20343,"in-memory V7 session incl simulated KE derivation and deterministic quantum fixture; excl external KE/QKD, network, Qiskit, PRISM",time.perf_counter_ns,single_process
RELEASE,8,4,2,8,8,2026090509,2046116517,5,14342400,14.3424,True,24,20343,"in-memory V7 session incl simulated KE derivation and deterministic quantum fixture; excl external KE/QKD, network, Qiskit, PRISM",time.perf_counter_ns,single_process
RELEASE,8,4,2,8,9,2026090510,2046116519,5,15217800,15.2178,True,24,20343,"in-memory V7 session incl simulated KE derivation and deterministic quantum fixture; excl external KE/QKD, network, Qiskit, PRISM",time.perf_counter_ns,single_process
RELEASE,8,4,2,8,10,2026090501,2046116511,5,15110300,15.1103,True,24,20343,"in-memory V7 session incl simulated KE derivation and deterministic quantum fixture; excl external KE/QKD, network, Qiskit, PRISM",time.perf_counter_ns,single_process
RELEASE,8,4,2,8,11,2026090502,2046116513,5,14637900,14.6379,True,24,20343,"in-memory V7 session incl simulated KE derivation and deterministic quantum fixture; excl external KE/QKD, network, Qiskit, PRISM",time.perf_counter_ns,single_process
RELEASE,8,4,2,8,12,2026090503,2046116515,5,14819800,14.8198,True,24,20343,"in-memory V7 session incl simulated KE derivation and deterministic quantum fixture; excl external KE/QKD, network, Qiskit, PRISM",time.perf_counter_ns,single_process
RELEASE,8,4,2,8,13,2026090504,2046116517,5,14163300,14.1633,True,24,20343,"in-memory V7 session incl simulated KE derivation and deterministic quantum fixture; excl external KE/QKD, network, Qiskit, PRISM",time.perf_counter_ns,single_process
RELEASE,8,4,2,8,14,2026090505,2046116519,5,15007100,15.0071,True,24,20343,"in-memory V7 session incl simulated KE derivation and deterministic quantum fixture; excl external KE/QKD, network, Qiskit, PRISM",time.perf_counter_ns,single_process
RELEASE,8,4,2,8,15,2026090506,2046116521,5,14178100,14.1781,True,24,20343,"in-memory V7 session incl simulated KE derivation and deterministic quantum fixture; excl external KE/QKD, network, Qiskit, PRISM",time.perf_counter_ns,single_process
RELEASE,8,4,2,8,16,2026090507,2046116523,5,14109800,14.1098,True,24,20343,"in-memory V7 session incl simulated KE derivation and deterministic quantum fixture; excl external KE/QKD, network, Qiskit, PRISM",time.perf_counter_ns,single_process
RELEASE,8,4,2,8,17,2026090508,2046116525,5,14676300,14.6763,True,24,20343,"in-memory V7 session incl simulated KE derivation and deterministic quantum fixture; excl external KE/QKD, network, Qiskit, PRISM",time.perf_counter_ns,single_process
RELEASE,8,4,2,8,18,2026090509,2046116527,5,14661600,14.6616,True,24,20343,"in-memory V7 session incl simulated KE derivation and deterministic quantum fixture; excl external KE/QKD, network, Qiskit, PRISM",time.perf_counter_ns,single_process
RELEASE,8,4,2,8,19,2026090510,2046116529,5,14241400,14.2414,True,24,20343,"in-memory V7 session incl simulated KE derivation and deterministic quantum fixture; excl external KE/QKD, network, Qiskit, PRISM",time.perf_counter_ns,single_process
RELEASE,8,4,2,8,20,2026090501,2046116521,5,14660300,14.6603,True,24,20343,"in-memory V7 session incl simulated KE derivation and deterministic quantum fixture; excl external KE/QKD, network, Qiskit, PRISM",time.perf_counter_ns,single_process
RELEASE,8,4,2,8,21,2026090502,2046116523,5,14515300,14.5153,True,24,20343,"in-memory V7 session incl simulated KE derivation and deterministic quantum fixture; excl external KE/QKD, network, Qiskit, PRISM",time.perf_counter_ns,single_process
RELEASE,8,4,2,8,22,2026090503,2046116525,5,14332600,14.3326,True,24,20343,"in-memory V7 session incl simulated KE derivation and deterministic quantum fixture; excl external KE/QKD, network, Qiskit, PRISM",time.perf_counter_ns,single_process
RELEASE,8,4,2,8,23,2026090504,2046116527,5,14308700,14.3087,True,24,20343,"in-memory V7 session incl simulated KE derivation and deterministic quantum fixture; excl external KE/QKD, network, Qiskit, PRISM",time.perf_counter_ns,single_process
RELEASE,8,4,2,8,24,2026090505,2046116529,5,14399300,14.3993,True,24,20343,"in-memory V7 session incl simulated KE derivation and deterministic quantum fixture; excl external KE/QKD, network, Qiskit, PRISM",time.perf_counter_ns,single_process
RELEASE,8,4,2,8,25,2026090506,2046116531,5,14583400,14.5834,True,24,20343,"in-memory V7 session incl simulated KE derivation and deterministic quantum fixture; excl external KE/QKD, network, Qiskit, PRISM",time.perf_counter_ns,single_process
RELEASE,8,4,2,8,26,2026090507,2046116533,5,14912400,14.9124,True,24,20343,"in-memory V7 session incl simulated KE derivation and deterministic quantum fixture; excl external KE/QKD, network, Qiskit, PRISM",time.perf_counter_ns,single_process
RELEASE,8,4,2,8,27,2026090508,2046116535,5,17880900,17.8809,True,24,20343,"in-memory V7 session incl simulated KE derivation and deterministic quantum fixture; excl external KE/QKD, network, Qiskit, PRISM",time.perf_counter_ns,single_process
RELEASE,8,4,2,8,28,2026090509,2046116537,5,14074000,14.074,True,24,20343,"in-memory V7 session incl simulated KE derivation and deterministic quantum fixture; excl external KE/QKD, network, Qiskit, PRISM",time.perf_counter_ns,single_process
RELEASE,8,4,2,8,29,2026090510,2046116539,5,14585500,14.5855,True,24,20343,"in-memory V7 session incl simulated KE derivation and deterministic quantum fixture; excl external KE/QKD, network, Qiskit, PRISM",time.perf_counter_ns,single_process
RELEASE,8,4,4,4,0,2026090501,2046117501,5,9929400,9.9294,True,16,13295,"in-memory V7 session incl simulated KE derivation and deterministic quantum fixture; excl external KE/QKD, network, Qiskit, PRISM",time.perf_counter_ns,single_process
RELEASE,8,4,4,4,1,2026090502,2046117503,5,9989600,9.9896,True,16,13295,"in-memory V7 session incl simulated KE derivation and deterministic quantum fixture; excl external KE/QKD, network, Qiskit, PRISM",time.perf_counter_ns,single_process
RELEASE,8,4,4,4,2,2026090503,2046117505,5,9910400,9.9104,True,16,13295,"in-memory V7 session incl simulated KE derivation and deterministic quantum fixture; excl external KE/QKD, network, Qiskit, PRISM",time.perf_counter_ns,single_process
RELEASE,8,4,4,4,3,2026090504,2046117507,5,9777900,9.7779,True,16,13295,"in-memory V7 session incl simulated KE derivation and deterministic quantum fixture; excl external KE/QKD, network, Qiskit, PRISM",time.perf_counter_ns,single_process
RELEASE,8,4,4,4,4,2026090505,2046117509,5,9739200,9.7392,True,16,13295,"in-memory V7 session incl simulated KE derivation and deterministic quantum fixture; excl external KE/QKD, network, Qiskit, PRISM",time.perf_counter_ns,single_process
RELEASE,8,4,4,4,5,2026090506,2046117511,5,9737200,9.7372,True,16,13295,"in-memory V7 session incl simulated KE derivation and deterministic quantum fixture; excl external KE/QKD, network, Qiskit, PRISM",time.perf_counter_ns,single_process
RELEASE,8,4,4,4,6,2026090507,2046117513,5,10337900,10.3379,True,16,13295,"in-memory V7 session incl simulated KE derivation and deterministic quantum fixture; excl external KE/QKD, network, Qiskit, PRISM",time.perf_counter_ns,single_process
RELEASE,8,4,4,4,7,2026090508,2046117515,5,9564600,9.5646,True,16,13295,"in-memory V7 session incl simulated KE derivation and deterministic quantum fixture; excl external KE/QKD, network, Qiskit, PRISM",time.perf_counter_ns,single_process
RELEASE,8,4,4,4,8,2026090509,2046117517,5,10097800,10.0978,True,16,13295,"in-memory V7 session incl simulated KE derivation and deterministic quantum fixture; excl external KE/QKD, network, Qiskit, PRISM",time.perf_counter_ns,single_process
RELEASE,8,4,4,4,9,2026090510,2046117519,5,9244900,9.2449,True,16,13295,"in-memory V7 session incl simulated KE derivation and deterministic quantum fixture; excl external KE/QKD, network, Qiskit, PRISM",time.perf_counter_ns,single_process
RELEASE,8,4,4,4,10,2026090501,2046117511,5,9710700,9.7107,True,16,13295,"in-memory V7 session incl simulated KE derivation and deterministic quantum fixture; excl external KE/QKD, network, Qiskit, PRISM",time.perf_counter_ns,single_process
RELEASE,8,4,4,4,11,2026090502,2046117513,5,9840800,9.8408,True,16,13295,"in-memory V7 session incl simulated KE derivation and deterministic quantum fixture; excl external KE/QKD, network, Qiskit, PRISM",time.perf_counter_ns,single_process
RELEASE,8,4,4,4,12,2026090503,2046117515,5,9496700,9.4967,True,16,13295,"in-memory V7 session incl simulated KE derivation and deterministic quantum fixture; excl external KE/QKD, network, Qiskit, PRISM",time.perf_counter_ns,single_process
RELEASE,8,4,4,4,13,2026090504,2046117517,5,9900500,9.9005,True,16,13295,"in-memory V7 session incl simulated KE derivation and deterministic quantum fixture; excl external KE/QKD, network, Qiskit, PRISM",time.perf_counter_ns,single_process
RELEASE,8,4,4,4,14,2026090505,2046117519,5,9639700,9.6397,True,16,13295,"in-memory V7 session incl simulated KE derivation and deterministic quantum fixture; excl external KE/QKD, network, Qiskit, PRISM",time.perf_counter_ns,single_process
RELEASE,8,4,4,4,15,2026090506,2046117521,5,9856300,9.8563,True,16,13295,"in-memory V7 session incl simulated KE derivation and deterministic quantum fixture; excl external KE/QKD, network, Qiskit, PRISM",time.perf_counter_ns,single_process
RELEASE,8,4,4,4,16,2026090507,2046117523,5,9685200,9.6852,True,16,13295,"in-memory V7 session incl simulated KE derivation and deterministic quantum fixture; excl external KE/QKD, network, Qiskit, PRISM",time.perf_counter_ns,single_process
RELEASE,8,4,4,4,17,2026090508,2046117525,5,9698700,9.6987,True,16,13295,"in-memory V7 session incl simulated KE derivation and deterministic quantum fixture; excl external KE/QKD, network, Qiskit, PRISM",time.perf_counter_ns,single_process
RELEASE,8,4,4,4,18,2026090509,2046117527,5,9968200,9.9682,True,16,13295,"in-memory V7 session incl simulated KE derivation and deterministic quantum fixture; excl external KE/QKD, network, Qiskit, PRISM",time.perf_counter_ns,single_process
RELEASE,8,4,4,4,19,2026090510,2046117529,5,9608000,9.608,True,16,13295,"in-memory V7 session incl simulated KE derivation and deterministic quantum fixture; excl external KE/QKD, network, Qiskit, PRISM",time.perf_counter_ns,single_process
RELEASE,8,4,4,4,20,2026090501,2046117521,5,10050300,10.0503,True,16,13295,"in-memory V7 session incl simulated KE derivation and deterministic quantum fixture; excl external KE/QKD, network, Qiskit, PRISM",time.perf_counter_ns,single_process
RELEASE,8,4,4,4,21,2026090502,2046117523,5,9579800,9.5798,True,16,13295,"in-memory V7 session incl simulated KE derivation and deterministic quantum fixture; excl external KE/QKD, network, Qiskit, PRISM",time.perf_counter_ns,single_process
RELEASE,8,4,4,4,22,2026090503,2046117525,5,9700500,9.7005,True,16,13295,"in-memory V7 session incl simulated KE derivation and deterministic quantum fixture; excl external KE/QKD, network, Qiskit, PRISM",time.perf_counter_ns,single_process
RELEASE,8,4,4,4,23,2026090504,2046117527,5,10109800,10.1098,True,16,13295,"in-memory V7 session incl simulated KE derivation and deterministic quantum fixture; excl external KE/QKD, network, Qiskit, PRISM",time.perf_counter_ns,single_process
RELEASE,8,4,4,4,24,2026090505,2046117529,5,9654100,9.6541,True,16,13295,"in-memory V7 session incl simulated KE derivation and deterministic quantum fixture; excl external KE/QKD, network, Qiskit, PRISM",time.perf_counter_ns,single_process
RELEASE,8,4,4,4,25,2026090506,2046117531,5,9848200,9.8482,True,16,13295,"in-memory V7 session incl simulated KE derivation and deterministic quantum fixture; excl external KE/QKD, network, Qiskit, PRISM",time.perf_counter_ns,single_process
RELEASE,8,4,4,4,26,2026090507,2046117533,5,10229100,10.2291,True,16,13295,"in-memory V7 session incl simulated KE derivation and deterministic quantum fixture; excl external KE/QKD, network, Qiskit, PRISM",time.perf_counter_ns,single_process
RELEASE,8,4,4,4,27,2026090508,2046117535,5,9884800,9.8848,True,16,13295,"in-memory V7 session incl simulated KE derivation and deterministic quantum fixture; excl external KE/QKD, network, Qiskit, PRISM",time.perf_counter_ns,single_process
RELEASE,8,4,4,4,28,2026090509,2046117537,5,9776400,9.7764,True,16,13295,"in-memory V7 session incl simulated KE derivation and deterministic quantum fixture; excl external KE/QKD, network, Qiskit, PRISM",time.perf_counter_ns,single_process
RELEASE,8,4,4,4,29,2026090510,2046117539,5,10432600,10.4326,True,16,13295,"in-memory V7 session incl simulated KE derivation and deterministic quantum fixture; excl external KE/QKD, network, Qiskit, PRISM",time.perf_counter_ns,single_process
RELEASE,8,4,8,2,0,2026090501,2046118501,5,7470500,7.4705,True,12,9771,"in-memory V7 session incl simulated KE derivation and deterministic quantum fixture; excl external KE/QKD, network, Qiskit, PRISM",time.perf_counter_ns,single_process
RELEASE,8,4,8,2,1,2026090502,2046118503,5,7439100,7.4391,True,12,9771,"in-memory V7 session incl simulated KE derivation and deterministic quantum fixture; excl external KE/QKD, network, Qiskit, PRISM",time.perf_counter_ns,single_process
RELEASE,8,4,8,2,2,2026090503,2046118505,5,7511200,7.5112,True,12,9771,"in-memory V7 session incl simulated KE derivation and deterministic quantum fixture; excl external KE/QKD, network, Qiskit, PRISM",time.perf_counter_ns,single_process
RELEASE,8,4,8,2,3,2026090504,2046118507,5,7254000,7.254,True,12,9771,"in-memory V7 session incl simulated KE derivation and deterministic quantum fixture; excl external KE/QKD, network, Qiskit, PRISM",time.perf_counter_ns,single_process
RELEASE,8,4,8,2,4,2026090505,2046118509,5,7306100,7.3061,True,12,9771,"in-memory V7 session incl simulated KE derivation and deterministic quantum fixture; excl external KE/QKD, network, Qiskit, PRISM",time.perf_counter_ns,single_process
RELEASE,8,4,8,2,5,2026090506,2046118511,5,7523000,7.523,True,12,9771,"in-memory V7 session incl simulated KE derivation and deterministic quantum fixture; excl external KE/QKD, network, Qiskit, PRISM",time.perf_counter_ns,single_process
RELEASE,8,4,8,2,6,2026090507,2046118513,5,7557100,7.5571,True,12,9771,"in-memory V7 session incl simulated KE derivation and deterministic quantum fixture; excl external KE/QKD, network, Qiskit, PRISM",time.perf_counter_ns,single_process
RELEASE,8,4,8,2,7,2026090508,2046118515,5,7183400,7.1834,True,12,9771,"in-memory V7 session incl simulated KE derivation and deterministic quantum fixture; excl external KE/QKD, network, Qiskit, PRISM",time.perf_counter_ns,single_process
RELEASE,8,4,8,2,8,2026090509,2046118517,5,7664500,7.6645,True,12,9771,"in-memory V7 session incl simulated KE derivation and deterministic quantum fixture; excl external KE/QKD, network, Qiskit, PRISM",time.perf_counter_ns,single_process
RELEASE,8,4,8,2,9,2026090510,2046118519,5,7400200,7.4002,True,12,9771,"in-memory V7 session incl simulated KE derivation and deterministic quantum fixture; excl external KE/QKD, network, Qiskit, PRISM",time.perf_counter_ns,single_process
RELEASE,8,4,8,2,10,2026090501,2046118511,5,7394800,7.3948,True,12,9771,"in-memory V7 session incl simulated KE derivation and deterministic quantum fixture; excl external KE/QKD, network, Qiskit, PRISM",time.perf_counter_ns,single_process
RELEASE,8,4,8,2,11,2026090502,2046118513,5,7750000,7.75,True,12,9771,"in-memory V7 session incl simulated KE derivation and deterministic quantum fixture; excl external KE/QKD, network, Qiskit, PRISM",time.perf_counter_ns,single_process
RELEASE,8,4,8,2,12,2026090503,2046118515,5,7510300,7.5103,True,12,9771,"in-memory V7 session incl simulated KE derivation and deterministic quantum fixture; excl external KE/QKD, network, Qiskit, PRISM",time.perf_counter_ns,single_process
RELEASE,8,4,8,2,13,2026090504,2046118517,5,7851600,7.8516,True,12,9771,"in-memory V7 session incl simulated KE derivation and deterministic quantum fixture; excl external KE/QKD, network, Qiskit, PRISM",time.perf_counter_ns,single_process
RELEASE,8,4,8,2,14,2026090505,2046118519,5,7437200,7.4372,True,12,9771,"in-memory V7 session incl simulated KE derivation and deterministic quantum fixture; excl external KE/QKD, network, Qiskit, PRISM",time.perf_counter_ns,single_process
RELEASE,8,4,8,2,15,2026090506,2046118521,5,7640500,7.6405,True,12,9771,"in-memory V7 session incl simulated KE derivation and deterministic quantum fixture; excl external KE/QKD, network, Qiskit, PRISM",time.perf_counter_ns,single_process
RELEASE,8,4,8,2,16,2026090507,2046118523,5,7419200,7.4192,True,12,9771,"in-memory V7 session incl simulated KE derivation and deterministic quantum fixture; excl external KE/QKD, network, Qiskit, PRISM",time.perf_counter_ns,single_process
RELEASE,8,4,8,2,17,2026090508,2046118525,5,7334200,7.3342,True,12,9771,"in-memory V7 session incl simulated KE derivation and deterministic quantum fixture; excl external KE/QKD, network, Qiskit, PRISM",time.perf_counter_ns,single_process
RELEASE,8,4,8,2,18,2026090509,2046118527,5,7383800,7.3838,True,12,9771,"in-memory V7 session incl simulated KE derivation and deterministic quantum fixture; excl external KE/QKD, network, Qiskit, PRISM",time.perf_counter_ns,single_process
RELEASE,8,4,8,2,19,2026090510,2046118529,5,7607300,7.6073,True,12,9771,"in-memory V7 session incl simulated KE derivation and deterministic quantum fixture; excl external KE/QKD, network, Qiskit, PRISM",time.perf_counter_ns,single_process
RELEASE,8,4,8,2,20,2026090501,2046118521,5,7380400,7.3804,True,12,9771,"in-memory V7 session incl simulated KE derivation and deterministic quantum fixture; excl external KE/QKD, network, Qiskit, PRISM",time.perf_counter_ns,single_process
RELEASE,8,4,8,2,21,2026090502,2046118523,5,7572000,7.572,True,12,9771,"in-memory V7 session incl simulated KE derivation and deterministic quantum fixture; excl external KE/QKD, network, Qiskit, PRISM",time.perf_counter_ns,single_process
RELEASE,8,4,8,2,22,2026090503,2046118525,5,7336200,7.3362,True,12,9771,"in-memory V7 session incl simulated KE derivation and deterministic quantum fixture; excl external KE/QKD, network, Qiskit, PRISM",time.perf_counter_ns,single_process
RELEASE,8,4,8,2,23,2026090504,2046118527,5,7633000,7.633,True,12,9771,"in-memory V7 session incl simulated KE derivation and deterministic quantum fixture; excl external KE/QKD, network, Qiskit, PRISM",time.perf_counter_ns,single_process
RELEASE,8,4,8,2,24,2026090505,2046118529,5,7348000,7.348,True,12,9771,"in-memory V7 session incl simulated KE derivation and deterministic quantum fixture; excl external KE/QKD, network, Qiskit, PRISM",time.perf_counter_ns,single_process
RELEASE,8,4,8,2,25,2026090506,2046118531,5,7543900,7.5439,True,12,9771,"in-memory V7 session incl simulated KE derivation and deterministic quantum fixture; excl external KE/QKD, network, Qiskit, PRISM",time.perf_counter_ns,single_process
RELEASE,8,4,8,2,26,2026090507,2046118533,5,7331000,7.331,True,12,9771,"in-memory V7 session incl simulated KE derivation and deterministic quantum fixture; excl external KE/QKD, network, Qiskit, PRISM",time.perf_counter_ns,single_process
RELEASE,8,4,8,2,27,2026090508,2046118535,5,7556100,7.5561,True,12,9771,"in-memory V7 session incl simulated KE derivation and deterministic quantum fixture; excl external KE/QKD, network, Qiskit, PRISM",time.perf_counter_ns,single_process
RELEASE,8,4,8,2,28,2026090509,2046118537,5,7863500,7.8635,True,12,9771,"in-memory V7 session incl simulated KE derivation and deterministic quantum fixture; excl external KE/QKD, network, Qiskit, PRISM",time.perf_counter_ns,single_process
RELEASE,8,4,8,2,29,2026090510,2046118539,5,7706200,7.7062,True,12,9771,"in-memory V7 session incl simulated KE derivation and deterministic quantum fixture; excl external KE/QKD, network, Qiskit, PRISM",time.perf_counter_ns,single_process
BASIC,8,155,,0,0,2026090501,2046119501,5,12540900,12.5409,True,6,10110,"in-memory V7 session incl simulated KE derivation and deterministic quantum fixture; excl external KE/QKD, network, Qiskit, PRISM",time.perf_counter_ns,single_process
BASIC,8,155,,0,1,2026090502,2046119503,5,12340800,12.3408,True,6,10110,"in-memory V7 session incl simulated KE derivation and deterministic quantum fixture; excl external KE/QKD, network, Qiskit, PRISM",time.perf_counter_ns,single_process
BASIC,8,155,,0,2,2026090503,2046119505,5,12542500,12.5425,True,6,10110,"in-memory V7 session incl simulated KE derivation and deterministic quantum fixture; excl external KE/QKD, network, Qiskit, PRISM",time.perf_counter_ns,single_process
BASIC,8,155,,0,3,2026090504,2046119507,5,12271900,12.2719,True,6,10110,"in-memory V7 session incl simulated KE derivation and deterministic quantum fixture; excl external KE/QKD, network, Qiskit, PRISM",time.perf_counter_ns,single_process
BASIC,8,155,,0,4,2026090505,2046119509,5,12825500,12.8255,True,6,10110,"in-memory V7 session incl simulated KE derivation and deterministic quantum fixture; excl external KE/QKD, network, Qiskit, PRISM",time.perf_counter_ns,single_process
BASIC,8,155,,0,5,2026090506,2046119511,5,12807900,12.8079,True,6,10110,"in-memory V7 session incl simulated KE derivation and deterministic quantum fixture; excl external KE/QKD, network, Qiskit, PRISM",time.perf_counter_ns,single_process
BASIC,8,155,,0,6,2026090507,2046119513,5,12669400,12.6694,True,6,10110,"in-memory V7 session incl simulated KE derivation and deterministic quantum fixture; excl external KE/QKD, network, Qiskit, PRISM",time.perf_counter_ns,single_process
BASIC,8,155,,0,7,2026090508,2046119515,5,12952300,12.9523,True,6,10110,"in-memory V7 session incl simulated KE derivation and deterministic quantum fixture; excl external KE/QKD, network, Qiskit, PRISM",time.perf_counter_ns,single_process
BASIC,8,155,,0,8,2026090509,2046119517,5,12767600,12.7676,True,6,10110,"in-memory V7 session incl simulated KE derivation and deterministic quantum fixture; excl external KE/QKD, network, Qiskit, PRISM",time.perf_counter_ns,single_process
BASIC,8,155,,0,9,2026090510,2046119519,5,12516500,12.5165,True,6,10110,"in-memory V7 session incl simulated KE derivation and deterministic quantum fixture; excl external KE/QKD, network, Qiskit, PRISM",time.perf_counter_ns,single_process
BASIC,8,155,,0,10,2026090501,2046119511,5,12555000,12.555,True,6,10110,"in-memory V7 session incl simulated KE derivation and deterministic quantum fixture; excl external KE/QKD, network, Qiskit, PRISM",time.perf_counter_ns,single_process
BASIC,8,155,,0,11,2026090502,2046119513,5,12660700,12.6607,True,6,10110,"in-memory V7 session incl simulated KE derivation and deterministic quantum fixture; excl external KE/QKD, network, Qiskit, PRISM",time.perf_counter_ns,single_process
BASIC,8,155,,0,12,2026090503,2046119515,5,12588700,12.5887,True,6,10110,"in-memory V7 session incl simulated KE derivation and deterministic quantum fixture; excl external KE/QKD, network, Qiskit, PRISM",time.perf_counter_ns,single_process
BASIC,8,155,,0,13,2026090504,2046119517,5,12579500,12.5795,True,6,10110,"in-memory V7 session incl simulated KE derivation and deterministic quantum fixture; excl external KE/QKD, network, Qiskit, PRISM",time.perf_counter_ns,single_process
BASIC,8,155,,0,14,2026090505,2046119519,5,15257900,15.2579,True,6,10110,"in-memory V7 session incl simulated KE derivation and deterministic quantum fixture; excl external KE/QKD, network, Qiskit, PRISM",time.perf_counter_ns,single_process
BASIC,8,155,,0,15,2026090506,2046119521,5,12202300,12.2023,True,6,10110,"in-memory V7 session incl simulated KE derivation and deterministic quantum fixture; excl external KE/QKD, network, Qiskit, PRISM",time.perf_counter_ns,single_process
BASIC,8,155,,0,16,2026090507,2046119523,5,12430300,12.4303,True,6,10110,"in-memory V7 session incl simulated KE derivation and deterministic quantum fixture; excl external KE/QKD, network, Qiskit, PRISM",time.perf_counter_ns,single_process
BASIC,8,155,,0,17,2026090508,2046119525,5,12406200,12.4062,True,6,10110,"in-memory V7 session incl simulated KE derivation and deterministic quantum fixture; excl external KE/QKD, network, Qiskit, PRISM",time.perf_counter_ns,single_process
BASIC,8,155,,0,18,2026090509,2046119527,5,12926900,12.9269,True,6,10110,"in-memory V7 session incl simulated KE derivation and deterministic quantum fixture; excl external KE/QKD, network, Qiskit, PRISM",time.perf_counter_ns,single_process
BASIC,8,155,,0,19,2026090510,2046119529,5,12334500,12.3345,True,6,10110,"in-memory V7 session incl simulated KE derivation and deterministic quantum fixture; excl external KE/QKD, network, Qiskit, PRISM",time.perf_counter_ns,single_process
BASIC,8,155,,0,20,2026090501,2046119521,5,12618900,12.6189,True,6,10110,"in-memory V7 session incl simulated KE derivation and deterministic quantum fixture; excl external KE/QKD, network, Qiskit, PRISM",time.perf_counter_ns,single_process
BASIC,8,155,,0,21,2026090502,2046119523,5,12712500,12.7125,True,6,10110,"in-memory V7 session incl simulated KE derivation and deterministic quantum fixture; excl external KE/QKD, network, Qiskit, PRISM",time.perf_counter_ns,single_process
BASIC,8,155,,0,22,2026090503,2046119525,5,12553600,12.5536,True,6,10110,"in-memory V7 session incl simulated KE derivation and deterministic quantum fixture; excl external KE/QKD, network, Qiskit, PRISM",time.perf_counter_ns,single_process
BASIC,8,155,,0,23,2026090504,2046119527,5,13141400,13.1414,True,6,10110,"in-memory V7 session incl simulated KE derivation and deterministic quantum fixture; excl external KE/QKD, network, Qiskit, PRISM",time.perf_counter_ns,single_process
BASIC,8,155,,0,24,2026090505,2046119529,5,12631200,12.6312,True,6,10110,"in-memory V7 session incl simulated KE derivation and deterministic quantum fixture; excl external KE/QKD, network, Qiskit, PRISM",time.perf_counter_ns,single_process
BASIC,8,155,,0,25,2026090506,2046119531,5,12047900,12.0479,True,6,10110,"in-memory V7 session incl simulated KE derivation and deterministic quantum fixture; excl external KE/QKD, network, Qiskit, PRISM",time.perf_counter_ns,single_process
BASIC,8,155,,0,26,2026090507,2046119533,5,12710500,12.7105,True,6,10110,"in-memory V7 session incl simulated KE derivation and deterministic quantum fixture; excl external KE/QKD, network, Qiskit, PRISM",time.perf_counter_ns,single_process
BASIC,8,155,,0,27,2026090508,2046119535,5,12464700,12.4647,True,6,10110,"in-memory V7 session incl simulated KE derivation and deterministic quantum fixture; excl external KE/QKD, network, Qiskit, PRISM",time.perf_counter_ns,single_process
BASIC,8,155,,0,28,2026090509,2046119537,5,12921500,12.9215,True,6,10110,"in-memory V7 session incl simulated KE derivation and deterministic quantum fixture; excl external KE/QKD, network, Qiskit, PRISM",time.perf_counter_ns,single_process
BASIC,8,155,,0,29,2026090510,2046119539,5,12381300,12.3813,True,6,10110,"in-memory V7 session incl simulated KE derivation and deterministic quantum fixture; excl external KE/QKD, network, Qiskit, PRISM",time.perf_counter_ns,single_process
RELEASE,8,155,1,16,0,2026090501,2046120501,5,32793400,32.7934,True,40,39876,"in-memory V7 session incl simulated KE derivation and deterministic quantum fixture; excl external KE/QKD, network, Qiskit, PRISM",time.perf_counter_ns,single_process
RELEASE,8,155,1,16,1,2026090502,2046120503,5,32147100,32.1471,True,40,39876,"in-memory V7 session incl simulated KE derivation and deterministic quantum fixture; excl external KE/QKD, network, Qiskit, PRISM",time.perf_counter_ns,single_process
RELEASE,8,155,1,16,2,2026090503,2046120505,5,32306100,32.3061,True,40,39876,"in-memory V7 session incl simulated KE derivation and deterministic quantum fixture; excl external KE/QKD, network, Qiskit, PRISM",time.perf_counter_ns,single_process
RELEASE,8,155,1,16,3,2026090504,2046120507,5,33858000,33.858,True,40,39876,"in-memory V7 session incl simulated KE derivation and deterministic quantum fixture; excl external KE/QKD, network, Qiskit, PRISM",time.perf_counter_ns,single_process
RELEASE,8,155,1,16,4,2026090505,2046120509,5,32189400,32.1894,True,40,39876,"in-memory V7 session incl simulated KE derivation and deterministic quantum fixture; excl external KE/QKD, network, Qiskit, PRISM",time.perf_counter_ns,single_process
RELEASE,8,155,1,16,5,2026090506,2046120511,5,32642200,32.6422,True,40,39876,"in-memory V7 session incl simulated KE derivation and deterministic quantum fixture; excl external KE/QKD, network, Qiskit, PRISM",time.perf_counter_ns,single_process
RELEASE,8,155,1,16,6,2026090507,2046120513,5,32317000,32.317,True,40,39876,"in-memory V7 session incl simulated KE derivation and deterministic quantum fixture; excl external KE/QKD, network, Qiskit, PRISM",time.perf_counter_ns,single_process
RELEASE,8,155,1,16,7,2026090508,2046120515,5,32548500,32.5485,True,40,39876,"in-memory V7 session incl simulated KE derivation and deterministic quantum fixture; excl external KE/QKD, network, Qiskit, PRISM",time.perf_counter_ns,single_process
RELEASE,8,155,1,16,8,2026090509,2046120517,5,32258600,32.2586,True,40,39876,"in-memory V7 session incl simulated KE derivation and deterministic quantum fixture; excl external KE/QKD, network, Qiskit, PRISM",time.perf_counter_ns,single_process
RELEASE,8,155,1,16,9,2026090510,2046120519,5,33500600,33.5006,True,40,39876,"in-memory V7 session incl simulated KE derivation and deterministic quantum fixture; excl external KE/QKD, network, Qiskit, PRISM",time.perf_counter_ns,single_process
RELEASE,8,155,1,16,10,2026090501,2046120511,5,33700000,33.7,True,40,39876,"in-memory V7 session incl simulated KE derivation and deterministic quantum fixture; excl external KE/QKD, network, Qiskit, PRISM",time.perf_counter_ns,single_process
RELEASE,8,155,1,16,11,2026090502,2046120513,5,33340700,33.3407,True,40,39876,"in-memory V7 session incl simulated KE derivation and deterministic quantum fixture; excl external KE/QKD, network, Qiskit, PRISM",time.perf_counter_ns,single_process
RELEASE,8,155,1,16,12,2026090503,2046120515,5,33328300,33.3283,True,40,39876,"in-memory V7 session incl simulated KE derivation and deterministic quantum fixture; excl external KE/QKD, network, Qiskit, PRISM",time.perf_counter_ns,single_process
RELEASE,8,155,1,16,13,2026090504,2046120517,5,32067700,32.0677,True,40,39876,"in-memory V7 session incl simulated KE derivation and deterministic quantum fixture; excl external KE/QKD, network, Qiskit, PRISM",time.perf_counter_ns,single_process
RELEASE,8,155,1,16,14,2026090505,2046120519,5,35532200,35.5322,True,40,39876,"in-memory V7 session incl simulated KE derivation and deterministic quantum fixture; excl external KE/QKD, network, Qiskit, PRISM",time.perf_counter_ns,single_process
RELEASE,8,155,1,16,15,2026090506,2046120521,5,33097800,33.0978,True,40,39876,"in-memory V7 session incl simulated KE derivation and deterministic quantum fixture; excl external KE/QKD, network, Qiskit, PRISM",time.perf_counter_ns,single_process
RELEASE,8,155,1,16,16,2026090507,2046120523,5,33758200,33.7582,True,40,39876,"in-memory V7 session incl simulated KE derivation and deterministic quantum fixture; excl external KE/QKD, network, Qiskit, PRISM",time.perf_counter_ns,single_process
RELEASE,8,155,1,16,17,2026090508,2046120525,5,31961200,31.9612,True,40,39876,"in-memory V7 session incl simulated KE derivation and deterministic quantum fixture; excl external KE/QKD, network, Qiskit, PRISM",time.perf_counter_ns,single_process
RELEASE,8,155,1,16,18,2026090509,2046120527,5,32856600,32.8566,True,40,39876,"in-memory V7 session incl simulated KE derivation and deterministic quantum fixture; excl external KE/QKD, network, Qiskit, PRISM",time.perf_counter_ns,single_process
RELEASE,8,155,1,16,19,2026090510,2046120529,5,32351300,32.3513,True,40,39876,"in-memory V7 session incl simulated KE derivation and deterministic quantum fixture; excl external KE/QKD, network, Qiskit, PRISM",time.perf_counter_ns,single_process
RELEASE,8,155,1,16,20,2026090501,2046120521,5,33617700,33.6177,True,40,39876,"in-memory V7 session incl simulated KE derivation and deterministic quantum fixture; excl external KE/QKD, network, Qiskit, PRISM",time.perf_counter_ns,single_process
RELEASE,8,155,1,16,21,2026090502,2046120523,5,33056400,33.0564,True,40,39876,"in-memory V7 session incl simulated KE derivation and deterministic quantum fixture; excl external KE/QKD, network, Qiskit, PRISM",time.perf_counter_ns,single_process
RELEASE,8,155,1,16,22,2026090503,2046120525,5,32777200,32.7772,True,40,39876,"in-memory V7 session incl simulated KE derivation and deterministic quantum fixture; excl external KE/QKD, network, Qiskit, PRISM",time.perf_counter_ns,single_process
RELEASE,8,155,1,16,23,2026090504,2046120527,5,32701400,32.7014,True,40,39876,"in-memory V7 session incl simulated KE derivation and deterministic quantum fixture; excl external KE/QKD, network, Qiskit, PRISM",time.perf_counter_ns,single_process
RELEASE,8,155,1,16,24,2026090505,2046120529,5,33107800,33.1078,True,40,39876,"in-memory V7 session incl simulated KE derivation and deterministic quantum fixture; excl external KE/QKD, network, Qiskit, PRISM",time.perf_counter_ns,single_process
RELEASE,8,155,1,16,25,2026090506,2046120531,5,32932100,32.9321,True,40,39876,"in-memory V7 session incl simulated KE derivation and deterministic quantum fixture; excl external KE/QKD, network, Qiskit, PRISM",time.perf_counter_ns,single_process
RELEASE,8,155,1,16,26,2026090507,2046120533,5,32665500,32.6655,True,40,39876,"in-memory V7 session incl simulated KE derivation and deterministic quantum fixture; excl external KE/QKD, network, Qiskit, PRISM",time.perf_counter_ns,single_process
RELEASE,8,155,1,16,27,2026090508,2046120535,5,32723000,32.723,True,40,39876,"in-memory V7 session incl simulated KE derivation and deterministic quantum fixture; excl external KE/QKD, network, Qiskit, PRISM",time.perf_counter_ns,single_process
RELEASE,8,155,1,16,28,2026090509,2046120537,5,32805300,32.8053,True,40,39876,"in-memory V7 session incl simulated KE derivation and deterministic quantum fixture; excl external KE/QKD, network, Qiskit, PRISM",time.perf_counter_ns,single_process
RELEASE,8,155,1,16,29,2026090510,2046120539,5,32713500,32.7135,True,40,39876,"in-memory V7 session incl simulated KE derivation and deterministic quantum fixture; excl external KE/QKD, network, Qiskit, PRISM",time.perf_counter_ns,single_process
RELEASE,8,155,2,8,0,2026090501,2046121501,5,23895300,23.8953,True,24,25780,"in-memory V7 session incl simulated KE derivation and deterministic quantum fixture; excl external KE/QKD, network, Qiskit, PRISM",time.perf_counter_ns,single_process
RELEASE,8,155,2,8,1,2026090502,2046121503,5,22489400,22.4894,True,24,25780,"in-memory V7 session incl simulated KE derivation and deterministic quantum fixture; excl external KE/QKD, network, Qiskit, PRISM",time.perf_counter_ns,single_process
RELEASE,8,155,2,8,2,2026090503,2046121505,5,22891300,22.8913,True,24,25780,"in-memory V7 session incl simulated KE derivation and deterministic quantum fixture; excl external KE/QKD, network, Qiskit, PRISM",time.perf_counter_ns,single_process
RELEASE,8,155,2,8,3,2026090504,2046121507,5,22970800,22.9708,True,24,25780,"in-memory V7 session incl simulated KE derivation and deterministic quantum fixture; excl external KE/QKD, network, Qiskit, PRISM",time.perf_counter_ns,single_process
RELEASE,8,155,2,8,4,2026090505,2046121509,5,22512700,22.5127,True,24,25780,"in-memory V7 session incl simulated KE derivation and deterministic quantum fixture; excl external KE/QKD, network, Qiskit, PRISM",time.perf_counter_ns,single_process
RELEASE,8,155,2,8,5,2026090506,2046121511,5,23227700,23.2277,True,24,25780,"in-memory V7 session incl simulated KE derivation and deterministic quantum fixture; excl external KE/QKD, network, Qiskit, PRISM",time.perf_counter_ns,single_process
RELEASE,8,155,2,8,6,2026090507,2046121513,5,23062900,23.0629,True,24,25780,"in-memory V7 session incl simulated KE derivation and deterministic quantum fixture; excl external KE/QKD, network, Qiskit, PRISM",time.perf_counter_ns,single_process
RELEASE,8,155,2,8,7,2026090508,2046121515,5,22612700,22.6127,True,24,25780,"in-memory V7 session incl simulated KE derivation and deterministic quantum fixture; excl external KE/QKD, network, Qiskit, PRISM",time.perf_counter_ns,single_process
RELEASE,8,155,2,8,8,2026090509,2046121517,5,25497100,25.4971,True,24,25780,"in-memory V7 session incl simulated KE derivation and deterministic quantum fixture; excl external KE/QKD, network, Qiskit, PRISM",time.perf_counter_ns,single_process
RELEASE,8,155,2,8,9,2026090510,2046121519,5,23043400,23.0434,True,24,25780,"in-memory V7 session incl simulated KE derivation and deterministic quantum fixture; excl external KE/QKD, network, Qiskit, PRISM",time.perf_counter_ns,single_process
RELEASE,8,155,2,8,10,2026090501,2046121511,5,22562500,22.5625,True,24,25780,"in-memory V7 session incl simulated KE derivation and deterministic quantum fixture; excl external KE/QKD, network, Qiskit, PRISM",time.perf_counter_ns,single_process
RELEASE,8,155,2,8,11,2026090502,2046121513,5,22749000,22.749,True,24,25780,"in-memory V7 session incl simulated KE derivation and deterministic quantum fixture; excl external KE/QKD, network, Qiskit, PRISM",time.perf_counter_ns,single_process
RELEASE,8,155,2,8,12,2026090503,2046121515,5,22582400,22.5824,True,24,25780,"in-memory V7 session incl simulated KE derivation and deterministic quantum fixture; excl external KE/QKD, network, Qiskit, PRISM",time.perf_counter_ns,single_process
RELEASE,8,155,2,8,13,2026090504,2046121517,5,23141400,23.1414,True,24,25780,"in-memory V7 session incl simulated KE derivation and deterministic quantum fixture; excl external KE/QKD, network, Qiskit, PRISM",time.perf_counter_ns,single_process
RELEASE,8,155,2,8,14,2026090505,2046121519,5,22500700,22.5007,True,24,25780,"in-memory V7 session incl simulated KE derivation and deterministic quantum fixture; excl external KE/QKD, network, Qiskit, PRISM",time.perf_counter_ns,single_process
RELEASE,8,155,2,8,15,2026090506,2046121521,5,22922400,22.9224,True,24,25780,"in-memory V7 session incl simulated KE derivation and deterministic quantum fixture; excl external KE/QKD, network, Qiskit, PRISM",time.perf_counter_ns,single_process
RELEASE,8,155,2,8,16,2026090507,2046121523,5,22740400,22.7404,True,24,25780,"in-memory V7 session incl simulated KE derivation and deterministic quantum fixture; excl external KE/QKD, network, Qiskit, PRISM",time.perf_counter_ns,single_process
RELEASE,8,155,2,8,17,2026090508,2046121525,5,22945400,22.9454,True,24,25780,"in-memory V7 session incl simulated KE derivation and deterministic quantum fixture; excl external KE/QKD, network, Qiskit, PRISM",time.perf_counter_ns,single_process
RELEASE,8,155,2,8,18,2026090509,2046121527,5,23357000,23.357,True,24,25780,"in-memory V7 session incl simulated KE derivation and deterministic quantum fixture; excl external KE/QKD, network, Qiskit, PRISM",time.perf_counter_ns,single_process
RELEASE,8,155,2,8,19,2026090510,2046121529,5,22750600,22.7506,True,24,25780,"in-memory V7 session incl simulated KE derivation and deterministic quantum fixture; excl external KE/QKD, network, Qiskit, PRISM",time.perf_counter_ns,single_process
RELEASE,8,155,2,8,20,2026090501,2046121521,5,22555200,22.5552,True,24,25780,"in-memory V7 session incl simulated KE derivation and deterministic quantum fixture; excl external KE/QKD, network, Qiskit, PRISM",time.perf_counter_ns,single_process
RELEASE,8,155,2,8,21,2026090502,2046121523,5,23109300,23.1093,True,24,25780,"in-memory V7 session incl simulated KE derivation and deterministic quantum fixture; excl external KE/QKD, network, Qiskit, PRISM",time.perf_counter_ns,single_process
RELEASE,8,155,2,8,22,2026090503,2046121525,5,22990600,22.9906,True,24,25780,"in-memory V7 session incl simulated KE derivation and deterministic quantum fixture; excl external KE/QKD, network, Qiskit, PRISM",time.perf_counter_ns,single_process
RELEASE,8,155,2,8,23,2026090504,2046121527,5,23527500,23.5275,True,24,25780,"in-memory V7 session incl simulated KE derivation and deterministic quantum fixture; excl external KE/QKD, network, Qiskit, PRISM",time.perf_counter_ns,single_process
RELEASE,8,155,2,8,24,2026090505,2046121529,5,24451900,24.4519,True,24,25780,"in-memory V7 session incl simulated KE derivation and deterministic quantum fixture; excl external KE/QKD, network, Qiskit, PRISM",time.perf_counter_ns,single_process
RELEASE,8,155,2,8,25,2026090506,2046121531,5,24060500,24.0605,True,24,25780,"in-memory V7 session incl simulated KE derivation and deterministic quantum fixture; excl external KE/QKD, network, Qiskit, PRISM",time.perf_counter_ns,single_process
RELEASE,8,155,2,8,26,2026090507,2046121533,5,22934700,22.9347,True,24,25780,"in-memory V7 session incl simulated KE derivation and deterministic quantum fixture; excl external KE/QKD, network, Qiskit, PRISM",time.perf_counter_ns,single_process
RELEASE,8,155,2,8,27,2026090508,2046121535,5,24427900,24.4279,True,24,25780,"in-memory V7 session incl simulated KE derivation and deterministic quantum fixture; excl external KE/QKD, network, Qiskit, PRISM",time.perf_counter_ns,single_process
RELEASE,8,155,2,8,28,2026090509,2046121537,5,22762400,22.7624,True,24,25780,"in-memory V7 session incl simulated KE derivation and deterministic quantum fixture; excl external KE/QKD, network, Qiskit, PRISM",time.perf_counter_ns,single_process
RELEASE,8,155,2,8,29,2026090510,2046121539,5,25426300,25.4263,True,24,25780,"in-memory V7 session incl simulated KE derivation and deterministic quantum fixture; excl external KE/QKD, network, Qiskit, PRISM",time.perf_counter_ns,single_process
RELEASE,8,155,4,4,0,2026090501,2046122501,5,19045400,19.0454,True,16,18732,"in-memory V7 session incl simulated KE derivation and deterministic quantum fixture; excl external KE/QKD, network, Qiskit, PRISM",time.perf_counter_ns,single_process
RELEASE,8,155,4,4,1,2026090502,2046122503,5,18149000,18.149,True,16,18732,"in-memory V7 session incl simulated KE derivation and deterministic quantum fixture; excl external KE/QKD, network, Qiskit, PRISM",time.perf_counter_ns,single_process
RELEASE,8,155,4,4,2,2026090503,2046122505,5,18495900,18.4959,True,16,18732,"in-memory V7 session incl simulated KE derivation and deterministic quantum fixture; excl external KE/QKD, network, Qiskit, PRISM",time.perf_counter_ns,single_process
RELEASE,8,155,4,4,3,2026090504,2046122507,5,18627400,18.6274,True,16,18732,"in-memory V7 session incl simulated KE derivation and deterministic quantum fixture; excl external KE/QKD, network, Qiskit, PRISM",time.perf_counter_ns,single_process
RELEASE,8,155,4,4,4,2026090505,2046122509,5,18327700,18.3277,True,16,18732,"in-memory V7 session incl simulated KE derivation and deterministic quantum fixture; excl external KE/QKD, network, Qiskit, PRISM",time.perf_counter_ns,single_process
RELEASE,8,155,4,4,5,2026090506,2046122511,5,18752000,18.752,True,16,18732,"in-memory V7 session incl simulated KE derivation and deterministic quantum fixture; excl external KE/QKD, network, Qiskit, PRISM",time.perf_counter_ns,single_process
RELEASE,8,155,4,4,6,2026090507,2046122513,5,18090400,18.0904,True,16,18732,"in-memory V7 session incl simulated KE derivation and deterministic quantum fixture; excl external KE/QKD, network, Qiskit, PRISM",time.perf_counter_ns,single_process
RELEASE,8,155,4,4,7,2026090508,2046122515,5,19245600,19.2456,True,16,18732,"in-memory V7 session incl simulated KE derivation and deterministic quantum fixture; excl external KE/QKD, network, Qiskit, PRISM",time.perf_counter_ns,single_process
RELEASE,8,155,4,4,8,2026090509,2046122517,5,18666600,18.6666,True,16,18732,"in-memory V7 session incl simulated KE derivation and deterministic quantum fixture; excl external KE/QKD, network, Qiskit, PRISM",time.perf_counter_ns,single_process
RELEASE,8,155,4,4,9,2026090510,2046122519,5,19019700,19.0197,True,16,18732,"in-memory V7 session incl simulated KE derivation and deterministic quantum fixture; excl external KE/QKD, network, Qiskit, PRISM",time.perf_counter_ns,single_process
RELEASE,8,155,4,4,10,2026090501,2046122511,5,19212600,19.2126,True,16,18732,"in-memory V7 session incl simulated KE derivation and deterministic quantum fixture; excl external KE/QKD, network, Qiskit, PRISM",time.perf_counter_ns,single_process
RELEASE,8,155,4,4,11,2026090502,2046122513,5,19830800,19.8308,True,16,18732,"in-memory V7 session incl simulated KE derivation and deterministic quantum fixture; excl external KE/QKD, network, Qiskit, PRISM",time.perf_counter_ns,single_process
RELEASE,8,155,4,4,12,2026090503,2046122515,5,21007200,21.0072,True,16,18732,"in-memory V7 session incl simulated KE derivation and deterministic quantum fixture; excl external KE/QKD, network, Qiskit, PRISM",time.perf_counter_ns,single_process
RELEASE,8,155,4,4,13,2026090504,2046122517,5,18335900,18.3359,True,16,18732,"in-memory V7 session incl simulated KE derivation and deterministic quantum fixture; excl external KE/QKD, network, Qiskit, PRISM",time.perf_counter_ns,single_process
RELEASE,8,155,4,4,14,2026090505,2046122519,5,18476800,18.4768,True,16,18732,"in-memory V7 session incl simulated KE derivation and deterministic quantum fixture; excl external KE/QKD, network, Qiskit, PRISM",time.perf_counter_ns,single_process
RELEASE,8,155,4,4,15,2026090506,2046122521,5,18158400,18.1584,True,16,18732,"in-memory V7 session incl simulated KE derivation and deterministic quantum fixture; excl external KE/QKD, network, Qiskit, PRISM",time.perf_counter_ns,single_process
RELEASE,8,155,4,4,16,2026090507,2046122523,5,17597600,17.5976,True,16,18732,"in-memory V7 session incl simulated KE derivation and deterministic quantum fixture; excl external KE/QKD, network, Qiskit, PRISM",time.perf_counter_ns,single_process
RELEASE,8,155,4,4,17,2026090508,2046122525,5,17642600,17.6426,True,16,18732,"in-memory V7 session incl simulated KE derivation and deterministic quantum fixture; excl external KE/QKD, network, Qiskit, PRISM",time.perf_counter_ns,single_process
RELEASE,8,155,4,4,18,2026090509,2046122527,5,18405600,18.4056,True,16,18732,"in-memory V7 session incl simulated KE derivation and deterministic quantum fixture; excl external KE/QKD, network, Qiskit, PRISM",time.perf_counter_ns,single_process
RELEASE,8,155,4,4,19,2026090510,2046122529,5,19216500,19.2165,True,16,18732,"in-memory V7 session incl simulated KE derivation and deterministic quantum fixture; excl external KE/QKD, network, Qiskit, PRISM",time.perf_counter_ns,single_process
RELEASE,8,155,4,4,20,2026090501,2046122521,5,19047900,19.0479,True,16,18732,"in-memory V7 session incl simulated KE derivation and deterministic quantum fixture; excl external KE/QKD, network, Qiskit, PRISM",time.perf_counter_ns,single_process
RELEASE,8,155,4,4,21,2026090502,2046122523,5,20062200,20.0622,True,16,18732,"in-memory V7 session incl simulated KE derivation and deterministic quantum fixture; excl external KE/QKD, network, Qiskit, PRISM",time.perf_counter_ns,single_process
RELEASE,8,155,4,4,22,2026090503,2046122525,5,30037300,30.0373,True,16,18732,"in-memory V7 session incl simulated KE derivation and deterministic quantum fixture; excl external KE/QKD, network, Qiskit, PRISM",time.perf_counter_ns,single_process
RELEASE,8,155,4,4,23,2026090504,2046122527,5,22644900,22.6449,True,16,18732,"in-memory V7 session incl simulated KE derivation and deterministic quantum fixture; excl external KE/QKD, network, Qiskit, PRISM",time.perf_counter_ns,single_process
RELEASE,8,155,4,4,24,2026090505,2046122529,5,20245200,20.2452,True,16,18732,"in-memory V7 session incl simulated KE derivation and deterministic quantum fixture; excl external KE/QKD, network, Qiskit, PRISM",time.perf_counter_ns,single_process
RELEASE,8,155,4,4,25,2026090506,2046122531,5,17523400,17.5234,True,16,18732,"in-memory V7 session incl simulated KE derivation and deterministic quantum fixture; excl external KE/QKD, network, Qiskit, PRISM",time.perf_counter_ns,single_process
RELEASE,8,155,4,4,26,2026090507,2046122533,5,17250500,17.2505,True,16,18732,"in-memory V7 session incl simulated KE derivation and deterministic quantum fixture; excl external KE/QKD, network, Qiskit, PRISM",time.perf_counter_ns,single_process
RELEASE,8,155,4,4,27,2026090508,2046122535,5,18014600,18.0146,True,16,18732,"in-memory V7 session incl simulated KE derivation and deterministic quantum fixture; excl external KE/QKD, network, Qiskit, PRISM",time.perf_counter_ns,single_process
RELEASE,8,155,4,4,28,2026090509,2046122537,5,18473300,18.4733,True,16,18732,"in-memory V7 session incl simulated KE derivation and deterministic quantum fixture; excl external KE/QKD, network, Qiskit, PRISM",time.perf_counter_ns,single_process
RELEASE,8,155,4,4,29,2026090510,2046122539,5,21401500,21.4015,True,16,18732,"in-memory V7 session incl simulated KE derivation and deterministic quantum fixture; excl external KE/QKD, network, Qiskit, PRISM",time.perf_counter_ns,single_process
RELEASE,8,155,8,2,0,2026090501,2046123501,5,16217500,16.2175,True,12,15208,"in-memory V7 session incl simulated KE derivation and deterministic quantum fixture; excl external KE/QKD, network, Qiskit, PRISM",time.perf_counter_ns,single_process
RELEASE,8,155,8,2,1,2026090502,2046123503,5,15813600,15.8136,True,12,15208,"in-memory V7 session incl simulated KE derivation and deterministic quantum fixture; excl external KE/QKD, network, Qiskit, PRISM",time.perf_counter_ns,single_process
RELEASE,8,155,8,2,2,2026090503,2046123505,5,15995600,15.9956,True,12,15208,"in-memory V7 session incl simulated KE derivation and deterministic quantum fixture; excl external KE/QKD, network, Qiskit, PRISM",time.perf_counter_ns,single_process
RELEASE,8,155,8,2,3,2026090504,2046123507,5,15759800,15.7598,True,12,15208,"in-memory V7 session incl simulated KE derivation and deterministic quantum fixture; excl external KE/QKD, network, Qiskit, PRISM",time.perf_counter_ns,single_process
RELEASE,8,155,8,2,4,2026090505,2046123509,5,16038300,16.0383,True,12,15208,"in-memory V7 session incl simulated KE derivation and deterministic quantum fixture; excl external KE/QKD, network, Qiskit, PRISM",time.perf_counter_ns,single_process
RELEASE,8,155,8,2,5,2026090506,2046123511,5,15611000,15.611,True,12,15208,"in-memory V7 session incl simulated KE derivation and deterministic quantum fixture; excl external KE/QKD, network, Qiskit, PRISM",time.perf_counter_ns,single_process
RELEASE,8,155,8,2,6,2026090507,2046123513,5,15944800,15.9448,True,12,15208,"in-memory V7 session incl simulated KE derivation and deterministic quantum fixture; excl external KE/QKD, network, Qiskit, PRISM",time.perf_counter_ns,single_process
RELEASE,8,155,8,2,7,2026090508,2046123515,5,16709200,16.7092,True,12,15208,"in-memory V7 session incl simulated KE derivation and deterministic quantum fixture; excl external KE/QKD, network, Qiskit, PRISM",time.perf_counter_ns,single_process
RELEASE,8,155,8,2,8,2026090509,2046123517,5,16044800,16.0448,True,12,15208,"in-memory V7 session incl simulated KE derivation and deterministic quantum fixture; excl external KE/QKD, network, Qiskit, PRISM",time.perf_counter_ns,single_process
RELEASE,8,155,8,2,9,2026090510,2046123519,5,16583800,16.5838,True,12,15208,"in-memory V7 session incl simulated KE derivation and deterministic quantum fixture; excl external KE/QKD, network, Qiskit, PRISM",time.perf_counter_ns,single_process
RELEASE,8,155,8,2,10,2026090501,2046123511,5,15557600,15.5576,True,12,15208,"in-memory V7 session incl simulated KE derivation and deterministic quantum fixture; excl external KE/QKD, network, Qiskit, PRISM",time.perf_counter_ns,single_process
RELEASE,8,155,8,2,11,2026090502,2046123513,5,16248900,16.2489,True,12,15208,"in-memory V7 session incl simulated KE derivation and deterministic quantum fixture; excl external KE/QKD, network, Qiskit, PRISM",time.perf_counter_ns,single_process
RELEASE,8,155,8,2,12,2026090503,2046123515,5,15248400,15.2484,True,12,15208,"in-memory V7 session incl simulated KE derivation and deterministic quantum fixture; excl external KE/QKD, network, Qiskit, PRISM",time.perf_counter_ns,single_process
RELEASE,8,155,8,2,13,2026090504,2046123517,5,15484300,15.4843,True,12,15208,"in-memory V7 session incl simulated KE derivation and deterministic quantum fixture; excl external KE/QKD, network, Qiskit, PRISM",time.perf_counter_ns,single_process
RELEASE,8,155,8,2,14,2026090505,2046123519,5,15866900,15.8669,True,12,15208,"in-memory V7 session incl simulated KE derivation and deterministic quantum fixture; excl external KE/QKD, network, Qiskit, PRISM",time.perf_counter_ns,single_process
RELEASE,8,155,8,2,15,2026090506,2046123521,5,15672100,15.6721,True,12,15208,"in-memory V7 session incl simulated KE derivation and deterministic quantum fixture; excl external KE/QKD, network, Qiskit, PRISM",time.perf_counter_ns,single_process
RELEASE,8,155,8,2,16,2026090507,2046123523,5,16320300,16.3203,True,12,15208,"in-memory V7 session incl simulated KE derivation and deterministic quantum fixture; excl external KE/QKD, network, Qiskit, PRISM",time.perf_counter_ns,single_process
RELEASE,8,155,8,2,17,2026090508,2046123525,5,16445200,16.4452,True,12,15208,"in-memory V7 session incl simulated KE derivation and deterministic quantum fixture; excl external KE/QKD, network, Qiskit, PRISM",time.perf_counter_ns,single_process
RELEASE,8,155,8,2,18,2026090509,2046123527,5,16123300,16.1233,True,12,15208,"in-memory V7 session incl simulated KE derivation and deterministic quantum fixture; excl external KE/QKD, network, Qiskit, PRISM",time.perf_counter_ns,single_process
RELEASE,8,155,8,2,19,2026090510,2046123529,5,15683100,15.6831,True,12,15208,"in-memory V7 session incl simulated KE derivation and deterministic quantum fixture; excl external KE/QKD, network, Qiskit, PRISM",time.perf_counter_ns,single_process
RELEASE,8,155,8,2,20,2026090501,2046123521,5,15902300,15.9023,True,12,15208,"in-memory V7 session incl simulated KE derivation and deterministic quantum fixture; excl external KE/QKD, network, Qiskit, PRISM",time.perf_counter_ns,single_process
RELEASE,8,155,8,2,21,2026090502,2046123523,5,16049100,16.0491,True,12,15208,"in-memory V7 session incl simulated KE derivation and deterministic quantum fixture; excl external KE/QKD, network, Qiskit, PRISM",time.perf_counter_ns,single_process
RELEASE,8,155,8,2,22,2026090503,2046123525,5,15431300,15.4313,True,12,15208,"in-memory V7 session incl simulated KE derivation and deterministic quantum fixture; excl external KE/QKD, network, Qiskit, PRISM",time.perf_counter_ns,single_process
RELEASE,8,155,8,2,23,2026090504,2046123527,5,15993600,15.9936,True,12,15208,"in-memory V7 session incl simulated KE derivation and deterministic quantum fixture; excl external KE/QKD, network, Qiskit, PRISM",time.perf_counter_ns,single_process
RELEASE,8,155,8,2,24,2026090505,2046123529,5,16149700,16.1497,True,12,15208,"in-memory V7 session incl simulated KE derivation and deterministic quantum fixture; excl external KE/QKD, network, Qiskit, PRISM",time.perf_counter_ns,single_process
RELEASE,8,155,8,2,25,2026090506,2046123531,5,15588000,15.588,True,12,15208,"in-memory V7 session incl simulated KE derivation and deterministic quantum fixture; excl external KE/QKD, network, Qiskit, PRISM",time.perf_counter_ns,single_process
RELEASE,8,155,8,2,26,2026090507,2046123533,5,16032800,16.0328,True,12,15208,"in-memory V7 session incl simulated KE derivation and deterministic quantum fixture; excl external KE/QKD, network, Qiskit, PRISM",time.perf_counter_ns,single_process
RELEASE,8,155,8,2,27,2026090508,2046123535,5,17587500,17.5875,True,12,15208,"in-memory V7 session incl simulated KE derivation and deterministic quantum fixture; excl external KE/QKD, network, Qiskit, PRISM",time.perf_counter_ns,single_process
RELEASE,8,155,8,2,28,2026090509,2046123537,5,15694500,15.6945,True,12,15208,"in-memory V7 session incl simulated KE derivation and deterministic quantum fixture; excl external KE/QKD, network, Qiskit, PRISM",time.perf_counter_ns,single_process
RELEASE,8,155,8,2,29,2026090510,2046123539,5,15269500,15.2695,True,12,15208,"in-memory V7 session incl simulated KE derivation and deterministic quantum fixture; excl external KE/QKD, network, Qiskit, PRISM",time.perf_counter_ns,single_process
BASIC,16,4,,0,0,2026090501,2046124501,5,4368000,4.368,True,6,4705,"in-memory V7 session incl simulated KE derivation and deterministic quantum fixture; excl external KE/QKD, network, Qiskit, PRISM",time.perf_counter_ns,single_process
BASIC,16,4,,0,1,2026090502,2046124503,5,4460700,4.4607,True,6,4705,"in-memory V7 session incl simulated KE derivation and deterministic quantum fixture; excl external KE/QKD, network, Qiskit, PRISM",time.perf_counter_ns,single_process
BASIC,16,4,,0,2,2026090503,2046124505,5,4247800,4.2478,True,6,4705,"in-memory V7 session incl simulated KE derivation and deterministic quantum fixture; excl external KE/QKD, network, Qiskit, PRISM",time.perf_counter_ns,single_process
BASIC,16,4,,0,3,2026090504,2046124507,5,4392700,4.3927,True,6,4705,"in-memory V7 session incl simulated KE derivation and deterministic quantum fixture; excl external KE/QKD, network, Qiskit, PRISM",time.perf_counter_ns,single_process
BASIC,16,4,,0,4,2026090505,2046124509,5,4344500,4.3445,True,6,4705,"in-memory V7 session incl simulated KE derivation and deterministic quantum fixture; excl external KE/QKD, network, Qiskit, PRISM",time.perf_counter_ns,single_process
BASIC,16,4,,0,5,2026090506,2046124511,5,4305900,4.3059,True,6,4705,"in-memory V7 session incl simulated KE derivation and deterministic quantum fixture; excl external KE/QKD, network, Qiskit, PRISM",time.perf_counter_ns,single_process
BASIC,16,4,,0,6,2026090507,2046124513,5,5101700,5.1017,True,6,4705,"in-memory V7 session incl simulated KE derivation and deterministic quantum fixture; excl external KE/QKD, network, Qiskit, PRISM",time.perf_counter_ns,single_process
BASIC,16,4,,0,7,2026090508,2046124515,5,4443400,4.4434,True,6,4705,"in-memory V7 session incl simulated KE derivation and deterministic quantum fixture; excl external KE/QKD, network, Qiskit, PRISM",time.perf_counter_ns,single_process
BASIC,16,4,,0,8,2026090509,2046124517,5,4337500,4.3375,True,6,4705,"in-memory V7 session incl simulated KE derivation and deterministic quantum fixture; excl external KE/QKD, network, Qiskit, PRISM",time.perf_counter_ns,single_process
BASIC,16,4,,0,9,2026090510,2046124519,5,4650200,4.6502,True,6,4705,"in-memory V7 session incl simulated KE derivation and deterministic quantum fixture; excl external KE/QKD, network, Qiskit, PRISM",time.perf_counter_ns,single_process
BASIC,16,4,,0,10,2026090501,2046124511,5,4437300,4.4373,True,6,4705,"in-memory V7 session incl simulated KE derivation and deterministic quantum fixture; excl external KE/QKD, network, Qiskit, PRISM",time.perf_counter_ns,single_process
BASIC,16,4,,0,11,2026090502,2046124513,5,4542700,4.5427,True,6,4705,"in-memory V7 session incl simulated KE derivation and deterministic quantum fixture; excl external KE/QKD, network, Qiskit, PRISM",time.perf_counter_ns,single_process
BASIC,16,4,,0,12,2026090503,2046124515,5,4913400,4.9134,True,6,4705,"in-memory V7 session incl simulated KE derivation and deterministic quantum fixture; excl external KE/QKD, network, Qiskit, PRISM",time.perf_counter_ns,single_process
BASIC,16,4,,0,13,2026090504,2046124517,5,4333800,4.3338,True,6,4705,"in-memory V7 session incl simulated KE derivation and deterministic quantum fixture; excl external KE/QKD, network, Qiskit, PRISM",time.perf_counter_ns,single_process
BASIC,16,4,,0,14,2026090505,2046124519,5,4295200,4.2952,True,6,4705,"in-memory V7 session incl simulated KE derivation and deterministic quantum fixture; excl external KE/QKD, network, Qiskit, PRISM",time.perf_counter_ns,single_process
BASIC,16,4,,0,15,2026090506,2046124521,5,4758400,4.7584,True,6,4705,"in-memory V7 session incl simulated KE derivation and deterministic quantum fixture; excl external KE/QKD, network, Qiskit, PRISM",time.perf_counter_ns,single_process
BASIC,16,4,,0,16,2026090507,2046124523,5,4561200,4.5612,True,6,4705,"in-memory V7 session incl simulated KE derivation and deterministic quantum fixture; excl external KE/QKD, network, Qiskit, PRISM",time.perf_counter_ns,single_process
BASIC,16,4,,0,17,2026090508,2046124525,5,4312600,4.3126,True,6,4705,"in-memory V7 session incl simulated KE derivation and deterministic quantum fixture; excl external KE/QKD, network, Qiskit, PRISM",time.perf_counter_ns,single_process
BASIC,16,4,,0,18,2026090509,2046124527,5,4741300,4.7413,True,6,4705,"in-memory V7 session incl simulated KE derivation and deterministic quantum fixture; excl external KE/QKD, network, Qiskit, PRISM",time.perf_counter_ns,single_process
BASIC,16,4,,0,19,2026090510,2046124529,5,4594500,4.5945,True,6,4705,"in-memory V7 session incl simulated KE derivation and deterministic quantum fixture; excl external KE/QKD, network, Qiskit, PRISM",time.perf_counter_ns,single_process
BASIC,16,4,,0,20,2026090501,2046124521,5,4397900,4.3979,True,6,4705,"in-memory V7 session incl simulated KE derivation and deterministic quantum fixture; excl external KE/QKD, network, Qiskit, PRISM",time.perf_counter_ns,single_process
BASIC,16,4,,0,21,2026090502,2046124523,5,4515700,4.5157,True,6,4705,"in-memory V7 session incl simulated KE derivation and deterministic quantum fixture; excl external KE/QKD, network, Qiskit, PRISM",time.perf_counter_ns,single_process
BASIC,16,4,,0,22,2026090503,2046124525,5,4484300,4.4843,True,6,4705,"in-memory V7 session incl simulated KE derivation and deterministic quantum fixture; excl external KE/QKD, network, Qiskit, PRISM",time.perf_counter_ns,single_process
BASIC,16,4,,0,23,2026090504,2046124527,5,4435800,4.4358,True,6,4705,"in-memory V7 session incl simulated KE derivation and deterministic quantum fixture; excl external KE/QKD, network, Qiskit, PRISM",time.perf_counter_ns,single_process
BASIC,16,4,,0,24,2026090505,2046124529,5,4502500,4.5025,True,6,4705,"in-memory V7 session incl simulated KE derivation and deterministic quantum fixture; excl external KE/QKD, network, Qiskit, PRISM",time.perf_counter_ns,single_process
BASIC,16,4,,0,25,2026090506,2046124531,5,4356700,4.3567,True,6,4705,"in-memory V7 session incl simulated KE derivation and deterministic quantum fixture; excl external KE/QKD, network, Qiskit, PRISM",time.perf_counter_ns,single_process
BASIC,16,4,,0,26,2026090507,2046124533,5,4383100,4.3831,True,6,4705,"in-memory V7 session incl simulated KE derivation and deterministic quantum fixture; excl external KE/QKD, network, Qiskit, PRISM",time.perf_counter_ns,single_process
BASIC,16,4,,0,27,2026090508,2046124535,5,4409300,4.4093,True,6,4705,"in-memory V7 session incl simulated KE derivation and deterministic quantum fixture; excl external KE/QKD, network, Qiskit, PRISM",time.perf_counter_ns,single_process
BASIC,16,4,,0,28,2026090509,2046124537,5,4308800,4.3088,True,6,4705,"in-memory V7 session incl simulated KE derivation and deterministic quantum fixture; excl external KE/QKD, network, Qiskit, PRISM",time.perf_counter_ns,single_process
BASIC,16,4,,0,29,2026090510,2046124539,5,4335100,4.3351,True,6,4705,"in-memory V7 session incl simulated KE derivation and deterministic quantum fixture; excl external KE/QKD, network, Qiskit, PRISM",time.perf_counter_ns,single_process
RELEASE,16,4,1,32,0,2026090501,2046125501,5,49857600,49.8576,True,72,62695,"in-memory V7 session incl simulated KE derivation and deterministic quantum fixture; excl external KE/QKD, network, Qiskit, PRISM",time.perf_counter_ns,single_process
RELEASE,16,4,1,32,1,2026090502,2046125503,5,46671100,46.6711,True,72,62695,"in-memory V7 session incl simulated KE derivation and deterministic quantum fixture; excl external KE/QKD, network, Qiskit, PRISM",time.perf_counter_ns,single_process
RELEASE,16,4,1,32,2,2026090503,2046125505,5,47878600,47.8786,True,72,62695,"in-memory V7 session incl simulated KE derivation and deterministic quantum fixture; excl external KE/QKD, network, Qiskit, PRISM",time.perf_counter_ns,single_process
RELEASE,16,4,1,32,3,2026090504,2046125507,5,46146300,46.1463,True,72,62695,"in-memory V7 session incl simulated KE derivation and deterministic quantum fixture; excl external KE/QKD, network, Qiskit, PRISM",time.perf_counter_ns,single_process
RELEASE,16,4,1,32,4,2026090505,2046125509,5,45546800,45.5468,True,72,62695,"in-memory V7 session incl simulated KE derivation and deterministic quantum fixture; excl external KE/QKD, network, Qiskit, PRISM",time.perf_counter_ns,single_process
RELEASE,16,4,1,32,5,2026090506,2046125511,5,45408500,45.4085,True,72,62695,"in-memory V7 session incl simulated KE derivation and deterministic quantum fixture; excl external KE/QKD, network, Qiskit, PRISM",time.perf_counter_ns,single_process
RELEASE,16,4,1,32,6,2026090507,2046125513,5,47699200,47.6992,True,72,62695,"in-memory V7 session incl simulated KE derivation and deterministic quantum fixture; excl external KE/QKD, network, Qiskit, PRISM",time.perf_counter_ns,single_process
RELEASE,16,4,1,32,7,2026090508,2046125515,5,45369200,45.3692,True,72,62695,"in-memory V7 session incl simulated KE derivation and deterministic quantum fixture; excl external KE/QKD, network, Qiskit, PRISM",time.perf_counter_ns,single_process
RELEASE,16,4,1,32,8,2026090509,2046125517,5,46029500,46.0295,True,72,62695,"in-memory V7 session incl simulated KE derivation and deterministic quantum fixture; excl external KE/QKD, network, Qiskit, PRISM",time.perf_counter_ns,single_process
RELEASE,16,4,1,32,9,2026090510,2046125519,5,45833900,45.8339,True,72,62695,"in-memory V7 session incl simulated KE derivation and deterministic quantum fixture; excl external KE/QKD, network, Qiskit, PRISM",time.perf_counter_ns,single_process
RELEASE,16,4,1,32,10,2026090501,2046125511,5,46300800,46.3008,True,72,62695,"in-memory V7 session incl simulated KE derivation and deterministic quantum fixture; excl external KE/QKD, network, Qiskit, PRISM",time.perf_counter_ns,single_process
RELEASE,16,4,1,32,11,2026090502,2046125513,5,46281400,46.2814,True,72,62695,"in-memory V7 session incl simulated KE derivation and deterministic quantum fixture; excl external KE/QKD, network, Qiskit, PRISM",time.perf_counter_ns,single_process
RELEASE,16,4,1,32,12,2026090503,2046125515,5,49638300,49.6383,True,72,62695,"in-memory V7 session incl simulated KE derivation and deterministic quantum fixture; excl external KE/QKD, network, Qiskit, PRISM",time.perf_counter_ns,single_process
RELEASE,16,4,1,32,13,2026090504,2046125517,5,45947000,45.947,True,72,62695,"in-memory V7 session incl simulated KE derivation and deterministic quantum fixture; excl external KE/QKD, network, Qiskit, PRISM",time.perf_counter_ns,single_process
RELEASE,16,4,1,32,14,2026090505,2046125519,5,46765200,46.7652,True,72,62695,"in-memory V7 session incl simulated KE derivation and deterministic quantum fixture; excl external KE/QKD, network, Qiskit, PRISM",time.perf_counter_ns,single_process
RELEASE,16,4,1,32,15,2026090506,2046125521,5,45857800,45.8578,True,72,62695,"in-memory V7 session incl simulated KE derivation and deterministic quantum fixture; excl external KE/QKD, network, Qiskit, PRISM",time.perf_counter_ns,single_process
RELEASE,16,4,1,32,16,2026090507,2046125523,5,45243600,45.2436,True,72,62695,"in-memory V7 session incl simulated KE derivation and deterministic quantum fixture; excl external KE/QKD, network, Qiskit, PRISM",time.perf_counter_ns,single_process
RELEASE,16,4,1,32,17,2026090508,2046125525,5,45982400,45.9824,True,72,62695,"in-memory V7 session incl simulated KE derivation and deterministic quantum fixture; excl external KE/QKD, network, Qiskit, PRISM",time.perf_counter_ns,single_process
RELEASE,16,4,1,32,18,2026090509,2046125527,5,45266100,45.2661,True,72,62695,"in-memory V7 session incl simulated KE derivation and deterministic quantum fixture; excl external KE/QKD, network, Qiskit, PRISM",time.perf_counter_ns,single_process
RELEASE,16,4,1,32,19,2026090510,2046125529,5,45807600,45.8076,True,72,62695,"in-memory V7 session incl simulated KE derivation and deterministic quantum fixture; excl external KE/QKD, network, Qiskit, PRISM",time.perf_counter_ns,single_process
RELEASE,16,4,1,32,20,2026090501,2046125521,5,46860600,46.8606,True,72,62695,"in-memory V7 session incl simulated KE derivation and deterministic quantum fixture; excl external KE/QKD, network, Qiskit, PRISM",time.perf_counter_ns,single_process
RELEASE,16,4,1,32,21,2026090502,2046125523,5,46217300,46.2173,True,72,62695,"in-memory V7 session incl simulated KE derivation and deterministic quantum fixture; excl external KE/QKD, network, Qiskit, PRISM",time.perf_counter_ns,single_process
RELEASE,16,4,1,32,22,2026090503,2046125525,5,46590200,46.5902,True,72,62695,"in-memory V7 session incl simulated KE derivation and deterministic quantum fixture; excl external KE/QKD, network, Qiskit, PRISM",time.perf_counter_ns,single_process
RELEASE,16,4,1,32,23,2026090504,2046125527,5,47347800,47.3478,True,72,62695,"in-memory V7 session incl simulated KE derivation and deterministic quantum fixture; excl external KE/QKD, network, Qiskit, PRISM",time.perf_counter_ns,single_process
RELEASE,16,4,1,32,24,2026090505,2046125529,5,49476000,49.476,True,72,62695,"in-memory V7 session incl simulated KE derivation and deterministic quantum fixture; excl external KE/QKD, network, Qiskit, PRISM",time.perf_counter_ns,single_process
RELEASE,16,4,1,32,25,2026090506,2046125531,5,45854000,45.854,True,72,62695,"in-memory V7 session incl simulated KE derivation and deterministic quantum fixture; excl external KE/QKD, network, Qiskit, PRISM",time.perf_counter_ns,single_process
RELEASE,16,4,1,32,26,2026090507,2046125533,5,46560600,46.5606,True,72,62695,"in-memory V7 session incl simulated KE derivation and deterministic quantum fixture; excl external KE/QKD, network, Qiskit, PRISM",time.perf_counter_ns,single_process
RELEASE,16,4,1,32,27,2026090508,2046125535,5,46280200,46.2802,True,72,62695,"in-memory V7 session incl simulated KE derivation and deterministic quantum fixture; excl external KE/QKD, network, Qiskit, PRISM",time.perf_counter_ns,single_process
RELEASE,16,4,1,32,28,2026090509,2046125537,5,46423000,46.423,True,72,62695,"in-memory V7 session incl simulated KE derivation and deterministic quantum fixture; excl external KE/QKD, network, Qiskit, PRISM",time.perf_counter_ns,single_process
RELEASE,16,4,1,32,29,2026090510,2046125539,5,46386300,46.3863,True,72,62695,"in-memory V7 session incl simulated KE derivation and deterministic quantum fixture; excl external KE/QKD, network, Qiskit, PRISM",time.perf_counter_ns,single_process
RELEASE,16,4,2,16,0,2026090501,2046126501,5,24637700,24.6377,True,40,34503,"in-memory V7 session incl simulated KE derivation and deterministic quantum fixture; excl external KE/QKD, network, Qiskit, PRISM",time.perf_counter_ns,single_process
RELEASE,16,4,2,16,1,2026090502,2046126503,5,24313500,24.3135,True,40,34503,"in-memory V7 session incl simulated KE derivation and deterministic quantum fixture; excl external KE/QKD, network, Qiskit, PRISM",time.perf_counter_ns,single_process
RELEASE,16,4,2,16,2,2026090503,2046126505,5,24282000,24.282,True,40,34503,"in-memory V7 session incl simulated KE derivation and deterministic quantum fixture; excl external KE/QKD, network, Qiskit, PRISM",time.perf_counter_ns,single_process
RELEASE,16,4,2,16,3,2026090504,2046126507,5,24691400,24.6914,True,40,34503,"in-memory V7 session incl simulated KE derivation and deterministic quantum fixture; excl external KE/QKD, network, Qiskit, PRISM",time.perf_counter_ns,single_process
RELEASE,16,4,2,16,4,2026090505,2046126509,5,24109000,24.109,True,40,34503,"in-memory V7 session incl simulated KE derivation and deterministic quantum fixture; excl external KE/QKD, network, Qiskit, PRISM",time.perf_counter_ns,single_process
RELEASE,16,4,2,16,5,2026090506,2046126511,5,24496000,24.496,True,40,34503,"in-memory V7 session incl simulated KE derivation and deterministic quantum fixture; excl external KE/QKD, network, Qiskit, PRISM",time.perf_counter_ns,single_process
RELEASE,16,4,2,16,6,2026090507,2046126513,5,24533800,24.5338,True,40,34503,"in-memory V7 session incl simulated KE derivation and deterministic quantum fixture; excl external KE/QKD, network, Qiskit, PRISM",time.perf_counter_ns,single_process
RELEASE,16,4,2,16,7,2026090508,2046126515,5,28449600,28.4496,True,40,34503,"in-memory V7 session incl simulated KE derivation and deterministic quantum fixture; excl external KE/QKD, network, Qiskit, PRISM",time.perf_counter_ns,single_process
RELEASE,16,4,2,16,8,2026090509,2046126517,5,24589800,24.5898,True,40,34503,"in-memory V7 session incl simulated KE derivation and deterministic quantum fixture; excl external KE/QKD, network, Qiskit, PRISM",time.perf_counter_ns,single_process
RELEASE,16,4,2,16,9,2026090510,2046126519,5,24481100,24.4811,True,40,34503,"in-memory V7 session incl simulated KE derivation and deterministic quantum fixture; excl external KE/QKD, network, Qiskit, PRISM",time.perf_counter_ns,single_process
RELEASE,16,4,2,16,10,2026090501,2046126511,5,24453100,24.4531,True,40,34503,"in-memory V7 session incl simulated KE derivation and deterministic quantum fixture; excl external KE/QKD, network, Qiskit, PRISM",time.perf_counter_ns,single_process
RELEASE,16,4,2,16,11,2026090502,2046126513,5,24449100,24.4491,True,40,34503,"in-memory V7 session incl simulated KE derivation and deterministic quantum fixture; excl external KE/QKD, network, Qiskit, PRISM",time.perf_counter_ns,single_process
RELEASE,16,4,2,16,12,2026090503,2046126515,5,24072200,24.0722,True,40,34503,"in-memory V7 session incl simulated KE derivation and deterministic quantum fixture; excl external KE/QKD, network, Qiskit, PRISM",time.perf_counter_ns,single_process
RELEASE,16,4,2,16,13,2026090504,2046126517,5,25060300,25.0603,True,40,34503,"in-memory V7 session incl simulated KE derivation and deterministic quantum fixture; excl external KE/QKD, network, Qiskit, PRISM",time.perf_counter_ns,single_process
RELEASE,16,4,2,16,14,2026090505,2046126519,5,24601300,24.6013,True,40,34503,"in-memory V7 session incl simulated KE derivation and deterministic quantum fixture; excl external KE/QKD, network, Qiskit, PRISM",time.perf_counter_ns,single_process
RELEASE,16,4,2,16,15,2026090506,2046126521,5,24696500,24.6965,True,40,34503,"in-memory V7 session incl simulated KE derivation and deterministic quantum fixture; excl external KE/QKD, network, Qiskit, PRISM",time.perf_counter_ns,single_process
RELEASE,16,4,2,16,16,2026090507,2046126523,5,24432200,24.4322,True,40,34503,"in-memory V7 session incl simulated KE derivation and deterministic quantum fixture; excl external KE/QKD, network, Qiskit, PRISM",time.perf_counter_ns,single_process
RELEASE,16,4,2,16,17,2026090508,2046126525,5,25519400,25.5194,True,40,34503,"in-memory V7 session incl simulated KE derivation and deterministic quantum fixture; excl external KE/QKD, network, Qiskit, PRISM",time.perf_counter_ns,single_process
RELEASE,16,4,2,16,18,2026090509,2046126527,5,24674800,24.6748,True,40,34503,"in-memory V7 session incl simulated KE derivation and deterministic quantum fixture; excl external KE/QKD, network, Qiskit, PRISM",time.perf_counter_ns,single_process
RELEASE,16,4,2,16,19,2026090510,2046126529,5,25144400,25.1444,True,40,34503,"in-memory V7 session incl simulated KE derivation and deterministic quantum fixture; excl external KE/QKD, network, Qiskit, PRISM",time.perf_counter_ns,single_process
RELEASE,16,4,2,16,20,2026090501,2046126521,5,24351200,24.3512,True,40,34503,"in-memory V7 session incl simulated KE derivation and deterministic quantum fixture; excl external KE/QKD, network, Qiskit, PRISM",time.perf_counter_ns,single_process
RELEASE,16,4,2,16,21,2026090502,2046126523,5,24487200,24.4872,True,40,34503,"in-memory V7 session incl simulated KE derivation and deterministic quantum fixture; excl external KE/QKD, network, Qiskit, PRISM",time.perf_counter_ns,single_process
RELEASE,16,4,2,16,22,2026090503,2046126525,5,24575800,24.5758,True,40,34503,"in-memory V7 session incl simulated KE derivation and deterministic quantum fixture; excl external KE/QKD, network, Qiskit, PRISM",time.perf_counter_ns,single_process
RELEASE,16,4,2,16,23,2026090504,2046126527,5,25137500,25.1375,True,40,34503,"in-memory V7 session incl simulated KE derivation and deterministic quantum fixture; excl external KE/QKD, network, Qiskit, PRISM",time.perf_counter_ns,single_process
RELEASE,16,4,2,16,24,2026090505,2046126529,5,24595900,24.5959,True,40,34503,"in-memory V7 session incl simulated KE derivation and deterministic quantum fixture; excl external KE/QKD, network, Qiskit, PRISM",time.perf_counter_ns,single_process
RELEASE,16,4,2,16,25,2026090506,2046126531,5,24752900,24.7529,True,40,34503,"in-memory V7 session incl simulated KE derivation and deterministic quantum fixture; excl external KE/QKD, network, Qiskit, PRISM",time.perf_counter_ns,single_process
RELEASE,16,4,2,16,26,2026090507,2046126533,5,24853700,24.8537,True,40,34503,"in-memory V7 session incl simulated KE derivation and deterministic quantum fixture; excl external KE/QKD, network, Qiskit, PRISM",time.perf_counter_ns,single_process
RELEASE,16,4,2,16,27,2026090508,2046126535,5,24777500,24.7775,True,40,34503,"in-memory V7 session incl simulated KE derivation and deterministic quantum fixture; excl external KE/QKD, network, Qiskit, PRISM",time.perf_counter_ns,single_process
RELEASE,16,4,2,16,28,2026090509,2046126537,5,24398800,24.3988,True,40,34503,"in-memory V7 session incl simulated KE derivation and deterministic quantum fixture; excl external KE/QKD, network, Qiskit, PRISM",time.perf_counter_ns,single_process
RELEASE,16,4,2,16,29,2026090510,2046126539,5,27612600,27.6126,True,40,34503,"in-memory V7 session incl simulated KE derivation and deterministic quantum fixture; excl external KE/QKD, network, Qiskit, PRISM",time.perf_counter_ns,single_process
RELEASE,16,4,4,8,0,2026090501,2046127501,5,14923300,14.9233,True,24,20407,"in-memory V7 session incl simulated KE derivation and deterministic quantum fixture; excl external KE/QKD, network, Qiskit, PRISM",time.perf_counter_ns,single_process
RELEASE,16,4,4,8,1,2026090502,2046127503,5,14722600,14.7226,True,24,20407,"in-memory V7 session incl simulated KE derivation and deterministic quantum fixture; excl external KE/QKD, network, Qiskit, PRISM",time.perf_counter_ns,single_process
RELEASE,16,4,4,8,2,2026090503,2046127505,5,14759600,14.7596,True,24,20407,"in-memory V7 session incl simulated KE derivation and deterministic quantum fixture; excl external KE/QKD, network, Qiskit, PRISM",time.perf_counter_ns,single_process
RELEASE,16,4,4,8,3,2026090504,2046127507,5,14716600,14.7166,True,24,20407,"in-memory V7 session incl simulated KE derivation and deterministic quantum fixture; excl external KE/QKD, network, Qiskit, PRISM",time.perf_counter_ns,single_process
RELEASE,16,4,4,8,4,2026090505,2046127509,5,14849900,14.8499,True,24,20407,"in-memory V7 session incl simulated KE derivation and deterministic quantum fixture; excl external KE/QKD, network, Qiskit, PRISM",time.perf_counter_ns,single_process
RELEASE,16,4,4,8,5,2026090506,2046127511,5,14940900,14.9409,True,24,20407,"in-memory V7 session incl simulated KE derivation and deterministic quantum fixture; excl external KE/QKD, network, Qiskit, PRISM",time.perf_counter_ns,single_process
RELEASE,16,4,4,8,6,2026090507,2046127513,5,14959200,14.9592,True,24,20407,"in-memory V7 session incl simulated KE derivation and deterministic quantum fixture; excl external KE/QKD, network, Qiskit, PRISM",time.perf_counter_ns,single_process
RELEASE,16,4,4,8,7,2026090508,2046127515,5,14866900,14.8669,True,24,20407,"in-memory V7 session incl simulated KE derivation and deterministic quantum fixture; excl external KE/QKD, network, Qiskit, PRISM",time.perf_counter_ns,single_process
RELEASE,16,4,4,8,8,2026090509,2046127517,5,14648400,14.6484,True,24,20407,"in-memory V7 session incl simulated KE derivation and deterministic quantum fixture; excl external KE/QKD, network, Qiskit, PRISM",time.perf_counter_ns,single_process
RELEASE,16,4,4,8,9,2026090510,2046127519,5,15345700,15.3457,True,24,20407,"in-memory V7 session incl simulated KE derivation and deterministic quantum fixture; excl external KE/QKD, network, Qiskit, PRISM",time.perf_counter_ns,single_process
RELEASE,16,4,4,8,10,2026090501,2046127511,5,15047900,15.0479,True,24,20407,"in-memory V7 session incl simulated KE derivation and deterministic quantum fixture; excl external KE/QKD, network, Qiskit, PRISM",time.perf_counter_ns,single_process
RELEASE,16,4,4,8,11,2026090502,2046127513,5,14781000,14.781,True,24,20407,"in-memory V7 session incl simulated KE derivation and deterministic quantum fixture; excl external KE/QKD, network, Qiskit, PRISM",time.perf_counter_ns,single_process
RELEASE,16,4,4,8,12,2026090503,2046127515,5,14934400,14.9344,True,24,20407,"in-memory V7 session incl simulated KE derivation and deterministic quantum fixture; excl external KE/QKD, network, Qiskit, PRISM",time.perf_counter_ns,single_process
RELEASE,16,4,4,8,13,2026090504,2046127517,5,14719200,14.7192,True,24,20407,"in-memory V7 session incl simulated KE derivation and deterministic quantum fixture; excl external KE/QKD, network, Qiskit, PRISM",time.perf_counter_ns,single_process
RELEASE,16,4,4,8,14,2026090505,2046127519,5,14857400,14.8574,True,24,20407,"in-memory V7 session incl simulated KE derivation and deterministic quantum fixture; excl external KE/QKD, network, Qiskit, PRISM",time.perf_counter_ns,single_process
RELEASE,16,4,4,8,15,2026090506,2046127521,5,14953500,14.9535,True,24,20407,"in-memory V7 session incl simulated KE derivation and deterministic quantum fixture; excl external KE/QKD, network, Qiskit, PRISM",time.perf_counter_ns,single_process
RELEASE,16,4,4,8,16,2026090507,2046127523,5,14740500,14.7405,True,24,20407,"in-memory V7 session incl simulated KE derivation and deterministic quantum fixture; excl external KE/QKD, network, Qiskit, PRISM",time.perf_counter_ns,single_process
RELEASE,16,4,4,8,17,2026090508,2046127525,5,14851100,14.8511,True,24,20407,"in-memory V7 session incl simulated KE derivation and deterministic quantum fixture; excl external KE/QKD, network, Qiskit, PRISM",time.perf_counter_ns,single_process
RELEASE,16,4,4,8,18,2026090509,2046127527,5,15228200,15.2282,True,24,20407,"in-memory V7 session incl simulated KE derivation and deterministic quantum fixture; excl external KE/QKD, network, Qiskit, PRISM",time.perf_counter_ns,single_process
RELEASE,16,4,4,8,19,2026090510,2046127529,5,14707800,14.7078,True,24,20407,"in-memory V7 session incl simulated KE derivation and deterministic quantum fixture; excl external KE/QKD, network, Qiskit, PRISM",time.perf_counter_ns,single_process
RELEASE,16,4,4,8,20,2026090501,2046127521,5,14729700,14.7297,True,24,20407,"in-memory V7 session incl simulated KE derivation and deterministic quantum fixture; excl external KE/QKD, network, Qiskit, PRISM",time.perf_counter_ns,single_process
RELEASE,16,4,4,8,21,2026090502,2046127523,5,15037400,15.0374,True,24,20407,"in-memory V7 session incl simulated KE derivation and deterministic quantum fixture; excl external KE/QKD, network, Qiskit, PRISM",time.perf_counter_ns,single_process
RELEASE,16,4,4,8,22,2026090503,2046127525,5,14887200,14.8872,True,24,20407,"in-memory V7 session incl simulated KE derivation and deterministic quantum fixture; excl external KE/QKD, network, Qiskit, PRISM",time.perf_counter_ns,single_process
RELEASE,16,4,4,8,23,2026090504,2046127527,5,15409400,15.4094,True,24,20407,"in-memory V7 session incl simulated KE derivation and deterministic quantum fixture; excl external KE/QKD, network, Qiskit, PRISM",time.perf_counter_ns,single_process
RELEASE,16,4,4,8,24,2026090505,2046127529,5,15707100,15.7071,True,24,20407,"in-memory V7 session incl simulated KE derivation and deterministic quantum fixture; excl external KE/QKD, network, Qiskit, PRISM",time.perf_counter_ns,single_process
RELEASE,16,4,4,8,25,2026090506,2046127531,5,14940000,14.94,True,24,20407,"in-memory V7 session incl simulated KE derivation and deterministic quantum fixture; excl external KE/QKD, network, Qiskit, PRISM",time.perf_counter_ns,single_process
RELEASE,16,4,4,8,26,2026090507,2046127533,5,15216400,15.2164,True,24,20407,"in-memory V7 session incl simulated KE derivation and deterministic quantum fixture; excl external KE/QKD, network, Qiskit, PRISM",time.perf_counter_ns,single_process
RELEASE,16,4,4,8,27,2026090508,2046127535,5,14821800,14.8218,True,24,20407,"in-memory V7 session incl simulated KE derivation and deterministic quantum fixture; excl external KE/QKD, network, Qiskit, PRISM",time.perf_counter_ns,single_process
RELEASE,16,4,4,8,28,2026090509,2046127537,5,15013500,15.0135,True,24,20407,"in-memory V7 session incl simulated KE derivation and deterministic quantum fixture; excl external KE/QKD, network, Qiskit, PRISM",time.perf_counter_ns,single_process
RELEASE,16,4,4,8,29,2026090510,2046127539,5,14698500,14.6985,True,24,20407,"in-memory V7 session incl simulated KE derivation and deterministic quantum fixture; excl external KE/QKD, network, Qiskit, PRISM",time.perf_counter_ns,single_process
RELEASE,16,4,8,4,0,2026090501,2046128501,5,9992100,9.9921,True,16,13359,"in-memory V7 session incl simulated KE derivation and deterministic quantum fixture; excl external KE/QKD, network, Qiskit, PRISM",time.perf_counter_ns,single_process
RELEASE,16,4,8,4,1,2026090502,2046128503,5,10790300,10.7903,True,16,13359,"in-memory V7 session incl simulated KE derivation and deterministic quantum fixture; excl external KE/QKD, network, Qiskit, PRISM",time.perf_counter_ns,single_process
RELEASE,16,4,8,4,2,2026090503,2046128505,5,10614100,10.6141,True,16,13359,"in-memory V7 session incl simulated KE derivation and deterministic quantum fixture; excl external KE/QKD, network, Qiskit, PRISM",time.perf_counter_ns,single_process
RELEASE,16,4,8,4,3,2026090504,2046128507,5,10531300,10.5313,True,16,13359,"in-memory V7 session incl simulated KE derivation and deterministic quantum fixture; excl external KE/QKD, network, Qiskit, PRISM",time.perf_counter_ns,single_process
RELEASE,16,4,8,4,4,2026090505,2046128509,5,9788700,9.7887,True,16,13359,"in-memory V7 session incl simulated KE derivation and deterministic quantum fixture; excl external KE/QKD, network, Qiskit, PRISM",time.perf_counter_ns,single_process
RELEASE,16,4,8,4,5,2026090506,2046128511,5,10088200,10.0882,True,16,13359,"in-memory V7 session incl simulated KE derivation and deterministic quantum fixture; excl external KE/QKD, network, Qiskit, PRISM",time.perf_counter_ns,single_process
RELEASE,16,4,8,4,6,2026090507,2046128513,5,9829300,9.8293,True,16,13359,"in-memory V7 session incl simulated KE derivation and deterministic quantum fixture; excl external KE/QKD, network, Qiskit, PRISM",time.perf_counter_ns,single_process
RELEASE,16,4,8,4,7,2026090508,2046128515,5,10021300,10.0213,True,16,13359,"in-memory V7 session incl simulated KE derivation and deterministic quantum fixture; excl external KE/QKD, network, Qiskit, PRISM",time.perf_counter_ns,single_process
RELEASE,16,4,8,4,8,2026090509,2046128517,5,12780700,12.7807,True,16,13359,"in-memory V7 session incl simulated KE derivation and deterministic quantum fixture; excl external KE/QKD, network, Qiskit, PRISM",time.perf_counter_ns,single_process
RELEASE,16,4,8,4,9,2026090510,2046128519,5,9975300,9.9753,True,16,13359,"in-memory V7 session incl simulated KE derivation and deterministic quantum fixture; excl external KE/QKD, network, Qiskit, PRISM",time.perf_counter_ns,single_process
RELEASE,16,4,8,4,10,2026090501,2046128511,5,10031100,10.0311,True,16,13359,"in-memory V7 session incl simulated KE derivation and deterministic quantum fixture; excl external KE/QKD, network, Qiskit, PRISM",time.perf_counter_ns,single_process
RELEASE,16,4,8,4,11,2026090502,2046128513,5,10276700,10.2767,True,16,13359,"in-memory V7 session incl simulated KE derivation and deterministic quantum fixture; excl external KE/QKD, network, Qiskit, PRISM",time.perf_counter_ns,single_process
RELEASE,16,4,8,4,12,2026090503,2046128515,5,9888400,9.8884,True,16,13359,"in-memory V7 session incl simulated KE derivation and deterministic quantum fixture; excl external KE/QKD, network, Qiskit, PRISM",time.perf_counter_ns,single_process
RELEASE,16,4,8,4,13,2026090504,2046128517,5,9980500,9.9805,True,16,13359,"in-memory V7 session incl simulated KE derivation and deterministic quantum fixture; excl external KE/QKD, network, Qiskit, PRISM",time.perf_counter_ns,single_process
RELEASE,16,4,8,4,14,2026090505,2046128519,5,9866500,9.8665,True,16,13359,"in-memory V7 session incl simulated KE derivation and deterministic quantum fixture; excl external KE/QKD, network, Qiskit, PRISM",time.perf_counter_ns,single_process
RELEASE,16,4,8,4,15,2026090506,2046128521,5,9751200,9.7512,True,16,13359,"in-memory V7 session incl simulated KE derivation and deterministic quantum fixture; excl external KE/QKD, network, Qiskit, PRISM",time.perf_counter_ns,single_process
RELEASE,16,4,8,4,16,2026090507,2046128523,5,10148200,10.1482,True,16,13359,"in-memory V7 session incl simulated KE derivation and deterministic quantum fixture; excl external KE/QKD, network, Qiskit, PRISM",time.perf_counter_ns,single_process
RELEASE,16,4,8,4,17,2026090508,2046128525,5,10297700,10.2977,True,16,13359,"in-memory V7 session incl simulated KE derivation and deterministic quantum fixture; excl external KE/QKD, network, Qiskit, PRISM",time.perf_counter_ns,single_process
RELEASE,16,4,8,4,18,2026090509,2046128527,5,10264900,10.2649,True,16,13359,"in-memory V7 session incl simulated KE derivation and deterministic quantum fixture; excl external KE/QKD, network, Qiskit, PRISM",time.perf_counter_ns,single_process
RELEASE,16,4,8,4,19,2026090510,2046128529,5,9609400,9.6094,True,16,13359,"in-memory V7 session incl simulated KE derivation and deterministic quantum fixture; excl external KE/QKD, network, Qiskit, PRISM",time.perf_counter_ns,single_process
RELEASE,16,4,8,4,20,2026090501,2046128521,5,10275600,10.2756,True,16,13359,"in-memory V7 session incl simulated KE derivation and deterministic quantum fixture; excl external KE/QKD, network, Qiskit, PRISM",time.perf_counter_ns,single_process
RELEASE,16,4,8,4,21,2026090502,2046128523,5,9891600,9.8916,True,16,13359,"in-memory V7 session incl simulated KE derivation and deterministic quantum fixture; excl external KE/QKD, network, Qiskit, PRISM",time.perf_counter_ns,single_process
RELEASE,16,4,8,4,22,2026090503,2046128525,5,10588500,10.5885,True,16,13359,"in-memory V7 session incl simulated KE derivation and deterministic quantum fixture; excl external KE/QKD, network, Qiskit, PRISM",time.perf_counter_ns,single_process
RELEASE,16,4,8,4,23,2026090504,2046128527,5,10227400,10.2274,True,16,13359,"in-memory V7 session incl simulated KE derivation and deterministic quantum fixture; excl external KE/QKD, network, Qiskit, PRISM",time.perf_counter_ns,single_process
RELEASE,16,4,8,4,24,2026090505,2046128529,5,10489000,10.489,True,16,13359,"in-memory V7 session incl simulated KE derivation and deterministic quantum fixture; excl external KE/QKD, network, Qiskit, PRISM",time.perf_counter_ns,single_process
RELEASE,16,4,8,4,25,2026090506,2046128531,5,10101500,10.1015,True,16,13359,"in-memory V7 session incl simulated KE derivation and deterministic quantum fixture; excl external KE/QKD, network, Qiskit, PRISM",time.perf_counter_ns,single_process
RELEASE,16,4,8,4,26,2026090507,2046128533,5,10103000,10.103,True,16,13359,"in-memory V7 session incl simulated KE derivation and deterministic quantum fixture; excl external KE/QKD, network, Qiskit, PRISM",time.perf_counter_ns,single_process
RELEASE,16,4,8,4,27,2026090508,2046128535,5,10058800,10.0588,True,16,13359,"in-memory V7 session incl simulated KE derivation and deterministic quantum fixture; excl external KE/QKD, network, Qiskit, PRISM",time.perf_counter_ns,single_process
RELEASE,16,4,8,4,28,2026090509,2046128537,5,10218900,10.2189,True,16,13359,"in-memory V7 session incl simulated KE derivation and deterministic quantum fixture; excl external KE/QKD, network, Qiskit, PRISM",time.perf_counter_ns,single_process
RELEASE,16,4,8,4,29,2026090510,2046128539,5,9948200,9.9482,True,16,13359,"in-memory V7 session incl simulated KE derivation and deterministic quantum fixture; excl external KE/QKD, network, Qiskit, PRISM",time.perf_counter_ns,single_process
BASIC,16,155,,0,0,2026090501,2046129501,5,13495400,13.4954,True,6,10142,"in-memory V7 session incl simulated KE derivation and deterministic quantum fixture; excl external KE/QKD, network, Qiskit, PRISM",time.perf_counter_ns,single_process
BASIC,16,155,,0,1,2026090502,2046129503,5,13120800,13.1208,True,6,10142,"in-memory V7 session incl simulated KE derivation and deterministic quantum fixture; excl external KE/QKD, network, Qiskit, PRISM",time.perf_counter_ns,single_process
BASIC,16,155,,0,2,2026090503,2046129505,5,12977500,12.9775,True,6,10142,"in-memory V7 session incl simulated KE derivation and deterministic quantum fixture; excl external KE/QKD, network, Qiskit, PRISM",time.perf_counter_ns,single_process
BASIC,16,155,,0,3,2026090504,2046129507,5,12846600,12.8466,True,6,10142,"in-memory V7 session incl simulated KE derivation and deterministic quantum fixture; excl external KE/QKD, network, Qiskit, PRISM",time.perf_counter_ns,single_process
BASIC,16,155,,0,4,2026090505,2046129509,5,12771000,12.771,True,6,10142,"in-memory V7 session incl simulated KE derivation and deterministic quantum fixture; excl external KE/QKD, network, Qiskit, PRISM",time.perf_counter_ns,single_process
BASIC,16,155,,0,5,2026090506,2046129511,5,12608400,12.6084,True,6,10142,"in-memory V7 session incl simulated KE derivation and deterministic quantum fixture; excl external KE/QKD, network, Qiskit, PRISM",time.perf_counter_ns,single_process
BASIC,16,155,,0,6,2026090507,2046129513,5,12514700,12.5147,True,6,10142,"in-memory V7 session incl simulated KE derivation and deterministic quantum fixture; excl external KE/QKD, network, Qiskit, PRISM",time.perf_counter_ns,single_process
BASIC,16,155,,0,7,2026090508,2046129515,5,12795200,12.7952,True,6,10142,"in-memory V7 session incl simulated KE derivation and deterministic quantum fixture; excl external KE/QKD, network, Qiskit, PRISM",time.perf_counter_ns,single_process
BASIC,16,155,,0,8,2026090509,2046129517,5,13298300,13.2983,True,6,10142,"in-memory V7 session incl simulated KE derivation and deterministic quantum fixture; excl external KE/QKD, network, Qiskit, PRISM",time.perf_counter_ns,single_process
BASIC,16,155,,0,9,2026090510,2046129519,5,12646600,12.6466,True,6,10142,"in-memory V7 session incl simulated KE derivation and deterministic quantum fixture; excl external KE/QKD, network, Qiskit, PRISM",time.perf_counter_ns,single_process
BASIC,16,155,,0,10,2026090501,2046129511,5,12487200,12.4872,True,6,10142,"in-memory V7 session incl simulated KE derivation and deterministic quantum fixture; excl external KE/QKD, network, Qiskit, PRISM",time.perf_counter_ns,single_process
BASIC,16,155,,0,11,2026090502,2046129513,5,13087900,13.0879,True,6,10142,"in-memory V7 session incl simulated KE derivation and deterministic quantum fixture; excl external KE/QKD, network, Qiskit, PRISM",time.perf_counter_ns,single_process
BASIC,16,155,,0,12,2026090503,2046129515,5,12437200,12.4372,True,6,10142,"in-memory V7 session incl simulated KE derivation and deterministic quantum fixture; excl external KE/QKD, network, Qiskit, PRISM",time.perf_counter_ns,single_process
BASIC,16,155,,0,13,2026090504,2046129517,5,12631400,12.6314,True,6,10142,"in-memory V7 session incl simulated KE derivation and deterministic quantum fixture; excl external KE/QKD, network, Qiskit, PRISM",time.perf_counter_ns,single_process
BASIC,16,155,,0,14,2026090505,2046129519,5,13021300,13.0213,True,6,10142,"in-memory V7 session incl simulated KE derivation and deterministic quantum fixture; excl external KE/QKD, network, Qiskit, PRISM",time.perf_counter_ns,single_process
BASIC,16,155,,0,15,2026090506,2046129521,5,12796500,12.7965,True,6,10142,"in-memory V7 session incl simulated KE derivation and deterministic quantum fixture; excl external KE/QKD, network, Qiskit, PRISM",time.perf_counter_ns,single_process
BASIC,16,155,,0,16,2026090507,2046129523,5,12694800,12.6948,True,6,10142,"in-memory V7 session incl simulated KE derivation and deterministic quantum fixture; excl external KE/QKD, network, Qiskit, PRISM",time.perf_counter_ns,single_process
BASIC,16,155,,0,17,2026090508,2046129525,5,13018000,13.018,True,6,10142,"in-memory V7 session incl simulated KE derivation and deterministic quantum fixture; excl external KE/QKD, network, Qiskit, PRISM",time.perf_counter_ns,single_process
BASIC,16,155,,0,18,2026090509,2046129527,5,12289300,12.2893,True,6,10142,"in-memory V7 session incl simulated KE derivation and deterministic quantum fixture; excl external KE/QKD, network, Qiskit, PRISM",time.perf_counter_ns,single_process
BASIC,16,155,,0,19,2026090510,2046129529,5,13408600,13.4086,True,6,10142,"in-memory V7 session incl simulated KE derivation and deterministic quantum fixture; excl external KE/QKD, network, Qiskit, PRISM",time.perf_counter_ns,single_process
BASIC,16,155,,0,20,2026090501,2046129521,5,12684200,12.6842,True,6,10142,"in-memory V7 session incl simulated KE derivation and deterministic quantum fixture; excl external KE/QKD, network, Qiskit, PRISM",time.perf_counter_ns,single_process
BASIC,16,155,,0,21,2026090502,2046129523,5,12692500,12.6925,True,6,10142,"in-memory V7 session incl simulated KE derivation and deterministic quantum fixture; excl external KE/QKD, network, Qiskit, PRISM",time.perf_counter_ns,single_process
BASIC,16,155,,0,22,2026090503,2046129525,5,13326000,13.326,True,6,10142,"in-memory V7 session incl simulated KE derivation and deterministic quantum fixture; excl external KE/QKD, network, Qiskit, PRISM",time.perf_counter_ns,single_process
BASIC,16,155,,0,23,2026090504,2046129527,5,13157600,13.1576,True,6,10142,"in-memory V7 session incl simulated KE derivation and deterministic quantum fixture; excl external KE/QKD, network, Qiskit, PRISM",time.perf_counter_ns,single_process
BASIC,16,155,,0,24,2026090505,2046129529,5,12528400,12.5284,True,6,10142,"in-memory V7 session incl simulated KE derivation and deterministic quantum fixture; excl external KE/QKD, network, Qiskit, PRISM",time.perf_counter_ns,single_process
BASIC,16,155,,0,25,2026090506,2046129531,5,12725600,12.7256,True,6,10142,"in-memory V7 session incl simulated KE derivation and deterministic quantum fixture; excl external KE/QKD, network, Qiskit, PRISM",time.perf_counter_ns,single_process
BASIC,16,155,,0,26,2026090507,2046129533,5,13162100,13.1621,True,6,10142,"in-memory V7 session incl simulated KE derivation and deterministic quantum fixture; excl external KE/QKD, network, Qiskit, PRISM",time.perf_counter_ns,single_process
BASIC,16,155,,0,27,2026090508,2046129535,5,12954500,12.9545,True,6,10142,"in-memory V7 session incl simulated KE derivation and deterministic quantum fixture; excl external KE/QKD, network, Qiskit, PRISM",time.perf_counter_ns,single_process
BASIC,16,155,,0,28,2026090509,2046129537,5,12417700,12.4177,True,6,10142,"in-memory V7 session incl simulated KE derivation and deterministic quantum fixture; excl external KE/QKD, network, Qiskit, PRISM",time.perf_counter_ns,single_process
BASIC,16,155,,0,29,2026090510,2046129539,5,12678300,12.6783,True,6,10142,"in-memory V7 session incl simulated KE derivation and deterministic quantum fixture; excl external KE/QKD, network, Qiskit, PRISM",time.perf_counter_ns,single_process
RELEASE,16,155,1,32,0,2026090501,2046130501,5,53905200,53.9052,True,72,68132,"in-memory V7 session incl simulated KE derivation and deterministic quantum fixture; excl external KE/QKD, network, Qiskit, PRISM",time.perf_counter_ns,single_process
RELEASE,16,155,1,32,1,2026090502,2046130503,5,54773300,54.7733,True,72,68132,"in-memory V7 session incl simulated KE derivation and deterministic quantum fixture; excl external KE/QKD, network, Qiskit, PRISM",time.perf_counter_ns,single_process
RELEASE,16,155,1,32,2,2026090503,2046130505,5,53776100,53.7761,True,72,68132,"in-memory V7 session incl simulated KE derivation and deterministic quantum fixture; excl external KE/QKD, network, Qiskit, PRISM",time.perf_counter_ns,single_process
RELEASE,16,155,1,32,3,2026090504,2046130507,5,53989100,53.9891,True,72,68132,"in-memory V7 session incl simulated KE derivation and deterministic quantum fixture; excl external KE/QKD, network, Qiskit, PRISM",time.perf_counter_ns,single_process
RELEASE,16,155,1,32,4,2026090505,2046130509,5,54177800,54.1778,True,72,68132,"in-memory V7 session incl simulated KE derivation and deterministic quantum fixture; excl external KE/QKD, network, Qiskit, PRISM",time.perf_counter_ns,single_process
RELEASE,16,155,1,32,5,2026090506,2046130511,5,54140100,54.1401,True,72,68132,"in-memory V7 session incl simulated KE derivation and deterministic quantum fixture; excl external KE/QKD, network, Qiskit, PRISM",time.perf_counter_ns,single_process
RELEASE,16,155,1,32,6,2026090507,2046130513,5,53392000,53.392,True,72,68132,"in-memory V7 session incl simulated KE derivation and deterministic quantum fixture; excl external KE/QKD, network, Qiskit, PRISM",time.perf_counter_ns,single_process
RELEASE,16,155,1,32,7,2026090508,2046130515,5,54550400,54.5504,True,72,68132,"in-memory V7 session incl simulated KE derivation and deterministic quantum fixture; excl external KE/QKD, network, Qiskit, PRISM",time.perf_counter_ns,single_process
RELEASE,16,155,1,32,8,2026090509,2046130517,5,54559800,54.5598,True,72,68132,"in-memory V7 session incl simulated KE derivation and deterministic quantum fixture; excl external KE/QKD, network, Qiskit, PRISM",time.perf_counter_ns,single_process
RELEASE,16,155,1,32,9,2026090510,2046130519,5,53134100,53.1341,True,72,68132,"in-memory V7 session incl simulated KE derivation and deterministic quantum fixture; excl external KE/QKD, network, Qiskit, PRISM",time.perf_counter_ns,single_process
RELEASE,16,155,1,32,10,2026090501,2046130511,5,53660900,53.6609,True,72,68132,"in-memory V7 session incl simulated KE derivation and deterministic quantum fixture; excl external KE/QKD, network, Qiskit, PRISM",time.perf_counter_ns,single_process
RELEASE,16,155,1,32,11,2026090502,2046130513,5,54207100,54.2071,True,72,68132,"in-memory V7 session incl simulated KE derivation and deterministic quantum fixture; excl external KE/QKD, network, Qiskit, PRISM",time.perf_counter_ns,single_process
RELEASE,16,155,1,32,12,2026090503,2046130515,5,57854600,57.8546,True,72,68132,"in-memory V7 session incl simulated KE derivation and deterministic quantum fixture; excl external KE/QKD, network, Qiskit, PRISM",time.perf_counter_ns,single_process
RELEASE,16,155,1,32,13,2026090504,2046130517,5,53989900,53.9899,True,72,68132,"in-memory V7 session incl simulated KE derivation and deterministic quantum fixture; excl external KE/QKD, network, Qiskit, PRISM",time.perf_counter_ns,single_process
RELEASE,16,155,1,32,14,2026090505,2046130519,5,54500300,54.5003,True,72,68132,"in-memory V7 session incl simulated KE derivation and deterministic quantum fixture; excl external KE/QKD, network, Qiskit, PRISM",time.perf_counter_ns,single_process
RELEASE,16,155,1,32,15,2026090506,2046130521,5,55094400,55.0944,True,72,68132,"in-memory V7 session incl simulated KE derivation and deterministic quantum fixture; excl external KE/QKD, network, Qiskit, PRISM",time.perf_counter_ns,single_process
RELEASE,16,155,1,32,16,2026090507,2046130523,5,55133000,55.133,True,72,68132,"in-memory V7 session incl simulated KE derivation and deterministic quantum fixture; excl external KE/QKD, network, Qiskit, PRISM",time.perf_counter_ns,single_process
RELEASE,16,155,1,32,17,2026090508,2046130525,5,54365400,54.3654,True,72,68132,"in-memory V7 session incl simulated KE derivation and deterministic quantum fixture; excl external KE/QKD, network, Qiskit, PRISM",time.perf_counter_ns,single_process
RELEASE,16,155,1,32,18,2026090509,2046130527,5,55344300,55.3443,True,72,68132,"in-memory V7 session incl simulated KE derivation and deterministic quantum fixture; excl external KE/QKD, network, Qiskit, PRISM",time.perf_counter_ns,single_process
RELEASE,16,155,1,32,19,2026090510,2046130529,5,54363400,54.3634,True,72,68132,"in-memory V7 session incl simulated KE derivation and deterministic quantum fixture; excl external KE/QKD, network, Qiskit, PRISM",time.perf_counter_ns,single_process
RELEASE,16,155,1,32,20,2026090501,2046130521,5,54492000,54.492,True,72,68132,"in-memory V7 session incl simulated KE derivation and deterministic quantum fixture; excl external KE/QKD, network, Qiskit, PRISM",time.perf_counter_ns,single_process
RELEASE,16,155,1,32,21,2026090502,2046130523,5,54975200,54.9752,True,72,68132,"in-memory V7 session incl simulated KE derivation and deterministic quantum fixture; excl external KE/QKD, network, Qiskit, PRISM",time.perf_counter_ns,single_process
RELEASE,16,155,1,32,22,2026090503,2046130525,5,55256300,55.2563,True,72,68132,"in-memory V7 session incl simulated KE derivation and deterministic quantum fixture; excl external KE/QKD, network, Qiskit, PRISM",time.perf_counter_ns,single_process
RELEASE,16,155,1,32,23,2026090504,2046130527,5,54370100,54.3701,True,72,68132,"in-memory V7 session incl simulated KE derivation and deterministic quantum fixture; excl external KE/QKD, network, Qiskit, PRISM",time.perf_counter_ns,single_process
RELEASE,16,155,1,32,24,2026090505,2046130529,5,58134900,58.1349,True,72,68132,"in-memory V7 session incl simulated KE derivation and deterministic quantum fixture; excl external KE/QKD, network, Qiskit, PRISM",time.perf_counter_ns,single_process
RELEASE,16,155,1,32,25,2026090506,2046130531,5,53901900,53.9019,True,72,68132,"in-memory V7 session incl simulated KE derivation and deterministic quantum fixture; excl external KE/QKD, network, Qiskit, PRISM",time.perf_counter_ns,single_process
RELEASE,16,155,1,32,26,2026090507,2046130533,5,54245200,54.2452,True,72,68132,"in-memory V7 session incl simulated KE derivation and deterministic quantum fixture; excl external KE/QKD, network, Qiskit, PRISM",time.perf_counter_ns,single_process
RELEASE,16,155,1,32,27,2026090508,2046130535,5,53677400,53.6774,True,72,68132,"in-memory V7 session incl simulated KE derivation and deterministic quantum fixture; excl external KE/QKD, network, Qiskit, PRISM",time.perf_counter_ns,single_process
RELEASE,16,155,1,32,28,2026090509,2046130537,5,55032600,55.0326,True,72,68132,"in-memory V7 session incl simulated KE derivation and deterministic quantum fixture; excl external KE/QKD, network, Qiskit, PRISM",time.perf_counter_ns,single_process
RELEASE,16,155,1,32,29,2026090510,2046130539,5,54460100,54.4601,True,72,68132,"in-memory V7 session incl simulated KE derivation and deterministic quantum fixture; excl external KE/QKD, network, Qiskit, PRISM",time.perf_counter_ns,single_process
RELEASE,16,155,2,16,0,2026090501,2046131501,5,32912100,32.9121,True,40,39940,"in-memory V7 session incl simulated KE derivation and deterministic quantum fixture; excl external KE/QKD, network, Qiskit, PRISM",time.perf_counter_ns,single_process
RELEASE,16,155,2,16,1,2026090502,2046131503,5,32666000,32.666,True,40,39940,"in-memory V7 session incl simulated KE derivation and deterministic quantum fixture; excl external KE/QKD, network, Qiskit, PRISM",time.perf_counter_ns,single_process
RELEASE,16,155,2,16,2,2026090503,2046131505,5,32243800,32.2438,True,40,39940,"in-memory V7 session incl simulated KE derivation and deterministic quantum fixture; excl external KE/QKD, network, Qiskit, PRISM",time.perf_counter_ns,single_process
RELEASE,16,155,2,16,3,2026090504,2046131507,5,31992300,31.9923,True,40,39940,"in-memory V7 session incl simulated KE derivation and deterministic quantum fixture; excl external KE/QKD, network, Qiskit, PRISM",time.perf_counter_ns,single_process
RELEASE,16,155,2,16,4,2026090505,2046131509,5,32664800,32.6648,True,40,39940,"in-memory V7 session incl simulated KE derivation and deterministic quantum fixture; excl external KE/QKD, network, Qiskit, PRISM",time.perf_counter_ns,single_process
RELEASE,16,155,2,16,5,2026090506,2046131511,5,32937600,32.9376,True,40,39940,"in-memory V7 session incl simulated KE derivation and deterministic quantum fixture; excl external KE/QKD, network, Qiskit, PRISM",time.perf_counter_ns,single_process
RELEASE,16,155,2,16,6,2026090507,2046131513,5,36433400,36.4334,True,40,39940,"in-memory V7 session incl simulated KE derivation and deterministic quantum fixture; excl external KE/QKD, network, Qiskit, PRISM",time.perf_counter_ns,single_process
RELEASE,16,155,2,16,7,2026090508,2046131515,5,33033000,33.033,True,40,39940,"in-memory V7 session incl simulated KE derivation and deterministic quantum fixture; excl external KE/QKD, network, Qiskit, PRISM",time.perf_counter_ns,single_process
RELEASE,16,155,2,16,8,2026090509,2046131517,5,33619900,33.6199,True,40,39940,"in-memory V7 session incl simulated KE derivation and deterministic quantum fixture; excl external KE/QKD, network, Qiskit, PRISM",time.perf_counter_ns,single_process
RELEASE,16,155,2,16,9,2026090510,2046131519,5,32792000,32.792,True,40,39940,"in-memory V7 session incl simulated KE derivation and deterministic quantum fixture; excl external KE/QKD, network, Qiskit, PRISM",time.perf_counter_ns,single_process
RELEASE,16,155,2,16,10,2026090501,2046131511,5,33298100,33.2981,True,40,39940,"in-memory V7 session incl simulated KE derivation and deterministic quantum fixture; excl external KE/QKD, network, Qiskit, PRISM",time.perf_counter_ns,single_process
RELEASE,16,155,2,16,11,2026090502,2046131513,5,32230600,32.2306,True,40,39940,"in-memory V7 session incl simulated KE derivation and deterministic quantum fixture; excl external KE/QKD, network, Qiskit, PRISM",time.perf_counter_ns,single_process
RELEASE,16,155,2,16,12,2026090503,2046131515,5,33540800,33.5408,True,40,39940,"in-memory V7 session incl simulated KE derivation and deterministic quantum fixture; excl external KE/QKD, network, Qiskit, PRISM",time.perf_counter_ns,single_process
RELEASE,16,155,2,16,13,2026090504,2046131517,5,32846800,32.8468,True,40,39940,"in-memory V7 session incl simulated KE derivation and deterministic quantum fixture; excl external KE/QKD, network, Qiskit, PRISM",time.perf_counter_ns,single_process
RELEASE,16,155,2,16,14,2026090505,2046131519,5,33099900,33.0999,True,40,39940,"in-memory V7 session incl simulated KE derivation and deterministic quantum fixture; excl external KE/QKD, network, Qiskit, PRISM",time.perf_counter_ns,single_process
RELEASE,16,155,2,16,15,2026090506,2046131521,5,33114500,33.1145,True,40,39940,"in-memory V7 session incl simulated KE derivation and deterministic quantum fixture; excl external KE/QKD, network, Qiskit, PRISM",time.perf_counter_ns,single_process
RELEASE,16,155,2,16,16,2026090507,2046131523,5,32983300,32.9833,True,40,39940,"in-memory V7 session incl simulated KE derivation and deterministic quantum fixture; excl external KE/QKD, network, Qiskit, PRISM",time.perf_counter_ns,single_process
RELEASE,16,155,2,16,17,2026090508,2046131525,5,32137100,32.1371,True,40,39940,"in-memory V7 session incl simulated KE derivation and deterministic quantum fixture; excl external KE/QKD, network, Qiskit, PRISM",time.perf_counter_ns,single_process
RELEASE,16,155,2,16,18,2026090509,2046131527,5,33105700,33.1057,True,40,39940,"in-memory V7 session incl simulated KE derivation and deterministic quantum fixture; excl external KE/QKD, network, Qiskit, PRISM",time.perf_counter_ns,single_process
RELEASE,16,155,2,16,19,2026090510,2046131529,5,33022600,33.0226,True,40,39940,"in-memory V7 session incl simulated KE derivation and deterministic quantum fixture; excl external KE/QKD, network, Qiskit, PRISM",time.perf_counter_ns,single_process
RELEASE,16,155,2,16,20,2026090501,2046131521,5,33691200,33.6912,True,40,39940,"in-memory V7 session incl simulated KE derivation and deterministic quantum fixture; excl external KE/QKD, network, Qiskit, PRISM",time.perf_counter_ns,single_process
RELEASE,16,155,2,16,21,2026090502,2046131523,5,32758000,32.758,True,40,39940,"in-memory V7 session incl simulated KE derivation and deterministic quantum fixture; excl external KE/QKD, network, Qiskit, PRISM",time.perf_counter_ns,single_process
RELEASE,16,155,2,16,22,2026090503,2046131525,5,33913300,33.9133,True,40,39940,"in-memory V7 session incl simulated KE derivation and deterministic quantum fixture; excl external KE/QKD, network, Qiskit, PRISM",time.perf_counter_ns,single_process
RELEASE,16,155,2,16,23,2026090504,2046131527,5,33320300,33.3203,True,40,39940,"in-memory V7 session incl simulated KE derivation and deterministic quantum fixture; excl external KE/QKD, network, Qiskit, PRISM",time.perf_counter_ns,single_process
RELEASE,16,155,2,16,24,2026090505,2046131529,5,32948800,32.9488,True,40,39940,"in-memory V7 session incl simulated KE derivation and deterministic quantum fixture; excl external KE/QKD, network, Qiskit, PRISM",time.perf_counter_ns,single_process
RELEASE,16,155,2,16,25,2026090506,2046131531,5,33192900,33.1929,True,40,39940,"in-memory V7 session incl simulated KE derivation and deterministic quantum fixture; excl external KE/QKD, network, Qiskit, PRISM",time.perf_counter_ns,single_process
RELEASE,16,155,2,16,26,2026090507,2046131533,5,32686000,32.686,True,40,39940,"in-memory V7 session incl simulated KE derivation and deterministic quantum fixture; excl external KE/QKD, network, Qiskit, PRISM",time.perf_counter_ns,single_process
RELEASE,16,155,2,16,27,2026090508,2046131535,5,32866200,32.8662,True,40,39940,"in-memory V7 session incl simulated KE derivation and deterministic quantum fixture; excl external KE/QKD, network, Qiskit, PRISM",time.perf_counter_ns,single_process
RELEASE,16,155,2,16,28,2026090509,2046131537,5,36099500,36.0995,True,40,39940,"in-memory V7 session incl simulated KE derivation and deterministic quantum fixture; excl external KE/QKD, network, Qiskit, PRISM",time.perf_counter_ns,single_process
RELEASE,16,155,2,16,29,2026090510,2046131539,5,32326200,32.3262,True,40,39940,"in-memory V7 session incl simulated KE derivation and deterministic quantum fixture; excl external KE/QKD, network, Qiskit, PRISM",time.perf_counter_ns,single_process
RELEASE,16,155,4,8,0,2026090501,2046132501,5,22896600,22.8966,True,24,25844,"in-memory V7 session incl simulated KE derivation and deterministic quantum fixture; excl external KE/QKD, network, Qiskit, PRISM",time.perf_counter_ns,single_process
RELEASE,16,155,4,8,1,2026090502,2046132503,5,22607200,22.6072,True,24,25844,"in-memory V7 session incl simulated KE derivation and deterministic quantum fixture; excl external KE/QKD, network, Qiskit, PRISM",time.perf_counter_ns,single_process
RELEASE,16,155,4,8,2,2026090503,2046132505,5,22737500,22.7375,True,24,25844,"in-memory V7 session incl simulated KE derivation and deterministic quantum fixture; excl external KE/QKD, network, Qiskit, PRISM",time.perf_counter_ns,single_process
RELEASE,16,155,4,8,3,2026090504,2046132507,5,23757200,23.7572,True,24,25844,"in-memory V7 session incl simulated KE derivation and deterministic quantum fixture; excl external KE/QKD, network, Qiskit, PRISM",time.perf_counter_ns,single_process
RELEASE,16,155,4,8,4,2026090505,2046132509,5,23000000,23.0,True,24,25844,"in-memory V7 session incl simulated KE derivation and deterministic quantum fixture; excl external KE/QKD, network, Qiskit, PRISM",time.perf_counter_ns,single_process
RELEASE,16,155,4,8,5,2026090506,2046132511,5,22888400,22.8884,True,24,25844,"in-memory V7 session incl simulated KE derivation and deterministic quantum fixture; excl external KE/QKD, network, Qiskit, PRISM",time.perf_counter_ns,single_process
RELEASE,16,155,4,8,6,2026090507,2046132513,5,22662500,22.6625,True,24,25844,"in-memory V7 session incl simulated KE derivation and deterministic quantum fixture; excl external KE/QKD, network, Qiskit, PRISM",time.perf_counter_ns,single_process
RELEASE,16,155,4,8,7,2026090508,2046132515,5,23437600,23.4376,True,24,25844,"in-memory V7 session incl simulated KE derivation and deterministic quantum fixture; excl external KE/QKD, network, Qiskit, PRISM",time.perf_counter_ns,single_process
RELEASE,16,155,4,8,8,2026090509,2046132517,5,23694700,23.6947,True,24,25844,"in-memory V7 session incl simulated KE derivation and deterministic quantum fixture; excl external KE/QKD, network, Qiskit, PRISM",time.perf_counter_ns,single_process
RELEASE,16,155,4,8,9,2026090510,2046132519,5,22897100,22.8971,True,24,25844,"in-memory V7 session incl simulated KE derivation and deterministic quantum fixture; excl external KE/QKD, network, Qiskit, PRISM",time.perf_counter_ns,single_process
RELEASE,16,155,4,8,10,2026090501,2046132511,5,23910500,23.9105,True,24,25844,"in-memory V7 session incl simulated KE derivation and deterministic quantum fixture; excl external KE/QKD, network, Qiskit, PRISM",time.perf_counter_ns,single_process
RELEASE,16,155,4,8,11,2026090502,2046132513,5,23114500,23.1145,True,24,25844,"in-memory V7 session incl simulated KE derivation and deterministic quantum fixture; excl external KE/QKD, network, Qiskit, PRISM",time.perf_counter_ns,single_process
RELEASE,16,155,4,8,12,2026090503,2046132515,5,23152900,23.1529,True,24,25844,"in-memory V7 session incl simulated KE derivation and deterministic quantum fixture; excl external KE/QKD, network, Qiskit, PRISM",time.perf_counter_ns,single_process
RELEASE,16,155,4,8,13,2026090504,2046132517,5,23655400,23.6554,True,24,25844,"in-memory V7 session incl simulated KE derivation and deterministic quantum fixture; excl external KE/QKD, network, Qiskit, PRISM",time.perf_counter_ns,single_process
RELEASE,16,155,4,8,14,2026090505,2046132519,5,23663500,23.6635,True,24,25844,"in-memory V7 session incl simulated KE derivation and deterministic quantum fixture; excl external KE/QKD, network, Qiskit, PRISM",time.perf_counter_ns,single_process
RELEASE,16,155,4,8,15,2026090506,2046132521,5,23077100,23.0771,True,24,25844,"in-memory V7 session incl simulated KE derivation and deterministic quantum fixture; excl external KE/QKD, network, Qiskit, PRISM",time.perf_counter_ns,single_process
RELEASE,16,155,4,8,16,2026090507,2046132523,5,22716100,22.7161,True,24,25844,"in-memory V7 session incl simulated KE derivation and deterministic quantum fixture; excl external KE/QKD, network, Qiskit, PRISM",time.perf_counter_ns,single_process
RELEASE,16,155,4,8,17,2026090508,2046132525,5,23188800,23.1888,True,24,25844,"in-memory V7 session incl simulated KE derivation and deterministic quantum fixture; excl external KE/QKD, network, Qiskit, PRISM",time.perf_counter_ns,single_process
RELEASE,16,155,4,8,18,2026090509,2046132527,5,23337600,23.3376,True,24,25844,"in-memory V7 session incl simulated KE derivation and deterministic quantum fixture; excl external KE/QKD, network, Qiskit, PRISM",time.perf_counter_ns,single_process
RELEASE,16,155,4,8,19,2026090510,2046132529,5,24083700,24.0837,True,24,25844,"in-memory V7 session incl simulated KE derivation and deterministic quantum fixture; excl external KE/QKD, network, Qiskit, PRISM",time.perf_counter_ns,single_process
RELEASE,16,155,4,8,20,2026090501,2046132521,5,22999400,22.9994,True,24,25844,"in-memory V7 session incl simulated KE derivation and deterministic quantum fixture; excl external KE/QKD, network, Qiskit, PRISM",time.perf_counter_ns,single_process
RELEASE,16,155,4,8,21,2026090502,2046132523,5,23633500,23.6335,True,24,25844,"in-memory V7 session incl simulated KE derivation and deterministic quantum fixture; excl external KE/QKD, network, Qiskit, PRISM",time.perf_counter_ns,single_process
RELEASE,16,155,4,8,22,2026090503,2046132525,5,23329500,23.3295,True,24,25844,"in-memory V7 session incl simulated KE derivation and deterministic quantum fixture; excl external KE/QKD, network, Qiskit, PRISM",time.perf_counter_ns,single_process
RELEASE,16,155,4,8,23,2026090504,2046132527,5,23183900,23.1839,True,24,25844,"in-memory V7 session incl simulated KE derivation and deterministic quantum fixture; excl external KE/QKD, network, Qiskit, PRISM",time.perf_counter_ns,single_process
RELEASE,16,155,4,8,24,2026090505,2046132529,5,23363400,23.3634,True,24,25844,"in-memory V7 session incl simulated KE derivation and deterministic quantum fixture; excl external KE/QKD, network, Qiskit, PRISM",time.perf_counter_ns,single_process
RELEASE,16,155,4,8,25,2026090506,2046132531,5,22829000,22.829,True,24,25844,"in-memory V7 session incl simulated KE derivation and deterministic quantum fixture; excl external KE/QKD, network, Qiskit, PRISM",time.perf_counter_ns,single_process
RELEASE,16,155,4,8,26,2026090507,2046132533,5,22636000,22.636,True,24,25844,"in-memory V7 session incl simulated KE derivation and deterministic quantum fixture; excl external KE/QKD, network, Qiskit, PRISM",time.perf_counter_ns,single_process
RELEASE,16,155,4,8,27,2026090508,2046132535,5,22823300,22.8233,True,24,25844,"in-memory V7 session incl simulated KE derivation and deterministic quantum fixture; excl external KE/QKD, network, Qiskit, PRISM",time.perf_counter_ns,single_process
RELEASE,16,155,4,8,28,2026090509,2046132537,5,23207600,23.2076,True,24,25844,"in-memory V7 session incl simulated KE derivation and deterministic quantum fixture; excl external KE/QKD, network, Qiskit, PRISM",time.perf_counter_ns,single_process
RELEASE,16,155,4,8,29,2026090510,2046132539,5,22809900,22.8099,True,24,25844,"in-memory V7 session incl simulated KE derivation and deterministic quantum fixture; excl external KE/QKD, network, Qiskit, PRISM",time.perf_counter_ns,single_process
RELEASE,16,155,8,4,0,2026090501,2046133501,5,18673700,18.6737,True,16,18796,"in-memory V7 session incl simulated KE derivation and deterministic quantum fixture; excl external KE/QKD, network, Qiskit, PRISM",time.perf_counter_ns,single_process
RELEASE,16,155,8,4,1,2026090502,2046133503,5,18879900,18.8799,True,16,18796,"in-memory V7 session incl simulated KE derivation and deterministic quantum fixture; excl external KE/QKD, network, Qiskit, PRISM",time.perf_counter_ns,single_process
RELEASE,16,155,8,4,2,2026090503,2046133505,5,18519200,18.5192,True,16,18796,"in-memory V7 session incl simulated KE derivation and deterministic quantum fixture; excl external KE/QKD, network, Qiskit, PRISM",time.perf_counter_ns,single_process
RELEASE,16,155,8,4,3,2026090504,2046133507,5,18632000,18.632,True,16,18796,"in-memory V7 session incl simulated KE derivation and deterministic quantum fixture; excl external KE/QKD, network, Qiskit, PRISM",time.perf_counter_ns,single_process
RELEASE,16,155,8,4,4,2026090505,2046133509,5,21886900,21.8869,True,16,18796,"in-memory V7 session incl simulated KE derivation and deterministic quantum fixture; excl external KE/QKD, network, Qiskit, PRISM",time.perf_counter_ns,single_process
RELEASE,16,155,8,4,5,2026090506,2046133511,5,19122200,19.1222,True,16,18796,"in-memory V7 session incl simulated KE derivation and deterministic quantum fixture; excl external KE/QKD, network, Qiskit, PRISM",time.perf_counter_ns,single_process
RELEASE,16,155,8,4,6,2026090507,2046133513,5,18745100,18.7451,True,16,18796,"in-memory V7 session incl simulated KE derivation and deterministic quantum fixture; excl external KE/QKD, network, Qiskit, PRISM",time.perf_counter_ns,single_process
RELEASE,16,155,8,4,7,2026090508,2046133515,5,18596800,18.5968,True,16,18796,"in-memory V7 session incl simulated KE derivation and deterministic quantum fixture; excl external KE/QKD, network, Qiskit, PRISM",time.perf_counter_ns,single_process
RELEASE,16,155,8,4,8,2026090509,2046133517,5,18247300,18.2473,True,16,18796,"in-memory V7 session incl simulated KE derivation and deterministic quantum fixture; excl external KE/QKD, network, Qiskit, PRISM",time.perf_counter_ns,single_process
RELEASE,16,155,8,4,9,2026090510,2046133519,5,18721900,18.7219,True,16,18796,"in-memory V7 session incl simulated KE derivation and deterministic quantum fixture; excl external KE/QKD, network, Qiskit, PRISM",time.perf_counter_ns,single_process
RELEASE,16,155,8,4,10,2026090501,2046133511,5,18620700,18.6207,True,16,18796,"in-memory V7 session incl simulated KE derivation and deterministic quantum fixture; excl external KE/QKD, network, Qiskit, PRISM",time.perf_counter_ns,single_process
RELEASE,16,155,8,4,11,2026090502,2046133513,5,18716500,18.7165,True,16,18796,"in-memory V7 session incl simulated KE derivation and deterministic quantum fixture; excl external KE/QKD, network, Qiskit, PRISM",time.perf_counter_ns,single_process
RELEASE,16,155,8,4,12,2026090503,2046133515,5,18468000,18.468,True,16,18796,"in-memory V7 session incl simulated KE derivation and deterministic quantum fixture; excl external KE/QKD, network, Qiskit, PRISM",time.perf_counter_ns,single_process
RELEASE,16,155,8,4,13,2026090504,2046133517,5,17954900,17.9549,True,16,18796,"in-memory V7 session incl simulated KE derivation and deterministic quantum fixture; excl external KE/QKD, network, Qiskit, PRISM",time.perf_counter_ns,single_process
RELEASE,16,155,8,4,14,2026090505,2046133519,5,19146600,19.1466,True,16,18796,"in-memory V7 session incl simulated KE derivation and deterministic quantum fixture; excl external KE/QKD, network, Qiskit, PRISM",time.perf_counter_ns,single_process
RELEASE,16,155,8,4,15,2026090506,2046133521,5,18470900,18.4709,True,16,18796,"in-memory V7 session incl simulated KE derivation and deterministic quantum fixture; excl external KE/QKD, network, Qiskit, PRISM",time.perf_counter_ns,single_process
RELEASE,16,155,8,4,16,2026090507,2046133523,5,17844100,17.8441,True,16,18796,"in-memory V7 session incl simulated KE derivation and deterministic quantum fixture; excl external KE/QKD, network, Qiskit, PRISM",time.perf_counter_ns,single_process
RELEASE,16,155,8,4,17,2026090508,2046133525,5,18530600,18.5306,True,16,18796,"in-memory V7 session incl simulated KE derivation and deterministic quantum fixture; excl external KE/QKD, network, Qiskit, PRISM",time.perf_counter_ns,single_process
RELEASE,16,155,8,4,18,2026090509,2046133527,5,18298700,18.2987,True,16,18796,"in-memory V7 session incl simulated KE derivation and deterministic quantum fixture; excl external KE/QKD, network, Qiskit, PRISM",time.perf_counter_ns,single_process
RELEASE,16,155,8,4,19,2026090510,2046133529,5,18461800,18.4618,True,16,18796,"in-memory V7 session incl simulated KE derivation and deterministic quantum fixture; excl external KE/QKD, network, Qiskit, PRISM",time.perf_counter_ns,single_process
RELEASE,16,155,8,4,20,2026090501,2046133521,5,18514000,18.514,True,16,18796,"in-memory V7 session incl simulated KE derivation and deterministic quantum fixture; excl external KE/QKD, network, Qiskit, PRISM",time.perf_counter_ns,single_process
RELEASE,16,155,8,4,21,2026090502,2046133523,5,17850100,17.8501,True,16,18796,"in-memory V7 session incl simulated KE derivation and deterministic quantum fixture; excl external KE/QKD, network, Qiskit, PRISM",time.perf_counter_ns,single_process
RELEASE,16,155,8,4,22,2026090503,2046133525,5,18575900,18.5759,True,16,18796,"in-memory V7 session incl simulated KE derivation and deterministic quantum fixture; excl external KE/QKD, network, Qiskit, PRISM",time.perf_counter_ns,single_process
RELEASE,16,155,8,4,23,2026090504,2046133527,5,18427100,18.4271,True,16,18796,"in-memory V7 session incl simulated KE derivation and deterministic quantum fixture; excl external KE/QKD, network, Qiskit, PRISM",time.perf_counter_ns,single_process
RELEASE,16,155,8,4,24,2026090505,2046133529,5,18257400,18.2574,True,16,18796,"in-memory V7 session incl simulated KE derivation and deterministic quantum fixture; excl external KE/QKD, network, Qiskit, PRISM",time.perf_counter_ns,single_process
RELEASE,16,155,8,4,25,2026090506,2046133531,5,18617900,18.6179,True,16,18796,"in-memory V7 session incl simulated KE derivation and deterministic quantum fixture; excl external KE/QKD, network, Qiskit, PRISM",time.perf_counter_ns,single_process
RELEASE,16,155,8,4,26,2026090507,2046133533,5,19245700,19.2457,True,16,18796,"in-memory V7 session incl simulated KE derivation and deterministic quantum fixture; excl external KE/QKD, network, Qiskit, PRISM",time.perf_counter_ns,single_process
RELEASE,16,155,8,4,27,2026090508,2046133535,5,18774400,18.7744,True,16,18796,"in-memory V7 session incl simulated KE derivation and deterministic quantum fixture; excl external KE/QKD, network, Qiskit, PRISM",time.perf_counter_ns,single_process
RELEASE,16,155,8,4,28,2026090509,2046133537,5,18534800,18.5348,True,16,18796,"in-memory V7 session incl simulated KE derivation and deterministic quantum fixture; excl external KE/QKD, network, Qiskit, PRISM",time.perf_counter_ns,single_process
RELEASE,16,155,8,4,29,2026090510,2046133539,5,18385400,18.3854,True,16,18796,"in-memory V7 session incl simulated KE derivation and deterministic quantum fixture; excl external KE/QKD, network, Qiskit, PRISM",time.perf_counter_ns,single_process
BASIC,32,4,,0,0,2026090501,2046134501,5,5018900,5.0189,True,6,4769,"in-memory V7 session incl simulated KE derivation and deterministic quantum fixture; excl external KE/QKD, network, Qiskit, PRISM",time.perf_counter_ns,single_process
BASIC,32,4,,0,1,2026090502,2046134503,5,5658600,5.6586,True,6,4769,"in-memory V7 session incl simulated KE derivation and deterministic quantum fixture; excl external KE/QKD, network, Qiskit, PRISM",time.perf_counter_ns,single_process
BASIC,32,4,,0,2,2026090503,2046134505,5,5302500,5.3025,True,6,4769,"in-memory V7 session incl simulated KE derivation and deterministic quantum fixture; excl external KE/QKD, network, Qiskit, PRISM",time.perf_counter_ns,single_process
BASIC,32,4,,0,3,2026090504,2046134507,5,5434900,5.4349,True,6,4769,"in-memory V7 session incl simulated KE derivation and deterministic quantum fixture; excl external KE/QKD, network, Qiskit, PRISM",time.perf_counter_ns,single_process
BASIC,32,4,,0,4,2026090505,2046134509,5,5055900,5.0559,True,6,4769,"in-memory V7 session incl simulated KE derivation and deterministic quantum fixture; excl external KE/QKD, network, Qiskit, PRISM",time.perf_counter_ns,single_process
BASIC,32,4,,0,5,2026090506,2046134511,5,5610300,5.6103,True,6,4769,"in-memory V7 session incl simulated KE derivation and deterministic quantum fixture; excl external KE/QKD, network, Qiskit, PRISM",time.perf_counter_ns,single_process
BASIC,32,4,,0,6,2026090507,2046134513,5,5127500,5.1275,True,6,4769,"in-memory V7 session incl simulated KE derivation and deterministic quantum fixture; excl external KE/QKD, network, Qiskit, PRISM",time.perf_counter_ns,single_process
BASIC,32,4,,0,7,2026090508,2046134515,5,5293400,5.2934,True,6,4769,"in-memory V7 session incl simulated KE derivation and deterministic quantum fixture; excl external KE/QKD, network, Qiskit, PRISM",time.perf_counter_ns,single_process
BASIC,32,4,,0,8,2026090509,2046134517,5,5223200,5.2232,True,6,4769,"in-memory V7 session incl simulated KE derivation and deterministic quantum fixture; excl external KE/QKD, network, Qiskit, PRISM",time.perf_counter_ns,single_process
BASIC,32,4,,0,9,2026090510,2046134519,5,4890600,4.8906,True,6,4769,"in-memory V7 session incl simulated KE derivation and deterministic quantum fixture; excl external KE/QKD, network, Qiskit, PRISM",time.perf_counter_ns,single_process
BASIC,32,4,,0,10,2026090501,2046134511,5,5484800,5.4848,True,6,4769,"in-memory V7 session incl simulated KE derivation and deterministic quantum fixture; excl external KE/QKD, network, Qiskit, PRISM",time.perf_counter_ns,single_process
BASIC,32,4,,0,11,2026090502,2046134513,5,5304200,5.3042,True,6,4769,"in-memory V7 session incl simulated KE derivation and deterministic quantum fixture; excl external KE/QKD, network, Qiskit, PRISM",time.perf_counter_ns,single_process
BASIC,32,4,,0,12,2026090503,2046134515,5,5153500,5.1535,True,6,4769,"in-memory V7 session incl simulated KE derivation and deterministic quantum fixture; excl external KE/QKD, network, Qiskit, PRISM",time.perf_counter_ns,single_process
BASIC,32,4,,0,13,2026090504,2046134517,5,5100900,5.1009,True,6,4769,"in-memory V7 session incl simulated KE derivation and deterministic quantum fixture; excl external KE/QKD, network, Qiskit, PRISM",time.perf_counter_ns,single_process
BASIC,32,4,,0,14,2026090505,2046134519,5,5284500,5.2845,True,6,4769,"in-memory V7 session incl simulated KE derivation and deterministic quantum fixture; excl external KE/QKD, network, Qiskit, PRISM",time.perf_counter_ns,single_process
BASIC,32,4,,0,15,2026090506,2046134521,5,5156600,5.1566,True,6,4769,"in-memory V7 session incl simulated KE derivation and deterministic quantum fixture; excl external KE/QKD, network, Qiskit, PRISM",time.perf_counter_ns,single_process
BASIC,32,4,,0,16,2026090507,2046134523,5,5136900,5.1369,True,6,4769,"in-memory V7 session incl simulated KE derivation and deterministic quantum fixture; excl external KE/QKD, network, Qiskit, PRISM",time.perf_counter_ns,single_process
BASIC,32,4,,0,17,2026090508,2046134525,5,4906300,4.9063,True,6,4769,"in-memory V7 session incl simulated KE derivation and deterministic quantum fixture; excl external KE/QKD, network, Qiskit, PRISM",time.perf_counter_ns,single_process
BASIC,32,4,,0,18,2026090509,2046134527,5,5169800,5.1698,True,6,4769,"in-memory V7 session incl simulated KE derivation and deterministic quantum fixture; excl external KE/QKD, network, Qiskit, PRISM",time.perf_counter_ns,single_process
BASIC,32,4,,0,19,2026090510,2046134529,5,5248200,5.2482,True,6,4769,"in-memory V7 session incl simulated KE derivation and deterministic quantum fixture; excl external KE/QKD, network, Qiskit, PRISM",time.perf_counter_ns,single_process
BASIC,32,4,,0,20,2026090501,2046134521,5,4874500,4.8745,True,6,4769,"in-memory V7 session incl simulated KE derivation and deterministic quantum fixture; excl external KE/QKD, network, Qiskit, PRISM",time.perf_counter_ns,single_process
BASIC,32,4,,0,21,2026090502,2046134523,5,5109100,5.1091,True,6,4769,"in-memory V7 session incl simulated KE derivation and deterministic quantum fixture; excl external KE/QKD, network, Qiskit, PRISM",time.perf_counter_ns,single_process
BASIC,32,4,,0,22,2026090503,2046134525,5,5266600,5.2666,True,6,4769,"in-memory V7 session incl simulated KE derivation and deterministic quantum fixture; excl external KE/QKD, network, Qiskit, PRISM",time.perf_counter_ns,single_process
BASIC,32,4,,0,23,2026090504,2046134527,5,5311800,5.3118,True,6,4769,"in-memory V7 session incl simulated KE derivation and deterministic quantum fixture; excl external KE/QKD, network, Qiskit, PRISM",time.perf_counter_ns,single_process
BASIC,32,4,,0,24,2026090505,2046134529,5,5151500,5.1515,True,6,4769,"in-memory V7 session incl simulated KE derivation and deterministic quantum fixture; excl external KE/QKD, network, Qiskit, PRISM",time.perf_counter_ns,single_process
BASIC,32,4,,0,25,2026090506,2046134531,5,4939500,4.9395,True,6,4769,"in-memory V7 session incl simulated KE derivation and deterministic quantum fixture; excl external KE/QKD, network, Qiskit, PRISM",time.perf_counter_ns,single_process
BASIC,32,4,,0,26,2026090507,2046134533,5,5297400,5.2974,True,6,4769,"in-memory V7 session incl simulated KE derivation and deterministic quantum fixture; excl external KE/QKD, network, Qiskit, PRISM",time.perf_counter_ns,single_process
BASIC,32,4,,0,27,2026090508,2046134535,5,5253800,5.2538,True,6,4769,"in-memory V7 session incl simulated KE derivation and deterministic quantum fixture; excl external KE/QKD, network, Qiskit, PRISM",time.perf_counter_ns,single_process
BASIC,32,4,,0,28,2026090509,2046134537,5,4896300,4.8963,True,6,4769,"in-memory V7 session incl simulated KE derivation and deterministic quantum fixture; excl external KE/QKD, network, Qiskit, PRISM",time.perf_counter_ns,single_process
BASIC,32,4,,0,29,2026090510,2046134539,5,5166600,5.1666,True,6,4769,"in-memory V7 session incl simulated KE derivation and deterministic quantum fixture; excl external KE/QKD, network, Qiskit, PRISM",time.perf_counter_ns,single_process
RELEASE,32,4,1,64,0,2026090501,2046135501,5,96748300,96.7483,True,136,119207,"in-memory V7 session incl simulated KE derivation and deterministic quantum fixture; excl external KE/QKD, network, Qiskit, PRISM",time.perf_counter_ns,single_process
RELEASE,32,4,1,64,1,2026090502,2046135503,5,97079100,97.0791,True,136,119207,"in-memory V7 session incl simulated KE derivation and deterministic quantum fixture; excl external KE/QKD, network, Qiskit, PRISM",time.perf_counter_ns,single_process
RELEASE,32,4,1,64,2,2026090503,2046135505,5,98163000,98.163,True,136,119207,"in-memory V7 session incl simulated KE derivation and deterministic quantum fixture; excl external KE/QKD, network, Qiskit, PRISM",time.perf_counter_ns,single_process
RELEASE,32,4,1,64,3,2026090504,2046135507,5,101874400,101.8744,True,136,119207,"in-memory V7 session incl simulated KE derivation and deterministic quantum fixture; excl external KE/QKD, network, Qiskit, PRISM",time.perf_counter_ns,single_process
RELEASE,32,4,1,64,4,2026090505,2046135509,5,98203200,98.2032,True,136,119207,"in-memory V7 session incl simulated KE derivation and deterministic quantum fixture; excl external KE/QKD, network, Qiskit, PRISM",time.perf_counter_ns,single_process
RELEASE,32,4,1,64,5,2026090506,2046135511,5,96453200,96.4532,True,136,119207,"in-memory V7 session incl simulated KE derivation and deterministic quantum fixture; excl external KE/QKD, network, Qiskit, PRISM",time.perf_counter_ns,single_process
RELEASE,32,4,1,64,6,2026090507,2046135513,5,96462600,96.4626,True,136,119207,"in-memory V7 session incl simulated KE derivation and deterministic quantum fixture; excl external KE/QKD, network, Qiskit, PRISM",time.perf_counter_ns,single_process
RELEASE,32,4,1,64,7,2026090508,2046135515,5,96689700,96.6897,True,136,119207,"in-memory V7 session incl simulated KE derivation and deterministic quantum fixture; excl external KE/QKD, network, Qiskit, PRISM",time.perf_counter_ns,single_process
RELEASE,32,4,1,64,8,2026090509,2046135517,5,96388800,96.3888,True,136,119207,"in-memory V7 session incl simulated KE derivation and deterministic quantum fixture; excl external KE/QKD, network, Qiskit, PRISM",time.perf_counter_ns,single_process
RELEASE,32,4,1,64,9,2026090510,2046135519,5,103617500,103.6175,True,136,119207,"in-memory V7 session incl simulated KE derivation and deterministic quantum fixture; excl external KE/QKD, network, Qiskit, PRISM",time.perf_counter_ns,single_process
RELEASE,32,4,1,64,10,2026090501,2046135511,5,94508000,94.508,True,136,119207,"in-memory V7 session incl simulated KE derivation and deterministic quantum fixture; excl external KE/QKD, network, Qiskit, PRISM",time.perf_counter_ns,single_process
RELEASE,32,4,1,64,11,2026090502,2046135513,5,96092200,96.0922,True,136,119207,"in-memory V7 session incl simulated KE derivation and deterministic quantum fixture; excl external KE/QKD, network, Qiskit, PRISM",time.perf_counter_ns,single_process
RELEASE,32,4,1,64,12,2026090503,2046135515,5,96714400,96.7144,True,136,119207,"in-memory V7 session incl simulated KE derivation and deterministic quantum fixture; excl external KE/QKD, network, Qiskit, PRISM",time.perf_counter_ns,single_process
RELEASE,32,4,1,64,13,2026090504,2046135517,5,98871700,98.8717,True,136,119207,"in-memory V7 session incl simulated KE derivation and deterministic quantum fixture; excl external KE/QKD, network, Qiskit, PRISM",time.perf_counter_ns,single_process
RELEASE,32,4,1,64,14,2026090505,2046135519,5,95693400,95.6934,True,136,119207,"in-memory V7 session incl simulated KE derivation and deterministic quantum fixture; excl external KE/QKD, network, Qiskit, PRISM",time.perf_counter_ns,single_process
RELEASE,32,4,1,64,15,2026090506,2046135521,5,96766200,96.7662,True,136,119207,"in-memory V7 session incl simulated KE derivation and deterministic quantum fixture; excl external KE/QKD, network, Qiskit, PRISM",time.perf_counter_ns,single_process
RELEASE,32,4,1,64,16,2026090507,2046135523,5,102589400,102.5894,True,136,119207,"in-memory V7 session incl simulated KE derivation and deterministic quantum fixture; excl external KE/QKD, network, Qiskit, PRISM",time.perf_counter_ns,single_process
RELEASE,32,4,1,64,17,2026090508,2046135525,5,96385100,96.3851,True,136,119207,"in-memory V7 session incl simulated KE derivation and deterministic quantum fixture; excl external KE/QKD, network, Qiskit, PRISM",time.perf_counter_ns,single_process
RELEASE,32,4,1,64,18,2026090509,2046135527,5,98708100,98.7081,True,136,119207,"in-memory V7 session incl simulated KE derivation and deterministic quantum fixture; excl external KE/QKD, network, Qiskit, PRISM",time.perf_counter_ns,single_process
RELEASE,32,4,1,64,19,2026090510,2046135529,5,99942700,99.9427,True,136,119207,"in-memory V7 session incl simulated KE derivation and deterministic quantum fixture; excl external KE/QKD, network, Qiskit, PRISM",time.perf_counter_ns,single_process
RELEASE,32,4,1,64,20,2026090501,2046135521,5,99462100,99.4621,True,136,119207,"in-memory V7 session incl simulated KE derivation and deterministic quantum fixture; excl external KE/QKD, network, Qiskit, PRISM",time.perf_counter_ns,single_process
RELEASE,32,4,1,64,21,2026090502,2046135523,5,100731800,100.7318,True,136,119207,"in-memory V7 session incl simulated KE derivation and deterministic quantum fixture; excl external KE/QKD, network, Qiskit, PRISM",time.perf_counter_ns,single_process
RELEASE,32,4,1,64,22,2026090503,2046135525,5,104561600,104.5616,True,136,119207,"in-memory V7 session incl simulated KE derivation and deterministic quantum fixture; excl external KE/QKD, network, Qiskit, PRISM",time.perf_counter_ns,single_process
RELEASE,32,4,1,64,23,2026090504,2046135527,5,102427700,102.4277,True,136,119207,"in-memory V7 session incl simulated KE derivation and deterministic quantum fixture; excl external KE/QKD, network, Qiskit, PRISM",time.perf_counter_ns,single_process
RELEASE,32,4,1,64,24,2026090505,2046135529,5,100731200,100.7312,True,136,119207,"in-memory V7 session incl simulated KE derivation and deterministic quantum fixture; excl external KE/QKD, network, Qiskit, PRISM",time.perf_counter_ns,single_process
RELEASE,32,4,1,64,25,2026090506,2046135531,5,100993400,100.9934,True,136,119207,"in-memory V7 session incl simulated KE derivation and deterministic quantum fixture; excl external KE/QKD, network, Qiskit, PRISM",time.perf_counter_ns,single_process
RELEASE,32,4,1,64,26,2026090507,2046135533,5,100701600,100.7016,True,136,119207,"in-memory V7 session incl simulated KE derivation and deterministic quantum fixture; excl external KE/QKD, network, Qiskit, PRISM",time.perf_counter_ns,single_process
RELEASE,32,4,1,64,27,2026090508,2046135535,5,101452600,101.4526,True,136,119207,"in-memory V7 session incl simulated KE derivation and deterministic quantum fixture; excl external KE/QKD, network, Qiskit, PRISM",time.perf_counter_ns,single_process
RELEASE,32,4,1,64,28,2026090509,2046135537,5,107397200,107.3972,True,136,119207,"in-memory V7 session incl simulated KE derivation and deterministic quantum fixture; excl external KE/QKD, network, Qiskit, PRISM",time.perf_counter_ns,single_process
RELEASE,32,4,1,64,29,2026090510,2046135539,5,98205700,98.2057,True,136,119207,"in-memory V7 session incl simulated KE derivation and deterministic quantum fixture; excl external KE/QKD, network, Qiskit, PRISM",time.perf_counter_ns,single_process
RELEASE,32,4,2,32,0,2026090501,2046136501,5,49450800,49.4508,True,72,62823,"in-memory V7 session incl simulated KE derivation and deterministic quantum fixture; excl external KE/QKD, network, Qiskit, PRISM",time.perf_counter_ns,single_process
RELEASE,32,4,2,32,1,2026090502,2046136503,5,49550400,49.5504,True,72,62823,"in-memory V7 session incl simulated KE derivation and deterministic quantum fixture; excl external KE/QKD, network, Qiskit, PRISM",time.perf_counter_ns,single_process
RELEASE,32,4,2,32,2,2026090503,2046136505,5,48395400,48.3954,True,72,62823,"in-memory V7 session incl simulated KE derivation and deterministic quantum fixture; excl external KE/QKD, network, Qiskit, PRISM",time.perf_counter_ns,single_process
RELEASE,32,4,2,32,3,2026090504,2046136507,5,48289800,48.2898,True,72,62823,"in-memory V7 session incl simulated KE derivation and deterministic quantum fixture; excl external KE/QKD, network, Qiskit, PRISM",time.perf_counter_ns,single_process
RELEASE,32,4,2,32,4,2026090505,2046136509,5,48820500,48.8205,True,72,62823,"in-memory V7 session incl simulated KE derivation and deterministic quantum fixture; excl external KE/QKD, network, Qiskit, PRISM",time.perf_counter_ns,single_process
RELEASE,32,4,2,32,5,2026090506,2046136511,5,52689600,52.6896,True,72,62823,"in-memory V7 session incl simulated KE derivation and deterministic quantum fixture; excl external KE/QKD, network, Qiskit, PRISM",time.perf_counter_ns,single_process
RELEASE,32,4,2,32,6,2026090507,2046136513,5,48324800,48.3248,True,72,62823,"in-memory V7 session incl simulated KE derivation and deterministic quantum fixture; excl external KE/QKD, network, Qiskit, PRISM",time.perf_counter_ns,single_process
RELEASE,32,4,2,32,7,2026090508,2046136515,5,48154500,48.1545,True,72,62823,"in-memory V7 session incl simulated KE derivation and deterministic quantum fixture; excl external KE/QKD, network, Qiskit, PRISM",time.perf_counter_ns,single_process
RELEASE,32,4,2,32,8,2026090509,2046136517,5,48362600,48.3626,True,72,62823,"in-memory V7 session incl simulated KE derivation and deterministic quantum fixture; excl external KE/QKD, network, Qiskit, PRISM",time.perf_counter_ns,single_process
RELEASE,32,4,2,32,9,2026090510,2046136519,5,48055600,48.0556,True,72,62823,"in-memory V7 session incl simulated KE derivation and deterministic quantum fixture; excl external KE/QKD, network, Qiskit, PRISM",time.perf_counter_ns,single_process
RELEASE,32,4,2,32,10,2026090501,2046136511,5,47697000,47.697,True,72,62823,"in-memory V7 session incl simulated KE derivation and deterministic quantum fixture; excl external KE/QKD, network, Qiskit, PRISM",time.perf_counter_ns,single_process
RELEASE,32,4,2,32,11,2026090502,2046136513,5,49001300,49.0013,True,72,62823,"in-memory V7 session incl simulated KE derivation and deterministic quantum fixture; excl external KE/QKD, network, Qiskit, PRISM",time.perf_counter_ns,single_process
RELEASE,32,4,2,32,12,2026090503,2046136515,5,49306300,49.3063,True,72,62823,"in-memory V7 session incl simulated KE derivation and deterministic quantum fixture; excl external KE/QKD, network, Qiskit, PRISM",time.perf_counter_ns,single_process
RELEASE,32,4,2,32,13,2026090504,2046136517,5,48678900,48.6789,True,72,62823,"in-memory V7 session incl simulated KE derivation and deterministic quantum fixture; excl external KE/QKD, network, Qiskit, PRISM",time.perf_counter_ns,single_process
RELEASE,32,4,2,32,14,2026090505,2046136519,5,47989200,47.9892,True,72,62823,"in-memory V7 session incl simulated KE derivation and deterministic quantum fixture; excl external KE/QKD, network, Qiskit, PRISM",time.perf_counter_ns,single_process
RELEASE,32,4,2,32,15,2026090506,2046136521,5,46092000,46.092,True,72,62823,"in-memory V7 session incl simulated KE derivation and deterministic quantum fixture; excl external KE/QKD, network, Qiskit, PRISM",time.perf_counter_ns,single_process
RELEASE,32,4,2,32,16,2026090507,2046136523,5,47221200,47.2212,True,72,62823,"in-memory V7 session incl simulated KE derivation and deterministic quantum fixture; excl external KE/QKD, network, Qiskit, PRISM",time.perf_counter_ns,single_process
RELEASE,32,4,2,32,17,2026090508,2046136525,5,52264000,52.264,True,72,62823,"in-memory V7 session incl simulated KE derivation and deterministic quantum fixture; excl external KE/QKD, network, Qiskit, PRISM",time.perf_counter_ns,single_process
RELEASE,32,4,2,32,18,2026090509,2046136527,5,47896500,47.8965,True,72,62823,"in-memory V7 session incl simulated KE derivation and deterministic quantum fixture; excl external KE/QKD, network, Qiskit, PRISM",time.perf_counter_ns,single_process
RELEASE,32,4,2,32,19,2026090510,2046136529,5,49017800,49.0178,True,72,62823,"in-memory V7 session incl simulated KE derivation and deterministic quantum fixture; excl external KE/QKD, network, Qiskit, PRISM",time.perf_counter_ns,single_process
RELEASE,32,4,2,32,20,2026090501,2046136521,5,49158800,49.1588,True,72,62823,"in-memory V7 session incl simulated KE derivation and deterministic quantum fixture; excl external KE/QKD, network, Qiskit, PRISM",time.perf_counter_ns,single_process
RELEASE,32,4,2,32,21,2026090502,2046136523,5,49142700,49.1427,True,72,62823,"in-memory V7 session incl simulated KE derivation and deterministic quantum fixture; excl external KE/QKD, network, Qiskit, PRISM",time.perf_counter_ns,single_process
RELEASE,32,4,2,32,22,2026090503,2046136525,5,49298400,49.2984,True,72,62823,"in-memory V7 session incl simulated KE derivation and deterministic quantum fixture; excl external KE/QKD, network, Qiskit, PRISM",time.perf_counter_ns,single_process
RELEASE,32,4,2,32,23,2026090504,2046136527,5,48247800,48.2478,True,72,62823,"in-memory V7 session incl simulated KE derivation and deterministic quantum fixture; excl external KE/QKD, network, Qiskit, PRISM",time.perf_counter_ns,single_process
RELEASE,32,4,2,32,24,2026090505,2046136529,5,49249300,49.2493,True,72,62823,"in-memory V7 session incl simulated KE derivation and deterministic quantum fixture; excl external KE/QKD, network, Qiskit, PRISM",time.perf_counter_ns,single_process
RELEASE,32,4,2,32,25,2026090506,2046136531,5,48708500,48.7085,True,72,62823,"in-memory V7 session incl simulated KE derivation and deterministic quantum fixture; excl external KE/QKD, network, Qiskit, PRISM",time.perf_counter_ns,single_process
RELEASE,32,4,2,32,26,2026090507,2046136533,5,49257900,49.2579,True,72,62823,"in-memory V7 session incl simulated KE derivation and deterministic quantum fixture; excl external KE/QKD, network, Qiskit, PRISM",time.perf_counter_ns,single_process
RELEASE,32,4,2,32,27,2026090508,2046136535,5,46766900,46.7669,True,72,62823,"in-memory V7 session incl simulated KE derivation and deterministic quantum fixture; excl external KE/QKD, network, Qiskit, PRISM",time.perf_counter_ns,single_process
RELEASE,32,4,2,32,28,2026090509,2046136537,5,48093300,48.0933,True,72,62823,"in-memory V7 session incl simulated KE derivation and deterministic quantum fixture; excl external KE/QKD, network, Qiskit, PRISM",time.perf_counter_ns,single_process
RELEASE,32,4,2,32,29,2026090510,2046136539,5,51913900,51.9139,True,72,62823,"in-memory V7 session incl simulated KE derivation and deterministic quantum fixture; excl external KE/QKD, network, Qiskit, PRISM",time.perf_counter_ns,single_process
RELEASE,32,4,4,16,0,2026090501,2046137501,5,26058700,26.0587,True,40,34631,"in-memory V7 session incl simulated KE derivation and deterministic quantum fixture; excl external KE/QKD, network, Qiskit, PRISM",time.perf_counter_ns,single_process
RELEASE,32,4,4,16,1,2026090502,2046137503,5,25551500,25.5515,True,40,34631,"in-memory V7 session incl simulated KE derivation and deterministic quantum fixture; excl external KE/QKD, network, Qiskit, PRISM",time.perf_counter_ns,single_process
RELEASE,32,4,4,16,2,2026090503,2046137505,5,26151500,26.1515,True,40,34631,"in-memory V7 session incl simulated KE derivation and deterministic quantum fixture; excl external KE/QKD, network, Qiskit, PRISM",time.perf_counter_ns,single_process
RELEASE,32,4,4,16,3,2026090504,2046137507,5,26327300,26.3273,True,40,34631,"in-memory V7 session incl simulated KE derivation and deterministic quantum fixture; excl external KE/QKD, network, Qiskit, PRISM",time.perf_counter_ns,single_process
RELEASE,32,4,4,16,4,2026090505,2046137509,5,26288600,26.2886,True,40,34631,"in-memory V7 session incl simulated KE derivation and deterministic quantum fixture; excl external KE/QKD, network, Qiskit, PRISM",time.perf_counter_ns,single_process
RELEASE,32,4,4,16,5,2026090506,2046137511,5,26289000,26.289,True,40,34631,"in-memory V7 session incl simulated KE derivation and deterministic quantum fixture; excl external KE/QKD, network, Qiskit, PRISM",time.perf_counter_ns,single_process
RELEASE,32,4,4,16,6,2026090507,2046137513,5,24249800,24.2498,True,40,34631,"in-memory V7 session incl simulated KE derivation and deterministic quantum fixture; excl external KE/QKD, network, Qiskit, PRISM",time.perf_counter_ns,single_process
RELEASE,32,4,4,16,7,2026090508,2046137515,5,25388000,25.388,True,40,34631,"in-memory V7 session incl simulated KE derivation and deterministic quantum fixture; excl external KE/QKD, network, Qiskit, PRISM",time.perf_counter_ns,single_process
RELEASE,32,4,4,16,8,2026090509,2046137517,5,26050200,26.0502,True,40,34631,"in-memory V7 session incl simulated KE derivation and deterministic quantum fixture; excl external KE/QKD, network, Qiskit, PRISM",time.perf_counter_ns,single_process
RELEASE,32,4,4,16,9,2026090510,2046137519,5,25660200,25.6602,True,40,34631,"in-memory V7 session incl simulated KE derivation and deterministic quantum fixture; excl external KE/QKD, network, Qiskit, PRISM",time.perf_counter_ns,single_process
RELEASE,32,4,4,16,10,2026090501,2046137511,5,25765800,25.7658,True,40,34631,"in-memory V7 session incl simulated KE derivation and deterministic quantum fixture; excl external KE/QKD, network, Qiskit, PRISM",time.perf_counter_ns,single_process
RELEASE,32,4,4,16,11,2026090502,2046137513,5,26071200,26.0712,True,40,34631,"in-memory V7 session incl simulated KE derivation and deterministic quantum fixture; excl external KE/QKD, network, Qiskit, PRISM",time.perf_counter_ns,single_process
RELEASE,32,4,4,16,12,2026090503,2046137515,5,25899200,25.8992,True,40,34631,"in-memory V7 session incl simulated KE derivation and deterministic quantum fixture; excl external KE/QKD, network, Qiskit, PRISM",time.perf_counter_ns,single_process
RELEASE,32,4,4,16,13,2026090504,2046137517,5,25687200,25.6872,True,40,34631,"in-memory V7 session incl simulated KE derivation and deterministic quantum fixture; excl external KE/QKD, network, Qiskit, PRISM",time.perf_counter_ns,single_process
RELEASE,32,4,4,16,14,2026090505,2046137519,5,25050800,25.0508,True,40,34631,"in-memory V7 session incl simulated KE derivation and deterministic quantum fixture; excl external KE/QKD, network, Qiskit, PRISM",time.perf_counter_ns,single_process
RELEASE,32,4,4,16,15,2026090506,2046137521,5,29135400,29.1354,True,40,34631,"in-memory V7 session incl simulated KE derivation and deterministic quantum fixture; excl external KE/QKD, network, Qiskit, PRISM",time.perf_counter_ns,single_process
RELEASE,32,4,4,16,16,2026090507,2046137523,5,26734900,26.7349,True,40,34631,"in-memory V7 session incl simulated KE derivation and deterministic quantum fixture; excl external KE/QKD, network, Qiskit, PRISM",time.perf_counter_ns,single_process
RELEASE,32,4,4,16,17,2026090508,2046137525,5,26160200,26.1602,True,40,34631,"in-memory V7 session incl simulated KE derivation and deterministic quantum fixture; excl external KE/QKD, network, Qiskit, PRISM",time.perf_counter_ns,single_process
RELEASE,32,4,4,16,18,2026090509,2046137527,5,26604700,26.6047,True,40,34631,"in-memory V7 session incl simulated KE derivation and deterministic quantum fixture; excl external KE/QKD, network, Qiskit, PRISM",time.perf_counter_ns,single_process
RELEASE,32,4,4,16,19,2026090510,2046137529,5,25958900,25.9589,True,40,34631,"in-memory V7 session incl simulated KE derivation and deterministic quantum fixture; excl external KE/QKD, network, Qiskit, PRISM",time.perf_counter_ns,single_process
RELEASE,32,4,4,16,20,2026090501,2046137521,5,26325400,26.3254,True,40,34631,"in-memory V7 session incl simulated KE derivation and deterministic quantum fixture; excl external KE/QKD, network, Qiskit, PRISM",time.perf_counter_ns,single_process
RELEASE,32,4,4,16,21,2026090502,2046137523,5,26496800,26.4968,True,40,34631,"in-memory V7 session incl simulated KE derivation and deterministic quantum fixture; excl external KE/QKD, network, Qiskit, PRISM",time.perf_counter_ns,single_process
RELEASE,32,4,4,16,22,2026090503,2046137525,5,25631000,25.631,True,40,34631,"in-memory V7 session incl simulated KE derivation and deterministic quantum fixture; excl external KE/QKD, network, Qiskit, PRISM",time.perf_counter_ns,single_process
RELEASE,32,4,4,16,23,2026090504,2046137527,5,25931600,25.9316,True,40,34631,"in-memory V7 session incl simulated KE derivation and deterministic quantum fixture; excl external KE/QKD, network, Qiskit, PRISM",time.perf_counter_ns,single_process
RELEASE,32,4,4,16,24,2026090505,2046137529,5,25347400,25.3474,True,40,34631,"in-memory V7 session incl simulated KE derivation and deterministic quantum fixture; excl external KE/QKD, network, Qiskit, PRISM",time.perf_counter_ns,single_process
RELEASE,32,4,4,16,25,2026090506,2046137531,5,25512000,25.512,True,40,34631,"in-memory V7 session incl simulated KE derivation and deterministic quantum fixture; excl external KE/QKD, network, Qiskit, PRISM",time.perf_counter_ns,single_process
RELEASE,32,4,4,16,26,2026090507,2046137533,5,26537900,26.5379,True,40,34631,"in-memory V7 session incl simulated KE derivation and deterministic quantum fixture; excl external KE/QKD, network, Qiskit, PRISM",time.perf_counter_ns,single_process
RELEASE,32,4,4,16,27,2026090508,2046137535,5,26503200,26.5032,True,40,34631,"in-memory V7 session incl simulated KE derivation and deterministic quantum fixture; excl external KE/QKD, network, Qiskit, PRISM",time.perf_counter_ns,single_process
RELEASE,32,4,4,16,28,2026090509,2046137537,5,26163700,26.1637,True,40,34631,"in-memory V7 session incl simulated KE derivation and deterministic quantum fixture; excl external KE/QKD, network, Qiskit, PRISM",time.perf_counter_ns,single_process
RELEASE,32,4,4,16,29,2026090510,2046137539,5,24980200,24.9802,True,40,34631,"in-memory V7 session incl simulated KE derivation and deterministic quantum fixture; excl external KE/QKD, network, Qiskit, PRISM",time.perf_counter_ns,single_process
RELEASE,32,4,8,8,0,2026090501,2046138501,5,15203400,15.2034,True,24,20535,"in-memory V7 session incl simulated KE derivation and deterministic quantum fixture; excl external KE/QKD, network, Qiskit, PRISM",time.perf_counter_ns,single_process
RELEASE,32,4,8,8,1,2026090502,2046138503,5,15564800,15.5648,True,24,20535,"in-memory V7 session incl simulated KE derivation and deterministic quantum fixture; excl external KE/QKD, network, Qiskit, PRISM",time.perf_counter_ns,single_process
RELEASE,32,4,8,8,2,2026090503,2046138505,5,16406200,16.4062,True,24,20535,"in-memory V7 session incl simulated KE derivation and deterministic quantum fixture; excl external KE/QKD, network, Qiskit, PRISM",time.perf_counter_ns,single_process
RELEASE,32,4,8,8,3,2026090504,2046138507,5,15863800,15.8638,True,24,20535,"in-memory V7 session incl simulated KE derivation and deterministic quantum fixture; excl external KE/QKD, network, Qiskit, PRISM",time.perf_counter_ns,single_process
RELEASE,32,4,8,8,4,2026090505,2046138509,5,15285100,15.2851,True,24,20535,"in-memory V7 session incl simulated KE derivation and deterministic quantum fixture; excl external KE/QKD, network, Qiskit, PRISM",time.perf_counter_ns,single_process
RELEASE,32,4,8,8,5,2026090506,2046138511,5,15329500,15.3295,True,24,20535,"in-memory V7 session incl simulated KE derivation and deterministic quantum fixture; excl external KE/QKD, network, Qiskit, PRISM",time.perf_counter_ns,single_process
RELEASE,32,4,8,8,6,2026090507,2046138513,5,15712400,15.7124,True,24,20535,"in-memory V7 session incl simulated KE derivation and deterministic quantum fixture; excl external KE/QKD, network, Qiskit, PRISM",time.perf_counter_ns,single_process
RELEASE,32,4,8,8,7,2026090508,2046138515,5,15753700,15.7537,True,24,20535,"in-memory V7 session incl simulated KE derivation and deterministic quantum fixture; excl external KE/QKD, network, Qiskit, PRISM",time.perf_counter_ns,single_process
RELEASE,32,4,8,8,8,2026090509,2046138517,5,15672400,15.6724,True,24,20535,"in-memory V7 session incl simulated KE derivation and deterministic quantum fixture; excl external KE/QKD, network, Qiskit, PRISM",time.perf_counter_ns,single_process
RELEASE,32,4,8,8,9,2026090510,2046138519,5,16179500,16.1795,True,24,20535,"in-memory V7 session incl simulated KE derivation and deterministic quantum fixture; excl external KE/QKD, network, Qiskit, PRISM",time.perf_counter_ns,single_process
RELEASE,32,4,8,8,10,2026090501,2046138511,5,18365300,18.3653,True,24,20535,"in-memory V7 session incl simulated KE derivation and deterministic quantum fixture; excl external KE/QKD, network, Qiskit, PRISM",time.perf_counter_ns,single_process
RELEASE,32,4,8,8,11,2026090502,2046138513,5,16624000,16.624,True,24,20535,"in-memory V7 session incl simulated KE derivation and deterministic quantum fixture; excl external KE/QKD, network, Qiskit, PRISM",time.perf_counter_ns,single_process
RELEASE,32,4,8,8,12,2026090503,2046138515,5,16195100,16.1951,True,24,20535,"in-memory V7 session incl simulated KE derivation and deterministic quantum fixture; excl external KE/QKD, network, Qiskit, PRISM",time.perf_counter_ns,single_process
RELEASE,32,4,8,8,13,2026090504,2046138517,5,15722000,15.722,True,24,20535,"in-memory V7 session incl simulated KE derivation and deterministic quantum fixture; excl external KE/QKD, network, Qiskit, PRISM",time.perf_counter_ns,single_process
RELEASE,32,4,8,8,14,2026090505,2046138519,5,16784100,16.7841,True,24,20535,"in-memory V7 session incl simulated KE derivation and deterministic quantum fixture; excl external KE/QKD, network, Qiskit, PRISM",time.perf_counter_ns,single_process
RELEASE,32,4,8,8,15,2026090506,2046138521,5,15976700,15.9767,True,24,20535,"in-memory V7 session incl simulated KE derivation and deterministic quantum fixture; excl external KE/QKD, network, Qiskit, PRISM",time.perf_counter_ns,single_process
RELEASE,32,4,8,8,16,2026090507,2046138523,5,15562900,15.5629,True,24,20535,"in-memory V7 session incl simulated KE derivation and deterministic quantum fixture; excl external KE/QKD, network, Qiskit, PRISM",time.perf_counter_ns,single_process
RELEASE,32,4,8,8,17,2026090508,2046138525,5,15504900,15.5049,True,24,20535,"in-memory V7 session incl simulated KE derivation and deterministic quantum fixture; excl external KE/QKD, network, Qiskit, PRISM",time.perf_counter_ns,single_process
RELEASE,32,4,8,8,18,2026090509,2046138527,5,16355300,16.3553,True,24,20535,"in-memory V7 session incl simulated KE derivation and deterministic quantum fixture; excl external KE/QKD, network, Qiskit, PRISM",time.perf_counter_ns,single_process
RELEASE,32,4,8,8,19,2026090510,2046138529,5,15720500,15.7205,True,24,20535,"in-memory V7 session incl simulated KE derivation and deterministic quantum fixture; excl external KE/QKD, network, Qiskit, PRISM",time.perf_counter_ns,single_process
RELEASE,32,4,8,8,20,2026090501,2046138521,5,15937800,15.9378,True,24,20535,"in-memory V7 session incl simulated KE derivation and deterministic quantum fixture; excl external KE/QKD, network, Qiskit, PRISM",time.perf_counter_ns,single_process
RELEASE,32,4,8,8,21,2026090502,2046138523,5,16057300,16.0573,True,24,20535,"in-memory V7 session incl simulated KE derivation and deterministic quantum fixture; excl external KE/QKD, network, Qiskit, PRISM",time.perf_counter_ns,single_process
RELEASE,32,4,8,8,22,2026090503,2046138525,5,15960000,15.96,True,24,20535,"in-memory V7 session incl simulated KE derivation and deterministic quantum fixture; excl external KE/QKD, network, Qiskit, PRISM",time.perf_counter_ns,single_process
RELEASE,32,4,8,8,23,2026090504,2046138527,5,15975800,15.9758,True,24,20535,"in-memory V7 session incl simulated KE derivation and deterministic quantum fixture; excl external KE/QKD, network, Qiskit, PRISM",time.perf_counter_ns,single_process
RELEASE,32,4,8,8,24,2026090505,2046138529,5,16157400,16.1574,True,24,20535,"in-memory V7 session incl simulated KE derivation and deterministic quantum fixture; excl external KE/QKD, network, Qiskit, PRISM",time.perf_counter_ns,single_process
RELEASE,32,4,8,8,25,2026090506,2046138531,5,15741500,15.7415,True,24,20535,"in-memory V7 session incl simulated KE derivation and deterministic quantum fixture; excl external KE/QKD, network, Qiskit, PRISM",time.perf_counter_ns,single_process
RELEASE,32,4,8,8,26,2026090507,2046138533,5,15444300,15.4443,True,24,20535,"in-memory V7 session incl simulated KE derivation and deterministic quantum fixture; excl external KE/QKD, network, Qiskit, PRISM",time.perf_counter_ns,single_process
RELEASE,32,4,8,8,27,2026090508,2046138535,5,16340600,16.3406,True,24,20535,"in-memory V7 session incl simulated KE derivation and deterministic quantum fixture; excl external KE/QKD, network, Qiskit, PRISM",time.perf_counter_ns,single_process
RELEASE,32,4,8,8,28,2026090509,2046138537,5,15478300,15.4783,True,24,20535,"in-memory V7 session incl simulated KE derivation and deterministic quantum fixture; excl external KE/QKD, network, Qiskit, PRISM",time.perf_counter_ns,single_process
RELEASE,32,4,8,8,29,2026090510,2046138539,5,15498500,15.4985,True,24,20535,"in-memory V7 session incl simulated KE derivation and deterministic quantum fixture; excl external KE/QKD, network, Qiskit, PRISM",time.perf_counter_ns,single_process
BASIC,32,155,,0,0,2026090501,2046139501,5,13849300,13.8493,True,6,10206,"in-memory V7 session incl simulated KE derivation and deterministic quantum fixture; excl external KE/QKD, network, Qiskit, PRISM",time.perf_counter_ns,single_process
BASIC,32,155,,0,1,2026090502,2046139503,5,13411600,13.4116,True,6,10206,"in-memory V7 session incl simulated KE derivation and deterministic quantum fixture; excl external KE/QKD, network, Qiskit, PRISM",time.perf_counter_ns,single_process
BASIC,32,155,,0,2,2026090503,2046139505,5,13800700,13.8007,True,6,10206,"in-memory V7 session incl simulated KE derivation and deterministic quantum fixture; excl external KE/QKD, network, Qiskit, PRISM",time.perf_counter_ns,single_process
BASIC,32,155,,0,3,2026090504,2046139507,5,13603400,13.6034,True,6,10206,"in-memory V7 session incl simulated KE derivation and deterministic quantum fixture; excl external KE/QKD, network, Qiskit, PRISM",time.perf_counter_ns,single_process
BASIC,32,155,,0,4,2026090505,2046139509,5,14284500,14.2845,True,6,10206,"in-memory V7 session incl simulated KE derivation and deterministic quantum fixture; excl external KE/QKD, network, Qiskit, PRISM",time.perf_counter_ns,single_process
BASIC,32,155,,0,5,2026090506,2046139511,5,14361900,14.3619,True,6,10206,"in-memory V7 session incl simulated KE derivation and deterministic quantum fixture; excl external KE/QKD, network, Qiskit, PRISM",time.perf_counter_ns,single_process
BASIC,32,155,,0,6,2026090507,2046139513,5,13888100,13.8881,True,6,10206,"in-memory V7 session incl simulated KE derivation and deterministic quantum fixture; excl external KE/QKD, network, Qiskit, PRISM",time.perf_counter_ns,single_process
BASIC,32,155,,0,7,2026090508,2046139515,5,14037600,14.0376,True,6,10206,"in-memory V7 session incl simulated KE derivation and deterministic quantum fixture; excl external KE/QKD, network, Qiskit, PRISM",time.perf_counter_ns,single_process
BASIC,32,155,,0,8,2026090509,2046139517,5,13426900,13.4269,True,6,10206,"in-memory V7 session incl simulated KE derivation and deterministic quantum fixture; excl external KE/QKD, network, Qiskit, PRISM",time.perf_counter_ns,single_process
BASIC,32,155,,0,9,2026090510,2046139519,5,13325200,13.3252,True,6,10206,"in-memory V7 session incl simulated KE derivation and deterministic quantum fixture; excl external KE/QKD, network, Qiskit, PRISM",time.perf_counter_ns,single_process
BASIC,32,155,,0,10,2026090501,2046139511,5,13309100,13.3091,True,6,10206,"in-memory V7 session incl simulated KE derivation and deterministic quantum fixture; excl external KE/QKD, network, Qiskit, PRISM",time.perf_counter_ns,single_process
BASIC,32,155,,0,11,2026090502,2046139513,5,13222700,13.2227,True,6,10206,"in-memory V7 session incl simulated KE derivation and deterministic quantum fixture; excl external KE/QKD, network, Qiskit, PRISM",time.perf_counter_ns,single_process
BASIC,32,155,,0,12,2026090503,2046139515,5,13342900,13.3429,True,6,10206,"in-memory V7 session incl simulated KE derivation and deterministic quantum fixture; excl external KE/QKD, network, Qiskit, PRISM",time.perf_counter_ns,single_process
BASIC,32,155,,0,13,2026090504,2046139517,5,13402200,13.4022,True,6,10206,"in-memory V7 session incl simulated KE derivation and deterministic quantum fixture; excl external KE/QKD, network, Qiskit, PRISM",time.perf_counter_ns,single_process
BASIC,32,155,,0,14,2026090505,2046139519,5,14139500,14.1395,True,6,10206,"in-memory V7 session incl simulated KE derivation and deterministic quantum fixture; excl external KE/QKD, network, Qiskit, PRISM",time.perf_counter_ns,single_process
BASIC,32,155,,0,15,2026090506,2046139521,5,13827200,13.8272,True,6,10206,"in-memory V7 session incl simulated KE derivation and deterministic quantum fixture; excl external KE/QKD, network, Qiskit, PRISM",time.perf_counter_ns,single_process
BASIC,32,155,,0,16,2026090507,2046139523,5,13473000,13.473,True,6,10206,"in-memory V7 session incl simulated KE derivation and deterministic quantum fixture; excl external KE/QKD, network, Qiskit, PRISM",time.perf_counter_ns,single_process
BASIC,32,155,,0,17,2026090508,2046139525,5,13546100,13.5461,True,6,10206,"in-memory V7 session incl simulated KE derivation and deterministic quantum fixture; excl external KE/QKD, network, Qiskit, PRISM",time.perf_counter_ns,single_process
BASIC,32,155,,0,18,2026090509,2046139527,5,13891400,13.8914,True,6,10206,"in-memory V7 session incl simulated KE derivation and deterministic quantum fixture; excl external KE/QKD, network, Qiskit, PRISM",time.perf_counter_ns,single_process
BASIC,32,155,,0,19,2026090510,2046139529,5,14331100,14.3311,True,6,10206,"in-memory V7 session incl simulated KE derivation and deterministic quantum fixture; excl external KE/QKD, network, Qiskit, PRISM",time.perf_counter_ns,single_process
BASIC,32,155,,0,20,2026090501,2046139521,5,14237500,14.2375,True,6,10206,"in-memory V7 session incl simulated KE derivation and deterministic quantum fixture; excl external KE/QKD, network, Qiskit, PRISM",time.perf_counter_ns,single_process
BASIC,32,155,,0,21,2026090502,2046139523,5,12959300,12.9593,True,6,10206,"in-memory V7 session incl simulated KE derivation and deterministic quantum fixture; excl external KE/QKD, network, Qiskit, PRISM",time.perf_counter_ns,single_process
BASIC,32,155,,0,22,2026090503,2046139525,5,14207500,14.2075,True,6,10206,"in-memory V7 session incl simulated KE derivation and deterministic quantum fixture; excl external KE/QKD, network, Qiskit, PRISM",time.perf_counter_ns,single_process
BASIC,32,155,,0,23,2026090504,2046139527,5,14059600,14.0596,True,6,10206,"in-memory V7 session incl simulated KE derivation and deterministic quantum fixture; excl external KE/QKD, network, Qiskit, PRISM",time.perf_counter_ns,single_process
BASIC,32,155,,0,24,2026090505,2046139529,5,12926900,12.9269,True,6,10206,"in-memory V7 session incl simulated KE derivation and deterministic quantum fixture; excl external KE/QKD, network, Qiskit, PRISM",time.perf_counter_ns,single_process
BASIC,32,155,,0,25,2026090506,2046139531,5,13348800,13.3488,True,6,10206,"in-memory V7 session incl simulated KE derivation and deterministic quantum fixture; excl external KE/QKD, network, Qiskit, PRISM",time.perf_counter_ns,single_process
BASIC,32,155,,0,26,2026090507,2046139533,5,13783600,13.7836,True,6,10206,"in-memory V7 session incl simulated KE derivation and deterministic quantum fixture; excl external KE/QKD, network, Qiskit, PRISM",time.perf_counter_ns,single_process
BASIC,32,155,,0,27,2026090508,2046139535,5,13735400,13.7354,True,6,10206,"in-memory V7 session incl simulated KE derivation and deterministic quantum fixture; excl external KE/QKD, network, Qiskit, PRISM",time.perf_counter_ns,single_process
BASIC,32,155,,0,28,2026090509,2046139537,5,14023500,14.0235,True,6,10206,"in-memory V7 session incl simulated KE derivation and deterministic quantum fixture; excl external KE/QKD, network, Qiskit, PRISM",time.perf_counter_ns,single_process
BASIC,32,155,,0,29,2026090510,2046139539,5,13735800,13.7358,True,6,10206,"in-memory V7 session incl simulated KE derivation and deterministic quantum fixture; excl external KE/QKD, network, Qiskit, PRISM",time.perf_counter_ns,single_process
RELEASE,32,155,1,64,0,2026090501,2046140501,5,107120900,107.1209,True,136,124644,"in-memory V7 session incl simulated KE derivation and deterministic quantum fixture; excl external KE/QKD, network, Qiskit, PRISM",time.perf_counter_ns,single_process
RELEASE,32,155,1,64,1,2026090502,2046140503,5,109314000,109.314,True,136,124644,"in-memory V7 session incl simulated KE derivation and deterministic quantum fixture; excl external KE/QKD, network, Qiskit, PRISM",time.perf_counter_ns,single_process
RELEASE,32,155,1,64,2,2026090503,2046140505,5,105437600,105.4376,True,136,124644,"in-memory V7 session incl simulated KE derivation and deterministic quantum fixture; excl external KE/QKD, network, Qiskit, PRISM",time.perf_counter_ns,single_process
RELEASE,32,155,1,64,3,2026090504,2046140507,5,112188000,112.188,True,136,124644,"in-memory V7 session incl simulated KE derivation and deterministic quantum fixture; excl external KE/QKD, network, Qiskit, PRISM",time.perf_counter_ns,single_process
RELEASE,32,155,1,64,4,2026090505,2046140509,5,107119300,107.1193,True,136,124644,"in-memory V7 session incl simulated KE derivation and deterministic quantum fixture; excl external KE/QKD, network, Qiskit, PRISM",time.perf_counter_ns,single_process
RELEASE,32,155,1,64,5,2026090506,2046140511,5,105811500,105.8115,True,136,124644,"in-memory V7 session incl simulated KE derivation and deterministic quantum fixture; excl external KE/QKD, network, Qiskit, PRISM",time.perf_counter_ns,single_process
RELEASE,32,155,1,64,6,2026090507,2046140513,5,108730400,108.7304,True,136,124644,"in-memory V7 session incl simulated KE derivation and deterministic quantum fixture; excl external KE/QKD, network, Qiskit, PRISM",time.perf_counter_ns,single_process
RELEASE,32,155,1,64,7,2026090508,2046140515,5,107585200,107.5852,True,136,124644,"in-memory V7 session incl simulated KE derivation and deterministic quantum fixture; excl external KE/QKD, network, Qiskit, PRISM",time.perf_counter_ns,single_process
RELEASE,32,155,1,64,8,2026090509,2046140517,5,109953500,109.9535,True,136,124644,"in-memory V7 session incl simulated KE derivation and deterministic quantum fixture; excl external KE/QKD, network, Qiskit, PRISM",time.perf_counter_ns,single_process
RELEASE,32,155,1,64,9,2026090510,2046140519,5,114779700,114.7797,True,136,124644,"in-memory V7 session incl simulated KE derivation and deterministic quantum fixture; excl external KE/QKD, network, Qiskit, PRISM",time.perf_counter_ns,single_process
RELEASE,32,155,1,64,10,2026090501,2046140511,5,109393000,109.393,True,136,124644,"in-memory V7 session incl simulated KE derivation and deterministic quantum fixture; excl external KE/QKD, network, Qiskit, PRISM",time.perf_counter_ns,single_process
RELEASE,32,155,1,64,11,2026090502,2046140513,5,109534200,109.5342,True,136,124644,"in-memory V7 session incl simulated KE derivation and deterministic quantum fixture; excl external KE/QKD, network, Qiskit, PRISM",time.perf_counter_ns,single_process
RELEASE,32,155,1,64,12,2026090503,2046140515,5,107980300,107.9803,True,136,124644,"in-memory V7 session incl simulated KE derivation and deterministic quantum fixture; excl external KE/QKD, network, Qiskit, PRISM",time.perf_counter_ns,single_process
RELEASE,32,155,1,64,13,2026090504,2046140517,5,107665300,107.6653,True,136,124644,"in-memory V7 session incl simulated KE derivation and deterministic quantum fixture; excl external KE/QKD, network, Qiskit, PRISM",time.perf_counter_ns,single_process
RELEASE,32,155,1,64,14,2026090505,2046140519,5,110842400,110.8424,True,136,124644,"in-memory V7 session incl simulated KE derivation and deterministic quantum fixture; excl external KE/QKD, network, Qiskit, PRISM",time.perf_counter_ns,single_process
RELEASE,32,155,1,64,15,2026090506,2046140521,5,115476500,115.4765,True,136,124644,"in-memory V7 session incl simulated KE derivation and deterministic quantum fixture; excl external KE/QKD, network, Qiskit, PRISM",time.perf_counter_ns,single_process
RELEASE,32,155,1,64,16,2026090507,2046140523,5,109147000,109.147,True,136,124644,"in-memory V7 session incl simulated KE derivation and deterministic quantum fixture; excl external KE/QKD, network, Qiskit, PRISM",time.perf_counter_ns,single_process
RELEASE,32,155,1,64,17,2026090508,2046140525,5,109658600,109.6586,True,136,124644,"in-memory V7 session incl simulated KE derivation and deterministic quantum fixture; excl external KE/QKD, network, Qiskit, PRISM",time.perf_counter_ns,single_process
RELEASE,32,155,1,64,18,2026090509,2046140527,5,109179600,109.1796,True,136,124644,"in-memory V7 session incl simulated KE derivation and deterministic quantum fixture; excl external KE/QKD, network, Qiskit, PRISM",time.perf_counter_ns,single_process
RELEASE,32,155,1,64,19,2026090510,2046140529,5,109069900,109.0699,True,136,124644,"in-memory V7 session incl simulated KE derivation and deterministic quantum fixture; excl external KE/QKD, network, Qiskit, PRISM",time.perf_counter_ns,single_process
RELEASE,32,155,1,64,20,2026090501,2046140521,5,109528100,109.5281,True,136,124644,"in-memory V7 session incl simulated KE derivation and deterministic quantum fixture; excl external KE/QKD, network, Qiskit, PRISM",time.perf_counter_ns,single_process
RELEASE,32,155,1,64,21,2026090502,2046140523,5,108244500,108.2445,True,136,124644,"in-memory V7 session incl simulated KE derivation and deterministic quantum fixture; excl external KE/QKD, network, Qiskit, PRISM",time.perf_counter_ns,single_process
RELEASE,32,155,1,64,22,2026090503,2046140525,5,112551600,112.5516,True,136,124644,"in-memory V7 session incl simulated KE derivation and deterministic quantum fixture; excl external KE/QKD, network, Qiskit, PRISM",time.perf_counter_ns,single_process
RELEASE,32,155,1,64,23,2026090504,2046140527,5,107993400,107.9934,True,136,124644,"in-memory V7 session incl simulated KE derivation and deterministic quantum fixture; excl external KE/QKD, network, Qiskit, PRISM",time.perf_counter_ns,single_process
RELEASE,32,155,1,64,24,2026090505,2046140529,5,106691900,106.6919,True,136,124644,"in-memory V7 session incl simulated KE derivation and deterministic quantum fixture; excl external KE/QKD, network, Qiskit, PRISM",time.perf_counter_ns,single_process
RELEASE,32,155,1,64,25,2026090506,2046140531,5,108128600,108.1286,True,136,124644,"in-memory V7 session incl simulated KE derivation and deterministic quantum fixture; excl external KE/QKD, network, Qiskit, PRISM",time.perf_counter_ns,single_process
RELEASE,32,155,1,64,26,2026090507,2046140533,5,111031800,111.0318,True,136,124644,"in-memory V7 session incl simulated KE derivation and deterministic quantum fixture; excl external KE/QKD, network, Qiskit, PRISM",time.perf_counter_ns,single_process
RELEASE,32,155,1,64,27,2026090508,2046140535,5,109472200,109.4722,True,136,124644,"in-memory V7 session incl simulated KE derivation and deterministic quantum fixture; excl external KE/QKD, network, Qiskit, PRISM",time.perf_counter_ns,single_process
RELEASE,32,155,1,64,28,2026090509,2046140537,5,115434200,115.4342,True,136,124644,"in-memory V7 session incl simulated KE derivation and deterministic quantum fixture; excl external KE/QKD, network, Qiskit, PRISM",time.perf_counter_ns,single_process
RELEASE,32,155,1,64,29,2026090510,2046140539,5,107766900,107.7669,True,136,124644,"in-memory V7 session incl simulated KE derivation and deterministic quantum fixture; excl external KE/QKD, network, Qiskit, PRISM",time.perf_counter_ns,single_process
RELEASE,32,155,2,32,0,2026090501,2046141501,5,56826600,56.8266,True,72,68260,"in-memory V7 session incl simulated KE derivation and deterministic quantum fixture; excl external KE/QKD, network, Qiskit, PRISM",time.perf_counter_ns,single_process
RELEASE,32,155,2,32,1,2026090502,2046141503,5,58477500,58.4775,True,72,68260,"in-memory V7 session incl simulated KE derivation and deterministic quantum fixture; excl external KE/QKD, network, Qiskit, PRISM",time.perf_counter_ns,single_process
RELEASE,32,155,2,32,2,2026090503,2046141505,5,58122200,58.1222,True,72,68260,"in-memory V7 session incl simulated KE derivation and deterministic quantum fixture; excl external KE/QKD, network, Qiskit, PRISM",time.perf_counter_ns,single_process
RELEASE,32,155,2,32,3,2026090504,2046141507,5,56552600,56.5526,True,72,68260,"in-memory V7 session incl simulated KE derivation and deterministic quantum fixture; excl external KE/QKD, network, Qiskit, PRISM",time.perf_counter_ns,single_process
RELEASE,32,155,2,32,4,2026090505,2046141509,5,62217000,62.217,True,72,68260,"in-memory V7 session incl simulated KE derivation and deterministic quantum fixture; excl external KE/QKD, network, Qiskit, PRISM",time.perf_counter_ns,single_process
RELEASE,32,155,2,32,5,2026090506,2046141511,5,56320200,56.3202,True,72,68260,"in-memory V7 session incl simulated KE derivation and deterministic quantum fixture; excl external KE/QKD, network, Qiskit, PRISM",time.perf_counter_ns,single_process
RELEASE,32,155,2,32,6,2026090507,2046141513,5,56996600,56.9966,True,72,68260,"in-memory V7 session incl simulated KE derivation and deterministic quantum fixture; excl external KE/QKD, network, Qiskit, PRISM",time.perf_counter_ns,single_process
RELEASE,32,155,2,32,7,2026090508,2046141515,5,56473700,56.4737,True,72,68260,"in-memory V7 session incl simulated KE derivation and deterministic quantum fixture; excl external KE/QKD, network, Qiskit, PRISM",time.perf_counter_ns,single_process
RELEASE,32,155,2,32,8,2026090509,2046141517,5,57153600,57.1536,True,72,68260,"in-memory V7 session incl simulated KE derivation and deterministic quantum fixture; excl external KE/QKD, network, Qiskit, PRISM",time.perf_counter_ns,single_process
RELEASE,32,155,2,32,9,2026090510,2046141519,5,56482000,56.482,True,72,68260,"in-memory V7 session incl simulated KE derivation and deterministic quantum fixture; excl external KE/QKD, network, Qiskit, PRISM",time.perf_counter_ns,single_process
RELEASE,32,155,2,32,10,2026090501,2046141511,5,56264100,56.2641,True,72,68260,"in-memory V7 session incl simulated KE derivation and deterministic quantum fixture; excl external KE/QKD, network, Qiskit, PRISM",time.perf_counter_ns,single_process
RELEASE,32,155,2,32,11,2026090502,2046141513,5,56233600,56.2336,True,72,68260,"in-memory V7 session incl simulated KE derivation and deterministic quantum fixture; excl external KE/QKD, network, Qiskit, PRISM",time.perf_counter_ns,single_process
RELEASE,32,155,2,32,12,2026090503,2046141515,5,55886300,55.8863,True,72,68260,"in-memory V7 session incl simulated KE derivation and deterministic quantum fixture; excl external KE/QKD, network, Qiskit, PRISM",time.perf_counter_ns,single_process
RELEASE,32,155,2,32,13,2026090504,2046141517,5,57736200,57.7362,True,72,68260,"in-memory V7 session incl simulated KE derivation and deterministic quantum fixture; excl external KE/QKD, network, Qiskit, PRISM",time.perf_counter_ns,single_process
RELEASE,32,155,2,32,14,2026090505,2046141519,5,57608800,57.6088,True,72,68260,"in-memory V7 session incl simulated KE derivation and deterministic quantum fixture; excl external KE/QKD, network, Qiskit, PRISM",time.perf_counter_ns,single_process
RELEASE,32,155,2,32,15,2026090506,2046141521,5,55934500,55.9345,True,72,68260,"in-memory V7 session incl simulated KE derivation and deterministic quantum fixture; excl external KE/QKD, network, Qiskit, PRISM",time.perf_counter_ns,single_process
RELEASE,32,155,2,32,16,2026090507,2046141523,5,59598500,59.5985,True,72,68260,"in-memory V7 session incl simulated KE derivation and deterministic quantum fixture; excl external KE/QKD, network, Qiskit, PRISM",time.perf_counter_ns,single_process
RELEASE,32,155,2,32,17,2026090508,2046141525,5,56079400,56.0794,True,72,68260,"in-memory V7 session incl simulated KE derivation and deterministic quantum fixture; excl external KE/QKD, network, Qiskit, PRISM",time.perf_counter_ns,single_process
RELEASE,32,155,2,32,18,2026090509,2046141527,5,56166200,56.1662,True,72,68260,"in-memory V7 session incl simulated KE derivation and deterministic quantum fixture; excl external KE/QKD, network, Qiskit, PRISM",time.perf_counter_ns,single_process
RELEASE,32,155,2,32,19,2026090510,2046141529,5,56015200,56.0152,True,72,68260,"in-memory V7 session incl simulated KE derivation and deterministic quantum fixture; excl external KE/QKD, network, Qiskit, PRISM",time.perf_counter_ns,single_process
RELEASE,32,155,2,32,20,2026090501,2046141521,5,56647300,56.6473,True,72,68260,"in-memory V7 session incl simulated KE derivation and deterministic quantum fixture; excl external KE/QKD, network, Qiskit, PRISM",time.perf_counter_ns,single_process
RELEASE,32,155,2,32,21,2026090502,2046141523,5,55864700,55.8647,True,72,68260,"in-memory V7 session incl simulated KE derivation and deterministic quantum fixture; excl external KE/QKD, network, Qiskit, PRISM",time.perf_counter_ns,single_process
RELEASE,32,155,2,32,22,2026090503,2046141525,5,54097500,54.0975,True,72,68260,"in-memory V7 session incl simulated KE derivation and deterministic quantum fixture; excl external KE/QKD, network, Qiskit, PRISM",time.perf_counter_ns,single_process
RELEASE,32,155,2,32,23,2026090504,2046141527,5,56760300,56.7603,True,72,68260,"in-memory V7 session incl simulated KE derivation and deterministic quantum fixture; excl external KE/QKD, network, Qiskit, PRISM",time.perf_counter_ns,single_process
RELEASE,32,155,2,32,24,2026090505,2046141529,5,55784000,55.784,True,72,68260,"in-memory V7 session incl simulated KE derivation and deterministic quantum fixture; excl external KE/QKD, network, Qiskit, PRISM",time.perf_counter_ns,single_process
RELEASE,32,155,2,32,25,2026090506,2046141531,5,56055700,56.0557,True,72,68260,"in-memory V7 session incl simulated KE derivation and deterministic quantum fixture; excl external KE/QKD, network, Qiskit, PRISM",time.perf_counter_ns,single_process
RELEASE,32,155,2,32,26,2026090507,2046141533,5,57425700,57.4257,True,72,68260,"in-memory V7 session incl simulated KE derivation and deterministic quantum fixture; excl external KE/QKD, network, Qiskit, PRISM",time.perf_counter_ns,single_process
RELEASE,32,155,2,32,27,2026090508,2046141535,5,58052200,58.0522,True,72,68260,"in-memory V7 session incl simulated KE derivation and deterministic quantum fixture; excl external KE/QKD, network, Qiskit, PRISM",time.perf_counter_ns,single_process
RELEASE,32,155,2,32,28,2026090509,2046141537,5,61897700,61.8977,True,72,68260,"in-memory V7 session incl simulated KE derivation and deterministic quantum fixture; excl external KE/QKD, network, Qiskit, PRISM",time.perf_counter_ns,single_process
RELEASE,32,155,2,32,29,2026090510,2046141539,5,55766800,55.7668,True,72,68260,"in-memory V7 session incl simulated KE derivation and deterministic quantum fixture; excl external KE/QKD, network, Qiskit, PRISM",time.perf_counter_ns,single_process
RELEASE,32,155,4,16,0,2026090501,2046142501,5,34388100,34.3881,True,40,40068,"in-memory V7 session incl simulated KE derivation and deterministic quantum fixture; excl external KE/QKD, network, Qiskit, PRISM",time.perf_counter_ns,single_process
RELEASE,32,155,4,16,1,2026090502,2046142503,5,34633600,34.6336,True,40,40068,"in-memory V7 session incl simulated KE derivation and deterministic quantum fixture; excl external KE/QKD, network, Qiskit, PRISM",time.perf_counter_ns,single_process
RELEASE,32,155,4,16,2,2026090503,2046142505,5,34405000,34.405,True,40,40068,"in-memory V7 session incl simulated KE derivation and deterministic quantum fixture; excl external KE/QKD, network, Qiskit, PRISM",time.perf_counter_ns,single_process
RELEASE,32,155,4,16,3,2026090504,2046142507,5,34633800,34.6338,True,40,40068,"in-memory V7 session incl simulated KE derivation and deterministic quantum fixture; excl external KE/QKD, network, Qiskit, PRISM",time.perf_counter_ns,single_process
RELEASE,32,155,4,16,4,2026090505,2046142509,5,33955000,33.955,True,40,40068,"in-memory V7 session incl simulated KE derivation and deterministic quantum fixture; excl external KE/QKD, network, Qiskit, PRISM",time.perf_counter_ns,single_process
RELEASE,32,155,4,16,5,2026090506,2046142511,5,34279400,34.2794,True,40,40068,"in-memory V7 session incl simulated KE derivation and deterministic quantum fixture; excl external KE/QKD, network, Qiskit, PRISM",time.perf_counter_ns,single_process
RELEASE,32,155,4,16,6,2026090507,2046142513,5,34078100,34.0781,True,40,40068,"in-memory V7 session incl simulated KE derivation and deterministic quantum fixture; excl external KE/QKD, network, Qiskit, PRISM",time.perf_counter_ns,single_process
RELEASE,32,155,4,16,7,2026090508,2046142515,5,34827300,34.8273,True,40,40068,"in-memory V7 session incl simulated KE derivation and deterministic quantum fixture; excl external KE/QKD, network, Qiskit, PRISM",time.perf_counter_ns,single_process
RELEASE,32,155,4,16,8,2026090509,2046142517,5,34711100,34.7111,True,40,40068,"in-memory V7 session incl simulated KE derivation and deterministic quantum fixture; excl external KE/QKD, network, Qiskit, PRISM",time.perf_counter_ns,single_process
RELEASE,32,155,4,16,9,2026090510,2046142519,5,33840100,33.8401,True,40,40068,"in-memory V7 session incl simulated KE derivation and deterministic quantum fixture; excl external KE/QKD, network, Qiskit, PRISM",time.perf_counter_ns,single_process
RELEASE,32,155,4,16,10,2026090501,2046142511,5,33680500,33.6805,True,40,40068,"in-memory V7 session incl simulated KE derivation and deterministic quantum fixture; excl external KE/QKD, network, Qiskit, PRISM",time.perf_counter_ns,single_process
RELEASE,32,155,4,16,11,2026090502,2046142513,5,33868300,33.8683,True,40,40068,"in-memory V7 session incl simulated KE derivation and deterministic quantum fixture; excl external KE/QKD, network, Qiskit, PRISM",time.perf_counter_ns,single_process
RELEASE,32,155,4,16,12,2026090503,2046142515,5,34537600,34.5376,True,40,40068,"in-memory V7 session incl simulated KE derivation and deterministic quantum fixture; excl external KE/QKD, network, Qiskit, PRISM",time.perf_counter_ns,single_process
RELEASE,32,155,4,16,13,2026090504,2046142517,5,34619600,34.6196,True,40,40068,"in-memory V7 session incl simulated KE derivation and deterministic quantum fixture; excl external KE/QKD, network, Qiskit, PRISM",time.perf_counter_ns,single_process
RELEASE,32,155,4,16,14,2026090505,2046142519,5,38242700,38.2427,True,40,40068,"in-memory V7 session incl simulated KE derivation and deterministic quantum fixture; excl external KE/QKD, network, Qiskit, PRISM",time.perf_counter_ns,single_process
RELEASE,32,155,4,16,15,2026090506,2046142521,5,34436300,34.4363,True,40,40068,"in-memory V7 session incl simulated KE derivation and deterministic quantum fixture; excl external KE/QKD, network, Qiskit, PRISM",time.perf_counter_ns,single_process
RELEASE,32,155,4,16,16,2026090507,2046142523,5,35124300,35.1243,True,40,40068,"in-memory V7 session incl simulated KE derivation and deterministic quantum fixture; excl external KE/QKD, network, Qiskit, PRISM",time.perf_counter_ns,single_process
RELEASE,32,155,4,16,17,2026090508,2046142525,5,33905900,33.9059,True,40,40068,"in-memory V7 session incl simulated KE derivation and deterministic quantum fixture; excl external KE/QKD, network, Qiskit, PRISM",time.perf_counter_ns,single_process
RELEASE,32,155,4,16,18,2026090509,2046142527,5,35070400,35.0704,True,40,40068,"in-memory V7 session incl simulated KE derivation and deterministic quantum fixture; excl external KE/QKD, network, Qiskit, PRISM",time.perf_counter_ns,single_process
RELEASE,32,155,4,16,19,2026090510,2046142529,5,34432300,34.4323,True,40,40068,"in-memory V7 session incl simulated KE derivation and deterministic quantum fixture; excl external KE/QKD, network, Qiskit, PRISM",time.perf_counter_ns,single_process
RELEASE,32,155,4,16,20,2026090501,2046142521,5,34767300,34.7673,True,40,40068,"in-memory V7 session incl simulated KE derivation and deterministic quantum fixture; excl external KE/QKD, network, Qiskit, PRISM",time.perf_counter_ns,single_process
RELEASE,32,155,4,16,21,2026090502,2046142523,5,34482700,34.4827,True,40,40068,"in-memory V7 session incl simulated KE derivation and deterministic quantum fixture; excl external KE/QKD, network, Qiskit, PRISM",time.perf_counter_ns,single_process
RELEASE,32,155,4,16,22,2026090503,2046142525,5,34686200,34.6862,True,40,40068,"in-memory V7 session incl simulated KE derivation and deterministic quantum fixture; excl external KE/QKD, network, Qiskit, PRISM",time.perf_counter_ns,single_process
RELEASE,32,155,4,16,23,2026090504,2046142527,5,33810800,33.8108,True,40,40068,"in-memory V7 session incl simulated KE derivation and deterministic quantum fixture; excl external KE/QKD, network, Qiskit, PRISM",time.perf_counter_ns,single_process
RELEASE,32,155,4,16,24,2026090505,2046142529,5,34673300,34.6733,True,40,40068,"in-memory V7 session incl simulated KE derivation and deterministic quantum fixture; excl external KE/QKD, network, Qiskit, PRISM",time.perf_counter_ns,single_process
RELEASE,32,155,4,16,25,2026090506,2046142531,5,35216900,35.2169,True,40,40068,"in-memory V7 session incl simulated KE derivation and deterministic quantum fixture; excl external KE/QKD, network, Qiskit, PRISM",time.perf_counter_ns,single_process
RELEASE,32,155,4,16,26,2026090507,2046142533,5,34742900,34.7429,True,40,40068,"in-memory V7 session incl simulated KE derivation and deterministic quantum fixture; excl external KE/QKD, network, Qiskit, PRISM",time.perf_counter_ns,single_process
RELEASE,32,155,4,16,27,2026090508,2046142535,5,33801600,33.8016,True,40,40068,"in-memory V7 session incl simulated KE derivation and deterministic quantum fixture; excl external KE/QKD, network, Qiskit, PRISM",time.perf_counter_ns,single_process
RELEASE,32,155,4,16,28,2026090509,2046142537,5,34626800,34.6268,True,40,40068,"in-memory V7 session incl simulated KE derivation and deterministic quantum fixture; excl external KE/QKD, network, Qiskit, PRISM",time.perf_counter_ns,single_process
RELEASE,32,155,4,16,29,2026090510,2046142539,5,34354400,34.3544,True,40,40068,"in-memory V7 session incl simulated KE derivation and deterministic quantum fixture; excl external KE/QKD, network, Qiskit, PRISM",time.perf_counter_ns,single_process
RELEASE,32,155,8,8,0,2026090501,2046143501,5,23589500,23.5895,True,24,25972,"in-memory V7 session incl simulated KE derivation and deterministic quantum fixture; excl external KE/QKD, network, Qiskit, PRISM",time.perf_counter_ns,single_process
RELEASE,32,155,8,8,1,2026090502,2046143503,5,24173200,24.1732,True,24,25972,"in-memory V7 session incl simulated KE derivation and deterministic quantum fixture; excl external KE/QKD, network, Qiskit, PRISM",time.perf_counter_ns,single_process
RELEASE,32,155,8,8,2,2026090503,2046143505,5,25097500,25.0975,True,24,25972,"in-memory V7 session incl simulated KE derivation and deterministic quantum fixture; excl external KE/QKD, network, Qiskit, PRISM",time.perf_counter_ns,single_process
RELEASE,32,155,8,8,3,2026090504,2046143507,5,24863300,24.8633,True,24,25972,"in-memory V7 session incl simulated KE derivation and deterministic quantum fixture; excl external KE/QKD, network, Qiskit, PRISM",time.perf_counter_ns,single_process
RELEASE,32,155,8,8,4,2026090505,2046143509,5,24526300,24.5263,True,24,25972,"in-memory V7 session incl simulated KE derivation and deterministic quantum fixture; excl external KE/QKD, network, Qiskit, PRISM",time.perf_counter_ns,single_process
RELEASE,32,155,8,8,5,2026090506,2046143511,5,24541700,24.5417,True,24,25972,"in-memory V7 session incl simulated KE derivation and deterministic quantum fixture; excl external KE/QKD, network, Qiskit, PRISM",time.perf_counter_ns,single_process
RELEASE,32,155,8,8,6,2026090507,2046143513,5,23443800,23.4438,True,24,25972,"in-memory V7 session incl simulated KE derivation and deterministic quantum fixture; excl external KE/QKD, network, Qiskit, PRISM",time.perf_counter_ns,single_process
RELEASE,32,155,8,8,7,2026090508,2046143515,5,25433700,25.4337,True,24,25972,"in-memory V7 session incl simulated KE derivation and deterministic quantum fixture; excl external KE/QKD, network, Qiskit, PRISM",time.perf_counter_ns,single_process
RELEASE,32,155,8,8,8,2026090509,2046143517,5,26611400,26.6114,True,24,25972,"in-memory V7 session incl simulated KE derivation and deterministic quantum fixture; excl external KE/QKD, network, Qiskit, PRISM",time.perf_counter_ns,single_process
RELEASE,32,155,8,8,9,2026090510,2046143519,5,23484600,23.4846,True,24,25972,"in-memory V7 session incl simulated KE derivation and deterministic quantum fixture; excl external KE/QKD, network, Qiskit, PRISM",time.perf_counter_ns,single_process
RELEASE,32,155,8,8,10,2026090501,2046143511,5,24407100,24.4071,True,24,25972,"in-memory V7 session incl simulated KE derivation and deterministic quantum fixture; excl external KE/QKD, network, Qiskit, PRISM",time.perf_counter_ns,single_process
RELEASE,32,155,8,8,11,2026090502,2046143513,5,24164300,24.1643,True,24,25972,"in-memory V7 session incl simulated KE derivation and deterministic quantum fixture; excl external KE/QKD, network, Qiskit, PRISM",time.perf_counter_ns,single_process
RELEASE,32,155,8,8,12,2026090503,2046143515,5,24409500,24.4095,True,24,25972,"in-memory V7 session incl simulated KE derivation and deterministic quantum fixture; excl external KE/QKD, network, Qiskit, PRISM",time.perf_counter_ns,single_process
RELEASE,32,155,8,8,13,2026090504,2046143517,5,24668700,24.6687,True,24,25972,"in-memory V7 session incl simulated KE derivation and deterministic quantum fixture; excl external KE/QKD, network, Qiskit, PRISM",time.perf_counter_ns,single_process
RELEASE,32,155,8,8,14,2026090505,2046143519,5,25088900,25.0889,True,24,25972,"in-memory V7 session incl simulated KE derivation and deterministic quantum fixture; excl external KE/QKD, network, Qiskit, PRISM",time.perf_counter_ns,single_process
RELEASE,32,155,8,8,15,2026090506,2046143521,5,24212900,24.2129,True,24,25972,"in-memory V7 session incl simulated KE derivation and deterministic quantum fixture; excl external KE/QKD, network, Qiskit, PRISM",time.perf_counter_ns,single_process
RELEASE,32,155,8,8,16,2026090507,2046143523,5,24544300,24.5443,True,24,25972,"in-memory V7 session incl simulated KE derivation and deterministic quantum fixture; excl external KE/QKD, network, Qiskit, PRISM",time.perf_counter_ns,single_process
RELEASE,32,155,8,8,17,2026090508,2046143525,5,24269700,24.2697,True,24,25972,"in-memory V7 session incl simulated KE derivation and deterministic quantum fixture; excl external KE/QKD, network, Qiskit, PRISM",time.perf_counter_ns,single_process
RELEASE,32,155,8,8,18,2026090509,2046143527,5,24937100,24.9371,True,24,25972,"in-memory V7 session incl simulated KE derivation and deterministic quantum fixture; excl external KE/QKD, network, Qiskit, PRISM",time.perf_counter_ns,single_process
RELEASE,32,155,8,8,19,2026090510,2046143529,5,25239300,25.2393,True,24,25972,"in-memory V7 session incl simulated KE derivation and deterministic quantum fixture; excl external KE/QKD, network, Qiskit, PRISM",time.perf_counter_ns,single_process
RELEASE,32,155,8,8,20,2026090501,2046143521,5,25932400,25.9324,True,24,25972,"in-memory V7 session incl simulated KE derivation and deterministic quantum fixture; excl external KE/QKD, network, Qiskit, PRISM",time.perf_counter_ns,single_process
RELEASE,32,155,8,8,21,2026090502,2046143523,5,24846400,24.8464,True,24,25972,"in-memory V7 session incl simulated KE derivation and deterministic quantum fixture; excl external KE/QKD, network, Qiskit, PRISM",time.perf_counter_ns,single_process
RELEASE,32,155,8,8,22,2026090503,2046143525,5,23717800,23.7178,True,24,25972,"in-memory V7 session incl simulated KE derivation and deterministic quantum fixture; excl external KE/QKD, network, Qiskit, PRISM",time.perf_counter_ns,single_process
RELEASE,32,155,8,8,23,2026090504,2046143527,5,24373400,24.3734,True,24,25972,"in-memory V7 session incl simulated KE derivation and deterministic quantum fixture; excl external KE/QKD, network, Qiskit, PRISM",time.perf_counter_ns,single_process
RELEASE,32,155,8,8,24,2026090505,2046143529,5,24377100,24.3771,True,24,25972,"in-memory V7 session incl simulated KE derivation and deterministic quantum fixture; excl external KE/QKD, network, Qiskit, PRISM",time.perf_counter_ns,single_process
RELEASE,32,155,8,8,25,2026090506,2046143531,5,24781100,24.7811,True,24,25972,"in-memory V7 session incl simulated KE derivation and deterministic quantum fixture; excl external KE/QKD, network, Qiskit, PRISM",time.perf_counter_ns,single_process
RELEASE,32,155,8,8,26,2026090507,2046143533,5,24270400,24.2704,True,24,25972,"in-memory V7 session incl simulated KE derivation and deterministic quantum fixture; excl external KE/QKD, network, Qiskit, PRISM",time.perf_counter_ns,single_process
RELEASE,32,155,8,8,27,2026090508,2046143535,5,24801000,24.801,True,24,25972,"in-memory V7 session incl simulated KE derivation and deterministic quantum fixture; excl external KE/QKD, network, Qiskit, PRISM",time.perf_counter_ns,single_process
RELEASE,32,155,8,8,28,2026090509,2046143537,5,24839000,24.839,True,24,25972,"in-memory V7 session incl simulated KE derivation and deterministic quantum fixture; excl external KE/QKD, network, Qiskit, PRISM",time.perf_counter_ns,single_process
RELEASE,32,155,8,8,29,2026090510,2046143539,5,24312200,24.3122,True,24,25972,"in-memory V7 session incl simulated KE derivation and deterministic quantum fixture; excl external KE/QKD, network, Qiskit, PRISM",time.perf_counter_ns,single_process
