configuration,strategy,L,attack_fraction,seed,trials,undetected_events,empirical_undetected,attacked_particle_passes,attacked_particles,single_attacked_particle_pass_rate,analytic_undetected,mc_executed,simulation_level,zero_count_upper_95
random_replacement_L8_f0.1,random_replacement,8,0.1,2026083001,100000,66188,0.66188,39771,79988,0.49721208181227183,0.6634204312890629,True,explicit_BB84_particle_events,
random_replacement_L8_f0.1,random_replacement,8,0.1,2026083002,100000,66307,0.66307,40153,80291,0.5000934102203236,0.6634204312890629,True,explicit_BB84_particle_events,
random_replacement_L8_f0.1,random_replacement,8,0.1,2026083003,100000,66573,0.66573,40118,79770,0.502920897580544,0.6634204312890629,True,explicit_BB84_particle_events,
random_replacement_L8_f0.1,random_replacement,8,0.1,2026083004,100000,66220,0.6622,40122,80292,0.4997010910177851,0.6634204312890629,True,explicit_BB84_particle_events,
random_replacement_L8_f0.1,random_replacement,8,0.1,2026083005,100000,66297,0.66297,40218,80341,0.5005912298826253,0.6634204312890629,True,explicit_BB84_particle_events,
random_replacement_L8_f0.1,random_replacement,8,0.1,2026083006,100000,66238,0.66238,40165,80244,0.5005358656098898,0.6634204312890629,True,explicit_BB84_particle_events,
random_replacement_L8_f0.1,random_replacement,8,0.1,2026083007,100000,66142,0.66142,39722,80141,0.49565141438215143,0.6634204312890629,True,explicit_BB84_particle_events,
random_replacement_L8_f0.1,random_replacement,8,0.1,2026083008,100000,66380,0.6638,40007,79953,0.5003814741160432,0.6634204312890629,True,explicit_BB84_particle_events,
random_replacement_L8_f0.1,random_replacement,8,0.1,2026083009,100000,66510,0.6651,40155,79945,0.5022828194383638,0.6634204312890629,True,explicit_BB84_particle_events,
random_replacement_L8_f0.1,random_replacement,8,0.1,2026083010,100000,66419,0.66419,40168,80162,0.5010853022629176,0.6634204312890629,True,explicit_BB84_particle_events,
random_replacement_L8_f0.1,random_replacement,8,0.1,2026083011,100000,66301,0.66301,40035,80014,0.5003499387607169,0.6634204312890629,True,explicit_BB84_particle_events,
random_replacement_L8_f0.1,random_replacement,8,0.1,2026083012,100000,66645,0.66645,39966,79634,0.5018710600999573,0.6634204312890629,True,explicit_BB84_particle_events,
random_replacement_L8_f0.1,random_replacement,8,0.1,2026083013,100000,66290,0.6629,40110,80181,0.5002431997605418,0.6634204312890629,True,explicit_BB84_particle_events,
random_replacement_L8_f0.1,random_replacement,8,0.1,2026083014,100000,66058,0.66058,40354,80720,0.49992566897918733,0.6634204312890629,True,explicit_BB84_particle_events,
random_replacement_L8_f0.1,random_replacement,8,0.1,2026083015,100000,66504,0.66504,40037,79751,0.5020250529773921,0.6634204312890629,True,explicit_BB84_particle_events,
random_replacement_L8_f0.1,random_replacement,8,0.1,2026083016,100000,66354,0.66354,39833,79808,0.4991103648757017,0.6634204312890629,True,explicit_BB84_particle_events,
random_replacement_L8_f0.1,random_replacement,8,0.1,2026083017,100000,66200,0.662,39672,79932,0.4963218735925537,0.6634204312890629,True,explicit_BB84_particle_events,
random_replacement_L8_f0.1,random_replacement,8,0.1,2026083018,100000,66391,0.66391,40096,80006,0.5011624128190386,0.6634204312890629,True,explicit_BB84_particle_events,
random_replacement_L8_f0.1,random_replacement,8,0.1,2026083019,100000,66297,0.66297,39920,79988,0.4990748612291844,0.6634204312890629,True,explicit_BB84_particle_events,
random_replacement_L8_f0.1,random_replacement,8,0.1,2026083020,100000,66459,0.66459,40019,79842,0.5012274241627214,0.6634204312890629,True,explicit_BB84_particle_events,
random_replacement_L8_f0.1,random_replacement,8,0.1,2026083021,100000,66301,0.66301,40072,80121,0.500143532906479,0.6634204312890629,True,explicit_BB84_particle_events,
random_replacement_L8_f0.1,random_replacement,8,0.1,2026083022,100000,66436,0.66436,40035,80011,0.5003686993038458,0.6634204312890629,True,explicit_BB84_particle_events,
random_replacement_L8_f0.1,random_replacement,8,0.1,2026083023,100000,66465,0.66465,40158,80062,0.5015862706402539,0.6634204312890629,True,explicit_BB84_particle_events,
random_replacement_L8_f0.1,random_replacement,8,0.1,2026083024,100000,66561,0.66561,40085,79870,0.5018780518342306,0.6634204312890629,True,explicit_BB84_particle_events,
random_replacement_L8_f0.1,random_replacement,8,0.1,2026083025,100000,66333,0.66333,40164,80070,0.501611090295991,0.6634204312890629,True,explicit_BB84_particle_events,
random_replacement_L8_f0.1,random_replacement,8,0.1,2026083026,100000,66559,0.66559,39910,79593,0.501426004799417,0.6634204312890629,True,explicit_BB84_particle_events,
random_replacement_L8_f0.1,random_replacement,8,0.1,2026083027,100000,66461,0.66461,40171,80095,0.5015419189712217,0.6634204312890629,True,explicit_BB84_particle_events,
random_replacement_L8_f0.1,random_replacement,8,0.1,2026083028,100000,66155,0.66155,40023,80245,0.49876004735497537,0.6634204312890629,True,explicit_BB84_particle_events,
random_replacement_L8_f0.1,random_replacement,8,0.1,2026083029,100000,66372,0.66372,40058,80105,0.5000686598839024,0.6634204312890629,True,explicit_BB84_particle_events,
random_replacement_L8_f0.1,random_replacement,8,0.1,2026083030,100000,66316,0.66316,39702,79685,0.4982368074292527,0.6634204312890629,True,explicit_BB84_particle_events,
random_replacement_L8_f0.25,random_replacement,8,0.25,2026083001,100000,34460,0.3446,99822,199805,0.4995971071795,0.34360891580581665,True,explicit_BB84_particle_events,
random_replacement_L8_f0.25,random_replacement,8,0.25,2026083002,100000,34419,0.34419,100601,200094,0.5027686987116056,0.34360891580581665,True,explicit_BB84_particle_events,
random_replacement_L8_f0.25,random_replacement,8,0.25,2026083003,100000,34334,0.34334,100254,199913,0.5014881473440946,0.34360891580581665,True,explicit_BB84_particle_events,
random_replacement_L8_f0.25,random_replacement,8,0.25,2026083004,100000,34194,0.34194,99828,200101,0.4988880615289279,0.34360891580581665,True,explicit_BB84_particle_events,
random_replacement_L8_f0.25,random_replacement,8,0.25,2026083005,100000,34422,0.34422,100009,199781,0.500593149498701,0.34360891580581665,True,explicit_BB84_particle_events,
random_replacement_L8_f0.25,random_replacement,8,0.25,2026083006,100000,34338,0.34338,100238,200532,0.499860371412044,0.34360891580581665,True,explicit_BB84_particle_events,
random_replacement_L8_f0.25,random_replacement,8,0.25,2026083007,100000,34431,0.34431,99945,200099,0.4994777585095378,0.34360891580581665,True,explicit_BB84_particle_events,
random_replacement_L8_f0.25,random_replacement,8,0.25,2026083008,100000,34370,0.3437,100009,199917,0.5002526048310049,0.34360891580581665,True,explicit_BB84_particle_events,
random_replacement_L8_f0.25,random_replacement,8,0.25,2026083009,100000,34383,0.34383,100051,199639,0.5011595930654832,0.34360891580581665,True,explicit_BB84_particle_events,
random_replacement_L8_f0.25,random_replacement,8,0.25,2026083010,100000,34497,0.34497,100288,200309,0.5006664703033813,0.34360891580581665,True,explicit_BB84_particle_events,
random_replacement_L8_f0.25,random_replacement,8,0.25,2026083011,100000,34443,0.34443,100147,200204,0.5002247707338515,0.34360891580581665,True,explicit_BB84_particle_events,
random_replacement_L8_f0.25,random_replacement,8,0.25,2026083012,100000,34611,0.34611,100339,199683,0.5024914489465804,0.34360891580581665,True,explicit_BB84_particle_events,
random_replacement_L8_f0.25,random_replacement,8,0.25,2026083013,100000,34344,0.34344,99791,199733,0.4996219953638107,0.34360891580581665,True,explicit_BB84_particle_events,
random_replacement_L8_f0.25,random_replacement,8,0.25,2026083014,100000,34095,0.34095,99729,200010,0.49862006899655015,0.34360891580581665,True,explicit_BB84_particle_events,
random_replacement_L8_f0.25,random_replacement,8,0.25,2026083015,100000,34427,0.34427,100014,199811,0.5005430131474243,0.34360891580581665,True,explicit_BB84_particle_events,
random_replacement_L8_f0.25,random_replacement,8,0.25,2026083016,100000,34291,0.34291,99878,199917,0.49959733289315067,0.34360891580581665,True,explicit_BB84_particle_events,
random_replacement_L8_f0.25,random_replacement,8,0.25,2026083017,100000,34329,0.34329,99392,199676,0.4977663815380917,0.34360891580581665,True,explicit_BB84_particle_events,
random_replacement_L8_f0.25,random_replacement,8,0.25,2026083018,100000,34477,0.34477,99918,200033,0.4995075812490939,0.34360891580581665,True,explicit_BB84_particle_events,
random_replacement_L8_f0.25,random_replacement,8,0.25,2026083019,100000,34292,0.34292,99870,200052,0.4992202027472857,0.34360891580581665,True,explicit_BB84_particle_events,
random_replacement_L8_f0.25,random_replacement,8,0.25,2026083020,100000,34651,0.34651,100352,199869,0.5020888682086767,0.34360891580581665,True,explicit_BB84_particle_events,
random_replacement_L8_f0.25,random_replacement,8,0.25,2026083021,100000,34223,0.34223,99977,200128,0.49956527822193797,0.34360891580581665,True,explicit_BB84_particle_events,
random_replacement_L8_f0.25,random_replacement,8,0.25,2026083022,100000,34612,0.34612,100200,200187,0.50053200257759,0.34360891580581665,True,explicit_BB84_particle_events,
random_replacement_L8_f0.25,random_replacement,8,0.25,2026083023,100000,34318,0.34318,100026,200138,0.4997851482477091,0.34360891580581665,True,explicit_BB84_particle_events,
random_replacement_L8_f0.25,random_replacement,8,0.25,2026083024,100000,34652,0.34652,100333,199988,0.5016951017061023,0.34360891580581665,True,explicit_BB84_particle_events,
random_replacement_L8_f0.25,random_replacement,8,0.25,2026083025,100000,34327,0.34327,99897,200002,0.499480005199948,0.34360891580581665,True,explicit_BB84_particle_events,
random_replacement_L8_f0.25,random_replacement,8,0.25,2026083026,100000,34681,0.34681,99831,199213,0.5011269344872071,0.34360891580581665,True,explicit_BB84_particle_events,
random_replacement_L8_f0.25,random_replacement,8,0.25,2026083027,100000,34424,0.34424,100188,200367,0.5000224587881238,0.34360891580581665,True,explicit_BB84_particle_events,
random_replacement_L8_f0.25,random_replacement,8,0.25,2026083028,100000,34078,0.34078,99668,200151,0.49796403715195026,0.34360891580581665,True,explicit_BB84_particle_events,
random_replacement_L8_f0.25,random_replacement,8,0.25,2026083029,100000,34345,0.34345,99859,199938,0.4994498294471286,0.34360891580581665,True,explicit_BB84_particle_events,
random_replacement_L8_f0.25,random_replacement,8,0.25,2026083030,100000,34107,0.34107,99816,200312,0.4983026478693239,0.34360891580581665,True,explicit_BB84_particle_events,
random_replacement_L8_f0.5,random_replacement,8,0.5,2026083001,100000,10046,0.10046,199710,399555,0.4998310620565379,0.1001129150390625,True,explicit_BB84_particle_events,
random_replacement_L8_f0.5,random_replacement,8,0.5,2026083002,100000,10042,0.10042,200560,399897,0.5015291437545167,0.1001129150390625,True,explicit_BB84_particle_events,
random_replacement_L8_f0.5,random_replacement,8,0.5,2026083003,100000,10018,0.10018,200167,399369,0.5012081558658784,0.1001129150390625,True,explicit_BB84_particle_events,
random_replacement_L8_f0.5,random_replacement,8,0.5,2026083004,100000,9963,0.09963,199510,399707,0.49914062050451957,0.1001129150390625,True,explicit_BB84_particle_events,
random_replacement_L8_f0.5,random_replacement,8,0.5,2026083005,100000,9892,0.09892,200262,400103,0.5005261145255097,0.1001129150390625,True,explicit_BB84_particle_events,
random_replacement_L8_f0.5,random_replacement,8,0.5,2026083006,100000,10035,0.10035,200447,400229,0.5008307743816665,0.1001129150390625,True,explicit_BB84_particle_events,
random_replacement_L8_f0.5,random_replacement,8,0.5,2026083007,100000,10086,0.10086,200123,399851,0.5004939339904114,0.1001129150390625,True,explicit_BB84_particle_events,
random_replacement_L8_f0.5,random_replacement,8,0.5,2026083008,100000,10109,0.10109,199619,399369,0.4998359912762383,0.1001129150390625,True,explicit_BB84_particle_events,
random_replacement_L8_f0.5,random_replacement,8,0.5,2026083009,100000,9933,0.09933,200094,399907,0.5003513316846167,0.1001129150390625,True,explicit_BB84_particle_events,
random_replacement_L8_f0.5,random_replacement,8,0.5,2026083010,100000,10137,0.10137,199897,400322,0.4993405308726475,0.1001129150390625,True,explicit_BB84_particle_events,
random_replacement_L8_f0.5,random_replacement,8,0.5,2026083011,100000,10041,0.10041,200015,399877,0.5001913088274644,0.1001129150390625,True,explicit_BB84_particle_events,
random_replacement_L8_f0.5,random_replacement,8,0.5,2026083012,100000,10018,0.10018,200175,399448,0.5011290581001783,0.1001129150390625,True,explicit_BB84_particle_events,
random_replacement_L8_f0.5,random_replacement,8,0.5,2026083013,100000,9951,0.09951,199566,399939,0.4989910961421617,0.1001129150390625,True,explicit_BB84_particle_events,
random_replacement_L8_f0.5,random_replacement,8,0.5,2026083014,100000,9929,0.09929,199688,399979,0.4992462104260474,0.1001129150390625,True,explicit_BB84_particle_events,
random_replacement_L8_f0.5,random_replacement,8,0.5,2026083015,100000,10099,0.10099,199682,398998,0.5004586489155334,0.1001129150390625,True,explicit_BB84_particle_events,
random_replacement_L8_f0.5,random_replacement,8,0.5,2026083016,100000,9906,0.09906,200021,399872,0.500212568021767,0.1001129150390625,True,explicit_BB84_particle_events,
random_replacement_L8_f0.5,random_replacement,8,0.5,2026083017,100000,9921,0.09921,199793,400129,0.4993214688263035,0.1001129150390625,True,explicit_BB84_particle_events,
random_replacement_L8_f0.5,random_replacement,8,0.5,2026083018,100000,10091,0.10091,199733,399921,0.49943113764968583,0.1001129150390625,True,explicit_BB84_particle_events,
random_replacement_L8_f0.5,random_replacement,8,0.5,2026083019,100000,9916,0.09916,199892,400371,0.4992669299224969,0.1001129150390625,True,explicit_BB84_particle_events,
random_replacement_L8_f0.5,random_replacement,8,0.5,2026083020,100000,10213,0.10213,200642,399760,0.5019061436862118,0.1001129150390625,True,explicit_BB84_particle_events,
random_replacement_L8_f0.5,random_replacement,8,0.5,2026083021,100000,9987,0.09987,200003,399996,0.5000125001250012,0.1001129150390625,True,explicit_BB84_particle_events,
random_replacement_L8_f0.5,random_replacement,8,0.5,2026083022,100000,10109,0.10109,200683,400570,0.5009935841425968,0.1001129150390625,True,explicit_BB84_particle_events,
random_replacement_L8_f0.5,random_replacement,8,0.5,2026083023,100000,10029,0.10029,199776,399929,0.49952866633827503,0.1001129150390625,True,explicit_BB84_particle_events,
random_replacement_L8_f0.5,random_replacement,8,0.5,2026083024,100000,10050,0.1005,199665,399718,0.4995146578337728,0.1001129150390625,True,explicit_BB84_particle_events,
random_replacement_L8_f0.5,random_replacement,8,0.5,2026083025,100000,9956,0.09956,199487,399417,0.4994454417313234,0.1001129150390625,True,explicit_BB84_particle_events,
random_replacement_L8_f0.5,random_replacement,8,0.5,2026083026,100000,10044,0.10044,200163,399953,0.5004663047908129,0.1001129150390625,True,explicit_BB84_particle_events,
random_replacement_L8_f0.5,random_replacement,8,0.5,2026083027,100000,10034,0.10034,200137,400194,0.500099951523511,0.1001129150390625,True,explicit_BB84_particle_events,
random_replacement_L8_f0.5,random_replacement,8,0.5,2026083028,100000,9978,0.09978,200079,400431,0.49965911730110807,0.1001129150390625,True,explicit_BB84_particle_events,
random_replacement_L8_f0.5,random_replacement,8,0.5,2026083029,100000,10005,0.10005,199878,400128,0.49953514875239924,0.1001129150390625,True,explicit_BB84_particle_events,
random_replacement_L8_f0.5,random_replacement,8,0.5,2026083030,100000,9995,0.09995,200206,399802,0.5007628776244241,0.1001129150390625,True,explicit_BB84_particle_events,
random_replacement_L8_f0.75,random_replacement,8,0.75,2026083001,100000,2304,0.02304,300213,600167,0.5002157732764381,0.023283064365386963,True,explicit_BB84_particle_events,
random_replacement_L8_f0.75,random_replacement,8,0.75,2026083002,100000,2373,0.02373,300561,599837,0.5010711243221075,0.023283064365386963,True,explicit_BB84_particle_events,
random_replacement_L8_f0.75,random_replacement,8,0.75,2026083003,100000,2321,0.02321,301329,600319,0.5019481309103994,0.023283064365386963,True,explicit_BB84_particle_events,
random_replacement_L8_f0.75,random_replacement,8,0.75,2026083004,100000,2273,0.02273,299932,600212,0.4997101024304746,0.023283064365386963,True,explicit_BB84_particle_events,
random_replacement_L8_f0.75,random_replacement,8,0.75,2026083005,100000,2295,0.02295,300482,600635,0.5002738768137055,0.023283064365386963,True,explicit_BB84_particle_events,
random_replacement_L8_f0.75,random_replacement,8,0.75,2026083006,100000,2303,0.02303,300194,599475,0.5007614996455232,0.023283064365386963,True,explicit_BB84_particle_events,
random_replacement_L8_f0.75,random_replacement,8,0.75,2026083007,100000,2289,0.02289,300470,599918,0.5008517830770205,0.023283064365386963,True,explicit_BB84_particle_events,
random_replacement_L8_f0.75,random_replacement,8,0.75,2026083008,100000,2386,0.02386,299579,599357,0.49983398875795226,0.023283064365386963,True,explicit_BB84_particle_events,
random_replacement_L8_f0.75,random_replacement,8,0.75,2026083009,100000,2279,0.02279,300078,599872,0.5002367171663288,0.023283064365386963,True,explicit_BB84_particle_events,
random_replacement_L8_f0.75,random_replacement,8,0.75,2026083010,100000,2380,0.0238,299818,599516,0.5001000807317904,0.023283064365386963,True,explicit_BB84_particle_events,
random_replacement_L8_f0.75,random_replacement,8,0.75,2026083011,100000,2311,0.02311,300583,600178,0.5008230891502188,0.023283064365386963,True,explicit_BB84_particle_events,
random_replacement_L8_f0.75,random_replacement,8,0.75,2026083012,100000,2308,0.02308,300311,599755,0.5007227951413494,0.023283064365386963,True,explicit_BB84_particle_events,
random_replacement_L8_f0.75,random_replacement,8,0.75,2026083013,100000,2281,0.02281,299359,599858,0.4990497751134435,0.023283064365386963,True,explicit_BB84_particle_events,
random_replacement_L8_f0.75,random_replacement,8,0.75,2026083014,100000,2293,0.02293,299985,600119,0.49987585795483896,0.023283064365386963,True,explicit_BB84_particle_events,
random_replacement_L8_f0.75,random_replacement,8,0.75,2026083015,100000,2328,0.02328,299753,599296,0.5001752055745408,0.023283064365386963,True,explicit_BB84_particle_events,
random_replacement_L8_f0.75,random_replacement,8,0.75,2026083016,100000,2363,0.02363,300334,600061,0.5005057819121722,0.023283064365386963,True,explicit_BB84_particle_events,
random_replacement_L8_f0.75,random_replacement,8,0.75,2026083017,100000,2346,0.02346,299942,600244,0.49970012195040686,0.023283064365386963,True,explicit_BB84_particle_events,
random_replacement_L8_f0.75,random_replacement,8,0.75,2026083018,100000,2421,0.02421,299758,600518,0.4991657202615076,0.023283064365386963,True,explicit_BB84_particle_events,
random_replacement_L8_f0.75,random_replacement,8,0.75,2026083019,100000,2283,0.02283,300042,600141,0.49995251115987743,0.023283064365386963,True,explicit_BB84_particle_events,
random_replacement_L8_f0.75,random_replacement,8,0.75,2026083020,100000,2303,0.02303,301084,600199,0.5016402893040475,0.023283064365386963,True,explicit_BB84_particle_events,
random_replacement_L8_f0.75,random_replacement,8,0.75,2026083021,100000,2318,0.02318,299783,600257,0.4994244132096752,0.023283064365386963,True,explicit_BB84_particle_events,
random_replacement_L8_f0.75,random_replacement,8,0.75,2026083022,100000,2369,0.02369,300423,599701,0.5009546423967944,0.023283064365386963,True,explicit_BB84_particle_events,
random_replacement_L8_f0.75,random_replacement,8,0.75,2026083023,100000,2305,0.02305,300129,600126,0.5001099769048499,0.023283064365386963,True,explicit_BB84_particle_events,
random_replacement_L8_f0.75,random_replacement,8,0.75,2026083024,100000,2376,0.02376,299952,600290,0.49967848873044696,0.023283064365386963,True,explicit_BB84_particle_events,
random_replacement_L8_f0.75,random_replacement,8,0.75,2026083025,100000,2285,0.02285,298962,599494,0.49869056237426895,0.023283064365386963,True,explicit_BB84_particle_events,
random_replacement_L8_f0.75,random_replacement,8,0.75,2026083026,100000,2392,0.02392,299842,599613,0.5000592048537974,0.023283064365386963,True,explicit_BB84_particle_events,
random_replacement_L8_f0.75,random_replacement,8,0.75,2026083027,100000,2357,0.02357,300127,600043,0.5001758207328475,0.023283064365386963,True,explicit_BB84_particle_events,
random_replacement_L8_f0.75,random_replacement,8,0.75,2026083028,100000,2290,0.0229,299625,600001,0.4993741677097205,0.023283064365386963,True,explicit_BB84_particle_events,
random_replacement_L8_f0.75,random_replacement,8,0.75,2026083029,100000,2275,0.02275,300057,600432,0.4997351906627228,0.023283064365386963,True,explicit_BB84_particle_events,
random_replacement_L8_f0.75,random_replacement,8,0.75,2026083030,100000,2298,0.02298,300555,600369,0.5006171204709103,0.023283064365386963,True,explicit_BB84_particle_events,
random_replacement_L8_f1,random_replacement,8,1.0,2026083001,100000,380,0.0038,400315,800000,0.50039375,0.00390625,True,explicit_BB84_particle_events,
random_replacement_L8_f1,random_replacement,8,1.0,2026083002,100000,377,0.00377,400690,800000,0.5008625,0.00390625,True,explicit_BB84_particle_events,
random_replacement_L8_f1,random_replacement,8,1.0,2026083003,100000,391,0.00391,400890,800000,0.5011125,0.00390625,True,explicit_BB84_particle_events,
random_replacement_L8_f1,random_replacement,8,1.0,2026083004,100000,402,0.00402,400012,800000,0.500015,0.00390625,True,explicit_BB84_particle_events,
random_replacement_L8_f1,random_replacement,8,1.0,2026083005,100000,398,0.00398,400160,800000,0.5002,0.00390625,True,explicit_BB84_particle_events,
random_replacement_L8_f1,random_replacement,8,1.0,2026083006,100000,379,0.00379,400786,800000,0.5009825,0.00390625,True,explicit_BB84_particle_events,
random_replacement_L8_f1,random_replacement,8,1.0,2026083007,100000,377,0.00377,400167,800000,0.50020875,0.00390625,True,explicit_BB84_particle_events,
random_replacement_L8_f1,random_replacement,8,1.0,2026083008,100000,378,0.00378,399777,800000,0.49972125,0.00390625,True,explicit_BB84_particle_events,
random_replacement_L8_f1,random_replacement,8,1.0,2026083009,100000,378,0.00378,400209,800000,0.50026125,0.00390625,True,explicit_BB84_particle_events,
random_replacement_L8_f1,random_replacement,8,1.0,2026083010,100000,391,0.00391,400161,800000,0.50020125,0.00390625,True,explicit_BB84_particle_events,
random_replacement_L8_f1,random_replacement,8,1.0,2026083011,100000,406,0.00406,400582,800000,0.5007275,0.00390625,True,explicit_BB84_particle_events,
random_replacement_L8_f1,random_replacement,8,1.0,2026083012,100000,394,0.00394,400607,800000,0.50075875,0.00390625,True,explicit_BB84_particle_events,
random_replacement_L8_f1,random_replacement,8,1.0,2026083013,100000,371,0.00371,399824,800000,0.49978,0.00390625,True,explicit_BB84_particle_events,
random_replacement_L8_f1,random_replacement,8,1.0,2026083014,100000,397,0.00397,400100,800000,0.500125,0.00390625,True,explicit_BB84_particle_events,
random_replacement_L8_f1,random_replacement,8,1.0,2026083015,100000,396,0.00396,399978,800000,0.4999725,0.00390625,True,explicit_BB84_particle_events,
random_replacement_L8_f1,random_replacement,8,1.0,2026083016,100000,391,0.00391,400481,800000,0.50060125,0.00390625,True,explicit_BB84_particle_events,
random_replacement_L8_f1,random_replacement,8,1.0,2026083017,100000,377,0.00377,399963,800000,0.49995375,0.00390625,True,explicit_BB84_particle_events,
random_replacement_L8_f1,random_replacement,8,1.0,2026083018,100000,413,0.00413,399681,800000,0.49960125,0.00390625,True,explicit_BB84_particle_events,
random_replacement_L8_f1,random_replacement,8,1.0,2026083019,100000,377,0.00377,399754,800000,0.4996925,0.00390625,True,explicit_BB84_particle_events,
random_replacement_L8_f1,random_replacement,8,1.0,2026083020,100000,408,0.00408,400672,800000,0.50084,0.00390625,True,explicit_BB84_particle_events,
random_replacement_L8_f1,random_replacement,8,1.0,2026083021,100000,403,0.00403,399647,800000,0.49955875,0.00390625,True,explicit_BB84_particle_events,
random_replacement_L8_f1,random_replacement,8,1.0,2026083022,100000,382,0.00382,400633,800000,0.50079125,0.00390625,True,explicit_BB84_particle_events,
random_replacement_L8_f1,random_replacement,8,1.0,2026083023,100000,380,0.0038,399748,800000,0.499685,0.00390625,True,explicit_BB84_particle_events,
random_replacement_L8_f1,random_replacement,8,1.0,2026083024,100000,418,0.00418,399856,800000,0.49982,0.00390625,True,explicit_BB84_particle_events,
random_replacement_L8_f1,random_replacement,8,1.0,2026083025,100000,396,0.00396,399146,800000,0.4989325,0.00390625,True,explicit_BB84_particle_events,
random_replacement_L8_f1,random_replacement,8,1.0,2026083026,100000,426,0.00426,400387,800000,0.50048375,0.00390625,True,explicit_BB84_particle_events,
random_replacement_L8_f1,random_replacement,8,1.0,2026083027,100000,394,0.00394,399929,800000,0.49991125,0.00390625,True,explicit_BB84_particle_events,
random_replacement_L8_f1,random_replacement,8,1.0,2026083028,100000,382,0.00382,399605,800000,0.49950625,0.00390625,True,explicit_BB84_particle_events,
random_replacement_L8_f1,random_replacement,8,1.0,2026083029,100000,348,0.00348,399983,800000,0.49997875,0.00390625,True,explicit_BB84_particle_events,
random_replacement_L8_f1,random_replacement,8,1.0,2026083030,100000,397,0.00397,400768,800000,0.50096,0.00390625,True,explicit_BB84_particle_events,
random_replacement_L16_f0.1,random_replacement,16,0.1,2026083001,100000,44056,0.44056,79555,159819,0.4977818657356134,0.4401266686517662,True,explicit_BB84_particle_events,
random_replacement_L16_f0.1,random_replacement,16,0.1,2026083002,100000,44041,0.44041,80079,160119,0.5001217844228355,0.4401266686517662,True,explicit_BB84_particle_events,
random_replacement_L16_f0.1,random_replacement,16,0.1,2026083003,100000,44080,0.4408,79320,159204,0.49822868772141404,0.4401266686517662,True,explicit_BB84_particle_events,
random_replacement_L16_f0.1,random_replacement,16,0.1,2026083004,100000,44062,0.44062,79899,159816,0.49994368523802374,0.4401266686517662,True,explicit_BB84_particle_events,
random_replacement_L16_f0.1,random_replacement,16,0.1,2026083005,100000,43642,0.43642,80054,160614,0.49842479484976404,0.4401266686517662,True,explicit_BB84_particle_events,
random_replacement_L16_f0.1,random_replacement,16,0.1,2026083006,100000,43979,0.43979,80048,160040,0.5001749562609348,0.4401266686517662,True,explicit_BB84_particle_events,
random_replacement_L16_f0.1,random_replacement,16,0.1,2026083007,100000,44021,0.44021,80293,160302,0.5008858279996506,0.4401266686517662,True,explicit_BB84_particle_events,
random_replacement_L16_f0.1,random_replacement,16,0.1,2026083008,100000,43793,0.43793,80374,160831,0.4997419651684066,0.4401266686517662,True,explicit_BB84_particle_events,
random_replacement_L16_f0.1,random_replacement,16,0.1,2026083009,100000,44000,0.44,80190,160144,0.5007368368468379,0.4401266686517662,True,explicit_BB84_particle_events,
random_replacement_L16_f0.1,random_replacement,16,0.1,2026083010,100000,43913,0.43913,80092,160336,0.49952599540963977,0.4401266686517662,True,explicit_BB84_particle_events,
random_replacement_L16_f0.1,random_replacement,16,0.1,2026083011,100000,44032,0.44032,79955,159799,0.500347311309833,0.4401266686517662,True,explicit_BB84_particle_events,
random_replacement_L16_f0.1,random_replacement,16,0.1,2026083012,100000,43913,0.43913,80002,160126,0.49961904999812645,0.4401266686517662,True,explicit_BB84_particle_events,
random_replacement_L16_f0.1,random_replacement,16,0.1,2026083013,100000,44006,0.44006,79964,160079,0.4995283578733001,0.4401266686517662,True,explicit_BB84_particle_events,
random_replacement_L16_f0.1,random_replacement,16,0.1,2026083014,100000,44109,0.44109,80447,160450,0.5013836086008102,0.4401266686517662,True,explicit_BB84_particle_events,
random_replacement_L16_f0.1,random_replacement,16,0.1,2026083015,100000,43955,0.43955,80243,160350,0.5004240723417525,0.4401266686517662,True,explicit_BB84_particle_events,
random_replacement_L16_f0.1,random_replacement,16,0.1,2026083016,100000,43485,0.43485,80222,161034,0.49816808872660434,0.4401266686517662,True,explicit_BB84_particle_events,
random_replacement_L16_f0.1,random_replacement,16,0.1,2026083017,100000,44065,0.44065,80046,159517,0.501802315740642,0.4401266686517662,True,explicit_BB84_particle_events,
random_replacement_L16_f0.1,random_replacement,16,0.1,2026083018,100000,44221,0.44221,80068,159806,0.5010325019085642,0.4401266686517662,True,explicit_BB84_particle_events,
random_replacement_L16_f0.1,random_replacement,16,0.1,2026083019,100000,43965,0.43965,80108,160266,0.4998440093344814,0.4401266686517662,True,explicit_BB84_particle_events,
random_replacement_L16_f0.1,random_replacement,16,0.1,2026083020,100000,43918,0.43918,80248,160658,0.4994958234261599,0.4401266686517662,True,explicit_BB84_particle_events,
random_replacement_L16_f0.1,random_replacement,16,0.1,2026083021,100000,44250,0.4425,80099,159680,0.5016219939879759,0.4401266686517662,True,explicit_BB84_particle_events,
random_replacement_L16_f0.1,random_replacement,16,0.1,2026083022,100000,43860,0.4386,79907,160151,0.49894786794962254,0.4401266686517662,True,explicit_BB84_particle_events,
random_replacement_L16_f0.1,random_replacement,16,0.1,2026083023,100000,43912,0.43912,79706,159904,0.4984615769461677,0.4401266686517662,True,explicit_BB84_particle_events,
random_replacement_L16_f0.1,random_replacement,16,0.1,2026083024,100000,43967,0.43967,79776,159649,0.49969620855752306,0.4401266686517662,True,explicit_BB84_particle_events,
random_replacement_L16_f0.1,random_replacement,16,0.1,2026083025,100000,43942,0.43942,80044,160021,0.5002093475231376,0.4401266686517662,True,explicit_BB84_particle_events,
random_replacement_L16_f0.1,random_replacement,16,0.1,2026083026,100000,43993,0.43993,79958,160222,0.4990450749584951,0.4401266686517662,True,explicit_BB84_particle_events,
random_replacement_L16_f0.1,random_replacement,16,0.1,2026083027,100000,43765,0.43765,80046,160517,0.49867615268164744,0.4401266686517662,True,explicit_BB84_particle_events,
random_replacement_L16_f0.1,random_replacement,16,0.1,2026083028,100000,44140,0.4414,79946,159974,0.4997437083526073,0.4401266686517662,True,explicit_BB84_particle_events,
random_replacement_L16_f0.1,random_replacement,16,0.1,2026083029,100000,43966,0.43966,80182,160244,0.5003744289957814,0.4401266686517662,True,explicit_BB84_particle_events,
random_replacement_L16_f0.1,random_replacement,16,0.1,2026083030,100000,44432,0.44432,80121,159491,0.5023543648230935,0.4401266686517662,True,explicit_BB84_particle_events,
random_replacement_L16_f0.25,random_replacement,16,0.25,2026083001,100000,11811,0.11811,198878,399532,0.49777739955748224,0.1180670870212488,True,explicit_BB84_particle_events,
random_replacement_L16_f0.25,random_replacement,16,0.25,2026083002,100000,11708,0.11708,199766,400298,0.4990432128064592,0.1180670870212488,True,explicit_BB84_particle_events,
random_replacement_L16_f0.25,random_replacement,16,0.25,2026083003,100000,11865,0.11865,199262,398687,0.4997955789880282,0.1180670870212488,True,explicit_BB84_particle_events,
random_replacement_L16_f0.25,random_replacement,16,0.25,2026083004,100000,11851,0.11851,200352,399958,0.5009325979227819,0.1180670870212488,True,explicit_BB84_particle_events,
random_replacement_L16_f0.25,random_replacement,16,0.25,2026083005,100000,11721,0.11721,200183,401121,0.4990588874678713,0.1180670870212488,True,explicit_BB84_particle_events,
random_replacement_L16_f0.25,random_replacement,16,0.25,2026083006,100000,11724,0.11724,200092,400726,0.499323727434706,0.1180670870212488,True,explicit_BB84_particle_events,
random_replacement_L16_f0.25,random_replacement,16,0.25,2026083007,100000,11740,0.1174,200282,400436,0.500159825789889,0.1180670870212488,True,explicit_BB84_particle_events,
random_replacement_L16_f0.25,random_replacement,16,0.25,2026083008,100000,11838,0.11838,200407,400630,0.5002296383196465,0.1180670870212488,True,explicit_BB84_particle_events,
random_replacement_L16_f0.25,random_replacement,16,0.25,2026083009,100000,11802,0.11802,200389,400452,0.5004070400447495,0.1180670870212488,True,explicit_BB84_particle_events,
random_replacement_L16_f0.25,random_replacement,16,0.25,2026083010,100000,11748,0.11748,199957,399875,0.5000487652391372,0.1180670870212488,True,explicit_BB84_particle_events,
random_replacement_L16_f0.25,random_replacement,16,0.25,2026083011,100000,11850,0.1185,200491,400044,0.5011723710391857,0.1180670870212488,True,explicit_BB84_particle_events,
random_replacement_L16_f0.25,random_replacement,16,0.25,2026083012,100000,11850,0.1185,200059,399569,0.5006869902319749,0.1180670870212488,True,explicit_BB84_particle_events,
random_replacement_L16_f0.25,random_replacement,16,0.25,2026083013,100000,11756,0.11756,200016,400150,0.4998525552917656,0.1180670870212488,True,explicit_BB84_particle_events,
random_replacement_L16_f0.25,random_replacement,16,0.25,2026083014,100000,11970,0.1197,200461,400089,0.5010410183734119,0.1180670870212488,True,explicit_BB84_particle_events,
random_replacement_L16_f0.25,random_replacement,16,0.25,2026083015,100000,11816,0.11816,200206,400658,0.4996930050067639,0.1180670870212488,True,explicit_BB84_particle_events,
random_replacement_L16_f0.25,random_replacement,16,0.25,2026083016,100000,11766,0.11766,200540,401012,0.5000847854927034,0.1180670870212488,True,explicit_BB84_particle_events,
random_replacement_L16_f0.25,random_replacement,16,0.25,2026083017,100000,11773,0.11773,199728,399638,0.49977229392600303,0.1180670870212488,True,explicit_BB84_particle_events,
random_replacement_L16_f0.25,random_replacement,16,0.25,2026083018,100000,11677,0.11677,200022,400037,0.5000087491906998,0.1180670870212488,True,explicit_BB84_particle_events,
random_replacement_L16_f0.25,random_replacement,16,0.25,2026083019,100000,11886,0.11886,200572,400336,0.5010091523120579,0.1180670870212488,True,explicit_BB84_particle_events,
random_replacement_L16_f0.25,random_replacement,16,0.25,2026083020,100000,11835,0.11835,200134,400021,0.500308733791476,0.1180670870212488,True,explicit_BB84_particle_events,
random_replacement_L16_f0.25,random_replacement,16,0.25,2026083021,100000,11785,0.11785,199935,399517,0.5004417834535201,0.1180670870212488,True,explicit_BB84_particle_events,
random_replacement_L16_f0.25,random_replacement,16,0.25,2026083022,100000,11841,0.11841,199777,399072,0.5006039010504371,0.1180670870212488,True,explicit_BB84_particle_events,
random_replacement_L16_f0.25,random_replacement,16,0.25,2026083023,100000,11741,0.11741,199794,399644,0.4999299376445036,0.1180670870212488,True,explicit_BB84_particle_events,
random_replacement_L16_f0.25,random_replacement,16,0.25,2026083024,100000,11774,0.11774,199545,399513,0.49947060546215016,0.1180670870212488,True,explicit_BB84_particle_events,
random_replacement_L16_f0.25,random_replacement,16,0.25,2026083025,100000,11937,0.11937,200362,399958,0.5009576005480575,0.1180670870212488,True,explicit_BB84_particle_events,
random_replacement_L16_f0.25,random_replacement,16,0.25,2026083026,100000,11766,0.11766,200141,400472,0.49976277991969476,0.1180670870212488,True,explicit_BB84_particle_events,
random_replacement_L16_f0.25,random_replacement,16,0.25,2026083027,100000,11753,0.11753,200238,400524,0.4999400784971687,0.1180670870212488,True,explicit_BB84_particle_events,
random_replacement_L16_f0.25,random_replacement,16,0.25,2026083028,100000,11807,0.11807,199802,399694,0.4998874138716118,0.1180670870212488,True,explicit_BB84_particle_events,
random_replacement_L16_f0.25,random_replacement,16,0.25,2026083029,100000,11678,0.11678,200214,399818,0.5007628470954284,0.1180670870212488,True,explicit_BB84_particle_events,
random_replacement_L16_f0.25,random_replacement,16,0.25,2026083030,100000,11840,0.1184,199871,399495,0.5003091402896156,0.1180670870212488,True,explicit_BB84_particle_events,
random_replacement_L16_f0.5,random_replacement,16,0.5,2026083001,100000,1012,0.01012,398425,798315,0.499082442394293,0.010022595757618546,True,explicit_BB84_particle_events,
random_replacement_L16_f0.5,random_replacement,16,0.5,2026083002,100000,1006,0.01006,399249,799527,0.49935649452738934,0.010022595757618546,True,explicit_BB84_particle_events,
random_replacement_L16_f0.5,random_replacement,16,0.5,2026083003,100000,983,0.00983,400141,799329,0.5005961249998436,0.010022595757618546,True,explicit_BB84_particle_events,
random_replacement_L16_f0.5,random_replacement,16,0.5,2026083004,100000,997,0.00997,399379,799217,0.4997128439460122,0.010022595757618546,True,explicit_BB84_particle_events,
random_replacement_L16_f0.5,random_replacement,16,0.5,2026083005,100000,991,0.00991,400541,801397,0.49980346819366683,0.010022595757618546,True,explicit_BB84_particle_events,
random_replacement_L16_f0.5,random_replacement,16,0.5,2026083006,100000,1049,0.01049,399206,799782,0.4991435166082758,0.010022595757618546,True,explicit_BB84_particle_events,
random_replacement_L16_f0.5,random_replacement,16,0.5,2026083007,100000,1008,0.01008,399833,799962,0.49981499121208256,0.010022595757618546,True,explicit_BB84_particle_events,
random_replacement_L16_f0.5,random_replacement,16,0.5,2026083008,100000,1028,0.01028,400096,799946,0.5001537603788255,0.010022595757618546,True,explicit_BB84_particle_events,
random_replacement_L16_f0.5,random_replacement,16,0.5,2026083009,100000,992,0.00992,400178,799760,0.5003726117835351,0.010022595757618546,True,explicit_BB84_particle_events,
random_replacement_L16_f0.5,random_replacement,16,0.5,2026083010,100000,984,0.00984,400734,800535,0.5005827352957709,0.010022595757618546,True,explicit_BB84_particle_events,
random_replacement_L16_f0.5,random_replacement,16,0.5,2026083011,100000,1016,0.01016,400618,800182,0.5006586001684616,0.010022595757618546,True,explicit_BB84_particle_events,
random_replacement_L16_f0.5,random_replacement,16,0.5,2026083012,100000,973,0.00973,400108,799638,0.5003614135396267,0.010022595757618546,True,explicit_BB84_particle_events,
random_replacement_L16_f0.5,random_replacement,16,0.5,2026083013,100000,1007,0.01007,399737,799449,0.500015635769136,0.010022595757618546,True,explicit_BB84_particle_events,
random_replacement_L16_f0.5,random_replacement,16,0.5,2026083014,100000,1038,0.01038,400627,800413,0.500525353786108,0.010022595757618546,True,explicit_BB84_particle_events,
random_replacement_L16_f0.5,random_replacement,16,0.5,2026083015,100000,1030,0.0103,399759,800066,0.49965752825391907,0.010022595757618546,True,explicit_BB84_particle_events,
random_replacement_L16_f0.5,random_replacement,16,0.5,2026083016,100000,971,0.00971,400608,801017,0.5001242170890255,0.010022595757618546,True,explicit_BB84_particle_events,
random_replacement_L16_f0.5,random_replacement,16,0.5,2026083017,100000,954,0.00954,399497,799296,0.49981108375370326,0.010022595757618546,True,explicit_BB84_particle_events,
random_replacement_L16_f0.5,random_replacement,16,0.5,2026083018,100000,996,0.00996,400374,800110,0.5003986951794128,0.010022595757618546,True,explicit_BB84_particle_events,
random_replacement_L16_f0.5,random_replacement,16,0.5,2026083019,100000,1021,0.01021,401459,800986,0.5012060135882525,0.010022595757618546,True,explicit_BB84_particle_events,
random_replacement_L16_f0.5,random_replacement,16,0.5,2026083020,100000,961,0.00961,399742,799149,0.5002095979598298,0.010022595757618546,True,explicit_BB84_particle_events,
random_replacement_L16_f0.5,random_replacement,16,0.5,2026083021,100000,1052,0.01052,400488,799941,0.5006469227105499,0.010022595757618546,True,explicit_BB84_particle_events,
random_replacement_L16_f0.5,random_replacement,16,0.5,2026083022,100000,977,0.00977,400028,799148,0.5005681050318589,0.010022595757618546,True,explicit_BB84_particle_events,
random_replacement_L16_f0.5,random_replacement,16,0.5,2026083023,100000,983,0.00983,399390,799343,0.49964783578513855,0.010022595757618546,True,explicit_BB84_particle_events,
random_replacement_L16_f0.5,random_replacement,16,0.5,2026083024,100000,985,0.00985,399783,799676,0.4999312221449687,0.010022595757618546,True,explicit_BB84_particle_events,
random_replacement_L16_f0.5,random_replacement,16,0.5,2026083025,100000,1005,0.01005,400999,800225,0.5011078134274736,0.010022595757618546,True,explicit_BB84_particle_events,
random_replacement_L16_f0.5,random_replacement,16,0.5,2026083026,100000,999,0.00999,399889,799640,0.5000862888299735,0.010022595757618546,True,explicit_BB84_particle_events,
random_replacement_L16_f0.5,random_replacement,16,0.5,2026083027,100000,982,0.00982,400309,800360,0.5001611774701384,0.010022595757618546,True,explicit_BB84_particle_events,
random_replacement_L16_f0.5,random_replacement,16,0.5,2026083028,100000,1006,0.01006,400064,799730,0.5002488339814688,0.010022595757618546,True,explicit_BB84_particle_events,
random_replacement_L16_f0.5,random_replacement,16,0.5,2026083029,100000,990,0.0099,400340,800525,0.5000968114674744,0.010022595757618546,True,explicit_BB84_particle_events,
random_replacement_L16_f0.5,random_replacement,16,0.5,2026083030,100000,997,0.00997,400046,799673,0.5002619820851774,0.010022595757618546,True,explicit_BB84_particle_events,
random_replacement_L16_f0.75,random_replacement,16,0.75,2026083001,100000,50,0.0005,598835,1199213,0.49935666141044166,0.0005421010862427522,True,explicit_BB84_particle_events,
random_replacement_L16_f0.75,random_replacement,16,0.75,2026083002,100000,56,0.00056,598677,1199058,0.4992894422121365,0.0005421010862427522,True,explicit_BB84_particle_events,
random_replacement_L16_f0.75,random_replacement,16,0.75,2026083003,100000,61,0.00061,600195,1199857,0.500222109801418,0.0005421010862427522,True,explicit_BB84_particle_events,
random_replacement_L16_f0.75,random_replacement,16,0.75,2026083004,100000,55,0.00055,599521,1199459,0.4998261716323776,0.0005421010862427522,True,explicit_BB84_particle_events,
random_replacement_L16_f0.75,random_replacement,16,0.75,2026083005,100000,56,0.00056,600355,1201108,0.49983431964486125,0.0005421010862427522,True,explicit_BB84_particle_events,
random_replacement_L16_f0.75,random_replacement,16,0.75,2026083006,100000,52,0.00052,598999,1199560,0.49934892794024477,0.0005421010862427522,True,explicit_BB84_particle_events,
random_replacement_L16_f0.75,random_replacement,16,0.75,2026083007,100000,75,0.00075,599812,1199709,0.49996457474270845,0.0005421010862427522,True,explicit_BB84_particle_events,
random_replacement_L16_f0.75,random_replacement,16,0.75,2026083008,100000,56,0.00056,600243,1200418,0.5000283234673255,0.0005421010862427522,True,explicit_BB84_particle_events,
random_replacement_L16_f0.75,random_replacement,16,0.75,2026083009,100000,65,0.00065,600616,1200421,0.5003377981558137,0.0005421010862427522,True,explicit_BB84_particle_events,
random_replacement_L16_f0.75,random_replacement,16,0.75,2026083010,100000,58,0.00058,600962,1200901,0.5004259301974101,0.0005421010862427522,True,explicit_BB84_particle_events,
random_replacement_L16_f0.75,random_replacement,16,0.75,2026083011,100000,46,0.00046,600423,1200319,0.5002195249762771,0.0005421010862427522,True,explicit_BB84_particle_events,
random_replacement_L16_f0.75,random_replacement,16,0.75,2026083012,100000,50,0.0005,600762,1200275,0.5005202974318386,0.0005421010862427522,True,explicit_BB84_particle_events,
random_replacement_L16_f0.75,random_replacement,16,0.75,2026083013,100000,65,0.00065,600179,1199941,0.5001737585431284,0.0005421010862427522,True,explicit_BB84_particle_events,
random_replacement_L16_f0.75,random_replacement,16,0.75,2026083014,100000,56,0.00056,600435,1200360,0.5002124362691193,0.0005421010862427522,True,explicit_BB84_particle_events,
random_replacement_L16_f0.75,random_replacement,16,0.75,2026083015,100000,51,0.00051,599861,1199814,0.4999616607240789,0.0005421010862427522,True,explicit_BB84_particle_events,
random_replacement_L16_f0.75,random_replacement,16,0.75,2026083016,100000,59,0.00059,600411,1199848,0.500405884745401,0.0005421010862427522,True,explicit_BB84_particle_events,
random_replacement_L16_f0.75,random_replacement,16,0.75,2026083017,100000,62,0.00062,599716,1199465,0.4999862438670574,0.0005421010862427522,True,explicit_BB84_particle_events,
random_replacement_L16_f0.75,random_replacement,16,0.75,2026083018,100000,53,0.00053,600584,1199738,0.5005959634520204,0.0005421010862427522,True,explicit_BB84_particle_events,
random_replacement_L16_f0.75,random_replacement,16,0.75,2026083019,100000,63,0.00063,601025,1200559,0.5006209607357905,0.0005421010862427522,True,explicit_BB84_particle_events,
random_replacement_L16_f0.75,random_replacement,16,0.75,2026083020,100000,45,0.00045,600236,1199211,0.5005257623554153,0.0005421010862427522,True,explicit_BB84_particle_events,
random_replacement_L16_f0.75,random_replacement,16,0.75,2026083021,100000,55,0.00055,599659,1199350,0.4999866594405303,0.0005421010862427522,True,explicit_BB84_particle_events,
random_replacement_L16_f0.75,random_replacement,16,0.75,2026083022,100000,55,0.00055,599976,1199131,0.500342331238205,0.0005421010862427522,True,explicit_BB84_particle_events,
random_replacement_L16_f0.75,random_replacement,16,0.75,2026083023,100000,63,0.00063,599287,1200054,0.49938336108208464,0.0005421010862427522,True,explicit_BB84_particle_events,
random_replacement_L16_f0.75,random_replacement,16,0.75,2026083024,100000,39,0.00039,599947,1200085,0.49992042230342015,0.0005421010862427522,True,explicit_BB84_particle_events,
random_replacement_L16_f0.75,random_replacement,16,0.75,2026083025,100000,55,0.00055,600965,1200138,0.5007465808098736,0.0005421010862427522,True,explicit_BB84_particle_events,
random_replacement_L16_f0.75,random_replacement,16,0.75,2026083026,100000,54,0.00054,600652,1200893,0.5001711226562233,0.0005421010862427522,True,explicit_BB84_particle_events,
random_replacement_L16_f0.75,random_replacement,16,0.75,2026083027,100000,59,0.00059,600697,1200732,0.500275665177575,0.0005421010862427522,True,explicit_BB84_particle_events,
random_replacement_L16_f0.75,random_replacement,16,0.75,2026083028,100000,64,0.00064,600950,1199836,0.5008601175493984,0.0005421010862427522,True,explicit_BB84_particle_events,
random_replacement_L16_f0.75,random_replacement,16,0.75,2026083029,100000,77,0.00077,600002,1200492,0.499796749999167,0.0005421010862427522,True,explicit_BB84_particle_events,
random_replacement_L16_f0.75,random_replacement,16,0.75,2026083030,100000,43,0.00043,600029,1200131,0.499969586653457,0.0005421010862427522,True,explicit_BB84_particle_events,
random_replacement_L16_f1,random_replacement,16,1.0,2026083001,100000,0,0.0,799498,1600000,0.49968625,1.52587890625e-05,True,explicit_BB84_particle_events,
random_replacement_L16_f1,random_replacement,16,1.0,2026083002,100000,4,4e-05,799363,1600000,0.499601875,1.52587890625e-05,True,explicit_BB84_particle_events,
random_replacement_L16_f1,random_replacement,16,1.0,2026083003,100000,0,0.0,800181,1600000,0.500113125,1.52587890625e-05,True,explicit_BB84_particle_events,
random_replacement_L16_f1,random_replacement,16,1.0,2026083004,100000,2,2e-05,799851,1600000,0.499906875,1.52587890625e-05,True,explicit_BB84_particle_events,
random_replacement_L16_f1,random_replacement,16,1.0,2026083005,100000,2,2e-05,799332,1600000,0.4995825,1.52587890625e-05,True,explicit_BB84_particle_events,
random_replacement_L16_f1,random_replacement,16,1.0,2026083006,100000,0,0.0,799113,1600000,0.499445625,1.52587890625e-05,True,explicit_BB84_particle_events,
random_replacement_L16_f1,random_replacement,16,1.0,2026083007,100000,4,4e-05,798899,1600000,0.499311875,1.52587890625e-05,True,explicit_BB84_particle_events,
random_replacement_L16_f1,random_replacement,16,1.0,2026083008,100000,0,0.0,799773,1600000,0.499858125,1.52587890625e-05,True,explicit_BB84_particle_events,
random_replacement_L16_f1,random_replacement,16,1.0,2026083009,100000,2,2e-05,800469,1600000,0.500293125,1.52587890625e-05,True,explicit_BB84_particle_events,
random_replacement_L16_f1,random_replacement,16,1.0,2026083010,100000,2,2e-05,800122,1600000,0.50007625,1.52587890625e-05,True,explicit_BB84_particle_events,
random_replacement_L16_f1,random_replacement,16,1.0,2026083011,100000,2,2e-05,800304,1600000,0.50019,1.52587890625e-05,True,explicit_BB84_particle_events,
random_replacement_L16_f1,random_replacement,16,1.0,2026083012,100000,3,3e-05,801001,1600000,0.500625625,1.52587890625e-05,True,explicit_BB84_particle_events,
random_replacement_L16_f1,random_replacement,16,1.0,2026083013,100000,2,2e-05,800386,1600000,0.50024125,1.52587890625e-05,True,explicit_BB84_particle_events,
random_replacement_L16_f1,random_replacement,16,1.0,2026083014,100000,3,3e-05,800523,1600000,0.500326875,1.52587890625e-05,True,explicit_BB84_particle_events,
random_replacement_L16_f1,random_replacement,16,1.0,2026083015,100000,2,2e-05,800015,1600000,0.500009375,1.52587890625e-05,True,explicit_BB84_particle_events,
random_replacement_L16_f1,random_replacement,16,1.0,2026083016,100000,0,0.0,800810,1600000,0.50050625,1.52587890625e-05,True,explicit_BB84_particle_events,
random_replacement_L16_f1,random_replacement,16,1.0,2026083017,100000,2,2e-05,799938,1600000,0.49996125,1.52587890625e-05,True,explicit_BB84_particle_events,
random_replacement_L16_f1,random_replacement,16,1.0,2026083018,100000,0,0.0,801033,1600000,0.500645625,1.52587890625e-05,True,explicit_BB84_particle_events,
random_replacement_L16_f1,random_replacement,16,1.0,2026083019,100000,4,4e-05,800834,1600000,0.50052125,1.52587890625e-05,True,explicit_BB84_particle_events,
random_replacement_L16_f1,random_replacement,16,1.0,2026083020,100000,0,0.0,800946,1600000,0.50059125,1.52587890625e-05,True,explicit_BB84_particle_events,
random_replacement_L16_f1,random_replacement,16,1.0,2026083021,100000,0,0.0,800242,1600000,0.50015125,1.52587890625e-05,True,explicit_BB84_particle_events,
random_replacement_L16_f1,random_replacement,16,1.0,2026083022,100000,4,4e-05,800594,1600000,0.50037125,1.52587890625e-05,True,explicit_BB84_particle_events,
random_replacement_L16_f1,random_replacement,16,1.0,2026083023,100000,6,6e-05,798957,1600000,0.499348125,1.52587890625e-05,True,explicit_BB84_particle_events,
random_replacement_L16_f1,random_replacement,16,1.0,2026083024,100000,1,1e-05,799429,1600000,0.499643125,1.52587890625e-05,True,explicit_BB84_particle_events,
random_replacement_L16_f1,random_replacement,16,1.0,2026083025,100000,3,3e-05,801213,1600000,0.500758125,1.52587890625e-05,True,explicit_BB84_particle_events,
random_replacement_L16_f1,random_replacement,16,1.0,2026083026,100000,0,0.0,800256,1600000,0.50016,1.52587890625e-05,True,explicit_BB84_particle_events,
random_replacement_L16_f1,random_replacement,16,1.0,2026083027,100000,1,1e-05,800616,1600000,0.500385,1.52587890625e-05,True,explicit_BB84_particle_events,
random_replacement_L16_f1,random_replacement,16,1.0,2026083028,100000,1,1e-05,800947,1600000,0.500591875,1.52587890625e-05,True,explicit_BB84_particle_events,
random_replacement_L16_f1,random_replacement,16,1.0,2026083029,100000,2,2e-05,800047,1600000,0.500029375,1.52587890625e-05,True,explicit_BB84_particle_events,
random_replacement_L16_f1,random_replacement,16,1.0,2026083030,100000,1,1e-05,799662,1600000,0.49978875,1.52587890625e-05,True,explicit_BB84_particle_events,
random_replacement_L24_f0.1,random_replacement,24,0.1,2026083001,100000,29084,0.29084,119534,239488,0.49912312934259756,0.2919890243387732,True,explicit_BB84_particle_events,
random_replacement_L24_f0.1,random_replacement,24,0.1,2026083002,100000,29240,0.2924,119923,240090,0.4994918572202091,0.2919890243387732,True,explicit_BB84_particle_events,
random_replacement_L24_f0.1,random_replacement,24,0.1,2026083003,100000,29131,0.29131,119957,240057,0.4997021540717413,0.2919890243387732,True,explicit_BB84_particle_events,
random_replacement_L24_f0.1,random_replacement,24,0.1,2026083004,100000,29270,0.2927,119860,239540,0.5003757201302497,0.2919890243387732,True,explicit_BB84_particle_events,
random_replacement_L24_f0.1,random_replacement,24,0.1,2026083005,100000,29315,0.29315,120448,240260,0.5013235661366853,0.2919890243387732,True,explicit_BB84_particle_events,
random_replacement_L24_f0.1,random_replacement,24,0.1,2026083006,100000,29173,0.29173,119360,239994,0.49734576697750776,0.2919890243387732,True,explicit_BB84_particle_events,
random_replacement_L24_f0.1,random_replacement,24,0.1,2026083007,100000,29161,0.29161,120234,240479,0.4999771289800773,0.2919890243387732,True,explicit_BB84_particle_events,
random_replacement_L24_f0.1,random_replacement,24,0.1,2026083008,100000,29187,0.29187,120293,240723,0.4997154405686204,0.2919890243387732,True,explicit_BB84_particle_events,
random_replacement_L24_f0.1,random_replacement,24,0.1,2026083009,100000,29232,0.29232,119898,239236,0.5011703924158571,0.2919890243387732,True,explicit_BB84_particle_events,
random_replacement_L24_f0.1,random_replacement,24,0.1,2026083010,100000,29159,0.29159,119386,239499,0.4984822483601184,0.2919890243387732,True,explicit_BB84_particle_events,
random_replacement_L24_f0.1,random_replacement,24,0.1,2026083011,100000,29074,0.29074,120290,240591,0.49997713962700185,0.2919890243387732,True,explicit_BB84_particle_events,
random_replacement_L24_f0.1,random_replacement,24,0.1,2026083012,100000,29349,0.29349,120050,239777,0.5006735424999061,0.2919890243387732,True,explicit_BB84_particle_events,
random_replacement_L24_f0.1,random_replacement,24,0.1,2026083013,100000,29186,0.29186,120478,240605,0.5007294112757424,0.2919890243387732,True,explicit_BB84_particle_events,
random_replacement_L24_f0.1,random_replacement,24,0.1,2026083014,100000,29076,0.29076,119239,239340,0.4981992145065597,0.2919890243387732,True,explicit_BB84_particle_events,
random_replacement_L24_f0.1,random_replacement,24,0.1,2026083015,100000,28962,0.28962,120229,240580,0.4997464460886192,0.2919890243387732,True,explicit_BB84_particle_events,
random_replacement_L24_f0.1,random_replacement,24,0.1,2026083016,100000,29283,0.29283,119960,240095,0.499635560923801,0.2919890243387732,True,explicit_BB84_particle_events,
random_replacement_L24_f0.1,random_replacement,24,0.1,2026083017,100000,29006,0.29006,119996,239960,0.50006667777963,0.2919890243387732,True,explicit_BB84_particle_events,
random_replacement_L24_f0.1,random_replacement,24,0.1,2026083018,100000,29166,0.29166,120071,239734,0.5008509431286342,0.2919890243387732,True,explicit_BB84_particle_events,
random_replacement_L24_f0.1,random_replacement,24,0.1,2026083019,100000,29260,0.2926,120029,239795,0.5005483850789216,0.2919890243387732,True,explicit_BB84_particle_events,
random_replacement_L24_f0.1,random_replacement,24,0.1,2026083020,100000,29024,0.29024,119615,240265,0.49784612823340896,0.2919890243387732,True,explicit_BB84_particle_events,
random_replacement_L24_f0.1,random_replacement,24,0.1,2026083021,100000,28901,0.28901,119612,240122,0.4981301171904282,0.2919890243387732,True,explicit_BB84_particle_events,
random_replacement_L24_f0.1,random_replacement,24,0.1,2026083022,100000,29474,0.29474,120214,239648,0.5016273868340232,0.2919890243387732,True,explicit_BB84_particle_events,
random_replacement_L24_f0.1,random_replacement,24,0.1,2026083023,100000,28860,0.2886,119854,240123,0.4991358595386531,0.2919890243387732,True,explicit_BB84_particle_events,
random_replacement_L24_f0.1,random_replacement,24,0.1,2026083024,100000,29368,0.29368,120339,240115,0.5011723549132707,0.2919890243387732,True,explicit_BB84_particle_events,
random_replacement_L24_f0.1,random_replacement,24,0.1,2026083025,100000,29266,0.29266,119783,239911,0.4992809833646644,0.2919890243387732,True,explicit_BB84_particle_events,
random_replacement_L24_f0.1,random_replacement,24,0.1,2026083026,100000,29172,0.29172,120427,240579,0.5005715378316478,0.2919890243387732,True,explicit_BB84_particle_events,
random_replacement_L24_f0.1,random_replacement,24,0.1,2026083027,100000,28953,0.28953,120329,240720,0.4998712196743104,0.2919890243387732,True,explicit_BB84_particle_events,
random_replacement_L24_f0.1,random_replacement,24,0.1,2026083028,100000,29307,0.29307,119471,239302,0.4992478123876942,0.2919890243387732,True,explicit_BB84_particle_events,
random_replacement_L24_f0.1,random_replacement,24,0.1,2026083029,100000,29290,0.2929,119352,239410,0.49852554195731175,0.2919890243387732,True,explicit_BB84_particle_events,
random_replacement_L24_f0.1,random_replacement,24,0.1,2026083030,100000,29136,0.29136,120050,239863,0.500494032009939,0.2919890243387732,True,explicit_BB84_particle_events,
random_replacement_L24_f0.25,random_replacement,24,0.25,2026083001,100000,3998,0.03998,299289,599020,0.49963106407131647,0.040568903763722304,True,explicit_BB84_particle_events,
random_replacement_L24_f0.25,random_replacement,24,0.25,2026083002,100000,4072,0.04072,300043,600383,0.49975265788671563,0.040568903763722304,True,explicit_BB84_particle_events,
random_replacement_L24_f0.25,random_replacement,24,0.25,2026083003,100000,4180,0.0418,300296,600093,0.5004157688891555,0.040568903763722304,True,explicit_BB84_particle_events,
random_replacement_L24_f0.25,random_replacement,24,0.25,2026083004,100000,4119,0.04119,299684,598937,0.500359804119632,0.040568903763722304,True,explicit_BB84_particle_events,
random_replacement_L24_f0.25,random_replacement,24,0.25,2026083005,100000,4045,0.04045,300431,600764,0.5000815628100219,0.040568903763722304,True,explicit_BB84_particle_events,
random_replacement_L24_f0.25,random_replacement,24,0.25,2026083006,100000,4113,0.04113,299462,599321,0.49966879184944296,0.040568903763722304,True,explicit_BB84_particle_events,
random_replacement_L24_f0.25,random_replacement,24,0.25,2026083007,100000,4048,0.04048,300190,600604,0.49981352105547083,0.040568903763722304,True,explicit_BB84_particle_events,
random_replacement_L24_f0.25,random_replacement,24,0.25,2026083008,100000,4013,0.04013,300340,601052,0.49969054258200624,0.040568903763722304,True,explicit_BB84_particle_events,
random_replacement_L24_f0.25,random_replacement,24,0.25,2026083009,100000,4041,0.04041,300077,598810,0.501122225747733,0.040568903763722304,True,explicit_BB84_particle_events,
random_replacement_L24_f0.25,random_replacement,24,0.25,2026083010,100000,4052,0.04052,298916,598774,0.49921339269908177,0.040568903763722304,True,explicit_BB84_particle_events,
random_replacement_L24_f0.25,random_replacement,24,0.25,2026083011,100000,3987,0.03987,299969,599991,0.4999558326708234,0.040568903763722304,True,explicit_BB84_particle_events,
random_replacement_L24_f0.25,random_replacement,24,0.25,2026083012,100000,4018,0.04018,299658,599337,0.49998248064110845,0.040568903763722304,True,explicit_BB84_particle_events,
random_replacement_L24_f0.25,random_replacement,24,0.25,2026083013,100000,4036,0.04036,300743,600985,0.500416815727514,0.040568903763722304,True,explicit_BB84_particle_events,
random_replacement_L24_f0.25,random_replacement,24,0.25,2026083014,100000,4045,0.04045,299535,599730,0.49944975238857486,0.040568903763722304,True,explicit_BB84_particle_events,
random_replacement_L24_f0.25,random_replacement,24,0.25,2026083015,100000,4108,0.04108,300653,600670,0.5005294088268101,0.040568903763722304,True,explicit_BB84_particle_events,
random_replacement_L24_f0.25,random_replacement,24,0.25,2026083016,100000,4100,0.041,299093,599497,0.4989065833523771,0.040568903763722304,True,explicit_BB84_particle_events,
random_replacement_L24_f0.25,random_replacement,24,0.25,2026083017,100000,3929,0.03929,300073,600106,0.5000333274454847,0.040568903763722304,True,explicit_BB84_particle_events,
random_replacement_L24_f0.25,random_replacement,24,0.25,2026083018,100000,4152,0.04152,300281,599873,0.5005742882243408,0.040568903763722304,True,explicit_BB84_particle_events,
random_replacement_L24_f0.25,random_replacement,24,0.25,2026083019,100000,4145,0.04145,299359,598679,0.5000325717120527,0.040568903763722304,True,explicit_BB84_particle_events,
random_replacement_L24_f0.25,random_replacement,24,0.25,2026083020,100000,4038,0.04038,299531,599551,0.49959219482579464,0.040568903763722304,True,explicit_BB84_particle_events,
random_replacement_L24_f0.25,random_replacement,24,0.25,2026083021,100000,4006,0.04006,298667,598992,0.49861600822715496,0.040568903763722304,True,explicit_BB84_particle_events,
random_replacement_L24_f0.25,random_replacement,24,0.25,2026083022,100000,3948,0.03948,299478,599517,0.49953212335930425,0.040568903763722304,True,explicit_BB84_particle_events,
random_replacement_L24_f0.25,random_replacement,24,0.25,2026083023,100000,3988,0.03988,300516,600772,0.500216388247122,0.040568903763722304,True,explicit_BB84_particle_events,
random_replacement_L24_f0.25,random_replacement,24,0.25,2026083024,100000,4139,0.04139,300166,600541,0.4998259902321407,0.040568903763722304,True,explicit_BB84_particle_events,
random_replacement_L24_f0.25,random_replacement,24,0.25,2026083025,100000,4012,0.04012,299822,600117,0.49960591018084805,0.040568903763722304,True,explicit_BB84_particle_events,
random_replacement_L24_f0.25,random_replacement,24,0.25,2026083026,100000,4040,0.0404,299982,600543,0.49951793626767776,0.040568903763722304,True,explicit_BB84_particle_events,
random_replacement_L24_f0.25,random_replacement,24,0.25,2026083027,100000,3909,0.03909,300182,600802,0.49963548723206647,0.040568903763722304,True,explicit_BB84_particle_events,
random_replacement_L24_f0.25,random_replacement,24,0.25,2026083028,100000,4121,0.04121,300329,599980,0.5005650188339611,0.040568903763722304,True,explicit_BB84_particle_events,
random_replacement_L24_f0.25,random_replacement,24,0.25,2026083029,100000,3969,0.03969,299329,599563,0.49924528364825715,0.040568903763722304,True,explicit_BB84_particle_events,
random_replacement_L24_f0.25,random_replacement,24,0.25,2026083030,100000,4073,0.04073,299518,598798,0.5001987314586889,0.040568903763722304,True,explicit_BB84_particle_events,
random_replacement_L24_f0.5,random_replacement,24,0.5,2026083001,100000,110,0.0011,599047,1198665,0.49976181835625466,0.0010033912775533338,True,explicit_BB84_particle_events,
random_replacement_L24_f0.5,random_replacement,24,0.5,2026083002,100000,113,0.00113,599339,1199506,0.499654857916509,0.0010033912775533338,True,explicit_BB84_particle_events,
random_replacement_L24_f0.5,random_replacement,24,0.5,2026083003,100000,108,0.00108,601438,1201188,0.5007026377219885,0.0010033912775533338,True,explicit_BB84_particle_events,
random_replacement_L24_f0.5,random_replacement,24,0.5,2026083004,100000,87,0.00087,599886,1199481,0.5001213024633154,0.0010033912775533338,True,explicit_BB84_particle_events,
random_replacement_L24_f0.5,random_replacement,24,0.5,2026083005,100000,117,0.00117,600099,1199605,0.500247164691711,0.0010033912775533338,True,explicit_BB84_particle_events,
random_replacement_L24_f0.5,random_replacement,24,0.5,2026083006,100000,102,0.00102,599589,1199578,0.4998332747016034,0.0010033912775533338,True,explicit_BB84_particle_events,
random_replacement_L24_f0.5,random_replacement,24,0.5,2026083007,100000,106,0.00106,600604,1200303,0.500376988143827,0.0010033912775533338,True,explicit_BB84_particle_events,
random_replacement_L24_f0.5,random_replacement,24,0.5,2026083008,100000,108,0.00108,599992,1200317,0.49986128664344504,0.0010033912775533338,True,explicit_BB84_particle_events,
random_replacement_L24_f0.5,random_replacement,24,0.5,2026083009,100000,106,0.00106,599846,1198544,0.5004789144161583,0.0010033912775533338,True,explicit_BB84_particle_events,
random_replacement_L24_f0.5,random_replacement,24,0.5,2026083010,100000,99,0.00099,599556,1199915,0.499665392965335,0.0010033912775533338,True,explicit_BB84_particle_events,
random_replacement_L24_f0.5,random_replacement,24,0.5,2026083011,100000,114,0.00114,600604,1200652,0.5002315408627979,0.0010033912775533338,True,explicit_BB84_particle_events,
random_replacement_L24_f0.5,random_replacement,24,0.5,2026083012,100000,82,0.00082,599678,1199948,0.49975332264398126,0.0010033912775533338,True,explicit_BB84_particle_events,
random_replacement_L24_f0.5,random_replacement,24,0.5,2026083013,100000,107,0.00107,601325,1200939,0.500712359245557,0.0010033912775533338,True,explicit_BB84_particle_events,
random_replacement_L24_f0.5,random_replacement,24,0.5,2026083014,100000,101,0.00101,599877,1199966,0.499911664163818,0.0010033912775533338,True,explicit_BB84_particle_events,
random_replacement_L24_f0.5,random_replacement,24,0.5,2026083015,100000,104,0.00104,599773,1199882,0.49985998623197947,0.0010033912775533338,True,explicit_BB84_particle_events,
random_replacement_L24_f0.5,random_replacement,24,0.5,2026083016,100000,114,0.00114,598953,1199480,0.4993438823490179,0.0010033912775533338,True,explicit_BB84_particle_events,
random_replacement_L24_f0.5,random_replacement,24,0.5,2026083017,100000,111,0.00111,599989,1199674,0.5001267010871286,0.0010033912775533338,True,explicit_BB84_particle_events,
random_replacement_L24_f0.5,random_replacement,24,0.5,2026083018,100000,98,0.00098,601027,1200722,0.5005546662757907,0.0010033912775533338,True,explicit_BB84_particle_events,
random_replacement_L24_f0.5,random_replacement,24,0.5,2026083019,100000,97,0.00097,599922,1199511,0.5001388065636747,0.0010033912775533338,True,explicit_BB84_particle_events,
random_replacement_L24_f0.5,random_replacement,24,0.5,2026083020,100000,105,0.00105,599476,1200144,0.4995033929261822,0.0010033912775533338,True,explicit_BB84_particle_events,
random_replacement_L24_f0.5,random_replacement,24,0.5,2026083021,100000,88,0.00088,599388,1199770,0.4995857539361711,0.0010033912775533338,True,explicit_BB84_particle_events,
random_replacement_L24_f0.5,random_replacement,24,0.5,2026083022,100000,107,0.00107,599437,1199089,0.49991034860631695,0.0010033912775533338,True,explicit_BB84_particle_events,
random_replacement_L24_f0.5,random_replacement,24,0.5,2026083023,100000,96,0.00096,601299,1201399,0.5004990015806572,0.0010033912775533338,True,explicit_BB84_particle_events,
random_replacement_L24_f0.5,random_replacement,24,0.5,2026083024,100000,103,0.00103,601220,1201810,0.5002621046588063,0.0010033912775533338,True,explicit_BB84_particle_events,
random_replacement_L24_f0.5,random_replacement,24,0.5,2026083025,100000,100,0.001,599602,1200479,0.49946896197267926,0.0010033912775533338,True,explicit_BB84_particle_events,
random_replacement_L24_f0.5,random_replacement,24,0.5,2026083026,100000,81,0.00081,599741,1201246,0.49926576238339193,0.0010033912775533338,True,explicit_BB84_particle_events,
random_replacement_L24_f0.5,random_replacement,24,0.5,2026083027,100000,111,0.00111,599723,1200417,0.499595557210536,0.0010033912775533338,True,explicit_BB84_particle_events,
random_replacement_L24_f0.5,random_replacement,24,0.5,2026083028,100000,123,0.00123,601107,1201203,0.5004208281198099,0.0010033912775533338,True,explicit_BB84_particle_events,
random_replacement_L24_f0.5,random_replacement,24,0.5,2026083029,100000,112,0.00112,599261,1199464,0.49960732460499024,0.0010033912775533338,True,explicit_BB84_particle_events,
random_replacement_L24_f0.5,random_replacement,24,0.5,2026083030,100000,103,0.00103,599603,1198364,0.5003513122890875,0.0010033912775533338,True,explicit_BB84_particle_events,
random_replacement_L24_f0.75,random_replacement,24,0.75,2026083001,100000,2,2e-05,899956,1799434,0.500132819542145,1.2621774483536189e-05,True,explicit_BB84_particle_events,
random_replacement_L24_f0.75,random_replacement,24,0.75,2026083002,100000,1,1e-05,898970,1799236,0.49963984713511733,1.2621774483536189e-05,True,explicit_BB84_particle_events,
random_replacement_L24_f0.75,random_replacement,24,0.75,2026083003,100000,2,2e-05,901032,1800048,0.5005599850670649,1.2621774483536189e-05,True,explicit_BB84_particle_events,
random_replacement_L24_f0.75,random_replacement,24,0.75,2026083004,100000,1,1e-05,899981,1799890,0.500020001222297,1.2621774483536189e-05,True,explicit_BB84_particle_events,
random_replacement_L24_f0.75,random_replacement,24,0.75,2026083005,100000,0,0.0,899771,1799341,0.5000558537820236,1.2621774483536189e-05,True,explicit_BB84_particle_events,
random_replacement_L24_f0.75,random_replacement,24,0.75,2026083006,100000,3,3e-05,899941,1801361,0.4995894770676172,1.2621774483536189e-05,True,explicit_BB84_particle_events,
random_replacement_L24_f0.75,random_replacement,24,0.75,2026083007,100000,1,1e-05,900534,1799843,0.5003403074601507,1.2621774483536189e-05,True,explicit_BB84_particle_events,
random_replacement_L24_f0.75,random_replacement,24,0.75,2026083008,100000,0,0.0,900536,1800611,0.5001280121025585,1.2621774483536189e-05,True,explicit_BB84_particle_events,
random_replacement_L24_f0.75,random_replacement,24,0.75,2026083009,100000,2,2e-05,900613,1799961,0.5003513965024797,1.2621774483536189e-05,True,explicit_BB84_particle_events,
random_replacement_L24_f0.75,random_replacement,24,0.75,2026083010,100000,0,0.0,899970,1800731,0.49978036697319034,1.2621774483536189e-05,True,explicit_BB84_particle_events,
random_replacement_L24_f0.75,random_replacement,24,0.75,2026083011,100000,0,0.0,899880,1800516,0.49979006018274763,1.2621774483536189e-05,True,explicit_BB84_particle_events,
random_replacement_L24_f0.75,random_replacement,24,0.75,2026083012,100000,1,1e-05,898622,1799038,0.4995014001927697,1.2621774483536189e-05,True,explicit_BB84_particle_events,
random_replacement_L24_f0.75,random_replacement,24,0.75,2026083013,100000,1,1e-05,900619,1799747,0.5004142248882759,1.2621774483536189e-05,True,explicit_BB84_particle_events,
random_replacement_L24_f0.75,random_replacement,24,0.75,2026083014,100000,2,2e-05,899648,1800049,0.4997908390271598,1.2621774483536189e-05,True,explicit_BB84_particle_events,
random_replacement_L24_f0.75,random_replacement,24,0.75,2026083015,100000,0,0.0,899407,1799784,0.49973052321834177,1.2621774483536189e-05,True,explicit_BB84_particle_events,
random_replacement_L24_f0.75,random_replacement,24,0.75,2026083016,100000,3,3e-05,898976,1798985,0.4997128936594802,1.2621774483536189e-05,True,explicit_BB84_particle_events,
random_replacement_L24_f0.75,random_replacement,24,0.75,2026083017,100000,3,3e-05,900385,1800380,0.5001083104677901,1.2621774483536189e-05,True,explicit_BB84_particle_events,
random_replacement_L24_f0.75,random_replacement,24,0.75,2026083018,100000,4,4e-05,901369,1800793,0.5005400398602171,1.2621774483536189e-05,True,explicit_BB84_particle_events,
random_replacement_L24_f0.75,random_replacement,24,0.75,2026083019,100000,1,1e-05,900229,1799852,0.5001683471752122,1.2621774483536189e-05,True,explicit_BB84_particle_events,
random_replacement_L24_f0.75,random_replacement,24,0.75,2026083020,100000,1,1e-05,899253,1799773,0.49964801116585256,1.2621774483536189e-05,True,explicit_BB84_particle_events,
random_replacement_L24_f0.75,random_replacement,24,0.75,2026083021,100000,2,2e-05,898758,1798572,0.4997064337707915,1.2621774483536189e-05,True,explicit_BB84_particle_events,
random_replacement_L24_f0.75,random_replacement,24,0.75,2026083022,100000,2,2e-05,899254,1798611,0.49997136679359794,1.2621774483536189e-05,True,explicit_BB84_particle_events,
random_replacement_L24_f0.75,random_replacement,24,0.75,2026083023,100000,1,1e-05,901326,1801029,0.5004505757541938,1.2621774483536189e-05,True,explicit_BB84_particle_events,
random_replacement_L24_f0.75,random_replacement,24,0.75,2026083024,100000,0,0.0,900832,1801464,0.5000555104070912,1.2621774483536189e-05,True,explicit_BB84_particle_events,
random_replacement_L24_f0.75,random_replacement,24,0.75,2026083025,100000,0,0.0,899589,1799773,0.4998347013762291,1.2621774483536189e-05,True,explicit_BB84_particle_events,
random_replacement_L24_f0.75,random_replacement,24,0.75,2026083026,100000,1,1e-05,898872,1800382,0.4992673777009546,1.2621774483536189e-05,True,explicit_BB84_particle_events,
random_replacement_L24_f0.75,random_replacement,24,0.75,2026083027,100000,0,0.0,899143,1799855,0.4995641315550419,1.2621774483536189e-05,True,explicit_BB84_particle_events,
random_replacement_L24_f0.75,random_replacement,24,0.75,2026083028,100000,2,2e-05,899879,1800440,0.4998106018528804,1.2621774483536189e-05,True,explicit_BB84_particle_events,
random_replacement_L24_f0.75,random_replacement,24,0.75,2026083029,100000,0,0.0,899355,1799410,0.49980549180009004,1.2621774483536189e-05,True,explicit_BB84_particle_events,
random_replacement_L24_f0.75,random_replacement,24,0.75,2026083030,100000,0,0.0,900443,1799831,0.5002930830727996,1.2621774483536189e-05,True,explicit_BB84_particle_events,
random_replacement_L24_f1,random_replacement,24,1.0,,0,,,,,,5.960464477539063e-08,False,analytic_rare_event_only,9.985769259257538e-07
random_replacement_L32_f0.1,random_replacement,32,0.1,2026083001,100000,19368,0.19368,159670,319708,0.4994244748332854,0.1937114844585016,True,explicit_BB84_particle_events,
random_replacement_L32_f0.1,random_replacement,32,0.1,2026083002,100000,19268,0.19268,160210,320091,0.5005139163550365,0.1937114844585016,True,explicit_BB84_particle_events,
random_replacement_L32_f0.1,random_replacement,32,0.1,2026083003,100000,19337,0.19337,160333,320801,0.4997895891845724,0.1937114844585016,True,explicit_BB84_particle_events,
random_replacement_L32_f0.1,random_replacement,32,0.1,2026083004,100000,19142,0.19142,160145,320666,0.4994137201948445,0.1937114844585016,True,explicit_BB84_particle_events,
random_replacement_L32_f0.1,random_replacement,32,0.1,2026083005,100000,19149,0.19149,159603,320112,0.4985848702953966,0.1937114844585016,True,explicit_BB84_particle_events,
random_replacement_L32_f0.1,random_replacement,32,0.1,2026083006,100000,19329,0.19329,159644,319735,0.49930098362706615,0.1937114844585016,True,explicit_BB84_particle_events,
random_replacement_L32_f0.1,random_replacement,32,0.1,2026083007,100000,19228,0.19228,159943,320387,0.4992181330703181,0.1937114844585016,True,explicit_BB84_particle_events,
random_replacement_L32_f0.1,random_replacement,32,0.1,2026083008,100000,19603,0.19603,159650,319411,0.4998262426779291,0.1937114844585016,True,explicit_BB84_particle_events,
random_replacement_L32_f0.1,random_replacement,32,0.1,2026083009,100000,19494,0.19494,159720,319311,0.5002019974257073,0.1937114844585016,True,explicit_BB84_particle_events,
random_replacement_L32_f0.1,random_replacement,32,0.1,2026083010,100000,19363,0.19363,160499,320775,0.5003475956667446,0.1937114844585016,True,explicit_BB84_particle_events,
random_replacement_L32_f0.1,random_replacement,32,0.1,2026083011,100000,19300,0.193,159899,319862,0.4998999568563943,0.1937114844585016,True,explicit_BB84_particle_events,
random_replacement_L32_f0.1,random_replacement,32,0.1,2026083012,100000,19444,0.19444,159797,319626,0.49994994149412125,0.1937114844585016,True,explicit_BB84_particle_events,
random_replacement_L32_f0.1,random_replacement,32,0.1,2026083013,100000,19261,0.19261,159575,319467,0.4995038611186758,0.1937114844585016,True,explicit_BB84_particle_events,
random_replacement_L32_f0.1,random_replacement,32,0.1,2026083014,100000,19578,0.19578,160087,319980,0.5003031439464967,0.1937114844585016,True,explicit_BB84_particle_events,
random_replacement_L32_f0.1,random_replacement,32,0.1,2026083015,100000,19464,0.19464,159363,319195,0.499265339369351,0.1937114844585016,True,explicit_BB84_particle_events,
random_replacement_L32_f0.1,random_replacement,32,0.1,2026083016,100000,19208,0.19208,159494,320244,0.4980389952661096,0.1937114844585016,True,explicit_BB84_particle_events,
random_replacement_L32_f0.1,random_replacement,32,0.1,2026083017,100000,19571,0.19571,160534,319806,0.5019730711743995,0.1937114844585016,True,explicit_BB84_particle_events,
random_replacement_L32_f0.1,random_replacement,32,0.1,2026083018,100000,19527,0.19527,159772,319612,0.4998936210154813,0.1937114844585016,True,explicit_BB84_particle_events,
random_replacement_L32_f0.1,random_replacement,32,0.1,2026083019,100000,19155,0.19155,159640,320055,0.49878927059411665,0.1937114844585016,True,explicit_BB84_particle_events,
random_replacement_L32_f0.1,random_replacement,32,0.1,2026083020,100000,19362,0.19362,159508,319353,0.49947237069950806,0.1937114844585016,True,explicit_BB84_particle_events,
random_replacement_L32_f0.1,random_replacement,32,0.1,2026083021,100000,19239,0.19239,160311,320367,0.5003979810654655,0.1937114844585016,True,explicit_BB84_particle_events,
random_replacement_L32_f0.1,random_replacement,32,0.1,2026083022,100000,19266,0.19266,160416,320665,0.5002603963638065,0.1937114844585016,True,explicit_BB84_particle_events,
random_replacement_L32_f0.1,random_replacement,32,0.1,2026083023,100000,19538,0.19538,160059,319694,0.5006631341220041,0.1937114844585016,True,explicit_BB84_particle_events,
random_replacement_L32_f0.1,random_replacement,32,0.1,2026083024,100000,19329,0.19329,160115,320334,0.4998376694325298,0.1937114844585016,True,explicit_BB84_particle_events,
random_replacement_L32_f0.1,random_replacement,32,0.1,2026083025,100000,19410,0.1941,159172,319133,0.4987638382743245,0.1937114844585016,True,explicit_BB84_particle_events,
random_replacement_L32_f0.1,random_replacement,32,0.1,2026083026,100000,19363,0.19363,160172,320020,0.5005062183613525,0.1937114844585016,True,explicit_BB84_particle_events,
random_replacement_L32_f0.1,random_replacement,32,0.1,2026083027,100000,19322,0.19322,160070,320210,0.49989069673027076,0.1937114844585016,True,explicit_BB84_particle_events,
random_replacement_L32_f0.1,random_replacement,32,0.1,2026083028,100000,19373,0.19373,160128,320075,0.500282746231352,0.1937114844585016,True,explicit_BB84_particle_events,
random_replacement_L32_f0.1,random_replacement,32,0.1,2026083029,100000,19490,0.1949,160204,319833,0.5008989066168907,0.1937114844585016,True,explicit_BB84_particle_events,
random_replacement_L32_f0.1,random_replacement,32,0.1,2026083030,100000,19173,0.19173,160377,320797,0.49993297942312426,0.1937114844585016,True,explicit_BB84_particle_events,
random_replacement_L32_f0.25,random_replacement,32,0.25,2026083001,100000,1375,0.01375,398945,798580,0.49956798317012696,0.013939837037683136,True,explicit_BB84_particle_events,
random_replacement_L32_f0.25,random_replacement,32,0.25,2026083002,100000,1325,0.01325,399795,799588,0.5000012506440817,0.013939837037683136,True,explicit_BB84_particle_events,
random_replacement_L32_f0.25,random_replacement,32,0.25,2026083003,100000,1401,0.01401,399694,800018,0.49960625885917564,0.013939837037683136,True,explicit_BB84_particle_events,
random_replacement_L32_f0.25,random_replacement,32,0.25,2026083004,100000,1317,0.01317,399841,800189,0.49968319984403686,0.013939837037683136,True,explicit_BB84_particle_events,
random_replacement_L32_f0.25,random_replacement,32,0.25,2026083005,100000,1366,0.01366,399787,800221,0.49959573667774276,0.013939837037683136,True,explicit_BB84_particle_events,
random_replacement_L32_f0.25,random_replacement,32,0.25,2026083006,100000,1397,0.01397,400428,800121,0.5004593055300386,0.013939837037683136,True,explicit_BB84_particle_events,
random_replacement_L32_f0.25,random_replacement,32,0.25,2026083007,100000,1398,0.01398,400196,800165,0.5001418457443152,0.013939837037683136,True,explicit_BB84_particle_events,
random_replacement_L32_f0.25,random_replacement,32,0.25,2026083008,100000,1314,0.01314,399356,799336,0.49960967603110584,0.013939837037683136,True,explicit_BB84_particle_events,
random_replacement_L32_f0.25,random_replacement,32,0.25,2026083009,100000,1401,0.01401,399839,798952,0.5004543451922018,0.013939837037683136,True,explicit_BB84_particle_events,
random_replacement_L32_f0.25,random_replacement,32,0.25,2026083010,100000,1370,0.0137,400791,800301,0.5008003238781409,0.013939837037683136,True,explicit_BB84_particle_events,
random_replacement_L32_f0.25,random_replacement,32,0.25,2026083011,100000,1372,0.01372,399431,798586,0.5001728054336039,0.013939837037683136,True,explicit_BB84_particle_events,
random_replacement_L32_f0.25,random_replacement,32,0.25,2026083012,100000,1433,0.01433,399191,799033,0.49959263259464876,0.013939837037683136,True,explicit_BB84_particle_events,
random_replacement_L32_f0.25,random_replacement,32,0.25,2026083013,100000,1396,0.01396,399428,799145,0.49981918175049583,0.013939837037683136,True,explicit_BB84_particle_events,
random_replacement_L32_f0.25,random_replacement,32,0.25,2026083014,100000,1387,0.01387,400211,799469,0.500596020608679,0.013939837037683136,True,explicit_BB84_particle_events,
random_replacement_L32_f0.25,random_replacement,32,0.25,2026083015,100000,1413,0.01413,398851,798708,0.49937023292617577,0.013939837037683136,True,explicit_BB84_particle_events,
random_replacement_L32_f0.25,random_replacement,32,0.25,2026083016,100000,1436,0.01436,399649,800428,0.49929412764171166,0.013939837037683136,True,explicit_BB84_particle_events,
random_replacement_L32_f0.25,random_replacement,32,0.25,2026083017,100000,1392,0.01392,401130,800663,0.5009972984888773,0.013939837037683136,True,explicit_BB84_particle_events,
random_replacement_L32_f0.25,random_replacement,32,0.25,2026083018,100000,1420,0.0142,400105,799118,0.5006832532867487,0.013939837037683136,True,explicit_BB84_particle_events,
random_replacement_L32_f0.25,random_replacement,32,0.25,2026083019,100000,1392,0.01392,399951,800653,0.4995310078148711,0.013939837037683136,True,explicit_BB84_particle_events,
random_replacement_L32_f0.25,random_replacement,32,0.25,2026083020,100000,1392,0.01392,399670,799765,0.499734296949729,0.013939837037683136,True,explicit_BB84_particle_events,
random_replacement_L32_f0.25,random_replacement,32,0.25,2026083021,100000,1366,0.01366,400126,799963,0.5001806333542926,0.013939837037683136,True,explicit_BB84_particle_events,
random_replacement_L32_f0.25,random_replacement,32,0.25,2026083022,100000,1392,0.01392,400446,801219,0.49979593594260746,0.013939837037683136,True,explicit_BB84_particle_events,
random_replacement_L32_f0.25,random_replacement,32,0.25,2026083023,100000,1404,0.01404,400046,799404,0.5004303205888387,0.013939837037683136,True,explicit_BB84_particle_events,
random_replacement_L32_f0.25,random_replacement,32,0.25,2026083024,100000,1389,0.01389,399405,799211,0.4997491275770729,0.013939837037683136,True,explicit_BB84_particle_events,
random_replacement_L32_f0.25,random_replacement,32,0.25,2026083025,100000,1393,0.01393,400000,799451,0.5003433606312332,0.013939837037683136,True,explicit_BB84_particle_events,
random_replacement_L32_f0.25,random_replacement,32,0.25,2026083026,100000,1382,0.01382,399782,799845,0.49982434096606215,0.013939837037683136,True,explicit_BB84_particle_events,
random_replacement_L32_f0.25,random_replacement,32,0.25,2026083027,100000,1385,0.01385,400349,799662,0.5006477736843816,0.013939837037683136,True,explicit_BB84_particle_events,
random_replacement_L32_f0.25,random_replacement,32,0.25,2026083028,100000,1365,0.01365,400262,800433,0.5000568442330589,0.013939837037683136,True,explicit_BB84_particle_events,
random_replacement_L32_f0.25,random_replacement,32,0.25,2026083029,100000,1467,0.01467,400163,799854,0.5002950538473271,0.013939837037683136,True,explicit_BB84_particle_events,
random_replacement_L32_f0.25,random_replacement,32,0.25,2026083030,100000,1330,0.0133,400015,800906,0.4994531193423448,0.013939837037683136,True,explicit_BB84_particle_events,
random_replacement_L32_f0.5,random_replacement,32,0.5,2026083001,100000,5,5e-05,798386,1597708,0.4997070803926625,0.00010045242572063329,True,explicit_BB84_particle_events,
random_replacement_L32_f0.5,random_replacement,32,0.5,2026083002,100000,5,5e-05,800500,1600048,0.5002974910752678,0.00010045242572063329,True,explicit_BB84_particle_events,
random_replacement_L32_f0.5,random_replacement,32,0.5,2026083003,100000,16,0.00016,800224,1601081,0.499802321056836,0.00010045242572063329,True,explicit_BB84_particle_events,
random_replacement_L32_f0.5,random_replacement,32,0.5,2026083004,100000,14,0.00014,799888,1600170,0.49987688808064146,0.00010045242572063329,True,explicit_BB84_particle_events,
random_replacement_L32_f0.5,random_replacement,32,0.5,2026083005,100000,10,0.0001,798307,1599496,0.4990990912137323,0.00010045242572063329,True,explicit_BB84_particle_events,
random_replacement_L32_f0.5,random_replacement,32,0.5,2026083006,100000,13,0.00013,801395,1600759,0.5006343865628743,0.00010045242572063329,True,explicit_BB84_particle_events,
random_replacement_L32_f0.5,random_replacement,32,0.5,2026083007,100000,13,0.00013,799124,1598784,0.4998323726031784,0.00010045242572063329,True,explicit_BB84_particle_events,
random_replacement_L32_f0.5,random_replacement,32,0.5,2026083008,100000,6,6e-05,799113,1599175,0.49970328450607343,0.00010045242572063329,True,explicit_BB84_particle_events,
random_replacement_L32_f0.5,random_replacement,32,0.5,2026083009,100000,17,0.00017,800355,1599305,0.5004392533006524,0.00010045242572063329,True,explicit_BB84_particle_events,
random_replacement_L32_f0.5,random_replacement,32,0.5,2026083010,100000,6,6e-05,801650,1601344,0.500610736980936,0.00010045242572063329,True,explicit_BB84_particle_events,
random_replacement_L32_f0.5,random_replacement,32,0.5,2026083011,100000,11,0.00011,800000,1598955,0.5003267759255263,0.00010045242572063329,True,explicit_BB84_particle_events,
random_replacement_L32_f0.5,random_replacement,32,0.5,2026083012,100000,5,5e-05,798804,1599491,0.4994113752437494,0.00010045242572063329,True,explicit_BB84_particle_events,
random_replacement_L32_f0.5,random_replacement,32,0.5,2026083013,100000,13,0.00013,799619,1599621,0.49988028414230623,0.00010045242572063329,True,explicit_BB84_particle_events,
random_replacement_L32_f0.5,random_replacement,32,0.5,2026083014,100000,6,6e-05,800404,1599720,0.5003400595104143,0.00010045242572063329,True,explicit_BB84_particle_events,
random_replacement_L32_f0.5,random_replacement,32,0.5,2026083015,100000,10,0.0001,799598,1600281,0.4996609970373953,0.00010045242572063329,True,explicit_BB84_particle_events,
random_replacement_L32_f0.5,random_replacement,32,0.5,2026083016,100000,12,0.00012,799396,1600287,0.4995328962867286,0.00010045242572063329,True,explicit_BB84_particle_events,
random_replacement_L32_f0.5,random_replacement,32,0.5,2026083017,100000,10,0.0001,801401,1601502,0.5004058689904852,0.00010045242572063329,True,explicit_BB84_particle_events,
random_replacement_L32_f0.5,random_replacement,32,0.5,2026083018,100000,9,9e-05,800375,1600853,0.49996782965081743,0.00010045242572063329,True,explicit_BB84_particle_events,
random_replacement_L32_f0.5,random_replacement,32,0.5,2026083019,100000,16,0.00016,799366,1600364,0.4994901159986103,0.00010045242572063329,True,explicit_BB84_particle_events,
random_replacement_L32_f0.5,random_replacement,32,0.5,2026083020,100000,9,9e-05,800482,1601567,0.4998117468704088,0.00010045242572063329,True,explicit_BB84_particle_events,
random_replacement_L32_f0.5,random_replacement,32,0.5,2026083021,100000,14,0.00014,799651,1600285,0.4996928672080286,0.00010045242572063329,True,explicit_BB84_particle_events,
random_replacement_L32_f0.5,random_replacement,32,0.5,2026083022,100000,11,0.00011,799770,1600138,0.4998131411165787,0.00010045242572063329,True,explicit_BB84_particle_events,
random_replacement_L32_f0.5,random_replacement,32,0.5,2026083023,100000,14,0.00014,799089,1598581,0.499873950710036,0.00010045242572063329,True,explicit_BB84_particle_events,
random_replacement_L32_f0.5,random_replacement,32,0.5,2026083024,100000,4,4e-05,800475,1600208,0.5002318448601681,0.00010045242572063329,True,explicit_BB84_particle_events,
random_replacement_L32_f0.5,random_replacement,32,0.5,2026083025,100000,7,7e-05,800275,1599682,0.5002713039216544,0.00010045242572063329,True,explicit_BB84_particle_events,
random_replacement_L32_f0.5,random_replacement,32,0.5,2026083026,100000,11,0.00011,800047,1599342,0.5002350966835111,0.00010045242572063329,True,explicit_BB84_particle_events,
random_replacement_L32_f0.5,random_replacement,32,0.5,2026083027,100000,5,5e-05,800452,1600545,0.5001121492991449,0.00010045242572063329,True,explicit_BB84_particle_events,
random_replacement_L32_f0.5,random_replacement,32,0.5,2026083028,100000,8,8e-05,800751,1600752,0.5002342648954992,0.00010045242572063329,True,explicit_BB84_particle_events,
random_replacement_L32_f0.5,random_replacement,32,0.5,2026083029,100000,13,0.00013,800096,1599659,0.5001665980062001,0.00010045242572063329,True,explicit_BB84_particle_events,
random_replacement_L32_f0.5,random_replacement,32,0.5,2026083030,100000,9,9e-05,799375,1599359,0.4998096112254972,0.00010045242572063329,True,explicit_BB84_particle_events,
random_replacement_L32_f0.75,random_replacement,32,0.75,,0,,,,,,2.938735877055719e-07,False,analytic_rare_event_only,9.985769259257538e-07
random_replacement_L32_f1,random_replacement,32,1.0,,0,,,,,,2.3283064365386963e-10,False,analytic_rare_event_only,9.985769259257538e-07
random_replacement_L64_f0.1,random_replacement,64,0.1,2026083001,100000,3758,0.03758,319423,639822,0.49923728787068905,0.0375241392111163,True,explicit_BB84_particle_events,
random_replacement_L64_f0.1,random_replacement,64,0.1,2026083002,100000,3697,0.03697,320326,641178,0.49958981749217846,0.0375241392111163,True,explicit_BB84_particle_events,
random_replacement_L64_f0.1,random_replacement,64,0.1,2026083003,100000,3663,0.03663,319779,641476,0.4985050103199496,0.0375241392111163,True,explicit_BB84_particle_events,
random_replacement_L64_f0.1,random_replacement,64,0.1,2026083004,100000,3726,0.03726,320100,639675,0.5004103646382929,0.0375241392111163,True,explicit_BB84_particle_events,
random_replacement_L64_f0.1,random_replacement,64,0.1,2026083005,100000,3902,0.03902,318743,638249,0.49940227090054196,0.0375241392111163,True,explicit_BB84_particle_events,
random_replacement_L64_f0.1,random_replacement,64,0.1,2026083006,100000,3766,0.03766,320521,640623,0.5003270254112013,0.0375241392111163,True,explicit_BB84_particle_events,
random_replacement_L64_f0.1,random_replacement,64,0.1,2026083007,100000,3718,0.03718,319386,640207,0.49887926873651806,0.0375241392111163,True,explicit_BB84_particle_events,
random_replacement_L64_f0.1,random_replacement,64,0.1,2026083008,100000,3766,0.03766,319594,639458,0.49978888371089264,0.0375241392111163,True,explicit_BB84_particle_events,
random_replacement_L64_f0.1,random_replacement,64,0.1,2026083009,100000,3777,0.03777,320657,639800,0.5011831822444514,0.0375241392111163,True,explicit_BB84_particle_events,
random_replacement_L64_f0.1,random_replacement,64,0.1,2026083010,100000,3763,0.03763,320304,640120,0.5003811785290259,0.0375241392111163,True,explicit_BB84_particle_events,
random_replacement_L64_f0.1,random_replacement,64,0.1,2026083011,100000,3703,0.03703,319941,639543,0.5002650330001267,0.0375241392111163,True,explicit_BB84_particle_events,
random_replacement_L64_f0.1,random_replacement,64,0.1,2026083012,100000,3827,0.03827,319455,639701,0.49938174240778116,0.0375241392111163,True,explicit_BB84_particle_events,
random_replacement_L64_f0.1,random_replacement,64,0.1,2026083013,100000,3775,0.03775,320042,640973,0.499306523051673,0.0375241392111163,True,explicit_BB84_particle_events,
random_replacement_L64_f0.1,random_replacement,64,0.1,2026083014,100000,3589,0.03589,320789,641219,0.5002799355602376,0.0375241392111163,True,explicit_BB84_particle_events,
random_replacement_L64_f0.1,random_replacement,64,0.1,2026083015,100000,3745,0.03745,320137,639642,0.5004940263459873,0.0375241392111163,True,explicit_BB84_particle_events,
random_replacement_L64_f0.1,random_replacement,64,0.1,2026083016,100000,3766,0.03766,319593,639505,0.4997505883456736,0.0375241392111163,True,explicit_BB84_particle_events,
random_replacement_L64_f0.1,random_replacement,64,0.1,2026083017,100000,3749,0.03749,319541,639347,0.4997927572976803,0.0375241392111163,True,explicit_BB84_particle_events,
random_replacement_L64_f0.1,random_replacement,64,0.1,2026083018,100000,3732,0.03732,319314,639393,0.49940177637227806,0.0375241392111163,True,explicit_BB84_particle_events,
random_replacement_L64_f0.1,random_replacement,64,0.1,2026083019,100000,3762,0.03762,319890,638832,0.5007419791118792,0.0375241392111163,True,explicit_BB84_particle_events,
random_replacement_L64_f0.1,random_replacement,64,0.1,2026083020,100000,3648,0.03648,320004,640689,0.4994685408989385,0.0375241392111163,True,explicit_BB84_particle_events,
random_replacement_L64_f0.1,random_replacement,64,0.1,2026083021,100000,3759,0.03759,319705,640141,0.4994290320413784,0.0375241392111163,True,explicit_BB84_particle_events,
random_replacement_L64_f0.1,random_replacement,64,0.1,2026083022,100000,3735,0.03735,319882,640097,0.49973988317395646,0.0375241392111163,True,explicit_BB84_particle_events,
random_replacement_L64_f0.1,random_replacement,64,0.1,2026083023,100000,3786,0.03786,320449,639598,0.5010162633404107,0.0375241392111163,True,explicit_BB84_particle_events,
random_replacement_L64_f0.1,random_replacement,64,0.1,2026083024,100000,3692,0.03692,319544,640253,0.49909020340396687,0.0375241392111163,True,explicit_BB84_particle_events,
random_replacement_L64_f0.1,random_replacement,64,0.1,2026083025,100000,3746,0.03746,319767,640818,0.4989981554825239,0.0375241392111163,True,explicit_BB84_particle_events,
random_replacement_L64_f0.1,random_replacement,64,0.1,2026083026,100000,3777,0.03777,319790,640339,0.4994073451718543,0.0375241392111163,True,explicit_BB84_particle_events,
random_replacement_L64_f0.1,random_replacement,64,0.1,2026083027,100000,3679,0.03679,319245,639309,0.4993594646720131,0.0375241392111163,True,explicit_BB84_particle_events,
random_replacement_L64_f0.1,random_replacement,64,0.1,2026083028,100000,3726,0.03726,319171,638551,0.4998363482321694,0.0375241392111163,True,explicit_BB84_particle_events,
random_replacement_L64_f0.1,random_replacement,64,0.1,2026083029,100000,3754,0.03754,319342,640037,0.49894302985608646,0.0375241392111163,True,explicit_BB84_particle_events,
random_replacement_L64_f0.1,random_replacement,64,0.1,2026083030,100000,3761,0.03761,319674,638804,0.5004257957057251,0.0375241392111163,True,explicit_BB84_particle_events,
random_replacement_L64_f0.25,random_replacement,64,0.25,2026083001,100000,24,0.00024,799553,1599514,0.49987246126010776,0.00019431905663716255,True,explicit_BB84_particle_events,
random_replacement_L64_f0.25,random_replacement,64,0.25,2026083002,100000,23,0.00023,799315,1598962,0.4998961826484932,0.00019431905663716255,True,explicit_BB84_particle_events,
random_replacement_L64_f0.25,random_replacement,64,0.25,2026083003,100000,14,0.00014,798540,1600375,0.49897055377645866,0.00019431905663716255,True,explicit_BB84_particle_events,
random_replacement_L64_f0.25,random_replacement,64,0.25,2026083004,100000,23,0.00023,800505,1601238,0.4999288050870639,0.00019431905663716255,True,explicit_BB84_particle_events,
random_replacement_L64_f0.25,random_replacement,64,0.25,2026083005,100000,23,0.00023,798789,1597565,0.5000040686920407,0.00019431905663716255,True,explicit_BB84_particle_events,
random_replacement_L64_f0.25,random_replacement,64,0.25,2026083006,100000,21,0.00021,800728,1600218,0.5003868222954623,0.00019431905663716255,True,explicit_BB84_particle_events,
random_replacement_L64_f0.25,random_replacement,64,0.25,2026083007,100000,16,0.00016,800629,1601520,0.49991820270742793,0.00019431905663716255,True,explicit_BB84_particle_events,
random_replacement_L64_f0.25,random_replacement,64,0.25,2026083008,100000,19,0.00019,800035,1600744,0.4997894728951038,0.00019431905663716255,True,explicit_BB84_particle_events,
random_replacement_L64_f0.25,random_replacement,64,0.25,2026083009,100000,19,0.00019,800012,1598350,0.5005236650295617,0.00019431905663716255,True,explicit_BB84_particle_events,
random_replacement_L64_f0.25,random_replacement,64,0.25,2026083010,100000,13,0.00013,799730,1599466,0.4999981243740098,0.00019431905663716255,True,explicit_BB84_particle_events,
random_replacement_L64_f0.25,random_replacement,64,0.25,2026083011,100000,20,0.0002,799782,1598628,0.5002927510340117,0.00019431905663716255,True,explicit_BB84_particle_events,
random_replacement_L64_f0.25,random_replacement,64,0.25,2026083012,100000,19,0.00019,799625,1600155,0.4997172148948071,0.00019431905663716255,True,explicit_BB84_particle_events,
random_replacement_L64_f0.25,random_replacement,64,0.25,2026083013,100000,28,0.00028,800470,1601849,0.49971626539080777,0.00019431905663716255,True,explicit_BB84_particle_events,
random_replacement_L64_f0.25,random_replacement,64,0.25,2026083014,100000,18,0.00018,801034,1600856,0.5003785474770998,0.00019431905663716255,True,explicit_BB84_particle_events,
random_replacement_L64_f0.25,random_replacement,64,0.25,2026083015,100000,25,0.00025,800550,1601111,0.4999965648852578,0.00019431905663716255,True,explicit_BB84_particle_events,
random_replacement_L64_f0.25,random_replacement,64,0.25,2026083016,100000,24,0.00024,799135,1599791,0.4995246254041934,0.00019431905663716255,True,explicit_BB84_particle_events,
random_replacement_L64_f0.25,random_replacement,64,0.25,2026083017,100000,20,0.0002,800162,1599326,0.5003120064327098,0.00019431905663716255,True,explicit_BB84_particle_events,
random_replacement_L64_f0.25,random_replacement,64,0.25,2026083018,100000,19,0.00019,800200,1600733,0.49989598515180234,0.00019431905663716255,True,explicit_BB84_particle_events,
random_replacement_L64_f0.25,random_replacement,64,0.25,2026083019,100000,16,0.00016,799898,1598863,0.5002917698389417,0.00019431905663716255,True,explicit_BB84_particle_events,
random_replacement_L64_f0.25,random_replacement,64,0.25,2026083020,100000,20,0.0002,800344,1600129,0.5001746734169558,0.00019431905663716255,True,explicit_BB84_particle_events,
random_replacement_L64_f0.25,random_replacement,64,0.25,2026083021,100000,23,0.00023,798888,1599925,0.49932840601903217,0.00019431905663716255,True,explicit_BB84_particle_events,
random_replacement_L64_f0.25,random_replacement,64,0.25,2026083022,100000,21,0.00021,798623,1598198,0.4997021645628389,0.00019431905663716255,True,explicit_BB84_particle_events,
random_replacement_L64_f0.25,random_replacement,64,0.25,2026083023,100000,20,0.0002,799317,1598827,0.49993964325095835,0.00019431905663716255,True,explicit_BB84_particle_events,
random_replacement_L64_f0.25,random_replacement,64,0.25,2026083024,100000,27,0.00027,799888,1602080,0.4992809347847798,0.00019431905663716255,True,explicit_BB84_particle_events,
random_replacement_L64_f0.25,random_replacement,64,0.25,2026083025,100000,26,0.00026,799943,1599420,0.5001456778082055,0.00019431905663716255,True,explicit_BB84_particle_events,
random_replacement_L64_f0.25,random_replacement,64,0.25,2026083026,100000,26,0.00026,799559,1599243,0.4999609190098065,0.00019431905663716255,True,explicit_BB84_particle_events,
random_replacement_L64_f0.25,random_replacement,64,0.25,2026083027,100000,18,0.00018,800101,1599982,0.5000687507734461,0.00019431905663716255,True,explicit_BB84_particle_events,
random_replacement_L64_f0.25,random_replacement,64,0.25,2026083028,100000,17,0.00017,799076,1596666,0.5004653446619394,0.00019431905663716255,True,explicit_BB84_particle_events,
random_replacement_L64_f0.25,random_replacement,64,0.25,2026083029,100000,19,0.00019,800230,1600663,0.4999365887760259,0.00019431905663716255,True,explicit_BB84_particle_events,
random_replacement_L64_f0.25,random_replacement,64,0.25,2026083030,100000,18,0.00018,799387,1598057,0.5002243349267267,0.00019431905663716255,True,explicit_BB84_particle_events,
random_replacement_L64_f0.5,random_replacement,64,0.5,,0,,,,,,1.0090689833159348e-08,False,analytic_rare_event_only,9.985769259257538e-07
random_replacement_L64_f0.75,random_replacement,64,0.75,,0,,,,,,8.636168555094445e-14,False,analytic_rare_event_only,9.985769259257538e-07
random_replacement_L64_f1,random_replacement,64,1.0,,0,,,,,,5.421010862427522e-20,False,analytic_rare_event_only,9.985769259257538e-07
random_basis_imr_L8_f0.1,random_basis_imr,8,0.1,2026083001,100000,81799,0.81799,59926,79736,0.7515551319353868,0.8166518036622625,True,explicit_BB84_particle_events,
random_basis_imr_L8_f0.1,random_basis_imr,8,0.1,2026083002,100000,81582,0.81582,60224,80345,0.7495674901985189,0.8166518036622625,True,explicit_BB84_particle_events,
random_basis_imr_L8_f0.1,random_basis_imr,8,0.1,2026083003,100000,81621,0.81621,60226,80291,0.7500965238943343,0.8166518036622625,True,explicit_BB84_particle_events,
random_basis_imr_L8_f0.1,random_basis_imr,8,0.1,2026083004,100000,81559,0.81559,60009,80148,0.7487273543943704,0.8166518036622625,True,explicit_BB84_particle_events,
random_basis_imr_L8_f0.1,random_basis_imr,8,0.1,2026083005,100000,81761,0.81761,59685,79533,0.7504432122515182,0.8166518036622625,True,explicit_BB84_particle_events,
random_basis_imr_L8_f0.1,random_basis_imr,8,0.1,2026083006,100000,81550,0.8155,59693,79812,0.7479201122638199,0.8166518036622625,True,explicit_BB84_particle_events,
random_basis_imr_L8_f0.1,random_basis_imr,8,0.1,2026083007,100000,81824,0.81824,60429,80242,0.7530844196306173,0.8166518036622625,True,explicit_BB84_particle_events,
random_basis_imr_L8_f0.1,random_basis_imr,8,0.1,2026083008,100000,81669,0.81669,59711,79705,0.7491499905903017,0.8166518036622625,True,explicit_BB84_particle_events,
random_basis_imr_L8_f0.1,random_basis_imr,8,0.1,2026083009,100000,81699,0.81699,60085,80072,0.7503871515635928,0.8166518036622625,True,explicit_BB84_particle_events,
random_basis_imr_L8_f0.1,random_basis_imr,8,0.1,2026083010,100000,81788,0.81788,60389,80238,0.7526234452503802,0.8166518036622625,True,explicit_BB84_particle_events,
random_basis_imr_L8_f0.1,random_basis_imr,8,0.1,2026083011,100000,81676,0.81676,59920,79977,0.7492153994273354,0.8166518036622625,True,explicit_BB84_particle_events,
random_basis_imr_L8_f0.1,random_basis_imr,8,0.1,2026083012,100000,81873,0.81873,59988,79809,0.7516445513663873,0.8166518036622625,True,explicit_BB84_particle_events,
random_basis_imr_L8_f0.1,random_basis_imr,8,0.1,2026083013,100000,81840,0.8184,60302,80107,0.7527681725691887,0.8166518036622625,True,explicit_BB84_particle_events,
random_basis_imr_L8_f0.1,random_basis_imr,8,0.1,2026083014,100000,81462,0.81462,60259,80435,0.7491639211785914,0.8166518036622625,True,explicit_BB84_particle_events,
random_basis_imr_L8_f0.1,random_basis_imr,8,0.1,2026083015,100000,81581,0.81581,60149,80226,0.7497444718669758,0.8166518036622625,True,explicit_BB84_particle_events,
random_basis_imr_L8_f0.1,random_basis_imr,8,0.1,2026083016,100000,81652,0.81652,60134,80141,0.7503525037122072,0.8166518036622625,True,explicit_BB84_particle_events,
random_basis_imr_L8_f0.1,random_basis_imr,8,0.1,2026083017,100000,81837,0.81837,60164,80080,0.7512987012987012,0.8166518036622625,True,explicit_BB84_particle_events,
random_basis_imr_L8_f0.1,random_basis_imr,8,0.1,2026083018,100000,81705,0.81705,60083,79926,0.7517328528889222,0.8166518036622625,True,explicit_BB84_particle_events,
random_basis_imr_L8_f0.1,random_basis_imr,8,0.1,2026083019,100000,81735,0.81735,60353,80222,0.7523247986836529,0.8166518036622625,True,explicit_BB84_particle_events,
random_basis_imr_L8_f0.1,random_basis_imr,8,0.1,2026083020,100000,81702,0.81702,59872,79837,0.749927978255696,0.8166518036622625,True,explicit_BB84_particle_events,
random_basis_imr_L8_f0.1,random_basis_imr,8,0.1,2026083021,100000,81688,0.81688,59693,79649,0.7494507150121157,0.8166518036622625,True,explicit_BB84_particle_events,
random_basis_imr_L8_f0.1,random_basis_imr,8,0.1,2026083022,100000,81571,0.81571,60156,80240,0.7497008973080758,0.8166518036622625,True,explicit_BB84_particle_events,
random_basis_imr_L8_f0.1,random_basis_imr,8,0.1,2026083023,100000,81569,0.81569,59795,79883,0.7485322283840116,0.8166518036622625,True,explicit_BB84_particle_events,
random_basis_imr_L8_f0.1,random_basis_imr,8,0.1,2026083024,100000,81564,0.81564,59792,79885,0.7484759341553483,0.8166518036622625,True,explicit_BB84_particle_events,
random_basis_imr_L8_f0.1,random_basis_imr,8,0.1,2026083025,100000,81679,0.81679,59547,79510,0.7489246635643315,0.8166518036622625,True,explicit_BB84_particle_events,
random_basis_imr_L8_f0.1,random_basis_imr,8,0.1,2026083026,100000,81637,0.81637,60173,80235,0.7499594939864149,0.8166518036622625,True,explicit_BB84_particle_events,
random_basis_imr_L8_f0.1,random_basis_imr,8,0.1,2026083027,100000,81752,0.81752,60317,80223,0.7518666716527679,0.8166518036622625,True,explicit_BB84_particle_events,
random_basis_imr_L8_f0.1,random_basis_imr,8,0.1,2026083028,100000,81810,0.8181,60356,80281,0.751809269939338,0.8166518036622625,True,explicit_BB84_particle_events,
random_basis_imr_L8_f0.1,random_basis_imr,8,0.1,2026083029,100000,81565,0.81565,59856,79979,0.7483964540691932,0.8166518036622625,True,explicit_BB84_particle_events,
random_basis_imr_L8_f0.1,random_basis_imr,8,0.1,2026083030,100000,81664,0.81664,59994,80027,0.7496719857048246,0.8166518036622625,True,explicit_BB84_particle_events,
random_basis_imr_L8_f0.25,random_basis_imr,8,0.25,2026083001,100000,59588,0.59588,150472,200606,0.750087235675902,0.5967194738332182,True,explicit_BB84_particle_events,
random_basis_imr_L8_f0.25,random_basis_imr,8,0.25,2026083002,100000,59691,0.59691,149909,199844,0.7501301014791537,0.5967194738332182,True,explicit_BB84_particle_events,
random_basis_imr_L8_f0.25,random_basis_imr,8,0.25,2026083003,100000,59666,0.59666,150048,200088,0.7499100395825836,0.5967194738332182,True,explicit_BB84_particle_events,
random_basis_imr_L8_f0.25,random_basis_imr,8,0.25,2026083004,100000,59679,0.59679,150325,200555,0.7495450125900626,0.5967194738332182,True,explicit_BB84_particle_events,
random_basis_imr_L8_f0.25,random_basis_imr,8,0.25,2026083005,100000,59516,0.59516,149861,199937,0.7495411054482162,0.5967194738332182,True,explicit_BB84_particle_events,
random_basis_imr_L8_f0.25,random_basis_imr,8,0.25,2026083006,100000,59583,0.59583,149788,199799,0.7496934419091187,0.5967194738332182,True,explicit_BB84_particle_events,
random_basis_imr_L8_f0.25,random_basis_imr,8,0.25,2026083007,100000,59884,0.59884,150220,199988,0.7511450687041222,0.5967194738332182,True,explicit_BB84_particle_events,
random_basis_imr_L8_f0.25,random_basis_imr,8,0.25,2026083008,100000,59872,0.59872,149739,199421,0.7508687650748919,0.5967194738332182,True,explicit_BB84_particle_events,
random_basis_imr_L8_f0.25,random_basis_imr,8,0.25,2026083009,100000,59769,0.59769,149815,199736,0.7500650859134057,0.5967194738332182,True,explicit_BB84_particle_events,
random_basis_imr_L8_f0.25,random_basis_imr,8,0.25,2026083010,100000,59889,0.59889,150801,200556,0.7519146771973912,0.5967194738332182,True,explicit_BB84_particle_events,
random_basis_imr_L8_f0.25,random_basis_imr,8,0.25,2026083011,100000,59768,0.59768,150483,200271,0.7513968572584149,0.5967194738332182,True,explicit_BB84_particle_events,
random_basis_imr_L8_f0.25,random_basis_imr,8,0.25,2026083012,100000,59804,0.59804,149649,199507,0.7500939816648038,0.5967194738332182,True,explicit_BB84_particle_events,
random_basis_imr_L8_f0.25,random_basis_imr,8,0.25,2026083013,100000,59909,0.59909,150673,200480,0.7515612529928173,0.5967194738332182,True,explicit_BB84_particle_events,
random_basis_imr_L8_f0.25,random_basis_imr,8,0.25,2026083014,100000,59522,0.59522,150394,200581,0.7497918546622063,0.5967194738332182,True,explicit_BB84_particle_events,
random_basis_imr_L8_f0.25,random_basis_imr,8,0.25,2026083015,100000,59571,0.59571,150274,200464,0.7496308564131215,0.5967194738332182,True,explicit_BB84_particle_events,
random_basis_imr_L8_f0.25,random_basis_imr,8,0.25,2026083016,100000,59621,0.59621,150404,200533,0.7500211935192711,0.5967194738332182,True,explicit_BB84_particle_events,
random_basis_imr_L8_f0.25,random_basis_imr,8,0.25,2026083017,100000,59696,0.59696,150243,200284,0.7501497873020311,0.5967194738332182,True,explicit_BB84_particle_events,
random_basis_imr_L8_f0.25,random_basis_imr,8,0.25,2026083018,100000,59793,0.59793,149820,199479,0.7510565021882003,0.5967194738332182,True,explicit_BB84_particle_events,
random_basis_imr_L8_f0.25,random_basis_imr,8,0.25,2026083019,100000,59700,0.597,149934,199980,0.7497449744974497,0.5967194738332182,True,explicit_BB84_particle_events,
random_basis_imr_L8_f0.25,random_basis_imr,8,0.25,2026083020,100000,59670,0.5967,149932,199844,0.7502451912491743,0.5967194738332182,True,explicit_BB84_particle_events,
random_basis_imr_L8_f0.25,random_basis_imr,8,0.25,2026083021,100000,59662,0.59662,149758,199739,0.7497684478244109,0.5967194738332182,True,explicit_BB84_particle_events,
random_basis_imr_L8_f0.25,random_basis_imr,8,0.25,2026083022,100000,59723,0.59723,150279,200191,0.7506781024121963,0.5967194738332182,True,explicit_BB84_particle_events,
random_basis_imr_L8_f0.25,random_basis_imr,8,0.25,2026083023,100000,59522,0.59522,150188,200425,0.74934763627292,0.5967194738332182,True,explicit_BB84_particle_events,
random_basis_imr_L8_f0.25,random_basis_imr,8,0.25,2026083024,100000,59573,0.59573,149474,199636,0.748732693502174,0.5967194738332182,True,explicit_BB84_particle_events,
random_basis_imr_L8_f0.25,random_basis_imr,8,0.25,2026083025,100000,59496,0.59496,149699,199943,0.7487083818888384,0.5967194738332182,True,explicit_BB84_particle_events,
random_basis_imr_L8_f0.25,random_basis_imr,8,0.25,2026083026,100000,59511,0.59511,150024,200191,0.7494043188754739,0.5967194738332182,True,explicit_BB84_particle_events,
random_basis_imr_L8_f0.25,random_basis_imr,8,0.25,2026083027,100000,59806,0.59806,150532,200242,0.7517503820377344,0.5967194738332182,True,explicit_BB84_particle_events,
random_basis_imr_L8_f0.25,random_basis_imr,8,0.25,2026083028,100000,59789,0.59789,150481,200622,0.7500722752240532,0.5967194738332182,True,explicit_BB84_particle_events,
random_basis_imr_L8_f0.25,random_basis_imr,8,0.25,2026083029,100000,59720,0.5972,150194,200126,0.7504971867723335,0.5967194738332182,True,explicit_BB84_particle_events,
random_basis_imr_L8_f0.25,random_basis_imr,8,0.25,2026083030,100000,59771,0.59771,150271,200176,0.7506943889377348,0.5967194738332182,True,explicit_BB84_particle_events,
random_basis_imr_L8_f0.5,random_basis_imr,8,0.5,2026083001,100000,34210,0.3421,300382,400714,0.7496169337732148,0.34360891580581665,True,explicit_BB84_particle_events,
random_basis_imr_L8_f0.5,random_basis_imr,8,0.5,2026083002,100000,34224,0.34224,300394,400637,0.749790957899545,0.34360891580581665,True,explicit_BB84_particle_events,
random_basis_imr_L8_f0.5,random_basis_imr,8,0.5,2026083003,100000,34528,0.34528,299664,399578,0.7499511985144327,0.34360891580581665,True,explicit_BB84_particle_events,
random_basis_imr_L8_f0.5,random_basis_imr,8,0.5,2026083004,100000,34441,0.34441,299734,399756,0.7497923733477421,0.34360891580581665,True,explicit_BB84_particle_events,
random_basis_imr_L8_f0.5,random_basis_imr,8,0.5,2026083005,100000,34273,0.34273,299414,399757,0.7489900114319449,0.34360891580581665,True,explicit_BB84_particle_events,
random_basis_imr_L8_f0.5,random_basis_imr,8,0.5,2026083006,100000,34356,0.34356,299922,399955,0.7498893625532872,0.34360891580581665,True,explicit_BB84_particle_events,
random_basis_imr_L8_f0.5,random_basis_imr,8,0.5,2026083007,100000,34450,0.3445,300016,400000,0.75004,0.34360891580581665,True,explicit_BB84_particle_events,
random_basis_imr_L8_f0.5,random_basis_imr,8,0.5,2026083008,100000,34550,0.3455,299155,398712,0.750303477196573,0.34360891580581665,True,explicit_BB84_particle_events,
random_basis_imr_L8_f0.5,random_basis_imr,8,0.5,2026083009,100000,34577,0.34577,300370,400254,0.7504484652245824,0.34360891580581665,True,explicit_BB84_particle_events,
random_basis_imr_L8_f0.5,random_basis_imr,8,0.5,2026083010,100000,34602,0.34602,300757,400586,0.750792588857324,0.34360891580581665,True,explicit_BB84_particle_events,
random_basis_imr_L8_f0.5,random_basis_imr,8,0.5,2026083011,100000,34407,0.34407,300419,400013,0.7510230917495181,0.34360891580581665,True,explicit_BB84_particle_events,
random_basis_imr_L8_f0.5,random_basis_imr,8,0.5,2026083012,100000,34506,0.34506,299141,398722,0.7502495473036351,0.34360891580581665,True,explicit_BB84_particle_events,
random_basis_imr_L8_f0.5,random_basis_imr,8,0.5,2026083013,100000,34521,0.34521,300302,400235,0.7503141904131323,0.34360891580581665,True,explicit_BB84_particle_events,
random_basis_imr_L8_f0.5,random_basis_imr,8,0.5,2026083014,100000,34216,0.34216,300331,400343,0.7501842170338935,0.34360891580581665,True,explicit_BB84_particle_events,
random_basis_imr_L8_f0.5,random_basis_imr,8,0.5,2026083015,100000,34326,0.34326,300174,400141,0.7501705648758813,0.34360891580581665,True,explicit_BB84_particle_events,
random_basis_imr_L8_f0.5,random_basis_imr,8,0.5,2026083016,100000,34230,0.3423,299764,400234,0.7489718514668918,0.34360891580581665,True,explicit_BB84_particle_events,
random_basis_imr_L8_f0.5,random_basis_imr,8,0.5,2026083017,100000,34487,0.34487,299943,399674,0.7504691323428594,0.34360891580581665,True,explicit_BB84_particle_events,
random_basis_imr_L8_f0.5,random_basis_imr,8,0.5,2026083018,100000,34346,0.34346,299429,399318,0.7498509959480915,0.34360891580581665,True,explicit_BB84_particle_events,
random_basis_imr_L8_f0.5,random_basis_imr,8,0.5,2026083019,100000,34450,0.3445,300367,400519,0.7499444470799138,0.34360891580581665,True,explicit_BB84_particle_events,
random_basis_imr_L8_f0.5,random_basis_imr,8,0.5,2026083020,100000,34457,0.34457,299851,399912,0.7497924543399548,0.34360891580581665,True,explicit_BB84_particle_events,
random_basis_imr_L8_f0.5,random_basis_imr,8,0.5,2026083021,100000,34266,0.34266,299053,399164,0.7491983244982012,0.34360891580581665,True,explicit_BB84_particle_events,
random_basis_imr_L8_f0.5,random_basis_imr,8,0.5,2026083022,100000,34298,0.34298,299871,399769,0.7501106889228529,0.34360891580581665,True,explicit_BB84_particle_events,
random_basis_imr_L8_f0.5,random_basis_imr,8,0.5,2026083023,100000,34338,0.34338,299749,400162,0.7490691270035635,0.34360891580581665,True,explicit_BB84_particle_events,
random_basis_imr_L8_f0.5,random_basis_imr,8,0.5,2026083024,100000,34280,0.3428,299637,400037,0.7490232153525799,0.34360891580581665,True,explicit_BB84_particle_events,
random_basis_imr_L8_f0.5,random_basis_imr,8,0.5,2026083025,100000,34180,0.3418,299571,399955,0.7490117638234302,0.34360891580581665,True,explicit_BB84_particle_events,
random_basis_imr_L8_f0.5,random_basis_imr,8,0.5,2026083026,100000,34216,0.34216,300105,400155,0.749971885894216,0.34360891580581665,True,explicit_BB84_particle_events,
random_basis_imr_L8_f0.5,random_basis_imr,8,0.5,2026083027,100000,34458,0.34458,299960,399721,0.7504234203356841,0.34360891580581665,True,explicit_BB84_particle_events,
random_basis_imr_L8_f0.5,random_basis_imr,8,0.5,2026083028,100000,34496,0.34496,300534,400662,0.7500935951001093,0.34360891580581665,True,explicit_BB84_particle_events,
random_basis_imr_L8_f0.5,random_basis_imr,8,0.5,2026083029,100000,34522,0.34522,300045,399941,0.7502231579157925,0.34360891580581665,True,explicit_BB84_particle_events,
random_basis_imr_L8_f0.5,random_basis_imr,8,0.5,2026083030,100000,34529,0.34529,299753,399369,0.7505665186832228,0.34360891580581665,True,explicit_BB84_particle_events,
random_basis_imr_L8_f0.75,random_basis_imr,8,0.75,2026083001,100000,18854,0.18854,450115,600533,0.7495258378806826,0.18992710881866515,True,explicit_BB84_particle_events,
random_basis_imr_L8_f0.75,random_basis_imr,8,0.75,2026083002,100000,18945,0.18945,450379,600362,0.7501790586346238,0.18992710881866515,True,explicit_BB84_particle_events,
random_basis_imr_L8_f0.75,random_basis_imr,8,0.75,2026083003,100000,19033,0.19033,450166,600128,0.7501166417830862,0.18992710881866515,True,explicit_BB84_particle_events,
random_basis_imr_L8_f0.75,random_basis_imr,8,0.75,2026083004,100000,18987,0.18987,450276,599859,0.7506363995538952,0.18992710881866515,True,explicit_BB84_particle_events,
random_basis_imr_L8_f0.75,random_basis_imr,8,0.75,2026083005,100000,18866,0.18866,449368,599795,0.7492026442367808,0.18992710881866515,True,explicit_BB84_particle_events,
random_basis_imr_L8_f0.75,random_basis_imr,8,0.75,2026083006,100000,18929,0.18929,450392,600665,0.7498222803059942,0.18992710881866515,True,explicit_BB84_particle_events,
random_basis_imr_L8_f0.75,random_basis_imr,8,0.75,2026083007,100000,19002,0.19002,450099,599951,0.7502262684785924,0.18992710881866515,True,explicit_BB84_particle_events,
random_basis_imr_L8_f0.75,random_basis_imr,8,0.75,2026083008,100000,19170,0.1917,449812,599232,0.7506474954608565,0.18992710881866515,True,explicit_BB84_particle_events,
random_basis_imr_L8_f0.75,random_basis_imr,8,0.75,2026083009,100000,19211,0.19211,450169,599556,0.750837286258498,0.18992710881866515,True,explicit_BB84_particle_events,
random_basis_imr_L8_f0.75,random_basis_imr,8,0.75,2026083010,100000,19162,0.19162,450521,600286,0.7505105899521228,0.18992710881866515,True,explicit_BB84_particle_events,
random_basis_imr_L8_f0.75,random_basis_imr,8,0.75,2026083011,100000,19030,0.1903,450528,599861,0.7510539941753173,0.18992710881866515,True,explicit_BB84_particle_events,
random_basis_imr_L8_f0.75,random_basis_imr,8,0.75,2026083012,100000,19030,0.1903,449554,599395,0.7500129297041184,0.18992710881866515,True,explicit_BB84_particle_events,
random_basis_imr_L8_f0.75,random_basis_imr,8,0.75,2026083013,100000,19055,0.19055,449993,599624,0.750458620735661,0.18992710881866515,True,explicit_BB84_particle_events,
random_basis_imr_L8_f0.75,random_basis_imr,8,0.75,2026083014,100000,19015,0.19015,450195,600171,0.7501112183027837,0.18992710881866515,True,explicit_BB84_particle_events,
random_basis_imr_L8_f0.75,random_basis_imr,8,0.75,2026083015,100000,19083,0.19083,449794,599408,0.7503970584309853,0.18992710881866515,True,explicit_BB84_particle_events,
random_basis_imr_L8_f0.75,random_basis_imr,8,0.75,2026083016,100000,18856,0.18856,449720,600357,0.7490876261957469,0.18992710881866515,True,explicit_BB84_particle_events,
random_basis_imr_L8_f0.75,random_basis_imr,8,0.75,2026083017,100000,19080,0.1908,450465,600056,0.7507049342061407,0.18992710881866515,True,explicit_BB84_particle_events,
random_basis_imr_L8_f0.75,random_basis_imr,8,0.75,2026083018,100000,19104,0.19104,449721,599487,0.7501764008227034,0.18992710881866515,True,explicit_BB84_particle_events,
random_basis_imr_L8_f0.75,random_basis_imr,8,0.75,2026083019,100000,19026,0.19026,450499,600692,0.749966705066823,0.18992710881866515,True,explicit_BB84_particle_events,
random_basis_imr_L8_f0.75,random_basis_imr,8,0.75,2026083020,100000,19138,0.19138,450197,600384,0.749848430337917,0.18992710881866515,True,explicit_BB84_particle_events,
random_basis_imr_L8_f0.75,random_basis_imr,8,0.75,2026083021,100000,19138,0.19138,449562,599509,0.7498836547908372,0.18992710881866515,True,explicit_BB84_particle_events,
random_basis_imr_L8_f0.75,random_basis_imr,8,0.75,2026083022,100000,18889,0.18889,450243,600302,0.7500274861652968,0.18992710881866515,True,explicit_BB84_particle_events,
random_basis_imr_L8_f0.75,random_basis_imr,8,0.75,2026083023,100000,19021,0.19021,449792,600192,0.7494135210066112,0.18992710881866515,True,explicit_BB84_particle_events,
random_basis_imr_L8_f0.75,random_basis_imr,8,0.75,2026083024,100000,18888,0.18888,449659,600000,0.7494316666666667,0.18992710881866515,True,explicit_BB84_particle_events,
random_basis_imr_L8_f0.75,random_basis_imr,8,0.75,2026083025,100000,18938,0.18938,449318,599971,0.7488995301439569,0.18992710881866515,True,explicit_BB84_particle_events,
random_basis_imr_L8_f0.75,random_basis_imr,8,0.75,2026083026,100000,18908,0.18908,449858,600137,0.7495921764530432,0.18992710881866515,True,explicit_BB84_particle_events,
random_basis_imr_L8_f0.75,random_basis_imr,8,0.75,2026083027,100000,19068,0.19068,450431,599718,0.7510713368616583,0.18992710881866515,True,explicit_BB84_particle_events,
random_basis_imr_L8_f0.75,random_basis_imr,8,0.75,2026083028,100000,19024,0.19024,450207,600447,0.7497864091252017,0.18992710881866515,True,explicit_BB84_particle_events,
random_basis_imr_L8_f0.75,random_basis_imr,8,0.75,2026083029,100000,19175,0.19175,449423,599157,0.7500922128924472,0.18992710881866515,True,explicit_BB84_particle_events,
random_basis_imr_L8_f0.75,random_basis_imr,8,0.75,2026083030,100000,19056,0.19056,450483,600139,0.7506311037942877,0.18992710881866515,True,explicit_BB84_particle_events,
random_basis_imr_L8_f1,random_basis_imr,8,1.0,2026083001,100000,9967,0.09967,600090,800000,0.7501125,0.1001129150390625,True,explicit_BB84_particle_events,
random_basis_imr_L8_f1,random_basis_imr,8,1.0,2026083002,100000,9987,0.09987,599933,800000,0.74991625,0.1001129150390625,True,explicit_BB84_particle_events,
random_basis_imr_L8_f1,random_basis_imr,8,1.0,2026083003,100000,9979,0.09979,600025,800000,0.75003125,0.1001129150390625,True,explicit_BB84_particle_events,
random_basis_imr_L8_f1,random_basis_imr,8,1.0,2026083004,100000,9900,0.099,600184,800000,0.75023,0.1001129150390625,True,explicit_BB84_particle_events,
random_basis_imr_L8_f1,random_basis_imr,8,1.0,2026083005,100000,9931,0.09931,599405,800000,0.74925625,0.1001129150390625,True,explicit_BB84_particle_events,
random_basis_imr_L8_f1,random_basis_imr,8,1.0,2026083006,100000,10012,0.10012,600159,800000,0.75019875,0.1001129150390625,True,explicit_BB84_particle_events,
random_basis_imr_L8_f1,random_basis_imr,8,1.0,2026083007,100000,10096,0.10096,600586,800000,0.7507325,0.1001129150390625,True,explicit_BB84_particle_events,
random_basis_imr_L8_f1,random_basis_imr,8,1.0,2026083008,100000,10185,0.10185,600554,800000,0.7506925,0.1001129150390625,True,explicit_BB84_particle_events,
random_basis_imr_L8_f1,random_basis_imr,8,1.0,2026083009,100000,10172,0.10172,600288,800000,0.75036,0.1001129150390625,True,explicit_BB84_particle_events,
random_basis_imr_L8_f1,random_basis_imr,8,1.0,2026083010,100000,10036,0.10036,600121,800000,0.75015125,0.1001129150390625,True,explicit_BB84_particle_events,
random_basis_imr_L8_f1,random_basis_imr,8,1.0,2026083011,100000,10048,0.10048,600796,800000,0.750995,0.1001129150390625,True,explicit_BB84_particle_events,
random_basis_imr_L8_f1,random_basis_imr,8,1.0,2026083012,100000,10125,0.10125,600595,800000,0.75074375,0.1001129150390625,True,explicit_BB84_particle_events,
random_basis_imr_L8_f1,random_basis_imr,8,1.0,2026083013,100000,10035,0.10035,600553,800000,0.75069125,0.1001129150390625,True,explicit_BB84_particle_events,
random_basis_imr_L8_f1,random_basis_imr,8,1.0,2026083014,100000,10045,0.10045,600437,800000,0.75054625,0.1001129150390625,True,explicit_BB84_particle_events,
random_basis_imr_L8_f1,random_basis_imr,8,1.0,2026083015,100000,10079,0.10079,600687,800000,0.75085875,0.1001129150390625,True,explicit_BB84_particle_events,
random_basis_imr_L8_f1,random_basis_imr,8,1.0,2026083016,100000,9987,0.09987,599700,800000,0.749625,0.1001129150390625,True,explicit_BB84_particle_events,
random_basis_imr_L8_f1,random_basis_imr,8,1.0,2026083017,100000,10015,0.10015,600176,800000,0.75022,0.1001129150390625,True,explicit_BB84_particle_events,
random_basis_imr_L8_f1,random_basis_imr,8,1.0,2026083018,100000,10106,0.10106,600610,800000,0.7507625,0.1001129150390625,True,explicit_BB84_particle_events,
random_basis_imr_L8_f1,random_basis_imr,8,1.0,2026083019,100000,10133,0.10133,600137,800000,0.75017125,0.1001129150390625,True,explicit_BB84_particle_events,
random_basis_imr_L8_f1,random_basis_imr,8,1.0,2026083020,100000,10092,0.10092,599878,800000,0.7498475,0.1001129150390625,True,explicit_BB84_particle_events,
random_basis_imr_L8_f1,random_basis_imr,8,1.0,2026083021,100000,10123,0.10123,600290,800000,0.7503625,0.1001129150390625,True,explicit_BB84_particle_events,
random_basis_imr_L8_f1,random_basis_imr,8,1.0,2026083022,100000,9963,0.09963,599996,800000,0.749995,0.1001129150390625,True,explicit_BB84_particle_events,
random_basis_imr_L8_f1,random_basis_imr,8,1.0,2026083023,100000,10049,0.10049,599386,800000,0.7492325,0.1001129150390625,True,explicit_BB84_particle_events,
random_basis_imr_L8_f1,random_basis_imr,8,1.0,2026083024,100000,9837,0.09837,599386,800000,0.7492325,0.1001129150390625,True,explicit_BB84_particle_events,
random_basis_imr_L8_f1,random_basis_imr,8,1.0,2026083025,100000,9972,0.09972,599080,800000,0.74885,0.1001129150390625,True,explicit_BB84_particle_events,
random_basis_imr_L8_f1,random_basis_imr,8,1.0,2026083026,100000,9961,0.09961,599722,800000,0.7496525,0.1001129150390625,True,explicit_BB84_particle_events,
random_basis_imr_L8_f1,random_basis_imr,8,1.0,2026083027,100000,10092,0.10092,600839,800000,0.75104875,0.1001129150390625,True,explicit_BB84_particle_events,
random_basis_imr_L8_f1,random_basis_imr,8,1.0,2026083028,100000,9908,0.09908,599624,800000,0.74953,0.1001129150390625,True,explicit_BB84_particle_events,
random_basis_imr_L8_f1,random_basis_imr,8,1.0,2026083029,100000,10052,0.10052,600032,800000,0.75004,0.1001129150390625,True,explicit_BB84_particle_events,
random_basis_imr_L8_f1,random_basis_imr,8,1.0,2026083030,100000,9981,0.09981,600771,800000,0.75096375,0.1001129150390625,True,explicit_BB84_particle_events,
random_basis_imr_L16_f0.1,random_basis_imr,16,0.1,2026083001,100000,66751,0.66751,119994,159906,0.7504033619751604,0.6669201684248266,True,explicit_BB84_particle_events,
random_basis_imr_L16_f0.1,random_basis_imr,16,0.1,2026083002,100000,66885,0.66885,119915,159736,0.7507074172384435,0.6669201684248266,True,explicit_BB84_particle_events,
random_basis_imr_L16_f0.1,random_basis_imr,16,0.1,2026083003,100000,66410,0.6641,120500,160744,0.7496391778231225,0.6669201684248266,True,explicit_BB84_particle_events,
random_basis_imr_L16_f0.1,random_basis_imr,16,0.1,2026083004,100000,66687,0.66687,119806,159845,0.7495135912915637,0.6669201684248266,True,explicit_BB84_particle_events,
random_basis_imr_L16_f0.1,random_basis_imr,16,0.1,2026083005,100000,66848,0.66848,119998,159887,0.7505175530218217,0.6669201684248266,True,explicit_BB84_particle_events,
random_basis_imr_L16_f0.1,random_basis_imr,16,0.1,2026083006,100000,66615,0.66615,119033,159103,0.7481505691281748,0.6669201684248266,True,explicit_BB84_particle_events,
random_basis_imr_L16_f0.1,random_basis_imr,16,0.1,2026083007,100000,66776,0.66776,119512,159457,0.7494935938842446,0.6669201684248266,True,explicit_BB84_particle_events,
random_basis_imr_L16_f0.1,random_basis_imr,16,0.1,2026083008,100000,66453,0.66453,119612,159950,0.7478086902156924,0.6669201684248266,True,explicit_BB84_particle_events,
random_basis_imr_L16_f0.1,random_basis_imr,16,0.1,2026083009,100000,66411,0.66411,119950,160257,0.7484852455742963,0.6669201684248266,True,explicit_BB84_particle_events,
random_basis_imr_L16_f0.1,random_basis_imr,16,0.1,2026083010,100000,66793,0.66793,120318,160308,0.7505427052923123,0.6669201684248266,True,explicit_BB84_particle_events,
random_basis_imr_L16_f0.1,random_basis_imr,16,0.1,2026083011,100000,66620,0.6662,120153,160188,0.7500749119784254,0.6669201684248266,True,explicit_BB84_particle_events,
random_basis_imr_L16_f0.1,random_basis_imr,16,0.1,2026083012,100000,66187,0.66187,120028,160461,0.7480197680433252,0.6669201684248266,True,explicit_BB84_particle_events,
random_basis_imr_L16_f0.1,random_basis_imr,16,0.1,2026083013,100000,66389,0.66389,119910,160130,0.7488290763754449,0.6669201684248266,True,explicit_BB84_particle_events,
random_basis_imr_L16_f0.1,random_basis_imr,16,0.1,2026083014,100000,66493,0.66493,120092,160371,0.7488386304257004,0.6669201684248266,True,explicit_BB84_particle_events,
random_basis_imr_L16_f0.1,random_basis_imr,16,0.1,2026083015,100000,66662,0.66662,118956,158925,0.7485040113260972,0.6669201684248266,True,explicit_BB84_particle_events,
random_basis_imr_L16_f0.1,random_basis_imr,16,0.1,2026083016,100000,66785,0.66785,119709,159624,0.7499436175011277,0.6669201684248266,True,explicit_BB84_particle_events,
random_basis_imr_L16_f0.1,random_basis_imr,16,0.1,2026083017,100000,66597,0.66597,120331,160530,0.749585747212359,0.6669201684248266,True,explicit_BB84_particle_events,
random_basis_imr_L16_f0.1,random_basis_imr,16,0.1,2026083018,100000,66872,0.66872,120200,159884,0.7517950514122739,0.6669201684248266,True,explicit_BB84_particle_events,
random_basis_imr_L16_f0.1,random_basis_imr,16,0.1,2026083019,100000,66345,0.66345,120243,160603,0.7486970978126187,0.6669201684248266,True,explicit_BB84_particle_events,
random_basis_imr_L16_f0.1,random_basis_imr,16,0.1,2026083020,100000,66647,0.66647,119970,160015,0.7497422116676562,0.6669201684248266,True,explicit_BB84_particle_events,
random_basis_imr_L16_f0.1,random_basis_imr,16,0.1,2026083021,100000,66848,0.66848,119813,159616,0.7506327686447474,0.6669201684248266,True,explicit_BB84_particle_events,
random_basis_imr_L16_f0.1,random_basis_imr,16,0.1,2026083022,100000,66437,0.66437,119602,159979,0.7476106238943862,0.6669201684248266,True,explicit_BB84_particle_events,
random_basis_imr_L16_f0.1,random_basis_imr,16,0.1,2026083023,100000,66758,0.66758,119932,159710,0.7509360716298291,0.6669201684248266,True,explicit_BB84_particle_events,
random_basis_imr_L16_f0.1,random_basis_imr,16,0.1,2026083024,100000,66641,0.66641,120263,160359,0.7499610249502678,0.6669201684248266,True,explicit_BB84_particle_events,
random_basis_imr_L16_f0.1,random_basis_imr,16,0.1,2026083025,100000,66744,0.66744,119956,159894,0.7502220220896344,0.6669201684248266,True,explicit_BB84_particle_events,
random_basis_imr_L16_f0.1,random_basis_imr,16,0.1,2026083026,100000,66663,0.66663,120436,160347,0.7510960604189664,0.6669201684248266,True,explicit_BB84_particle_events,
random_basis_imr_L16_f0.1,random_basis_imr,16,0.1,2026083027,100000,66606,0.66606,119951,160089,0.7492769646883921,0.6669201684248266,True,explicit_BB84_particle_events,
random_basis_imr_L16_f0.1,random_basis_imr,16,0.1,2026083028,100000,66579,0.66579,119840,159945,0.7492575572853168,0.6669201684248266,True,explicit_BB84_particle_events,
random_basis_imr_L16_f0.1,random_basis_imr,16,0.1,2026083029,100000,66684,0.66684,120361,160219,0.7512280066658761,0.6669201684248266,True,explicit_BB84_particle_events,
random_basis_imr_L16_f0.1,random_basis_imr,16,0.1,2026083030,100000,66742,0.66742,120090,160024,0.7504499325101235,0.6669201684248266,True,explicit_BB84_particle_events,
random_basis_imr_L16_f0.25,random_basis_imr,16,0.25,2026083001,100000,35690,0.3569,299880,399824,0.7500300132058105,0.3560741304517928,True,explicit_BB84_particle_events,
random_basis_imr_L16_f0.25,random_basis_imr,16,0.25,2026083002,100000,35849,0.35849,300290,399652,0.7513786994685376,0.3560741304517928,True,explicit_BB84_particle_events,
random_basis_imr_L16_f0.25,random_basis_imr,16,0.25,2026083003,100000,35381,0.35381,300218,400534,0.749544358281694,0.3560741304517928,True,explicit_BB84_particle_events,
random_basis_imr_L16_f0.25,random_basis_imr,16,0.25,2026083004,100000,35508,0.35508,300030,400108,0.7498725344157078,0.3560741304517928,True,explicit_BB84_particle_events,
random_basis_imr_L16_f0.25,random_basis_imr,16,0.25,2026083005,100000,35672,0.35672,299841,399745,0.7500806764312249,0.3560741304517928,True,explicit_BB84_particle_events,
random_basis_imr_L16_f0.25,random_basis_imr,16,0.25,2026083006,100000,35555,0.35555,299788,400034,0.7494063004644606,0.3560741304517928,True,explicit_BB84_particle_events,
random_basis_imr_L16_f0.25,random_basis_imr,16,0.25,2026083007,100000,35590,0.3559,299829,399706,0.750123841023152,0.3560741304517928,True,explicit_BB84_particle_events,
random_basis_imr_L16_f0.25,random_basis_imr,16,0.25,2026083008,100000,35172,0.35172,299336,399883,0.748558953493897,0.3560741304517928,True,explicit_BB84_particle_events,
random_basis_imr_L16_f0.25,random_basis_imr,16,0.25,2026083009,100000,35515,0.35515,300424,400861,0.7494468157291431,0.3560741304517928,True,explicit_BB84_particle_events,
random_basis_imr_L16_f0.25,random_basis_imr,16,0.25,2026083010,100000,35567,0.35567,300281,400143,0.7504342197664335,0.3560741304517928,True,explicit_BB84_particle_events,
random_basis_imr_L16_f0.25,random_basis_imr,16,0.25,2026083011,100000,35426,0.35426,299987,400138,0.749708850446596,0.3560741304517928,True,explicit_BB84_particle_events,
random_basis_imr_L16_f0.25,random_basis_imr,16,0.25,2026083012,100000,35481,0.35481,299531,400104,0.7486328554575811,0.3560741304517928,True,explicit_BB84_particle_events,
random_basis_imr_L16_f0.25,random_basis_imr,16,0.25,2026083013,100000,35539,0.35539,299304,399616,0.7489790198590647,0.3560741304517928,True,explicit_BB84_particle_events,
random_basis_imr_L16_f0.25,random_basis_imr,16,0.25,2026083014,100000,35542,0.35542,299610,399831,0.7493415968246584,0.3560741304517928,True,explicit_BB84_particle_events,
random_basis_imr_L16_f0.25,random_basis_imr,16,0.25,2026083015,100000,35741,0.35741,299339,399250,0.749753287413901,0.3560741304517928,True,explicit_BB84_particle_events,
random_basis_imr_L16_f0.25,random_basis_imr,16,0.25,2026083016,100000,35575,0.35575,300159,400149,0.750118081014822,0.3560741304517928,True,explicit_BB84_particle_events,
random_basis_imr_L16_f0.25,random_basis_imr,16,0.25,2026083017,100000,35375,0.35375,300031,400456,0.7492233853407115,0.3560741304517928,True,explicit_BB84_particle_events,
random_basis_imr_L16_f0.25,random_basis_imr,16,0.25,2026083018,100000,35536,0.35536,300645,400343,0.7509685444731143,0.3560741304517928,True,explicit_BB84_particle_events,
random_basis_imr_L16_f0.25,random_basis_imr,16,0.25,2026083019,100000,35415,0.35415,300141,400482,0.7494494134567846,0.3560741304517928,True,explicit_BB84_particle_events,
random_basis_imr_L16_f0.25,random_basis_imr,16,0.25,2026083020,100000,35608,0.35608,300052,400108,0.7499275195697162,0.3560741304517928,True,explicit_BB84_particle_events,
random_basis_imr_L16_f0.25,random_basis_imr,16,0.25,2026083021,100000,35674,0.35674,300374,400291,0.7503890919356169,0.3560741304517928,True,explicit_BB84_particle_events,
random_basis_imr_L16_f0.25,random_basis_imr,16,0.25,2026083022,100000,35241,0.35241,300062,400653,0.7489323679093879,0.3560741304517928,True,explicit_BB84_particle_events,
random_basis_imr_L16_f0.25,random_basis_imr,16,0.25,2026083023,100000,35863,0.35863,299595,399300,0.7503005259203607,0.3560741304517928,True,explicit_BB84_particle_events,
random_basis_imr_L16_f0.25,random_basis_imr,16,0.25,2026083024,100000,35415,0.35415,300077,400550,0.7491624016976657,0.3560741304517928,True,explicit_BB84_particle_events,
random_basis_imr_L16_f0.25,random_basis_imr,16,0.25,2026083025,100000,35482,0.35482,300217,400290,0.7499987509055934,0.3560741304517928,True,explicit_BB84_particle_events,
random_basis_imr_L16_f0.25,random_basis_imr,16,0.25,2026083026,100000,35818,0.35818,300510,399852,0.7515530746376159,0.3560741304517928,True,explicit_BB84_particle_events,
random_basis_imr_L16_f0.25,random_basis_imr,16,0.25,2026083027,100000,35518,0.35518,299236,399468,0.7490862847587291,0.3560741304517928,True,explicit_BB84_particle_events,
random_basis_imr_L16_f0.25,random_basis_imr,16,0.25,2026083028,100000,35395,0.35395,299637,399753,0.7495553504288899,0.3560741304517928,True,explicit_BB84_particle_events,
random_basis_imr_L16_f0.25,random_basis_imr,16,0.25,2026083029,100000,35474,0.35474,300272,400449,0.7498383065009527,0.3560741304517928,True,explicit_BB84_particle_events,
random_basis_imr_L16_f0.25,random_basis_imr,16,0.25,2026083030,100000,35487,0.35487,300224,400386,0.7498364078664089,0.3560741304517928,True,explicit_BB84_particle_events,
random_basis_imr_L16_f0.5,random_basis_imr,16,0.5,2026083001,100000,11894,0.11894,599634,799734,0.7497918057754204,0.1180670870212488,True,explicit_BB84_particle_events,
random_basis_imr_L16_f0.5,random_basis_imr,16,0.5,2026083002,100000,11956,0.11956,600714,800287,0.7506232139220055,0.1180670870212488,True,explicit_BB84_particle_events,
random_basis_imr_L16_f0.5,random_basis_imr,16,0.5,2026083003,100000,11755,0.11755,599851,800551,0.7492976712289411,0.1180670870212488,True,explicit_BB84_particle_events,
random_basis_imr_L16_f0.5,random_basis_imr,16,0.5,2026083004,100000,11813,0.11813,600455,800448,0.7501486667466218,0.1180670870212488,True,explicit_BB84_particle_events,
random_basis_imr_L16_f0.5,random_basis_imr,16,0.5,2026083005,100000,11824,0.11824,600150,799455,0.7506989136349138,0.1180670870212488,True,explicit_BB84_particle_events,
random_basis_imr_L16_f0.5,random_basis_imr,16,0.5,2026083006,100000,11961,0.11961,600283,800218,0.7501493343064015,0.1180670870212488,True,explicit_BB84_particle_events,
random_basis_imr_L16_f0.5,random_basis_imr,16,0.5,2026083007,100000,11767,0.11767,600741,800549,0.7504112802589223,0.1180670870212488,True,explicit_BB84_particle_events,
random_basis_imr_L16_f0.5,random_basis_imr,16,0.5,2026083008,100000,11632,0.11632,598218,798736,0.7489558502433845,0.1180670870212488,True,explicit_BB84_particle_events,
random_basis_imr_L16_f0.5,random_basis_imr,16,0.5,2026083009,100000,11676,0.11676,599965,800574,0.7494185421959744,0.1180670870212488,True,explicit_BB84_particle_events,
random_basis_imr_L16_f0.5,random_basis_imr,16,0.5,2026083010,100000,11815,0.11815,599750,799705,0.7499640492431584,0.1180670870212488,True,explicit_BB84_particle_events,
random_basis_imr_L16_f0.5,random_basis_imr,16,0.5,2026083011,100000,11718,0.11718,600417,801174,0.7494214739869242,0.1180670870212488,True,explicit_BB84_particle_events,
random_basis_imr_L16_f0.5,random_basis_imr,16,0.5,2026083012,100000,11881,0.11881,599390,799254,0.7499368160809955,0.1180670870212488,True,explicit_BB84_particle_events,
random_basis_imr_L16_f0.5,random_basis_imr,16,0.5,2026083013,100000,11754,0.11754,598566,799406,0.7487634568667235,0.1180670870212488,True,explicit_BB84_particle_events,
random_basis_imr_L16_f0.5,random_basis_imr,16,0.5,2026083014,100000,11899,0.11899,600071,799904,0.7501787714525743,0.1180670870212488,True,explicit_BB84_particle_events,
random_basis_imr_L16_f0.5,random_basis_imr,16,0.5,2026083015,100000,11843,0.11843,599674,800046,0.7495494009094477,0.1180670870212488,True,explicit_BB84_particle_events,
random_basis_imr_L16_f0.5,random_basis_imr,16,0.5,2026083016,100000,11703,0.11703,599505,799689,0.7496726852563934,0.1180670870212488,True,explicit_BB84_particle_events,
random_basis_imr_L16_f0.5,random_basis_imr,16,0.5,2026083017,100000,11749,0.11749,599890,800137,0.7497341080339992,0.1180670870212488,True,explicit_BB84_particle_events,
random_basis_imr_L16_f0.5,random_basis_imr,16,0.5,2026083018,100000,11650,0.1165,599827,799412,0.7503352464061085,0.1180670870212488,True,explicit_BB84_particle_events,
random_basis_imr_L16_f0.5,random_basis_imr,16,0.5,2026083019,100000,11734,0.11734,599569,800110,0.7493582132456788,0.1180670870212488,True,explicit_BB84_particle_events,
random_basis_imr_L16_f0.5,random_basis_imr,16,0.5,2026083020,100000,11908,0.11908,600009,799984,0.7500262505250105,0.1180670870212488,True,explicit_BB84_particle_events,
random_basis_imr_L16_f0.5,random_basis_imr,16,0.5,2026083021,100000,11889,0.11889,599432,799265,0.7499790432459822,0.1180670870212488,True,explicit_BB84_particle_events,
random_basis_imr_L16_f0.5,random_basis_imr,16,0.5,2026083022,100000,11548,0.11548,599141,800228,0.7487128668329526,0.1180670870212488,True,explicit_BB84_particle_events,
random_basis_imr_L16_f0.5,random_basis_imr,16,0.5,2026083023,100000,11837,0.11837,599403,798945,0.7502431331318176,0.1180670870212488,True,explicit_BB84_particle_events,
random_basis_imr_L16_f0.5,random_basis_imr,16,0.5,2026083024,100000,11928,0.11928,600108,799992,0.7501425014250143,0.1180670870212488,True,explicit_BB84_particle_events,
random_basis_imr_L16_f0.5,random_basis_imr,16,0.5,2026083025,100000,11752,0.11752,600008,800292,0.7497363462336247,0.1180670870212488,True,explicit_BB84_particle_events,
random_basis_imr_L16_f0.5,random_basis_imr,16,0.5,2026083026,100000,11881,0.11881,600044,799174,0.7508302322147618,0.1180670870212488,True,explicit_BB84_particle_events,
random_basis_imr_L16_f0.5,random_basis_imr,16,0.5,2026083027,100000,11639,0.11639,600724,801171,0.7498074693167875,0.1180670870212488,True,explicit_BB84_particle_events,
random_basis_imr_L16_f0.5,random_basis_imr,16,0.5,2026083028,100000,11724,0.11724,599625,799465,0.7500328344580438,0.1180670870212488,True,explicit_BB84_particle_events,
random_basis_imr_L16_f0.5,random_basis_imr,16,0.5,2026083029,100000,11748,0.11748,599831,800099,0.7496959751230785,0.1180670870212488,True,explicit_BB84_particle_events,
random_basis_imr_L16_f0.5,random_basis_imr,16,0.5,2026083030,100000,11680,0.1168,600282,800440,0.74994003298186,0.1180670870212488,True,explicit_BB84_particle_events,
random_basis_imr_L16_f0.75,random_basis_imr,16,0.75,2026083001,100000,3711,0.03711,900537,1200231,0.7503030666596681,0.036072306664217076,True,explicit_BB84_particle_events,
random_basis_imr_L16_f0.75,random_basis_imr,16,0.75,2026083002,100000,3683,0.03683,900468,1199758,0.7505413591741001,0.036072306664217076,True,explicit_BB84_particle_events,
random_basis_imr_L16_f0.75,random_basis_imr,16,0.75,2026083003,100000,3548,0.03548,900131,1200897,0.7495488788797041,0.036072306664217076,True,explicit_BB84_particle_events,
random_basis_imr_L16_f0.75,random_basis_imr,16,0.75,2026083004,100000,3541,0.03541,900047,1200196,0.749916680275555,0.036072306664217076,True,explicit_BB84_particle_events,
random_basis_imr_L16_f0.75,random_basis_imr,16,0.75,2026083005,100000,3564,0.03564,900791,1200205,0.7505309509625439,0.036072306664217076,True,explicit_BB84_particle_events,
random_basis_imr_L16_f0.75,random_basis_imr,16,0.75,2026083006,100000,3688,0.03688,900197,1199957,0.7501910485125717,0.036072306664217076,True,explicit_BB84_particle_events,
random_basis_imr_L16_f0.75,random_basis_imr,16,0.75,2026083007,100000,3666,0.03666,899605,1199354,0.7500746235056539,0.036072306664217076,True,explicit_BB84_particle_events,
random_basis_imr_L16_f0.75,random_basis_imr,16,0.75,2026083008,100000,3526,0.03526,898090,1199231,0.7488882458842375,0.036072306664217076,True,explicit_BB84_particle_events,
random_basis_imr_L16_f0.75,random_basis_imr,16,0.75,2026083009,100000,3517,0.03517,899453,1199816,0.749659114397541,0.036072306664217076,True,explicit_BB84_particle_events,
random_basis_imr_L16_f0.75,random_basis_imr,16,0.75,2026083010,100000,3623,0.03623,899609,1199570,0.7499428962044733,0.036072306664217076,True,explicit_BB84_particle_events,
random_basis_imr_L16_f0.75,random_basis_imr,16,0.75,2026083011,100000,3594,0.03594,900432,1200269,0.7501918319976605,0.036072306664217076,True,explicit_BB84_particle_events,
random_basis_imr_L16_f0.75,random_basis_imr,16,0.75,2026083012,100000,3661,0.03661,900152,1199848,0.7502216947480014,0.036072306664217076,True,explicit_BB84_particle_events,
random_basis_imr_L16_f0.75,random_basis_imr,16,0.75,2026083013,100000,3585,0.03585,898653,1199570,0.7491459439632535,0.036072306664217076,True,explicit_BB84_particle_events,
random_basis_imr_L16_f0.75,random_basis_imr,16,0.75,2026083014,100000,3629,0.03629,900307,1200188,0.7501383116645058,0.036072306664217076,True,explicit_BB84_particle_events,
random_basis_imr_L16_f0.75,random_basis_imr,16,0.75,2026083015,100000,3573,0.03573,899491,1199952,0.749605817566036,0.036072306664217076,True,explicit_BB84_particle_events,
random_basis_imr_L16_f0.75,random_basis_imr,16,0.75,2026083016,100000,3625,0.03625,900607,1200459,0.7502188746137936,0.036072306664217076,True,explicit_BB84_particle_events,
random_basis_imr_L16_f0.75,random_basis_imr,16,0.75,2026083017,100000,3608,0.03608,899943,1200165,0.7498493957080902,0.036072306664217076,True,explicit_BB84_particle_events,
random_basis_imr_L16_f0.75,random_basis_imr,16,0.75,2026083018,100000,3536,0.03536,900145,1199687,0.7503165408977508,0.036072306664217076,True,explicit_BB84_particle_events,
random_basis_imr_L16_f0.75,random_basis_imr,16,0.75,2026083019,100000,3662,0.03662,899715,1200379,0.7495257747761332,0.036072306664217076,True,explicit_BB84_particle_events,
random_basis_imr_L16_f0.75,random_basis_imr,16,0.75,2026083020,100000,3721,0.03721,899328,1199607,0.7496855220084577,0.036072306664217076,True,explicit_BB84_particle_events,
random_basis_imr_L16_f0.75,random_basis_imr,16,0.75,2026083021,100000,3625,0.03625,900105,1199714,0.7502663134713774,0.036072306664217076,True,explicit_BB84_particle_events,
random_basis_imr_L16_f0.75,random_basis_imr,16,0.75,2026083022,100000,3473,0.03473,897790,1199191,0.7486630570109348,0.036072306664217076,True,explicit_BB84_particle_events,
random_basis_imr_L16_f0.75,random_basis_imr,16,0.75,2026083023,100000,3666,0.03666,899332,1199297,0.7498826395796871,0.036072306664217076,True,explicit_BB84_particle_events,
random_basis_imr_L16_f0.75,random_basis_imr,16,0.75,2026083024,100000,3568,0.03568,900108,1200274,0.7499187685478482,0.036072306664217076,True,explicit_BB84_particle_events,
random_basis_imr_L16_f0.75,random_basis_imr,16,0.75,2026083025,100000,3619,0.03619,899553,1199437,0.7499793653188954,0.036072306664217076,True,explicit_BB84_particle_events,
random_basis_imr_L16_f0.75,random_basis_imr,16,0.75,2026083026,100000,3697,0.03697,899875,1198759,0.7506721534520283,0.036072306664217076,True,explicit_BB84_particle_events,
random_basis_imr_L16_f0.75,random_basis_imr,16,0.75,2026083027,100000,3592,0.03592,900050,1200412,0.7497842407440112,0.036072306664217076,True,explicit_BB84_particle_events,
random_basis_imr_L16_f0.75,random_basis_imr,16,0.75,2026083028,100000,3570,0.0357,900526,1200381,0.7502001447873633,0.036072306664217076,True,explicit_BB84_particle_events,
random_basis_imr_L16_f0.75,random_basis_imr,16,0.75,2026083029,100000,3589,0.03589,899933,1200204,0.749816697828036,0.036072306664217076,True,explicit_BB84_particle_events,
random_basis_imr_L16_f0.75,random_basis_imr,16,0.75,2026083030,100000,3563,0.03563,899572,1199475,0.7499714458408887,0.036072306664217076,True,explicit_BB84_particle_events,
random_basis_imr_L16_f1,random_basis_imr,16,1.0,2026083001,100000,1015,0.01015,1200444,1600000,0.7502775,0.010022595757618546,True,explicit_BB84_particle_events,
random_basis_imr_L16_f1,random_basis_imr,16,1.0,2026083002,100000,1041,0.01041,1200887,1600000,0.750554375,0.010022595757618546,True,explicit_BB84_particle_events,
random_basis_imr_L16_f1,random_basis_imr,16,1.0,2026083003,100000,1036,0.01036,1199467,1600000,0.749666875,0.010022595757618546,True,explicit_BB84_particle_events,
random_basis_imr_L16_f1,random_basis_imr,16,1.0,2026083004,100000,1044,0.01044,1199869,1600000,0.749918125,0.010022595757618546,True,explicit_BB84_particle_events,
random_basis_imr_L16_f1,random_basis_imr,16,1.0,2026083005,100000,977,0.00977,1200434,1600000,0.75027125,0.010022595757618546,True,explicit_BB84_particle_events,
random_basis_imr_L16_f1,random_basis_imr,16,1.0,2026083006,100000,1034,0.01034,1200383,1600000,0.750239375,0.010022595757618546,True,explicit_BB84_particle_events,
random_basis_imr_L16_f1,random_basis_imr,16,1.0,2026083007,100000,1005,0.01005,1199786,1600000,0.74986625,0.010022595757618546,True,explicit_BB84_particle_events,
random_basis_imr_L16_f1,random_basis_imr,16,1.0,2026083008,100000,988,0.00988,1198927,1600000,0.749329375,0.010022595757618546,True,explicit_BB84_particle_events,
random_basis_imr_L16_f1,random_basis_imr,16,1.0,2026083009,100000,975,0.00975,1199379,1600000,0.749611875,0.010022595757618546,True,explicit_BB84_particle_events,
random_basis_imr_L16_f1,random_basis_imr,16,1.0,2026083010,100000,1026,0.01026,1199592,1600000,0.749745,0.010022595757618546,True,explicit_BB84_particle_events,
random_basis_imr_L16_f1,random_basis_imr,16,1.0,2026083011,100000,1041,0.01041,1200186,1600000,0.75011625,0.010022595757618546,True,explicit_BB84_particle_events,
random_basis_imr_L16_f1,random_basis_imr,16,1.0,2026083012,100000,1034,0.01034,1200366,1600000,0.75022875,0.010022595757618546,True,explicit_BB84_particle_events,
random_basis_imr_L16_f1,random_basis_imr,16,1.0,2026083013,100000,1011,0.01011,1199435,1600000,0.749646875,0.010022595757618546,True,explicit_BB84_particle_events,
random_basis_imr_L16_f1,random_basis_imr,16,1.0,2026083014,100000,998,0.00998,1200044,1600000,0.7500275,0.010022595757618546,True,explicit_BB84_particle_events,
random_basis_imr_L16_f1,random_basis_imr,16,1.0,2026083015,100000,1015,0.01015,1198927,1600000,0.749329375,0.010022595757618546,True,explicit_BB84_particle_events,
random_basis_imr_L16_f1,random_basis_imr,16,1.0,2026083016,100000,1052,0.01052,1199944,1600000,0.749965,0.010022595757618546,True,explicit_BB84_particle_events,
random_basis_imr_L16_f1,random_basis_imr,16,1.0,2026083017,100000,1098,0.01098,1199925,1600000,0.749953125,0.010022595757618546,True,explicit_BB84_particle_events,
random_basis_imr_L16_f1,random_basis_imr,16,1.0,2026083018,100000,978,0.00978,1199859,1600000,0.749911875,0.010022595757618546,True,explicit_BB84_particle_events,
random_basis_imr_L16_f1,random_basis_imr,16,1.0,2026083019,100000,1056,0.01056,1199423,1600000,0.749639375,0.010022595757618546,True,explicit_BB84_particle_events,
random_basis_imr_L16_f1,random_basis_imr,16,1.0,2026083020,100000,1046,0.01046,1199293,1600000,0.749558125,0.010022595757618546,True,explicit_BB84_particle_events,
random_basis_imr_L16_f1,random_basis_imr,16,1.0,2026083021,100000,1042,0.01042,1200325,1600000,0.750203125,0.010022595757618546,True,explicit_BB84_particle_events,
random_basis_imr_L16_f1,random_basis_imr,16,1.0,2026083022,100000,1007,0.01007,1198603,1600000,0.749126875,0.010022595757618546,True,explicit_BB84_particle_events,
random_basis_imr_L16_f1,random_basis_imr,16,1.0,2026083023,100000,969,0.00969,1199574,1600000,0.74973375,0.010022595757618546,True,explicit_BB84_particle_events,
random_basis_imr_L16_f1,random_basis_imr,16,1.0,2026083024,100000,981,0.00981,1200174,1600000,0.75010875,0.010022595757618546,True,explicit_BB84_particle_events,
random_basis_imr_L16_f1,random_basis_imr,16,1.0,2026083025,100000,986,0.00986,1199991,1600000,0.749994375,0.010022595757618546,True,explicit_BB84_particle_events,
random_basis_imr_L16_f1,random_basis_imr,16,1.0,2026083026,100000,1035,0.01035,1201360,1600000,0.75085,0.010022595757618546,True,explicit_BB84_particle_events,
random_basis_imr_L16_f1,random_basis_imr,16,1.0,2026083027,100000,947,0.00947,1199692,1600000,0.7498075,0.010022595757618546,True,explicit_BB84_particle_events,
random_basis_imr_L16_f1,random_basis_imr,16,1.0,2026083028,100000,965,0.00965,1200053,1600000,0.750033125,0.010022595757618546,True,explicit_BB84_particle_events,
random_basis_imr_L16_f1,random_basis_imr,16,1.0,2026083029,100000,995,0.00995,1199671,1600000,0.749794375,0.010022595757618546,True,explicit_BB84_particle_events,
random_basis_imr_L16_f1,random_basis_imr,16,1.0,2026083030,100000,1021,0.01021,1199806,1600000,0.74987875,0.010022595757618546,True,explicit_BB84_particle_events,
random_basis_imr_L24_f0.1,random_basis_imr,24,0.1,2026083001,100000,54428,0.54428,180802,240816,0.7507889841206564,0.5446415584428747,True,explicit_BB84_particle_events,
random_basis_imr_L24_f0.1,random_basis_imr,24,0.1,2026083002,100000,54548,0.54548,179332,239111,0.7499947723024035,0.5446415584428747,True,explicit_BB84_particle_events,
random_basis_imr_L24_f0.1,random_basis_imr,24,0.1,2026083003,100000,54419,0.54419,180969,240983,0.7509616860940398,0.5446415584428747,True,explicit_BB84_particle_events,
random_basis_imr_L24_f0.1,random_basis_imr,24,0.1,2026083004,100000,54483,0.54483,179970,239745,0.7506725896264781,0.5446415584428747,True,explicit_BB84_particle_events,
random_basis_imr_L24_f0.1,random_basis_imr,24,0.1,2026083005,100000,54577,0.54577,180197,240034,0.7507144821150337,0.5446415584428747,True,explicit_BB84_particle_events,
random_basis_imr_L24_f0.1,random_basis_imr,24,0.1,2026083006,100000,54645,0.54645,180326,240235,0.7506233479717777,0.5446415584428747,True,explicit_BB84_particle_events,
random_basis_imr_L24_f0.1,random_basis_imr,24,0.1,2026083007,100000,54705,0.54705,179500,238920,0.7512975054411518,0.5446415584428747,True,explicit_BB84_particle_events,
random_basis_imr_L24_f0.1,random_basis_imr,24,0.1,2026083008,100000,54400,0.544,179744,239772,0.7496454965550606,0.5446415584428747,True,explicit_BB84_particle_events,
random_basis_imr_L24_f0.1,random_basis_imr,24,0.1,2026083009,100000,54198,0.54198,180097,240485,0.748890783208932,0.5446415584428747,True,explicit_BB84_particle_events,
random_basis_imr_L24_f0.1,random_basis_imr,24,0.1,2026083010,100000,54457,0.54457,179994,239974,0.7500562560944102,0.5446415584428747,True,explicit_BB84_particle_events,
random_basis_imr_L24_f0.1,random_basis_imr,24,0.1,2026083011,100000,54685,0.54685,180840,240593,0.7516428158757736,0.5446415584428747,True,explicit_BB84_particle_events,
random_basis_imr_L24_f0.1,random_basis_imr,24,0.1,2026083012,100000,54614,0.54614,180032,239990,0.7501645901912579,0.5446415584428747,True,explicit_BB84_particle_events,
random_basis_imr_L24_f0.1,random_basis_imr,24,0.1,2026083013,100000,54353,0.54353,179971,240038,0.7497604545946892,0.5446415584428747,True,explicit_BB84_particle_events,
random_basis_imr_L24_f0.1,random_basis_imr,24,0.1,2026083014,100000,54562,0.54562,180026,239950,0.7502646384663472,0.5446415584428747,True,explicit_BB84_particle_events,
random_basis_imr_L24_f0.1,random_basis_imr,24,0.1,2026083015,100000,54318,0.54318,180033,240307,0.7491791749720149,0.5446415584428747,True,explicit_BB84_particle_events,
random_basis_imr_L24_f0.1,random_basis_imr,24,0.1,2026083016,100000,54591,0.54591,179858,239592,0.7506844969781963,0.5446415584428747,True,explicit_BB84_particle_events,
random_basis_imr_L24_f0.1,random_basis_imr,24,0.1,2026083017,100000,54329,0.54329,179769,239832,0.7495621935354748,0.5446415584428747,True,explicit_BB84_particle_events,
random_basis_imr_L24_f0.1,random_basis_imr,24,0.1,2026083018,100000,54519,0.54519,180065,239916,0.7505335200653562,0.5446415584428747,True,explicit_BB84_particle_events,
random_basis_imr_L24_f0.1,random_basis_imr,24,0.1,2026083019,100000,54337,0.54337,180331,240643,0.7493714755883196,0.5446415584428747,True,explicit_BB84_particle_events,
random_basis_imr_L24_f0.1,random_basis_imr,24,0.1,2026083020,100000,54344,0.54344,180941,241256,0.7499958550253673,0.5446415584428747,True,explicit_BB84_particle_events,
random_basis_imr_L24_f0.1,random_basis_imr,24,0.1,2026083021,100000,54311,0.54311,179547,239989,0.7481467900612111,0.5446415584428747,True,explicit_BB84_particle_events,
random_basis_imr_L24_f0.1,random_basis_imr,24,0.1,2026083022,100000,54628,0.54628,180106,239717,0.7513276071367487,0.5446415584428747,True,explicit_BB84_particle_events,
random_basis_imr_L24_f0.1,random_basis_imr,24,0.1,2026083023,100000,54677,0.54677,179781,239213,0.7515519641491056,0.5446415584428747,True,explicit_BB84_particle_events,
random_basis_imr_L24_f0.1,random_basis_imr,24,0.1,2026083024,100000,54507,0.54507,179954,240028,0.7497208658989785,0.5446415584428747,True,explicit_BB84_particle_events,
random_basis_imr_L24_f0.1,random_basis_imr,24,0.1,2026083025,100000,54645,0.54645,179442,239282,0.7499185061977082,0.5446415584428747,True,explicit_BB84_particle_events,
random_basis_imr_L24_f0.1,random_basis_imr,24,0.1,2026083026,100000,54487,0.54487,180290,240225,0.7505047351441357,0.5446415584428747,True,explicit_BB84_particle_events,
random_basis_imr_L24_f0.1,random_basis_imr,24,0.1,2026083027,100000,54465,0.54465,180062,240066,0.7500520690143544,0.5446415584428747,True,explicit_BB84_particle_events,
random_basis_imr_L24_f0.1,random_basis_imr,24,0.1,2026083028,100000,54346,0.54346,179514,239748,0.7487611992592221,0.5446415584428747,True,explicit_BB84_particle_events,
random_basis_imr_L24_f0.1,random_basis_imr,24,0.1,2026083029,100000,54588,0.54588,180425,240274,0.7509135403747388,0.5446415584428747,True,explicit_BB84_particle_events,
random_basis_imr_L24_f0.1,random_basis_imr,24,0.1,2026083030,100000,54381,0.54381,180063,240360,0.7491387918122816,0.5446415584428747,True,explicit_BB84_particle_events,
random_basis_imr_L24_f0.25,random_basis_imr,24,0.25,2026083001,100000,21253,0.21253,451865,601668,0.7510204963534707,0.2124763677688145,True,explicit_BB84_particle_events,
random_basis_imr_L24_f0.25,random_basis_imr,24,0.25,2026083002,100000,21363,0.21363,449185,598785,0.7501607421695601,0.2124763677688145,True,explicit_BB84_particle_events,
random_basis_imr_L24_f0.25,random_basis_imr,24,0.25,2026083003,100000,21280,0.2128,450241,600071,0.7503128796425756,0.2124763677688145,True,explicit_BB84_particle_events,
random_basis_imr_L24_f0.25,random_basis_imr,24,0.25,2026083004,100000,21222,0.21222,449635,599430,0.7501042657190998,0.2124763677688145,True,explicit_BB84_particle_events,
random_basis_imr_L24_f0.25,random_basis_imr,24,0.25,2026083005,100000,21059,0.21059,449066,599756,0.7487478241151402,0.2124763677688145,True,explicit_BB84_particle_events,
random_basis_imr_L24_f0.25,random_basis_imr,24,0.25,2026083006,100000,21165,0.21165,450731,600816,0.7501980639663391,0.2124763677688145,True,explicit_BB84_particle_events,
random_basis_imr_L24_f0.25,random_basis_imr,24,0.25,2026083007,100000,21137,0.21137,449052,599046,0.7496118828938011,0.2124763677688145,True,explicit_BB84_particle_events,
random_basis_imr_L24_f0.25,random_basis_imr,24,0.25,2026083008,100000,21014,0.21014,449027,599752,0.7486877909535942,0.2124763677688145,True,explicit_BB84_particle_events,
random_basis_imr_L24_f0.25,random_basis_imr,24,0.25,2026083009,100000,20967,0.20967,450163,600862,0.7491953227196927,0.2124763677688145,True,explicit_BB84_particle_events,
random_basis_imr_L24_f0.25,random_basis_imr,24,0.25,2026083010,100000,21195,0.21195,450656,600709,0.7502068389186778,0.2124763677688145,True,explicit_BB84_particle_events,
random_basis_imr_L24_f0.25,random_basis_imr,24,0.25,2026083011,100000,21212,0.21212,450855,600438,0.7508768598922786,0.2124763677688145,True,explicit_BB84_particle_events,
random_basis_imr_L24_f0.25,random_basis_imr,24,0.25,2026083012,100000,21154,0.21154,450830,600982,0.7501555787028563,0.2124763677688145,True,explicit_BB84_particle_events,
random_basis_imr_L24_f0.25,random_basis_imr,24,0.25,2026083013,100000,20971,0.20971,450029,600522,0.749396358501437,0.2124763677688145,True,explicit_BB84_particle_events,
random_basis_imr_L24_f0.25,random_basis_imr,24,0.25,2026083014,100000,21342,0.21342,449629,599398,0.7501343014157538,0.2124763677688145,True,explicit_BB84_particle_events,
random_basis_imr_L24_f0.25,random_basis_imr,24,0.25,2026083015,100000,21136,0.21136,450021,600765,0.7490799230980499,0.2124763677688145,True,explicit_BB84_particle_events,
random_basis_imr_L24_f0.25,random_basis_imr,24,0.25,2026083016,100000,21371,0.21371,451001,600718,0.7507699120053003,0.2124763677688145,True,explicit_BB84_particle_events,
random_basis_imr_L24_f0.25,random_basis_imr,24,0.25,2026083017,100000,21134,0.21134,450163,600410,0.7497593311237322,0.2124763677688145,True,explicit_BB84_particle_events,
random_basis_imr_L24_f0.25,random_basis_imr,24,0.25,2026083018,100000,21189,0.21189,449624,599339,0.7501998034501343,0.2124763677688145,True,explicit_BB84_particle_events,
random_basis_imr_L24_f0.25,random_basis_imr,24,0.25,2026083019,100000,21137,0.21137,449766,599805,0.7498537024532973,0.2124763677688145,True,explicit_BB84_particle_events,
random_basis_imr_L24_f0.25,random_basis_imr,24,0.25,2026083020,100000,21266,0.21266,450315,600287,0.7501661705151036,0.2124763677688145,True,explicit_BB84_particle_events,
random_basis_imr_L24_f0.25,random_basis_imr,24,0.25,2026083021,100000,21433,0.21433,449650,599512,0.7500266883732102,0.2124763677688145,True,explicit_BB84_particle_events,
random_basis_imr_L24_f0.25,random_basis_imr,24,0.25,2026083022,100000,21154,0.21154,450357,599750,0.7509078782826177,0.2124763677688145,True,explicit_BB84_particle_events,
random_basis_imr_L24_f0.25,random_basis_imr,24,0.25,2026083023,100000,21516,0.21516,450140,599366,0.7510269184438223,0.2124763677688145,True,explicit_BB84_particle_events,
random_basis_imr_L24_f0.25,random_basis_imr,24,0.25,2026083024,100000,21317,0.21317,449821,599916,0.7498066395962102,0.2124763677688145,True,explicit_BB84_particle_events,
random_basis_imr_L24_f0.25,random_basis_imr,24,0.25,2026083025,100000,21205,0.21205,449549,599700,0.7496231449057862,0.2124763677688145,True,explicit_BB84_particle_events,
random_basis_imr_L24_f0.25,random_basis_imr,24,0.25,2026083026,100000,21062,0.21062,449772,599991,0.749631244468667,0.2124763677688145,True,explicit_BB84_particle_events,
random_basis_imr_L24_f0.25,random_basis_imr,24,0.25,2026083027,100000,21088,0.21088,448966,599544,0.7488457894666614,0.2124763677688145,True,explicit_BB84_particle_events,
random_basis_imr_L24_f0.25,random_basis_imr,24,0.25,2026083028,100000,21427,0.21427,449048,598985,0.7496815446129703,0.2124763677688145,True,explicit_BB84_particle_events,
random_basis_imr_L24_f0.25,random_basis_imr,24,0.25,2026083029,100000,21386,0.21386,449778,600056,0.7495600410628341,0.2124763677688145,True,explicit_BB84_particle_events,
random_basis_imr_L24_f0.25,random_basis_imr,24,0.25,2026083030,100000,21104,0.21104,450320,600867,0.7494503775377912,0.2124763677688145,True,explicit_BB84_particle_events,
random_basis_imr_L24_f0.5,random_basis_imr,24,0.5,2026083001,100000,4052,0.04052,901709,1201838,0.750274995465279,0.040568903763722304,True,explicit_BB84_particle_events,
random_basis_imr_L24_f0.5,random_basis_imr,24,0.5,2026083002,100000,4151,0.04151,899424,1198786,0.7502790322876643,0.040568903763722304,True,explicit_BB84_particle_events,
random_basis_imr_L24_f0.5,random_basis_imr,24,0.5,2026083003,100000,4006,0.04006,900730,1200887,0.7500539184785913,0.040568903763722304,True,explicit_BB84_particle_events,
random_basis_imr_L24_f0.5,random_basis_imr,24,0.5,2026083004,100000,4022,0.04022,899719,1200069,0.7497227242766874,0.040568903763722304,True,explicit_BB84_particle_events,
random_basis_imr_L24_f0.5,random_basis_imr,24,0.5,2026083005,100000,4034,0.04034,899029,1199386,0.7495743655503733,0.040568903763722304,True,explicit_BB84_particle_events,
random_basis_imr_L24_f0.5,random_basis_imr,24,0.5,2026083006,100000,4062,0.04062,900398,1200394,0.7500853886307329,0.040568903763722304,True,explicit_BB84_particle_events,
random_basis_imr_L24_f0.5,random_basis_imr,24,0.5,2026083007,100000,4037,0.04037,900283,1200392,0.7499908363267999,0.040568903763722304,True,explicit_BB84_particle_events,
random_basis_imr_L24_f0.5,random_basis_imr,24,0.5,2026083008,100000,4012,0.04012,898573,1199047,0.7494059865876818,0.040568903763722304,True,explicit_BB84_particle_events,
random_basis_imr_L24_f0.5,random_basis_imr,24,0.5,2026083009,100000,4008,0.04008,899817,1200256,0.7496875666524475,0.040568903763722304,True,explicit_BB84_particle_events,
random_basis_imr_L24_f0.5,random_basis_imr,24,0.5,2026083010,100000,4090,0.0409,901476,1201227,0.750462651938393,0.040568903763722304,True,explicit_BB84_particle_events,
random_basis_imr_L24_f0.5,random_basis_imr,24,0.5,2026083011,100000,4109,0.04109,900954,1199924,0.7508425533617129,0.040568903763722304,True,explicit_BB84_particle_events,
random_basis_imr_L24_f0.5,random_basis_imr,24,0.5,2026083012,100000,4035,0.04035,900618,1200803,0.7500131162230608,0.040568903763722304,True,explicit_BB84_particle_events,
random_basis_imr_L24_f0.5,random_basis_imr,24,0.5,2026083013,100000,3894,0.03894,899115,1198931,0.7499305631433335,0.040568903763722304,True,explicit_BB84_particle_events,
random_basis_imr_L24_f0.5,random_basis_imr,24,0.5,2026083014,100000,4024,0.04024,898816,1198754,0.7497918672221323,0.040568903763722304,True,explicit_BB84_particle_events,
random_basis_imr_L24_f0.5,random_basis_imr,24,0.5,2026083015,100000,4120,0.0412,900626,1200829,0.7500035392216544,0.040568903763722304,True,explicit_BB84_particle_events,
random_basis_imr_L24_f0.5,random_basis_imr,24,0.5,2026083016,100000,3973,0.03973,900470,1199885,0.7504635860936673,0.040568903763722304,True,explicit_BB84_particle_events,
random_basis_imr_L24_f0.5,random_basis_imr,24,0.5,2026083017,100000,4007,0.04007,901230,1201449,0.7501192310285331,0.040568903763722304,True,explicit_BB84_particle_events,
random_basis_imr_L24_f0.5,random_basis_imr,24,0.5,2026083018,100000,3968,0.03968,900094,1199932,0.7501208401809436,0.040568903763722304,True,explicit_BB84_particle_events,
random_basis_imr_L24_f0.5,random_basis_imr,24,0.5,2026083019,100000,4069,0.04069,900594,1200906,0.7499288037531664,0.040568903763722304,True,explicit_BB84_particle_events,
random_basis_imr_L24_f0.5,random_basis_imr,24,0.5,2026083020,100000,4096,0.04096,900368,1200888,0.7497518502974465,0.040568903763722304,True,explicit_BB84_particle_events,
random_basis_imr_L24_f0.5,random_basis_imr,24,0.5,2026083021,100000,4134,0.04134,898829,1198373,0.750041097387875,0.040568903763722304,True,explicit_BB84_particle_events,
random_basis_imr_L24_f0.5,random_basis_imr,24,0.5,2026083022,100000,4128,0.04128,900963,1199790,0.750933913434851,0.040568903763722304,True,explicit_BB84_particle_events,
random_basis_imr_L24_f0.5,random_basis_imr,24,0.5,2026083023,100000,4067,0.04067,899943,1199631,0.7501831813282585,0.040568903763722304,True,explicit_BB84_particle_events,
random_basis_imr_L24_f0.5,random_basis_imr,24,0.5,2026083024,100000,3980,0.0398,899644,1199968,0.7497233259553588,0.040568903763722304,True,explicit_BB84_particle_events,
random_basis_imr_L24_f0.5,random_basis_imr,24,0.5,2026083025,100000,4037,0.04037,899381,1200167,0.7493798779669829,0.040568903763722304,True,explicit_BB84_particle_events,
random_basis_imr_L24_f0.5,random_basis_imr,24,0.5,2026083026,100000,3993,0.03993,900816,1201132,0.7499725259172181,0.040568903763722304,True,explicit_BB84_particle_events,
random_basis_imr_L24_f0.5,random_basis_imr,24,0.5,2026083027,100000,3992,0.03992,897584,1198366,0.7490065639378954,0.040568903763722304,True,explicit_BB84_particle_events,
random_basis_imr_L24_f0.5,random_basis_imr,24,0.5,2026083028,100000,4099,0.04099,898976,1199122,0.7496951936500206,0.040568903763722304,True,explicit_BB84_particle_events,
random_basis_imr_L24_f0.5,random_basis_imr,24,0.5,2026083029,100000,4081,0.04081,900486,1200545,0.7500643457762932,0.040568903763722304,True,explicit_BB84_particle_events,
random_basis_imr_L24_f0.5,random_basis_imr,24,0.5,2026083030,100000,3973,0.03973,898738,1199130,0.7494917148265826,0.040568903763722304,True,explicit_BB84_particle_events,
random_basis_imr_L24_f0.75,random_basis_imr,24,0.75,2026083001,100000,694,0.00694,1350203,1800156,0.7500477736373958,0.006851108913155016,True,explicit_BB84_particle_events,
random_basis_imr_L24_f0.75,random_basis_imr,24,0.75,2026083002,100000,724,0.00724,1349778,1799455,0.7501037814227085,0.006851108913155016,True,explicit_BB84_particle_events,
random_basis_imr_L24_f0.75,random_basis_imr,24,0.75,2026083003,100000,631,0.00631,1350193,1800069,0.7500784692142357,0.006851108913155016,True,explicit_BB84_particle_events,
random_basis_imr_L24_f0.75,random_basis_imr,24,0.75,2026083004,100000,719,0.00719,1350330,1799610,0.7503459082801274,0.006851108913155016,True,explicit_BB84_particle_events,
random_basis_imr_L24_f0.75,random_basis_imr,24,0.75,2026083005,100000,708,0.00708,1349704,1799863,0.7498926307168935,0.006851108913155016,True,explicit_BB84_particle_events,
random_basis_imr_L24_f0.75,random_basis_imr,24,0.75,2026083006,100000,721,0.00721,1350695,1801031,0.7499565526634466,0.006851108913155016,True,explicit_BB84_particle_events,
random_basis_imr_L24_f0.75,random_basis_imr,24,0.75,2026083007,100000,675,0.00675,1349715,1800045,0.7498229210936393,0.006851108913155016,True,explicit_BB84_particle_events,
random_basis_imr_L24_f0.75,random_basis_imr,24,0.75,2026083008,100000,654,0.00654,1350109,1800160,0.7499938894320505,0.006851108913155016,True,explicit_BB84_particle_events,
random_basis_imr_L24_f0.75,random_basis_imr,24,0.75,2026083009,100000,667,0.00667,1350071,1800666,0.7497620324924222,0.006851108913155016,True,explicit_BB84_particle_events,
random_basis_imr_L24_f0.75,random_basis_imr,24,0.75,2026083010,100000,684,0.00684,1350986,1801409,0.7499607251878946,0.006851108913155016,True,explicit_BB84_particle_events,
random_basis_imr_L24_f0.75,random_basis_imr,24,0.75,2026083011,100000,693,0.00693,1350287,1799408,0.7504062447204859,0.006851108913155016,True,explicit_BB84_particle_events,
random_basis_imr_L24_f0.75,random_basis_imr,24,0.75,2026083012,100000,697,0.00697,1351044,1801285,0.7500445515284921,0.006851108913155016,True,explicit_BB84_particle_events,
random_basis_imr_L24_f0.75,random_basis_imr,24,0.75,2026083013,100000,698,0.00698,1349282,1798715,0.7501366253130707,0.006851108913155016,True,explicit_BB84_particle_events,
random_basis_imr_L24_f0.75,random_basis_imr,24,0.75,2026083014,100000,673,0.00673,1349296,1799106,0.7499813796407772,0.006851108913155016,True,explicit_BB84_particle_events,
random_basis_imr_L24_f0.75,random_basis_imr,24,0.75,2026083015,100000,716,0.00716,1349859,1799728,0.7500350052896883,0.006851108913155016,True,explicit_BB84_particle_events,
random_basis_imr_L24_f0.75,random_basis_imr,24,0.75,2026083016,100000,648,0.00648,1349985,1800417,0.7498179588395355,0.006851108913155016,True,explicit_BB84_particle_events,
random_basis_imr_L24_f0.75,random_basis_imr,24,0.75,2026083017,100000,674,0.00674,1350945,1800613,0.7502694915564866,0.006851108913155016,True,explicit_BB84_particle_events,
random_basis_imr_L24_f0.75,random_basis_imr,24,0.75,2026083018,100000,660,0.0066,1350240,1800218,0.7500424948534011,0.006851108913155016,True,explicit_BB84_particle_events,
random_basis_imr_L24_f0.75,random_basis_imr,24,0.75,2026083019,100000,688,0.00688,1349597,1799950,0.7497969388038557,0.006851108913155016,True,explicit_BB84_particle_events,
random_basis_imr_L24_f0.75,random_basis_imr,24,0.75,2026083020,100000,657,0.00657,1350304,1800551,0.7499393241291138,0.006851108913155016,True,explicit_BB84_particle_events,
random_basis_imr_L24_f0.75,random_basis_imr,24,0.75,2026083021,100000,691,0.00691,1349121,1799101,0.749886193159806,0.006851108913155016,True,explicit_BB84_particle_events,
random_basis_imr_L24_f0.75,random_basis_imr,24,0.75,2026083022,100000,667,0.00667,1351181,1800247,0.7505531185442886,0.006851108913155016,True,explicit_BB84_particle_events,
random_basis_imr_L24_f0.75,random_basis_imr,24,0.75,2026083023,100000,740,0.0074,1350009,1799755,0.750107097910549,0.006851108913155016,True,explicit_BB84_particle_events,
random_basis_imr_L24_f0.75,random_basis_imr,24,0.75,2026083024,100000,709,0.00709,1348948,1799181,0.749756694851713,0.006851108913155016,True,explicit_BB84_particle_events,
random_basis_imr_L24_f0.75,random_basis_imr,24,0.75,2026083025,100000,662,0.00662,1349006,1800247,0.7493449509983908,0.006851108913155016,True,explicit_BB84_particle_events,
random_basis_imr_L24_f0.75,random_basis_imr,24,0.75,2026083026,100000,629,0.00629,1350884,1801457,0.7498841215749252,0.006851108913155016,True,explicit_BB84_particle_events,
random_basis_imr_L24_f0.75,random_basis_imr,24,0.75,2026083027,100000,645,0.00645,1348089,1799539,0.7491301938996598,0.006851108913155016,True,explicit_BB84_particle_events,
random_basis_imr_L24_f0.75,random_basis_imr,24,0.75,2026083028,100000,689,0.00689,1349346,1799853,0.7496978919945129,0.006851108913155016,True,explicit_BB84_particle_events,
random_basis_imr_L24_f0.75,random_basis_imr,24,0.75,2026083029,100000,718,0.00718,1350469,1800867,0.7498993540333628,0.006851108913155016,True,explicit_BB84_particle_events,
random_basis_imr_L24_f0.75,random_basis_imr,24,0.75,2026083030,100000,650,0.0065,1349175,1799141,0.7498995353893886,0.006851108913155016,True,explicit_BB84_particle_events,
random_basis_imr_L24_f1,random_basis_imr,24,1.0,2026083001,100000,100,0.001,1799486,2400000,0.7497858333333334,0.0010033912775533338,True,explicit_BB84_particle_events,
random_basis_imr_L24_f1,random_basis_imr,24,1.0,2026083002,100000,93,0.00093,1800108,2400000,0.750045,0.0010033912775533338,True,explicit_BB84_particle_events,
random_basis_imr_L24_f1,random_basis_imr,24,1.0,2026083003,100000,96,0.00096,1800493,2400000,0.7502054166666666,0.0010033912775533338,True,explicit_BB84_particle_events,
random_basis_imr_L24_f1,random_basis_imr,24,1.0,2026083004,100000,91,0.00091,1800929,2400000,0.7503870833333334,0.0010033912775533338,True,explicit_BB84_particle_events,
random_basis_imr_L24_f1,random_basis_imr,24,1.0,2026083005,100000,94,0.00094,1799877,2400000,0.74994875,0.0010033912775533338,True,explicit_BB84_particle_events,
random_basis_imr_L24_f1,random_basis_imr,24,1.0,2026083006,100000,126,0.00126,1800485,2400000,0.7502020833333334,0.0010033912775533338,True,explicit_BB84_particle_events,
random_basis_imr_L24_f1,random_basis_imr,24,1.0,2026083007,100000,106,0.00106,1799731,2400000,0.7498879166666667,0.0010033912775533338,True,explicit_BB84_particle_events,
random_basis_imr_L24_f1,random_basis_imr,24,1.0,2026083008,100000,102,0.00102,1799809,2400000,0.7499204166666666,0.0010033912775533338,True,explicit_BB84_particle_events,
random_basis_imr_L24_f1,random_basis_imr,24,1.0,2026083009,100000,89,0.00089,1800455,2400000,0.7501895833333333,0.0010033912775533338,True,explicit_BB84_particle_events,
random_basis_imr_L24_f1,random_basis_imr,24,1.0,2026083010,100000,89,0.00089,1800310,2400000,0.7501291666666666,0.0010033912775533338,True,explicit_BB84_particle_events,
random_basis_imr_L24_f1,random_basis_imr,24,1.0,2026083011,100000,104,0.00104,1801036,2400000,0.7504316666666667,0.0010033912775533338,True,explicit_BB84_particle_events,
random_basis_imr_L24_f1,random_basis_imr,24,1.0,2026083012,100000,104,0.00104,1800281,2400000,0.7501170833333334,0.0010033912775533338,True,explicit_BB84_particle_events,
random_basis_imr_L24_f1,random_basis_imr,24,1.0,2026083013,100000,101,0.00101,1799977,2400000,0.7499904166666667,0.0010033912775533338,True,explicit_BB84_particle_events,
random_basis_imr_L24_f1,random_basis_imr,24,1.0,2026083014,100000,100,0.001,1799527,2400000,0.7498029166666667,0.0010033912775533338,True,explicit_BB84_particle_events,
random_basis_imr_L24_f1,random_basis_imr,24,1.0,2026083015,100000,111,0.00111,1800027,2400000,0.75001125,0.0010033912775533338,True,explicit_BB84_particle_events,
random_basis_imr_L24_f1,random_basis_imr,24,1.0,2026083016,100000,106,0.00106,1799957,2400000,0.7499820833333334,0.0010033912775533338,True,explicit_BB84_particle_events,
random_basis_imr_L24_f1,random_basis_imr,24,1.0,2026083017,100000,91,0.00091,1801121,2400000,0.7504670833333333,0.0010033912775533338,True,explicit_BB84_particle_events,
random_basis_imr_L24_f1,random_basis_imr,24,1.0,2026083018,100000,103,0.00103,1799494,2400000,0.7497891666666666,0.0010033912775533338,True,explicit_BB84_particle_events,
random_basis_imr_L24_f1,random_basis_imr,24,1.0,2026083019,100000,99,0.00099,1799839,2400000,0.7499329166666666,0.0010033912775533338,True,explicit_BB84_particle_events,
random_basis_imr_L24_f1,random_basis_imr,24,1.0,2026083020,100000,93,0.00093,1799058,2400000,0.7496075,0.0010033912775533338,True,explicit_BB84_particle_events,
random_basis_imr_L24_f1,random_basis_imr,24,1.0,2026083021,100000,100,0.001,1799510,2400000,0.7497958333333333,0.0010033912775533338,True,explicit_BB84_particle_events,
random_basis_imr_L24_f1,random_basis_imr,24,1.0,2026083022,100000,97,0.00097,1800882,2400000,0.7503675,0.0010033912775533338,True,explicit_BB84_particle_events,
random_basis_imr_L24_f1,random_basis_imr,24,1.0,2026083023,100000,109,0.00109,1799951,2400000,0.7499795833333334,0.0010033912775533338,True,explicit_BB84_particle_events,
random_basis_imr_L24_f1,random_basis_imr,24,1.0,2026083024,100000,115,0.00115,1799898,2400000,0.7499575,0.0010033912775533338,True,explicit_BB84_particle_events,
random_basis_imr_L24_f1,random_basis_imr,24,1.0,2026083025,100000,93,0.00093,1798429,2400000,0.7493454166666667,0.0010033912775533338,True,explicit_BB84_particle_events,
random_basis_imr_L24_f1,random_basis_imr,24,1.0,2026083026,100000,94,0.00094,1799821,2400000,0.7499254166666667,0.0010033912775533338,True,explicit_BB84_particle_events,
random_basis_imr_L24_f1,random_basis_imr,24,1.0,2026083027,100000,88,0.00088,1798915,2400000,0.7495479166666666,0.0010033912775533338,True,explicit_BB84_particle_events,
random_basis_imr_L24_f1,random_basis_imr,24,1.0,2026083028,100000,93,0.00093,1799035,2400000,0.7495979166666666,0.0010033912775533338,True,explicit_BB84_particle_events,
random_basis_imr_L24_f1,random_basis_imr,24,1.0,2026083029,100000,103,0.00103,1800233,2400000,0.7500970833333334,0.0010033912775533338,True,explicit_BB84_particle_events,
random_basis_imr_L24_f1,random_basis_imr,24,1.0,2026083030,100000,88,0.00088,1799739,2400000,0.74989125,0.0010033912775533338,True,explicit_BB84_particle_events,
random_basis_imr_L32_f0.1,random_basis_imr,32,0.1,2026083001,100000,44357,0.44357,239177,319387,0.7488626650427225,0.4447825110517991,True,explicit_BB84_particle_events,
random_basis_imr_L32_f0.1,random_basis_imr,32,0.1,2026083002,100000,44060,0.4406,239746,320344,0.7484017181529855,0.4447825110517991,True,explicit_BB84_particle_events,
random_basis_imr_L32_f0.1,random_basis_imr,32,0.1,2026083003,100000,44319,0.44319,240332,320238,0.7504793309975706,0.4447825110517991,True,explicit_BB84_particle_events,
random_basis_imr_L32_f0.1,random_basis_imr,32,0.1,2026083004,100000,44371,0.44371,240859,321188,0.7499003698768323,0.4447825110517991,True,explicit_BB84_particle_events,
random_basis_imr_L32_f0.1,random_basis_imr,32,0.1,2026083005,100000,44449,0.44449,240330,320342,0.7502294422835595,0.4447825110517991,True,explicit_BB84_particle_events,
random_basis_imr_L32_f0.1,random_basis_imr,32,0.1,2026083006,100000,44602,0.44602,240137,319868,0.750737804344292,0.4447825110517991,True,explicit_BB84_particle_events,
random_basis_imr_L32_f0.1,random_basis_imr,32,0.1,2026083007,100000,44398,0.44398,239764,320014,0.7492297211996976,0.4447825110517991,True,explicit_BB84_particle_events,
random_basis_imr_L32_f0.1,random_basis_imr,32,0.1,2026083008,100000,44536,0.44536,240210,320169,0.7502600189275039,0.4447825110517991,True,explicit_BB84_particle_events,
random_basis_imr_L32_f0.1,random_basis_imr,32,0.1,2026083009,100000,44579,0.44579,239474,319263,0.7500837867212925,0.4447825110517991,True,explicit_BB84_particle_events,
random_basis_imr_L32_f0.1,random_basis_imr,32,0.1,2026083010,100000,44560,0.4456,240113,319892,0.750606454678454,0.4447825110517991,True,explicit_BB84_particle_events,
random_basis_imr_L32_f0.1,random_basis_imr,32,0.1,2026083011,100000,44237,0.44237,240313,320651,0.7494534556262105,0.4447825110517991,True,explicit_BB84_particle_events,
random_basis_imr_L32_f0.1,random_basis_imr,32,0.1,2026083012,100000,44382,0.44382,240348,320318,0.7503418477887599,0.4447825110517991,True,explicit_BB84_particle_events,
random_basis_imr_L32_f0.1,random_basis_imr,32,0.1,2026083013,100000,44453,0.44453,239689,319773,0.7495598440143477,0.4447825110517991,True,explicit_BB84_particle_events,
random_basis_imr_L32_f0.1,random_basis_imr,32,0.1,2026083014,100000,44386,0.44386,239688,319661,0.7498193398631675,0.4447825110517991,True,explicit_BB84_particle_events,
random_basis_imr_L32_f0.1,random_basis_imr,32,0.1,2026083015,100000,44552,0.44552,240107,320291,0.7496526596126647,0.4447825110517991,True,explicit_BB84_particle_events,
random_basis_imr_L32_f0.1,random_basis_imr,32,0.1,2026083016,100000,44538,0.44538,239953,319951,0.7499679638444637,0.4447825110517991,True,explicit_BB84_particle_events,
random_basis_imr_L32_f0.1,random_basis_imr,32,0.1,2026083017,100000,44641,0.44641,240129,320176,0.7499906301534156,0.4447825110517991,True,explicit_BB84_particle_events,
random_basis_imr_L32_f0.1,random_basis_imr,32,0.1,2026083018,100000,44459,0.44459,239747,319787,0.7497083996535193,0.4447825110517991,True,explicit_BB84_particle_events,
random_basis_imr_L32_f0.1,random_basis_imr,32,0.1,2026083019,100000,44749,0.44749,239726,319205,0.7510095393242587,0.4447825110517991,True,explicit_BB84_particle_events,
random_basis_imr_L32_f0.1,random_basis_imr,32,0.1,2026083020,100000,44609,0.44609,239877,319688,0.7503472135331949,0.4447825110517991,True,explicit_BB84_particle_events,
random_basis_imr_L32_f0.1,random_basis_imr,32,0.1,2026083021,100000,44364,0.44364,240430,320591,0.7499586700811938,0.4447825110517991,True,explicit_BB84_particle_events,
random_basis_imr_L32_f0.1,random_basis_imr,32,0.1,2026083022,100000,44694,0.44694,240601,320331,0.7511012046913973,0.4447825110517991,True,explicit_BB84_particle_events,
random_basis_imr_L32_f0.1,random_basis_imr,32,0.1,2026083023,100000,44560,0.4456,240579,320458,0.7507348856948493,0.4447825110517991,True,explicit_BB84_particle_events,
random_basis_imr_L32_f0.1,random_basis_imr,32,0.1,2026083024,100000,44473,0.44473,239155,319108,0.7494484625894682,0.4447825110517991,True,explicit_BB84_particle_events,
random_basis_imr_L32_f0.1,random_basis_imr,32,0.1,2026083025,100000,44575,0.44575,240263,320204,0.7503435309989881,0.4447825110517991,True,explicit_BB84_particle_events,
random_basis_imr_L32_f0.1,random_basis_imr,32,0.1,2026083026,100000,44313,0.44313,239565,319684,0.7493806383804007,0.4447825110517991,True,explicit_BB84_particle_events,
random_basis_imr_L32_f0.1,random_basis_imr,32,0.1,2026083027,100000,44700,0.447,240449,320101,0.751166038219187,0.4447825110517991,True,explicit_BB84_particle_events,
random_basis_imr_L32_f0.1,random_basis_imr,32,0.1,2026083028,100000,44342,0.44342,240016,320134,0.7497360480298875,0.4447825110517991,True,explicit_BB84_particle_events,
random_basis_imr_L32_f0.1,random_basis_imr,32,0.1,2026083029,100000,44486,0.44486,239892,319779,0.7501805934723669,0.4447825110517991,True,explicit_BB84_particle_events,
random_basis_imr_L32_f0.1,random_basis_imr,32,0.1,2026083030,100000,44535,0.44535,239668,319760,0.7495246434826119,0.4447825110517991,True,explicit_BB84_particle_events,
random_basis_imr_L32_f0.25,random_basis_imr,32,0.25,2026083001,100000,12635,0.12635,599229,799015,0.7499596378040463,0.12678878637700036,True,explicit_BB84_particle_events,
random_basis_imr_L32_f0.25,random_basis_imr,32,0.25,2026083002,100000,12635,0.12635,599544,799642,0.7497655200702315,0.12678878637700036,True,explicit_BB84_particle_events,
random_basis_imr_L32_f0.25,random_basis_imr,32,0.25,2026083003,100000,12464,0.12464,599260,799801,0.7492613787679685,0.12678878637700036,True,explicit_BB84_particle_events,
random_basis_imr_L32_f0.25,random_basis_imr,32,0.25,2026083004,100000,12569,0.12569,600797,800925,0.7501289134438306,0.12678878637700036,True,explicit_BB84_particle_events,
random_basis_imr_L32_f0.25,random_basis_imr,32,0.25,2026083005,100000,12797,0.12797,600248,800223,0.7501009093715126,0.12678878637700036,True,explicit_BB84_particle_events,
random_basis_imr_L32_f0.25,random_basis_imr,32,0.25,2026083006,100000,12690,0.1269,599084,798672,0.7501001662760182,0.12678878637700036,True,explicit_BB84_particle_events,
random_basis_imr_L32_f0.25,random_basis_imr,32,0.25,2026083007,100000,12509,0.12509,600129,800268,0.7499100301399031,0.12678878637700036,True,explicit_BB84_particle_events,
random_basis_imr_L32_f0.25,random_basis_imr,32,0.25,2026083008,100000,12580,0.1258,600634,800884,0.7499637900120367,0.12678878637700036,True,explicit_BB84_particle_events,
random_basis_imr_L32_f0.25,random_basis_imr,32,0.25,2026083009,100000,12742,0.12742,599874,799890,0.7499456175224093,0.12678878637700036,True,explicit_BB84_particle_events,
random_basis_imr_L32_f0.25,random_basis_imr,32,0.25,2026083010,100000,12521,0.12521,599152,799166,0.749721584752104,0.12678878637700036,True,explicit_BB84_particle_events,
random_basis_imr_L32_f0.25,random_basis_imr,32,0.25,2026083011,100000,12723,0.12723,599695,799476,0.7501100720972237,0.12678878637700036,True,explicit_BB84_particle_events,
random_basis_imr_L32_f0.25,random_basis_imr,32,0.25,2026083012,100000,12649,0.12649,600377,800107,0.7503708878937442,0.12678878637700036,True,explicit_BB84_particle_events,
random_basis_imr_L32_f0.25,random_basis_imr,32,0.25,2026083013,100000,12745,0.12745,599802,799495,0.7502260802131345,0.12678878637700036,True,explicit_BB84_particle_events,
random_basis_imr_L32_f0.25,random_basis_imr,32,0.25,2026083014,100000,12512,0.12512,599425,799299,0.7499383835085494,0.12678878637700036,True,explicit_BB84_particle_events,
random_basis_imr_L32_f0.25,random_basis_imr,32,0.25,2026083015,100000,12798,0.12798,598950,798702,0.7499042195962949,0.12678878637700036,True,explicit_BB84_particle_events,
random_basis_imr_L32_f0.25,random_basis_imr,32,0.25,2026083016,100000,12422,0.12422,599720,800311,0.7493586868105024,0.12678878637700036,True,explicit_BB84_particle_events,
random_basis_imr_L32_f0.25,random_basis_imr,32,0.25,2026083017,100000,12693,0.12693,599386,800023,0.7492109601848946,0.12678878637700036,True,explicit_BB84_particle_events,
random_basis_imr_L32_f0.25,random_basis_imr,32,0.25,2026083018,100000,12701,0.12701,600304,800560,0.7498551014289997,0.12678878637700036,True,explicit_BB84_particle_events,
random_basis_imr_L32_f0.25,random_basis_imr,32,0.25,2026083019,100000,12700,0.127,599311,798904,0.7501664780749627,0.12678878637700036,True,explicit_BB84_particle_events,
random_basis_imr_L32_f0.25,random_basis_imr,32,0.25,2026083020,100000,12710,0.1271,598842,798906,0.7495775472959272,0.12678878637700036,True,explicit_BB84_particle_events,
random_basis_imr_L32_f0.25,random_basis_imr,32,0.25,2026083021,100000,12554,0.12554,599727,800254,0.7494208088931764,0.12678878637700036,True,explicit_BB84_particle_events,
random_basis_imr_L32_f0.25,random_basis_imr,32,0.25,2026083022,100000,12670,0.1267,600684,800509,0.7503775722696434,0.12678878637700036,True,explicit_BB84_particle_events,
random_basis_imr_L32_f0.25,random_basis_imr,32,0.25,2026083023,100000,12915,0.12915,601189,800312,0.7511932846189986,0.12678878637700036,True,explicit_BB84_particle_events,
random_basis_imr_L32_f0.25,random_basis_imr,32,0.25,2026083024,100000,12782,0.12782,600037,799917,0.7501240753728199,0.12678878637700036,True,explicit_BB84_particle_events,
random_basis_imr_L32_f0.25,random_basis_imr,32,0.25,2026083025,100000,12632,0.12632,600057,800459,0.7496411433939777,0.12678878637700036,True,explicit_BB84_particle_events,
random_basis_imr_L32_f0.25,random_basis_imr,32,0.25,2026083026,100000,12639,0.12639,598925,798640,0.7499311329259741,0.12678878637700036,True,explicit_BB84_particle_events,
random_basis_imr_L32_f0.25,random_basis_imr,32,0.25,2026083027,100000,12695,0.12695,599847,799633,0.7501528826349088,0.12678878637700036,True,explicit_BB84_particle_events,
random_basis_imr_L32_f0.25,random_basis_imr,32,0.25,2026083028,100000,12483,0.12483,599815,800271,0.7495148518439378,0.12678878637700036,True,explicit_BB84_particle_events,
random_basis_imr_L32_f0.25,random_basis_imr,32,0.25,2026083029,100000,12551,0.12551,600172,799921,0.750289091047741,0.12678878637700036,True,explicit_BB84_particle_events,
random_basis_imr_L32_f0.25,random_basis_imr,32,0.25,2026083030,100000,12880,0.1288,598445,798028,0.7499047652463322,0.12678878637700036,True,explicit_BB84_particle_events,
random_basis_imr_L32_f0.5,random_basis_imr,32,0.5,2026083001,100000,1372,0.01372,1199009,1599535,0.7495984770573948,0.013939837037683136,True,explicit_BB84_particle_events,
random_basis_imr_L32_f0.5,random_basis_imr,32,0.5,2026083002,100000,1405,0.01405,1201300,1601241,0.7502306023890221,0.013939837037683136,True,explicit_BB84_particle_events,
random_basis_imr_L32_f0.5,random_basis_imr,32,0.5,2026083003,100000,1378,0.01378,1200012,1600553,0.7497483682202338,0.013939837037683136,True,explicit_BB84_particle_events,
random_basis_imr_L32_f0.5,random_basis_imr,32,0.5,2026083004,100000,1415,0.01415,1200785,1600607,0.7502060155928345,0.013939837037683136,True,explicit_BB84_particle_events,
random_basis_imr_L32_f0.5,random_basis_imr,32,0.5,2026083005,100000,1422,0.01422,1200275,1599754,0.7502872316618681,0.013939837037683136,True,explicit_BB84_particle_events,
random_basis_imr_L32_f0.5,random_basis_imr,32,0.5,2026083006,100000,1411,0.01411,1198790,1598220,0.7500782120108621,0.013939837037683136,True,explicit_BB84_particle_events,
random_basis_imr_L32_f0.5,random_basis_imr,32,0.5,2026083007,100000,1331,0.01331,1200499,1601345,0.7496816738429258,0.013939837037683136,True,explicit_BB84_particle_events,
random_basis_imr_L32_f0.5,random_basis_imr,32,0.5,2026083008,100000,1386,0.01386,1201165,1601359,0.7500910164429088,0.013939837037683136,True,explicit_BB84_particle_events,
random_basis_imr_L32_f0.5,random_basis_imr,32,0.5,2026083009,100000,1432,0.01432,1200539,1600836,0.7499450287224925,0.013939837037683136,True,explicit_BB84_particle_events,
random_basis_imr_L32_f0.5,random_basis_imr,32,0.5,2026083010,100000,1390,0.0139,1199292,1599128,0.7499662315962199,0.013939837037683136,True,explicit_BB84_particle_events,
random_basis_imr_L32_f0.5,random_basis_imr,32,0.5,2026083011,100000,1415,0.01415,1200658,1600248,0.7502949542820863,0.013939837037683136,True,explicit_BB84_particle_events,
random_basis_imr_L32_f0.5,random_basis_imr,32,0.5,2026083012,100000,1410,0.0141,1200143,1599784,0.7501906507378496,0.013939837037683136,True,explicit_BB84_particle_events,
random_basis_imr_L32_f0.5,random_basis_imr,32,0.5,2026083013,100000,1359,0.01359,1198891,1599123,0.7497178140768409,0.013939837037683136,True,explicit_BB84_particle_events,
random_basis_imr_L32_f0.5,random_basis_imr,32,0.5,2026083014,100000,1393,0.01393,1199623,1599790,0.7498627944917771,0.013939837037683136,True,explicit_BB84_particle_events,
random_basis_imr_L32_f0.5,random_basis_imr,32,0.5,2026083015,100000,1391,0.01391,1199557,1599374,0.7500165689826145,0.013939837037683136,True,explicit_BB84_particle_events,
random_basis_imr_L32_f0.5,random_basis_imr,32,0.5,2026083016,100000,1351,0.01351,1198226,1598974,0.7493717846569112,0.013939837037683136,True,explicit_BB84_particle_events,
random_basis_imr_L32_f0.5,random_basis_imr,32,0.5,2026083017,100000,1367,0.01367,1199390,1600488,0.749390185993272,0.013939837037683136,True,explicit_BB84_particle_events,
random_basis_imr_L32_f0.5,random_basis_imr,32,0.5,2026083018,100000,1393,0.01393,1200159,1600332,0.7499437616694535,0.013939837037683136,True,explicit_BB84_particle_events,
random_basis_imr_L32_f0.5,random_basis_imr,32,0.5,2026083019,100000,1418,0.01418,1199455,1598434,0.7503938229542164,0.013939837037683136,True,explicit_BB84_particle_events,
random_basis_imr_L32_f0.5,random_basis_imr,32,0.5,2026083020,100000,1433,0.01433,1198546,1598723,0.7496895960088146,0.013939837037683136,True,explicit_BB84_particle_events,
random_basis_imr_L32_f0.5,random_basis_imr,32,0.5,2026083021,100000,1375,0.01375,1201195,1602187,0.7497220986064673,0.013939837037683136,True,explicit_BB84_particle_events,
random_basis_imr_L32_f0.5,random_basis_imr,32,0.5,2026083022,100000,1399,0.01399,1199893,1598802,0.7504950581748084,0.013939837037683136,True,explicit_BB84_particle_events,
random_basis_imr_L32_f0.5,random_basis_imr,32,0.5,2026083023,100000,1400,0.014,1201799,1601007,0.7506519334393916,0.013939837037683136,True,explicit_BB84_particle_events,
random_basis_imr_L32_f0.5,random_basis_imr,32,0.5,2026083024,100000,1435,0.01435,1198383,1598004,0.749924906320635,0.013939837037683136,True,explicit_BB84_particle_events,
random_basis_imr_L32_f0.5,random_basis_imr,32,0.5,2026083025,100000,1349,0.01349,1200093,1601874,0.7491806471670056,0.013939837037683136,True,explicit_BB84_particle_events,
random_basis_imr_L32_f0.5,random_basis_imr,32,0.5,2026083026,100000,1378,0.01378,1199817,1599983,0.7498935926194216,0.013939837037683136,True,explicit_BB84_particle_events,
random_basis_imr_L32_f0.5,random_basis_imr,32,0.5,2026083027,100000,1425,0.01425,1200074,1599761,0.7501583048967939,0.013939837037683136,True,explicit_BB84_particle_events,
random_basis_imr_L32_f0.5,random_basis_imr,32,0.5,2026083028,100000,1342,0.01342,1199303,1599512,0.7497930618838746,0.013939837037683136,True,explicit_BB84_particle_events,
random_basis_imr_L32_f0.5,random_basis_imr,32,0.5,2026083029,100000,1371,0.01371,1200727,1600326,0.7503015010691572,0.013939837037683136,True,explicit_BB84_particle_events,
random_basis_imr_L32_f0.5,random_basis_imr,32,0.5,2026083030,100000,1514,0.01514,1198719,1598654,0.7498301696302014,0.013939837037683136,True,explicit_BB84_particle_events,
random_basis_imr_L32_f0.75,random_basis_imr,32,0.75,2026083001,100000,118,0.00118,1799745,2400493,0.7497397409615442,0.0013012113080773193,True,explicit_BB84_particle_events,
random_basis_imr_L32_f0.75,random_basis_imr,32,0.75,2026083002,100000,154,0.00154,1801867,2401609,0.7502749198558133,0.0013012113080773193,True,explicit_BB84_particle_events,
random_basis_imr_L32_f0.75,random_basis_imr,32,0.75,2026083003,100000,133,0.00133,1799475,2400813,0.7495273476109968,0.0013012113080773193,True,explicit_BB84_particle_events,
random_basis_imr_L32_f0.75,random_basis_imr,32,0.75,2026083004,100000,104,0.00104,1800436,2400464,0.750036659579148,0.0013012113080773193,True,explicit_BB84_particle_events,
random_basis_imr_L32_f0.75,random_basis_imr,32,0.75,2026083005,100000,119,0.00119,1799674,2398899,0.7502083247356391,0.0013012113080773193,True,explicit_BB84_particle_events,
random_basis_imr_L32_f0.75,random_basis_imr,32,0.75,2026083006,100000,133,0.00133,1799425,2399154,0.7500248004088108,0.0013012113080773193,True,explicit_BB84_particle_events,
random_basis_imr_L32_f0.75,random_basis_imr,32,0.75,2026083007,100000,131,0.00131,1799848,2400590,0.7497523525466656,0.0013012113080773193,True,explicit_BB84_particle_events,
random_basis_imr_L32_f0.75,random_basis_imr,32,0.75,2026083008,100000,129,0.00129,1801256,2400644,0.7503219969308236,0.0013012113080773193,True,explicit_BB84_particle_events,
random_basis_imr_L32_f0.75,random_basis_imr,32,0.75,2026083009,100000,126,0.00126,1801453,2401527,0.7501281476327354,0.0013012113080773193,True,explicit_BB84_particle_events,
random_basis_imr_L32_f0.75,random_basis_imr,32,0.75,2026083010,100000,126,0.00126,1799667,2399689,0.7499584321134947,0.0013012113080773193,True,explicit_BB84_particle_events,
random_basis_imr_L32_f0.75,random_basis_imr,32,0.75,2026083011,100000,139,0.00139,1799307,2399279,0.7499365434365908,0.0013012113080773193,True,explicit_BB84_particle_events,
random_basis_imr_L32_f0.75,random_basis_imr,32,0.75,2026083012,100000,138,0.00138,1801127,2400687,0.750254822890281,0.0013012113080773193,True,explicit_BB84_particle_events,
random_basis_imr_L32_f0.75,random_basis_imr,32,0.75,2026083013,100000,134,0.00134,1798821,2398989,0.7498246136184867,0.0013012113080773193,True,explicit_BB84_particle_events,
random_basis_imr_L32_f0.75,random_basis_imr,32,0.75,2026083014,100000,145,0.00145,1799869,2400005,0.7499438542836369,0.0013012113080773193,True,explicit_BB84_particle_events,
random_basis_imr_L32_f0.75,random_basis_imr,32,0.75,2026083015,100000,137,0.00137,1799544,2399427,0.7499890598880483,0.0013012113080773193,True,explicit_BB84_particle_events,
random_basis_imr_L32_f0.75,random_basis_imr,32,0.75,2026083016,100000,146,0.00146,1798701,2399507,0.7496127329488933,0.0013012113080773193,True,explicit_BB84_particle_events,
random_basis_imr_L32_f0.75,random_basis_imr,32,0.75,2026083017,100000,128,0.00128,1798958,2400223,0.7494961926454333,0.0013012113080773193,True,explicit_BB84_particle_events,
random_basis_imr_L32_f0.75,random_basis_imr,32,0.75,2026083018,100000,127,0.00127,1799786,2400033,0.7499005222011531,0.0013012113080773193,True,explicit_BB84_particle_events,
random_basis_imr_L32_f0.75,random_basis_imr,32,0.75,2026083019,100000,117,0.00117,1800871,2400191,0.7503032050365992,0.0013012113080773193,True,explicit_BB84_particle_events,
random_basis_imr_L32_f0.75,random_basis_imr,32,0.75,2026083020,100000,141,0.00141,1799049,2399652,0.7497124583064544,0.0013012113080773193,True,explicit_BB84_particle_events,
random_basis_imr_L32_f0.75,random_basis_imr,32,0.75,2026083021,100000,115,0.00115,1800018,2401468,0.7495490258458576,0.0013012113080773193,True,explicit_BB84_particle_events,
random_basis_imr_L32_f0.75,random_basis_imr,32,0.75,2026083022,100000,121,0.00121,1799408,2398780,0.7501346517813222,0.0013012113080773193,True,explicit_BB84_particle_events,
random_basis_imr_L32_f0.75,random_basis_imr,32,0.75,2026083023,100000,126,0.00126,1801056,2399400,0.7506276569142285,0.0013012113080773193,True,explicit_BB84_particle_events,
random_basis_imr_L32_f0.75,random_basis_imr,32,0.75,2026083024,100000,118,0.00118,1798066,2398214,0.7497521071931028,0.0013012113080773193,True,explicit_BB84_particle_events,
random_basis_imr_L32_f0.75,random_basis_imr,32,0.75,2026083025,100000,122,0.00122,1798656,2401100,0.7490966640289867,0.0013012113080773193,True,explicit_BB84_particle_events,
random_basis_imr_L32_f0.75,random_basis_imr,32,0.75,2026083026,100000,112,0.00112,1800212,2400529,0.7499230377970856,0.0013012113080773193,True,explicit_BB84_particle_events,
random_basis_imr_L32_f0.75,random_basis_imr,32,0.75,2026083027,100000,134,0.00134,1799155,2398969,0.7499700913183955,0.0013012113080773193,True,explicit_BB84_particle_events,
random_basis_imr_L32_f0.75,random_basis_imr,32,0.75,2026083028,100000,117,0.00117,1799776,2400165,0.7498551141275704,0.0013012113080773193,True,explicit_BB84_particle_events,
random_basis_imr_L32_f0.75,random_basis_imr,32,0.75,2026083029,100000,134,0.00134,1799839,2399258,0.7501648426305133,0.0013012113080773193,True,explicit_BB84_particle_events,
random_basis_imr_L32_f0.75,random_basis_imr,32,0.75,2026083030,100000,139,0.00139,1798766,2398330,0.7500077137007835,0.0013012113080773193,True,explicit_BB84_particle_events,
random_basis_imr_L32_f1,random_basis_imr,32,1.0,2026083001,100000,12,0.00012,2399142,3200000,0.749731875,0.00010045242572063329,True,explicit_BB84_particle_events,
random_basis_imr_L32_f1,random_basis_imr,32,1.0,2026083002,100000,4,4e-05,2400238,3200000,0.750074375,0.00010045242572063329,True,explicit_BB84_particle_events,
random_basis_imr_L32_f1,random_basis_imr,32,1.0,2026083003,100000,11,0.00011,2398586,3200000,0.749558125,0.00010045242572063329,True,explicit_BB84_particle_events,
random_basis_imr_L32_f1,random_basis_imr,32,1.0,2026083004,100000,11,0.00011,2400279,3200000,0.7500871875,0.00010045242572063329,True,explicit_BB84_particle_events,
random_basis_imr_L32_f1,random_basis_imr,32,1.0,2026083005,100000,7,7e-05,2400024,3200000,0.7500075,0.00010045242572063329,True,explicit_BB84_particle_events,
random_basis_imr_L32_f1,random_basis_imr,32,1.0,2026083006,100000,11,0.00011,2400169,3200000,0.7500528125,0.00010045242572063329,True,explicit_BB84_particle_events,
random_basis_imr_L32_f1,random_basis_imr,32,1.0,2026083007,100000,9,9e-05,2400094,3200000,0.750029375,0.00010045242572063329,True,explicit_BB84_particle_events,
random_basis_imr_L32_f1,random_basis_imr,32,1.0,2026083008,100000,10,0.0001,2400927,3200000,0.7502896875,0.00010045242572063329,True,explicit_BB84_particle_events,
random_basis_imr_L32_f1,random_basis_imr,32,1.0,2026083009,100000,9,9e-05,2400334,3200000,0.750104375,0.00010045242572063329,True,explicit_BB84_particle_events,
random_basis_imr_L32_f1,random_basis_imr,32,1.0,2026083010,100000,10,0.0001,2399579,3200000,0.7498684375,0.00010045242572063329,True,explicit_BB84_particle_events,
random_basis_imr_L32_f1,random_basis_imr,32,1.0,2026083011,100000,11,0.00011,2399883,3200000,0.7499634375,0.00010045242572063329,True,explicit_BB84_particle_events,
random_basis_imr_L32_f1,random_basis_imr,32,1.0,2026083012,100000,10,0.0001,2401192,3200000,0.7503725,0.00010045242572063329,True,explicit_BB84_particle_events,
random_basis_imr_L32_f1,random_basis_imr,32,1.0,2026083013,100000,14,0.00014,2399802,3200000,0.749938125,0.00010045242572063329,True,explicit_BB84_particle_events,
random_basis_imr_L32_f1,random_basis_imr,32,1.0,2026083014,100000,15,0.00015,2399985,3200000,0.7499953125,0.00010045242572063329,True,explicit_BB84_particle_events,
random_basis_imr_L32_f1,random_basis_imr,32,1.0,2026083015,100000,6,6e-05,2399499,3200000,0.7498434375,0.00010045242572063329,True,explicit_BB84_particle_events,
random_basis_imr_L32_f1,random_basis_imr,32,1.0,2026083016,100000,14,0.00014,2398925,3200000,0.7496640625,0.00010045242572063329,True,explicit_BB84_particle_events,
random_basis_imr_L32_f1,random_basis_imr,32,1.0,2026083017,100000,11,0.00011,2398516,3200000,0.74953625,0.00010045242572063329,True,explicit_BB84_particle_events,
random_basis_imr_L32_f1,random_basis_imr,32,1.0,2026083018,100000,15,0.00015,2399761,3200000,0.7499253125,0.00010045242572063329,True,explicit_BB84_particle_events,
random_basis_imr_L32_f1,random_basis_imr,32,1.0,2026083019,100000,8,8e-05,2400759,3200000,0.7502371875,0.00010045242572063329,True,explicit_BB84_particle_events,
random_basis_imr_L32_f1,random_basis_imr,32,1.0,2026083020,100000,9,9e-05,2399058,3200000,0.749705625,0.00010045242572063329,True,explicit_BB84_particle_events,
random_basis_imr_L32_f1,random_basis_imr,32,1.0,2026083021,100000,5,5e-05,2398879,3200000,0.7496496875,0.00010045242572063329,True,explicit_BB84_particle_events,
random_basis_imr_L32_f1,random_basis_imr,32,1.0,2026083022,100000,8,8e-05,2399827,3200000,0.7499459375,0.00010045242572063329,True,explicit_BB84_particle_events,
random_basis_imr_L32_f1,random_basis_imr,32,1.0,2026083023,100000,10,0.0001,2400892,3200000,0.75027875,0.00010045242572063329,True,explicit_BB84_particle_events,
random_basis_imr_L32_f1,random_basis_imr,32,1.0,2026083024,100000,7,7e-05,2399017,3200000,0.7496928125,0.00010045242572063329,True,explicit_BB84_particle_events,
random_basis_imr_L32_f1,random_basis_imr,32,1.0,2026083025,100000,8,8e-05,2397340,3200000,0.74916875,0.00010045242572063329,True,explicit_BB84_particle_events,
random_basis_imr_L32_f1,random_basis_imr,32,1.0,2026083026,100000,7,7e-05,2400437,3200000,0.7501365625,0.00010045242572063329,True,explicit_BB84_particle_events,
random_basis_imr_L32_f1,random_basis_imr,32,1.0,2026083027,100000,14,0.00014,2400168,3200000,0.7500525,0.00010045242572063329,True,explicit_BB84_particle_events,
random_basis_imr_L32_f1,random_basis_imr,32,1.0,2026083028,100000,7,7e-05,2399324,3200000,0.74978875,0.00010045242572063329,True,explicit_BB84_particle_events,
random_basis_imr_L32_f1,random_basis_imr,32,1.0,2026083029,100000,9,9e-05,2400630,3200000,0.750196875,0.00010045242572063329,True,explicit_BB84_particle_events,
random_basis_imr_L32_f1,random_basis_imr,32,1.0,2026083030,100000,7,7e-05,2399492,3200000,0.74984125,0.00010045242572063329,True,explicit_BB84_particle_events,
random_basis_imr_L64_f0.1,random_basis_imr,64,0.1,2026083001,100000,19541,0.19541,480303,640501,0.7498864170391615,0.1978314821375438,True,explicit_BB84_particle_events,
random_basis_imr_L64_f0.1,random_basis_imr,64,0.1,2026083002,100000,19824,0.19824,479433,639439,0.7497712838910358,0.1978314821375438,True,explicit_BB84_particle_events,
random_basis_imr_L64_f0.1,random_basis_imr,64,0.1,2026083003,100000,19775,0.19775,480252,640525,0.7497786971624839,0.1978314821375438,True,explicit_BB84_particle_events,
random_basis_imr_L64_f0.1,random_basis_imr,64,0.1,2026083004,100000,20021,0.20021,480983,640773,0.7506293180268208,0.1978314821375438,True,explicit_BB84_particle_events,
random_basis_imr_L64_f0.1,random_basis_imr,64,0.1,2026083005,100000,19795,0.19795,480429,640170,0.7504709686489526,0.1978314821375438,True,explicit_BB84_particle_events,
random_basis_imr_L64_f0.1,random_basis_imr,64,0.1,2026083006,100000,19656,0.19656,479680,640043,0.7494496463518857,0.1978314821375438,True,explicit_BB84_particle_events,
random_basis_imr_L64_f0.1,random_basis_imr,64,0.1,2026083007,100000,19744,0.19744,479639,639851,0.7496104561843304,0.1978314821375438,True,explicit_BB84_particle_events,
random_basis_imr_L64_f0.1,random_basis_imr,64,0.1,2026083008,100000,19925,0.19925,479565,639076,0.7504037078532131,0.1978314821375438,True,explicit_BB84_particle_events,
random_basis_imr_L64_f0.1,random_basis_imr,64,0.1,2026083009,100000,19859,0.19859,479996,639606,0.7504557493206755,0.1978314821375438,True,explicit_BB84_particle_events,
random_basis_imr_L64_f0.1,random_basis_imr,64,0.1,2026083010,100000,19633,0.19633,480198,640251,0.7500152284026108,0.1978314821375438,True,explicit_BB84_particle_events,
random_basis_imr_L64_f0.1,random_basis_imr,64,0.1,2026083011,100000,19724,0.19724,479673,640144,0.7493204653952861,0.1978314821375438,True,explicit_BB84_particle_events,
random_basis_imr_L64_f0.1,random_basis_imr,64,0.1,2026083012,100000,19852,0.19852,480082,640005,0.7501222646698072,0.1978314821375438,True,explicit_BB84_particle_events,
random_basis_imr_L64_f0.1,random_basis_imr,64,0.1,2026083013,100000,19571,0.19571,480354,640404,0.7500796372289992,0.1978314821375438,True,explicit_BB84_particle_events,
random_basis_imr_L64_f0.1,random_basis_imr,64,0.1,2026083014,100000,19576,0.19576,479658,639707,0.7498088968856055,0.1978314821375438,True,explicit_BB84_particle_events,
random_basis_imr_L64_f0.1,random_basis_imr,64,0.1,2026083015,100000,19866,0.19866,480100,640203,0.7499183852621747,0.1978314821375438,True,explicit_BB84_particle_events,
random_basis_imr_L64_f0.1,random_basis_imr,64,0.1,2026083016,100000,19900,0.199,478943,638969,0.7495559252483297,0.1978314821375438,True,explicit_BB84_particle_events,
random_basis_imr_L64_f0.1,random_basis_imr,64,0.1,2026083017,100000,19644,0.19644,479611,640258,0.7490902105088886,0.1978314821375438,True,explicit_BB84_particle_events,
random_basis_imr_L64_f0.1,random_basis_imr,64,0.1,2026083018,100000,19834,0.19834,479825,640170,0.7495274692659762,0.1978314821375438,True,explicit_BB84_particle_events,
random_basis_imr_L64_f0.1,random_basis_imr,64,0.1,2026083019,100000,19753,0.19753,480038,640303,0.7497044368056998,0.1978314821375438,True,explicit_BB84_particle_events,
random_basis_imr_L64_f0.1,random_basis_imr,64,0.1,2026083020,100000,19786,0.19786,478192,638247,0.7492271800729184,0.1978314821375438,True,explicit_BB84_particle_events,
random_basis_imr_L64_f0.1,random_basis_imr,64,0.1,2026083021,100000,20000,0.2,479210,638525,0.7504952820954544,0.1978314821375438,True,explicit_BB84_particle_events,
random_basis_imr_L64_f0.1,random_basis_imr,64,0.1,2026083022,100000,19661,0.19661,481409,640770,0.7512976575058133,0.1978314821375438,True,explicit_BB84_particle_events,
random_basis_imr_L64_f0.1,random_basis_imr,64,0.1,2026083023,100000,19581,0.19581,479254,639909,0.7489408650292464,0.1978314821375438,True,explicit_BB84_particle_events,
random_basis_imr_L64_f0.1,random_basis_imr,64,0.1,2026083024,100000,19707,0.19707,479233,638858,0.750140093729749,0.1978314821375438,True,explicit_BB84_particle_events,
random_basis_imr_L64_f0.1,random_basis_imr,64,0.1,2026083025,100000,19794,0.19794,479316,639415,0.7496164462829304,0.1978314821375438,True,explicit_BB84_particle_events,
random_basis_imr_L64_f0.1,random_basis_imr,64,0.1,2026083026,100000,19778,0.19778,480615,641220,0.7495321418545897,0.1978314821375438,True,explicit_BB84_particle_events,
random_basis_imr_L64_f0.1,random_basis_imr,64,0.1,2026083027,100000,19744,0.19744,480419,640287,0.7503182166747099,0.1978314821375438,True,explicit_BB84_particle_events,
random_basis_imr_L64_f0.1,random_basis_imr,64,0.1,2026083028,100000,20082,0.20082,480834,640539,0.7506709193351224,0.1978314821375438,True,explicit_BB84_particle_events,
random_basis_imr_L64_f0.1,random_basis_imr,64,0.1,2026083029,100000,19705,0.19705,479791,639846,0.7498538710877305,0.1978314821375438,True,explicit_BB84_particle_events,
random_basis_imr_L64_f0.1,random_basis_imr,64,0.1,2026083030,100000,19777,0.19777,479862,640041,0.7497363450153974,0.1978314821375438,True,explicit_BB84_particle_events,
random_basis_imr_L64_f0.25,random_basis_imr,64,0.25,2026083001,100000,1622,0.01622,1201405,1601975,0.7499524025031602,0.01607539635095263,True,explicit_BB84_particle_events,
random_basis_imr_L64_f0.25,random_basis_imr,64,0.25,2026083002,100000,1645,0.01645,1199573,1599380,0.7500237592066926,0.01607539635095263,True,explicit_BB84_particle_events,
random_basis_imr_L64_f0.25,random_basis_imr,64,0.25,2026083003,100000,1599,0.01599,1201842,1601626,0.7503886675166362,0.01607539635095263,True,explicit_BB84_particle_events,
random_basis_imr_L64_f0.25,random_basis_imr,64,0.25,2026083004,100000,1626,0.01626,1201050,1601863,0.7497832211618597,0.01607539635095263,True,explicit_BB84_particle_events,
random_basis_imr_L64_f0.25,random_basis_imr,64,0.25,2026083005,100000,1590,0.0159,1199243,1598398,0.7502780909385522,0.01607539635095263,True,explicit_BB84_particle_events,
random_basis_imr_L64_f0.25,random_basis_imr,64,0.25,2026083006,100000,1555,0.01555,1200159,1600794,0.7497273228160526,0.01607539635095263,True,explicit_BB84_particle_events,
random_basis_imr_L64_f0.25,random_basis_imr,64,0.25,2026083007,100000,1587,0.01587,1199717,1600624,0.7495308079848859,0.01607539635095263,True,explicit_BB84_particle_events,
random_basis_imr_L64_f0.25,random_basis_imr,64,0.25,2026083008,100000,1620,0.0162,1199398,1599043,0.7500723870465021,0.01607539635095263,True,explicit_BB84_particle_events,
random_basis_imr_L64_f0.25,random_basis_imr,64,0.25,2026083009,100000,1580,0.0158,1201145,1600853,0.7503156129888253,0.01607539635095263,True,explicit_BB84_particle_events,
random_basis_imr_L64_f0.25,random_basis_imr,64,0.25,2026083010,100000,1605,0.01605,1199958,1600273,0.7498458075590853,0.01607539635095263,True,explicit_BB84_particle_events,
random_basis_imr_L64_f0.25,random_basis_imr,64,0.25,2026083011,100000,1645,0.01645,1201203,1600987,0.7502890404481736,0.01607539635095263,True,explicit_BB84_particle_events,
random_basis_imr_L64_f0.25,random_basis_imr,64,0.25,2026083012,100000,1641,0.01641,1198868,1598845,0.7498337862644596,0.01607539635095263,True,explicit_BB84_particle_events,
random_basis_imr_L64_f0.25,random_basis_imr,64,0.25,2026083013,100000,1495,0.01495,1201274,1601148,0.7502579399281016,0.01607539635095263,True,explicit_BB84_particle_events,
random_basis_imr_L64_f0.25,random_basis_imr,64,0.25,2026083014,100000,1586,0.01586,1198555,1598001,0.7500339486646128,0.01607539635095263,True,explicit_BB84_particle_events,
random_basis_imr_L64_f0.25,random_basis_imr,64,0.25,2026083015,100000,1578,0.01578,1198780,1599049,0.7496830928883355,0.01607539635095263,True,explicit_BB84_particle_events,
random_basis_imr_L64_f0.25,random_basis_imr,64,0.25,2026083016,100000,1631,0.01631,1198469,1598758,0.7496250214228795,0.01607539635095263,True,explicit_BB84_particle_events,
random_basis_imr_L64_f0.25,random_basis_imr,64,0.25,2026083017,100000,1575,0.01575,1199489,1599443,0.7499416984537742,0.01607539635095263,True,explicit_BB84_particle_events,
random_basis_imr_L64_f0.25,random_basis_imr,64,0.25,2026083018,100000,1668,0.01668,1200180,1600320,0.7499625074985004,0.01607539635095263,True,explicit_BB84_particle_events,
random_basis_imr_L64_f0.25,random_basis_imr,64,0.25,2026083019,100000,1540,0.0154,1201630,1601525,0.7503036168651753,0.01607539635095263,True,explicit_BB84_particle_events,
random_basis_imr_L64_f0.25,random_basis_imr,64,0.25,2026083020,100000,1650,0.0165,1200232,1600296,0.7500062488439638,0.01607539635095263,True,explicit_BB84_particle_events,
random_basis_imr_L64_f0.25,random_basis_imr,64,0.25,2026083021,100000,1645,0.01645,1198797,1598126,0.7501267109101535,0.01607539635095263,True,explicit_BB84_particle_events,
random_basis_imr_L64_f0.25,random_basis_imr,64,0.25,2026083022,100000,1539,0.01539,1201637,1600855,0.750622011362678,0.01607539635095263,True,explicit_BB84_particle_events,
random_basis_imr_L64_f0.25,random_basis_imr,64,0.25,2026083023,100000,1675,0.01675,1198728,1598871,0.7497340310756778,0.01607539635095263,True,explicit_BB84_particle_events,
random_basis_imr_L64_f0.25,random_basis_imr,64,0.25,2026083024,100000,1660,0.0166,1198650,1597975,0.7501056024030414,0.01607539635095263,True,explicit_BB84_particle_events,
random_basis_imr_L64_f0.25,random_basis_imr,64,0.25,2026083025,100000,1642,0.01642,1199459,1598593,0.7503216891353834,0.01607539635095263,True,explicit_BB84_particle_events,
random_basis_imr_L64_f0.25,random_basis_imr,64,0.25,2026083026,100000,1592,0.01592,1200768,1601351,0.7498468480676629,0.01607539635095263,True,explicit_BB84_particle_events,
random_basis_imr_L64_f0.25,random_basis_imr,64,0.25,2026083027,100000,1566,0.01566,1201043,1600709,0.7503193897204301,0.01607539635095263,True,explicit_BB84_particle_events,
random_basis_imr_L64_f0.25,random_basis_imr,64,0.25,2026083028,100000,1627,0.01627,1200753,1601082,0.7499634622086814,0.01607539635095263,True,explicit_BB84_particle_events,
random_basis_imr_L64_f0.25,random_basis_imr,64,0.25,2026083029,100000,1651,0.01651,1199320,1599605,0.7497600970239527,0.01607539635095263,True,explicit_BB84_particle_events,
random_basis_imr_L64_f0.25,random_basis_imr,64,0.25,2026083030,100000,1588,0.01588,1199432,1600229,0.7495377224134796,0.01607539635095263,True,explicit_BB84_particle_events,
random_basis_imr_L64_f0.5,random_basis_imr,64,0.5,2026083001,100000,21,0.00021,2399998,3200789,0.7498144988626242,0.00019431905663716255,True,explicit_BB84_particle_events,
random_basis_imr_L64_f0.5,random_basis_imr,64,0.5,2026083002,100000,18,0.00018,2398097,3199206,0.749591304842514,0.00019431905663716255,True,explicit_BB84_particle_events,
random_basis_imr_L64_f0.5,random_basis_imr,64,0.5,2026083003,100000,16,0.00016,2399680,3199829,0.7499400749227537,0.00019431905663716255,True,explicit_BB84_particle_events,
random_basis_imr_L64_f0.5,random_basis_imr,64,0.5,2026083004,100000,16,0.00016,2401125,3201060,0.7501030908511556,0.00019431905663716255,True,explicit_BB84_particle_events,
random_basis_imr_L64_f0.5,random_basis_imr,64,0.5,2026083005,100000,19,0.00019,2399740,3199213,0.7501032285127623,0.00019431905663716255,True,explicit_BB84_particle_events,
random_basis_imr_L64_f0.5,random_basis_imr,64,0.5,2026083006,100000,18,0.00018,2399701,3199976,0.7499121868414013,0.00019431905663716255,True,explicit_BB84_particle_events,
random_basis_imr_L64_f0.5,random_basis_imr,64,0.5,2026083007,100000,20,0.0002,2398908,3200117,0.7496313416040726,0.00019431905663716255,True,explicit_BB84_particle_events,
random_basis_imr_L64_f0.5,random_basis_imr,64,0.5,2026083008,100000,20,0.0002,2399735,3199778,0.7499692166144026,0.00019431905663716255,True,explicit_BB84_particle_events,
random_basis_imr_L64_f0.5,random_basis_imr,64,0.5,2026083009,100000,18,0.00018,2399956,3200121,0.7499578922172006,0.00019431905663716255,True,explicit_BB84_particle_events,
random_basis_imr_L64_f0.5,random_basis_imr,64,0.5,2026083010,100000,15,0.00015,2400010,3200705,0.749837926331855,0.00019431905663716255,True,explicit_BB84_particle_events,
random_basis_imr_L64_f0.5,random_basis_imr,64,0.5,2026083011,100000,17,0.00017,2401067,3200339,0.7502539574713804,0.00019431905663716255,True,explicit_BB84_particle_events,
random_basis_imr_L64_f0.5,random_basis_imr,64,0.5,2026083012,100000,24,0.00024,2399198,3198484,0.7501047371192102,0.00019431905663716255,True,explicit_BB84_particle_events,
random_basis_imr_L64_f0.5,random_basis_imr,64,0.5,2026083013,100000,22,0.00022,2400210,3201380,0.7497422986337142,0.00019431905663716255,True,explicit_BB84_particle_events,
random_basis_imr_L64_f0.5,random_basis_imr,64,0.5,2026083014,100000,16,0.00016,2399678,3200580,0.749763480369183,0.00019431905663716255,True,explicit_BB84_particle_events,
random_basis_imr_L64_f0.5,random_basis_imr,64,0.5,2026083015,100000,16,0.00016,2398937,3199836,0.7497062349445409,0.00019431905663716255,True,explicit_BB84_particle_events,
random_basis_imr_L64_f0.5,random_basis_imr,64,0.5,2026083016,100000,17,0.00017,2398784,3199136,0.7498224520620568,0.00019431905663716255,True,explicit_BB84_particle_events,
random_basis_imr_L64_f0.5,random_basis_imr,64,0.5,2026083017,100000,14,0.00014,2398469,3198798,0.7498032073297533,0.00019431905663716255,True,explicit_BB84_particle_events,
random_basis_imr_L64_f0.5,random_basis_imr,64,0.5,2026083018,100000,11,0.00011,2400527,3200176,0.7501234307113108,0.00019431905663716255,True,explicit_BB84_particle_events,
random_basis_imr_L64_f0.5,random_basis_imr,64,0.5,2026083019,100000,27,0.00027,2401946,3201834,0.7501781791310855,0.00019431905663716255,True,explicit_BB84_particle_events,
random_basis_imr_L64_f0.5,random_basis_imr,64,0.5,2026083020,100000,10,0.0001,2400270,3200740,0.7499109580909414,0.00019431905663716255,True,explicit_BB84_particle_events,
random_basis_imr_L64_f0.5,random_basis_imr,64,0.5,2026083021,100000,26,0.00026,2397602,3196302,0.7501174795122614,0.00019431905663716255,True,explicit_BB84_particle_events,
random_basis_imr_L64_f0.5,random_basis_imr,64,0.5,2026083022,100000,13,0.00013,2401552,3200917,0.7502700007529093,0.00019431905663716255,True,explicit_BB84_particle_events,
random_basis_imr_L64_f0.5,random_basis_imr,64,0.5,2026083023,100000,24,0.00024,2399763,3199687,0.7499992968062189,0.00019431905663716255,True,explicit_BB84_particle_events,
random_basis_imr_L64_f0.5,random_basis_imr,64,0.5,2026083024,100000,15,0.00015,2400993,3201661,0.7499210566015577,0.00019431905663716255,True,explicit_BB84_particle_events,
random_basis_imr_L64_f0.5,random_basis_imr,64,0.5,2026083025,100000,19,0.00019,2399211,3198636,0.7500731561828229,0.00019431905663716255,True,explicit_BB84_particle_events,
random_basis_imr_L64_f0.5,random_basis_imr,64,0.5,2026083026,100000,20,0.0002,2401828,3201623,0.7501907626225823,0.00019431905663716255,True,explicit_BB84_particle_events,
random_basis_imr_L64_f0.5,random_basis_imr,64,0.5,2026083027,100000,19,0.00019,2400983,3200210,0.7502579518219117,0.00019431905663716255,True,explicit_BB84_particle_events,
random_basis_imr_L64_f0.5,random_basis_imr,64,0.5,2026083028,100000,17,0.00017,2400214,3199964,0.7500753133472752,0.00019431905663716255,True,explicit_BB84_particle_events,
random_basis_imr_L64_f0.5,random_basis_imr,64,0.5,2026083029,100000,17,0.00017,2399809,3199667,0.7500183612857213,0.00019431905663716255,True,explicit_BB84_particle_events,
random_basis_imr_L64_f0.5,random_basis_imr,64,0.5,2026083030,100000,19,0.00019,2400469,3201653,0.7497592649796839,0.00019431905663716255,True,explicit_BB84_particle_events,
random_basis_imr_L64_f0.75,random_basis_imr,64,0.75,,0,,,,,,1.6931508682682886e-06,False,analytic_rare_event_only,9.985769259257538e-07
random_basis_imr_L64_f1,random_basis_imr,64,1.0,,0,,,,,,1.0090689833159348e-08,False,analytic_rare_event_only,9.985769259257538e-07
fixed_z_imr_L8_f0.1,fixed_z_imr,8,0.1,2026083001,100000,81620,0.8162,59944,80039,0.7489348942390585,0.8166518036622625,True,explicit_BB84_particle_events,
fixed_z_imr_L8_f0.1,fixed_z_imr,8,0.1,2026083002,100000,81616,0.81616,59923,79999,0.7490468630857886,0.8166518036622625,True,explicit_BB84_particle_events,
fixed_z_imr_L8_f0.1,fixed_z_imr,8,0.1,2026083003,100000,81641,0.81641,59741,79792,0.7487091437738119,0.8166518036622625,True,explicit_BB84_particle_events,
fixed_z_imr_L8_f0.1,fixed_z_imr,8,0.1,2026083004,100000,81652,0.81652,59945,79978,0.7495186176198455,0.8166518036622625,True,explicit_BB84_particle_events,
fixed_z_imr_L8_f0.1,fixed_z_imr,8,0.1,2026083005,100000,81539,0.81539,59942,80030,0.7489941272022992,0.8166518036622625,True,explicit_BB84_particle_events,
fixed_z_imr_L8_f0.1,fixed_z_imr,8,0.1,2026083006,100000,81700,0.817,60151,80079,0.7511457435782165,0.8166518036622625,True,explicit_BB84_particle_events,
fixed_z_imr_L8_f0.1,fixed_z_imr,8,0.1,2026083007,100000,81609,0.81609,60168,80253,0.7497289820941273,0.8166518036622625,True,explicit_BB84_particle_events,
fixed_z_imr_L8_f0.1,fixed_z_imr,8,0.1,2026083008,100000,81565,0.81565,60183,80262,0.749831800852209,0.8166518036622625,True,explicit_BB84_particle_events,
fixed_z_imr_L8_f0.1,fixed_z_imr,8,0.1,2026083009,100000,81845,0.81845,59770,79589,0.7509831760670445,0.8166518036622625,True,explicit_BB84_particle_events,
fixed_z_imr_L8_f0.1,fixed_z_imr,8,0.1,2026083010,100000,81579,0.81579,59840,79895,0.7489830402403154,0.8166518036622625,True,explicit_BB84_particle_events,
fixed_z_imr_L8_f0.1,fixed_z_imr,8,0.1,2026083011,100000,81609,0.81609,59815,79924,0.7483984785546269,0.8166518036622625,True,explicit_BB84_particle_events,
fixed_z_imr_L8_f0.1,fixed_z_imr,8,0.1,2026083012,100000,81581,0.81581,60022,80091,0.7494225318699979,0.8166518036622625,True,explicit_BB84_particle_events,
fixed_z_imr_L8_f0.1,fixed_z_imr,8,0.1,2026083013,100000,81738,0.81738,59892,79813,0.7504040695124854,0.8166518036622625,True,explicit_BB84_particle_events,
fixed_z_imr_L8_f0.1,fixed_z_imr,8,0.1,2026083014,100000,81798,0.81798,60046,79914,0.7513827364416747,0.8166518036622625,True,explicit_BB84_particle_events,
fixed_z_imr_L8_f0.1,fixed_z_imr,8,0.1,2026083015,100000,81701,0.81701,59716,79749,0.7487993579856801,0.8166518036622625,True,explicit_BB84_particle_events,
fixed_z_imr_L8_f0.1,fixed_z_imr,8,0.1,2026083016,100000,81599,0.81599,59834,79912,0.7487486234858344,0.8166518036622625,True,explicit_BB84_particle_events,
fixed_z_imr_L8_f0.1,fixed_z_imr,8,0.1,2026083017,100000,81717,0.81717,60103,80054,0.750780723011967,0.8166518036622625,True,explicit_BB84_particle_events,
fixed_z_imr_L8_f0.1,fixed_z_imr,8,0.1,2026083018,100000,81710,0.8171,60176,80084,0.7514110184306478,0.8166518036622625,True,explicit_BB84_particle_events,
fixed_z_imr_L8_f0.1,fixed_z_imr,8,0.1,2026083019,100000,81581,0.81581,59980,80047,0.7493097805039539,0.8166518036622625,True,explicit_BB84_particle_events,
fixed_z_imr_L8_f0.1,fixed_z_imr,8,0.1,2026083020,100000,81842,0.81842,59868,79687,0.7512894198551834,0.8166518036622625,True,explicit_BB84_particle_events,
fixed_z_imr_L8_f0.1,fixed_z_imr,8,0.1,2026083021,100000,81678,0.81678,60043,79999,0.7505468818360229,0.8166518036622625,True,explicit_BB84_particle_events,
fixed_z_imr_L8_f0.1,fixed_z_imr,8,0.1,2026083022,100000,81777,0.81777,59935,79815,0.7509240117772349,0.8166518036622625,True,explicit_BB84_particle_events,
fixed_z_imr_L8_f0.1,fixed_z_imr,8,0.1,2026083023,100000,81706,0.81706,59884,79804,0.7503884517066813,0.8166518036622625,True,explicit_BB84_particle_events,
fixed_z_imr_L8_f0.1,fixed_z_imr,8,0.1,2026083024,100000,81707,0.81707,60233,80256,0.75051086523126,0.8166518036622625,True,explicit_BB84_particle_events,
fixed_z_imr_L8_f0.1,fixed_z_imr,8,0.1,2026083025,100000,81759,0.81759,60256,80178,0.751527850532565,0.8166518036622625,True,explicit_BB84_particle_events,
fixed_z_imr_L8_f0.1,fixed_z_imr,8,0.1,2026083026,100000,81559,0.81559,59983,80156,0.7483282598932083,0.8166518036622625,True,explicit_BB84_particle_events,
fixed_z_imr_L8_f0.1,fixed_z_imr,8,0.1,2026083027,100000,81901,0.81901,59586,79354,0.7508884240239937,0.8166518036622625,True,explicit_BB84_particle_events,
fixed_z_imr_L8_f0.1,fixed_z_imr,8,0.1,2026083028,100000,81738,0.81738,59798,79645,0.7508067047523385,0.8166518036622625,True,explicit_BB84_particle_events,
fixed_z_imr_L8_f0.1,fixed_z_imr,8,0.1,2026083029,100000,81623,0.81623,60494,80548,0.7510304414758902,0.8166518036622625,True,explicit_BB84_particle_events,
fixed_z_imr_L8_f0.1,fixed_z_imr,8,0.1,2026083030,100000,81527,0.81527,60258,80406,0.7494216849488844,0.8166518036622625,True,explicit_BB84_particle_events,
fixed_z_imr_L8_f0.25,fixed_z_imr,8,0.25,2026083001,100000,59607,0.59607,150113,200082,0.750257394468268,0.5967194738332182,True,explicit_BB84_particle_events,
fixed_z_imr_L8_f0.25,fixed_z_imr,8,0.25,2026083002,100000,59631,0.59631,150050,200127,0.7497738935775783,0.5967194738332182,True,explicit_BB84_particle_events,
fixed_z_imr_L8_f0.25,fixed_z_imr,8,0.25,2026083003,100000,59697,0.59697,149613,199538,0.7497970311419379,0.5967194738332182,True,explicit_BB84_particle_events,
fixed_z_imr_L8_f0.25,fixed_z_imr,8,0.25,2026083004,100000,59656,0.59656,149715,199746,0.7495268991619357,0.5967194738332182,True,explicit_BB84_particle_events,
fixed_z_imr_L8_f0.25,fixed_z_imr,8,0.25,2026083005,100000,59616,0.59616,150216,200241,0.7501760378743614,0.5967194738332182,True,explicit_BB84_particle_events,
fixed_z_imr_L8_f0.25,fixed_z_imr,8,0.25,2026083006,100000,59801,0.59801,150435,200380,0.7507485777023655,0.5967194738332182,True,explicit_BB84_particle_events,
fixed_z_imr_L8_f0.25,fixed_z_imr,8,0.25,2026083007,100000,59549,0.59549,150688,200675,0.7509056932851625,0.5967194738332182,True,explicit_BB84_particle_events,
fixed_z_imr_L8_f0.25,fixed_z_imr,8,0.25,2026083008,100000,59514,0.59514,149790,199916,0.7492646911702915,0.5967194738332182,True,explicit_BB84_particle_events,
fixed_z_imr_L8_f0.25,fixed_z_imr,8,0.25,2026083009,100000,59648,0.59648,149689,199837,0.7490554802163764,0.5967194738332182,True,explicit_BB84_particle_events,
fixed_z_imr_L8_f0.25,fixed_z_imr,8,0.25,2026083010,100000,59628,0.59628,149599,199644,0.7493288052733866,0.5967194738332182,True,explicit_BB84_particle_events,
fixed_z_imr_L8_f0.25,fixed_z_imr,8,0.25,2026083011,100000,59592,0.59592,150413,200733,0.7493187467930036,0.5967194738332182,True,explicit_BB84_particle_events,
fixed_z_imr_L8_f0.25,fixed_z_imr,8,0.25,2026083012,100000,59477,0.59477,149956,200299,0.7486607521754977,0.5967194738332182,True,explicit_BB84_particle_events,
fixed_z_imr_L8_f0.25,fixed_z_imr,8,0.25,2026083013,100000,59704,0.59704,150076,200128,0.7499000639590662,0.5967194738332182,True,explicit_BB84_particle_events,
fixed_z_imr_L8_f0.25,fixed_z_imr,8,0.25,2026083014,100000,59426,0.59426,150003,200225,0.7491721812960419,0.5967194738332182,True,explicit_BB84_particle_events,
fixed_z_imr_L8_f0.25,fixed_z_imr,8,0.25,2026083015,100000,59831,0.59831,149217,199307,0.7486791733356079,0.5967194738332182,True,explicit_BB84_particle_events,
fixed_z_imr_L8_f0.25,fixed_z_imr,8,0.25,2026083016,100000,59446,0.59446,150085,200288,0.749345941843745,0.5967194738332182,True,explicit_BB84_particle_events,
fixed_z_imr_L8_f0.25,fixed_z_imr,8,0.25,2026083017,100000,59495,0.59495,150618,200614,0.7507850897743926,0.5967194738332182,True,explicit_BB84_particle_events,
fixed_z_imr_L8_f0.25,fixed_z_imr,8,0.25,2026083018,100000,59888,0.59888,150447,200088,0.7519041621686458,0.5967194738332182,True,explicit_BB84_particle_events,
fixed_z_imr_L8_f0.25,fixed_z_imr,8,0.25,2026083019,100000,59495,0.59495,150024,200182,0.7494380114096173,0.5967194738332182,True,explicit_BB84_particle_events,
fixed_z_imr_L8_f0.25,fixed_z_imr,8,0.25,2026083020,100000,59893,0.59893,149742,199400,0.750962888665998,0.5967194738332182,True,explicit_BB84_particle_events,
fixed_z_imr_L8_f0.25,fixed_z_imr,8,0.25,2026083021,100000,59745,0.59745,150017,199814,0.7507832284024143,0.5967194738332182,True,explicit_BB84_particle_events,
fixed_z_imr_L8_f0.25,fixed_z_imr,8,0.25,2026083022,100000,59807,0.59807,149985,199779,0.7507545838151157,0.5967194738332182,True,explicit_BB84_particle_events,
fixed_z_imr_L8_f0.25,fixed_z_imr,8,0.25,2026083023,100000,59626,0.59626,150142,200234,0.7498326957459772,0.5967194738332182,True,explicit_BB84_particle_events,
fixed_z_imr_L8_f0.25,fixed_z_imr,8,0.25,2026083024,100000,59871,0.59871,150334,200192,0.7509490888746803,0.5967194738332182,True,explicit_BB84_particle_events,
fixed_z_imr_L8_f0.25,fixed_z_imr,8,0.25,2026083025,100000,59876,0.59876,150392,200098,0.751591720057172,0.5967194738332182,True,explicit_BB84_particle_events,
fixed_z_imr_L8_f0.25,fixed_z_imr,8,0.25,2026083026,100000,59836,0.59836,149556,199352,0.7502106826116618,0.5967194738332182,True,explicit_BB84_particle_events,
fixed_z_imr_L8_f0.25,fixed_z_imr,8,0.25,2026083027,100000,59810,0.5981,149447,199443,0.7493218613839543,0.5967194738332182,True,explicit_BB84_particle_events,
fixed_z_imr_L8_f0.25,fixed_z_imr,8,0.25,2026083028,100000,59598,0.59598,149987,199970,0.7500475071260689,0.5967194738332182,True,explicit_BB84_particle_events,
fixed_z_imr_L8_f0.25,fixed_z_imr,8,0.25,2026083029,100000,59707,0.59707,150381,200306,0.7507563427955228,0.5967194738332182,True,explicit_BB84_particle_events,
fixed_z_imr_L8_f0.25,fixed_z_imr,8,0.25,2026083030,100000,59444,0.59444,150335,200518,0.7497331910352187,0.5967194738332182,True,explicit_BB84_particle_events,
fixed_z_imr_L8_f0.5,fixed_z_imr,8,0.5,2026083001,100000,34354,0.34354,300010,399984,0.750055002200088,0.34360891580581665,True,explicit_BB84_particle_events,
fixed_z_imr_L8_f0.5,fixed_z_imr,8,0.5,2026083002,100000,34443,0.34443,299758,399601,0.75014326790974,0.34360891580581665,True,explicit_BB84_particle_events,
fixed_z_imr_L8_f0.5,fixed_z_imr,8,0.5,2026083003,100000,34166,0.34166,298946,399140,0.7489752968883099,0.34360891580581665,True,explicit_BB84_particle_events,
fixed_z_imr_L8_f0.5,fixed_z_imr,8,0.5,2026083004,100000,34328,0.34328,300000,400088,0.7498350362920158,0.34360891580581665,True,explicit_BB84_particle_events,
fixed_z_imr_L8_f0.5,fixed_z_imr,8,0.5,2026083005,100000,34248,0.34248,300009,400210,0.7496289448039779,0.34360891580581665,True,explicit_BB84_particle_events,
fixed_z_imr_L8_f0.5,fixed_z_imr,8,0.5,2026083006,100000,34511,0.34511,301123,400963,0.7509994687789148,0.34360891580581665,True,explicit_BB84_particle_events,
fixed_z_imr_L8_f0.5,fixed_z_imr,8,0.5,2026083007,100000,34256,0.34256,300572,400620,0.7502670860166741,0.34360891580581665,True,explicit_BB84_particle_events,
fixed_z_imr_L8_f0.5,fixed_z_imr,8,0.5,2026083008,100000,34165,0.34165,299236,399823,0.748421176370544,0.34360891580581665,True,explicit_BB84_particle_events,
fixed_z_imr_L8_f0.5,fixed_z_imr,8,0.5,2026083009,100000,34469,0.34469,300041,399991,0.7501193776859979,0.34360891580581665,True,explicit_BB84_particle_events,
fixed_z_imr_L8_f0.5,fixed_z_imr,8,0.5,2026083010,100000,34295,0.34295,299394,399349,0.7497051451236888,0.34360891580581665,True,explicit_BB84_particle_events,
fixed_z_imr_L8_f0.5,fixed_z_imr,8,0.5,2026083011,100000,34313,0.34313,299812,400023,0.749486904502991,0.34360891580581665,True,explicit_BB84_particle_events,
fixed_z_imr_L8_f0.5,fixed_z_imr,8,0.5,2026083012,100000,34203,0.34203,300756,401024,0.749970076603894,0.34360891580581665,True,explicit_BB84_particle_events,
fixed_z_imr_L8_f0.5,fixed_z_imr,8,0.5,2026083013,100000,34479,0.34479,299885,399636,0.7503953597773975,0.34360891580581665,True,explicit_BB84_particle_events,
fixed_z_imr_L8_f0.5,fixed_z_imr,8,0.5,2026083014,100000,34132,0.34132,299973,400394,0.7491945433747759,0.34360891580581665,True,explicit_BB84_particle_events,
fixed_z_imr_L8_f0.5,fixed_z_imr,8,0.5,2026083015,100000,34632,0.34632,299749,399575,0.7501695551523494,0.34360891580581665,True,explicit_BB84_particle_events,
fixed_z_imr_L8_f0.5,fixed_z_imr,8,0.5,2026083016,100000,34066,0.34066,300391,400728,0.7496132039687768,0.34360891580581665,True,explicit_BB84_particle_events,
fixed_z_imr_L8_f0.5,fixed_z_imr,8,0.5,2026083017,100000,34009,0.34009,300184,400235,0.750019363623871,0.34360891580581665,True,explicit_BB84_particle_events,
fixed_z_imr_L8_f0.5,fixed_z_imr,8,0.5,2026083018,100000,34702,0.34702,300502,399817,0.7515988564768381,0.34360891580581665,True,explicit_BB84_particle_events,
fixed_z_imr_L8_f0.5,fixed_z_imr,8,0.5,2026083019,100000,34342,0.34342,299847,399811,0.7499718617046555,0.34360891580581665,True,explicit_BB84_particle_events,
fixed_z_imr_L8_f0.5,fixed_z_imr,8,0.5,2026083020,100000,34466,0.34466,300018,399776,0.7504652605459057,0.34360891580581665,True,explicit_BB84_particle_events,
fixed_z_imr_L8_f0.5,fixed_z_imr,8,0.5,2026083021,100000,34547,0.34547,299511,399199,0.7502799355709809,0.34360891580581665,True,explicit_BB84_particle_events,
fixed_z_imr_L8_f0.5,fixed_z_imr,8,0.5,2026083022,100000,34084,0.34084,300025,400288,0.7495228435526421,0.34360891580581665,True,explicit_BB84_particle_events,
fixed_z_imr_L8_f0.5,fixed_z_imr,8,0.5,2026083023,100000,34283,0.34283,300187,400357,0.7497983050127761,0.34360891580581665,True,explicit_BB84_particle_events,
fixed_z_imr_L8_f0.5,fixed_z_imr,8,0.5,2026083024,100000,34485,0.34485,300300,400306,0.750176115271817,0.34360891580581665,True,explicit_BB84_particle_events,
fixed_z_imr_L8_f0.5,fixed_z_imr,8,0.5,2026083025,100000,34619,0.34619,300642,400199,0.7512312624469326,0.34360891580581665,True,explicit_BB84_particle_events,
fixed_z_imr_L8_f0.5,fixed_z_imr,8,0.5,2026083026,100000,34191,0.34191,299684,399863,0.7494666923421271,0.34360891580581665,True,explicit_BB84_particle_events,
fixed_z_imr_L8_f0.5,fixed_z_imr,8,0.5,2026083027,100000,34588,0.34588,299748,399492,0.7503229100958217,0.34360891580581665,True,explicit_BB84_particle_events,
fixed_z_imr_L8_f0.5,fixed_z_imr,8,0.5,2026083028,100000,34320,0.3432,299632,399483,0.7500494388997779,0.34360891580581665,True,explicit_BB84_particle_events,
fixed_z_imr_L8_f0.5,fixed_z_imr,8,0.5,2026083029,100000,34510,0.3451,300108,399921,0.7504182075960002,0.34360891580581665,True,explicit_BB84_particle_events,
fixed_z_imr_L8_f0.5,fixed_z_imr,8,0.5,2026083030,100000,34058,0.34058,299658,399917,0.7493004798495688,0.34360891580581665,True,explicit_BB84_particle_events,
fixed_z_imr_L8_f0.75,fixed_z_imr,8,0.75,2026083001,100000,19076,0.19076,449978,599972,0.7499983332555519,0.18992710881866515,True,explicit_BB84_particle_events,
fixed_z_imr_L8_f0.75,fixed_z_imr,8,0.75,2026083002,100000,19043,0.19043,449747,599779,0.7498545297517919,0.18992710881866515,True,explicit_BB84_particle_events,
fixed_z_imr_L8_f0.75,fixed_z_imr,8,0.75,2026083003,100000,18970,0.1897,449066,599036,0.7496477674129769,0.18992710881866515,True,explicit_BB84_particle_events,
fixed_z_imr_L8_f0.75,fixed_z_imr,8,0.75,2026083004,100000,18896,0.18896,450218,600347,0.7499296240341002,0.18992710881866515,True,explicit_BB84_particle_events,
fixed_z_imr_L8_f0.75,fixed_z_imr,8,0.75,2026083005,100000,19018,0.19018,449548,599995,0.7492529104409203,0.18992710881866515,True,explicit_BB84_particle_events,
fixed_z_imr_L8_f0.75,fixed_z_imr,8,0.75,2026083006,100000,19144,0.19144,450224,600025,0.750342069080455,0.18992710881866515,True,explicit_BB84_particle_events,
fixed_z_imr_L8_f0.75,fixed_z_imr,8,0.75,2026083007,100000,19017,0.19017,450257,600205,0.7501720245582759,0.18992710881866515,True,explicit_BB84_particle_events,
fixed_z_imr_L8_f0.75,fixed_z_imr,8,0.75,2026083008,100000,18878,0.18878,448592,599373,0.7484354483768871,0.18992710881866515,True,explicit_BB84_particle_events,
fixed_z_imr_L8_f0.75,fixed_z_imr,8,0.75,2026083009,100000,19011,0.19011,449962,600067,0.7498529330891384,0.18992710881866515,True,explicit_BB84_particle_events,
fixed_z_imr_L8_f0.75,fixed_z_imr,8,0.75,2026083010,100000,19017,0.19017,449637,599430,0.750107602222111,0.18992710881866515,True,explicit_BB84_particle_events,
fixed_z_imr_L8_f0.75,fixed_z_imr,8,0.75,2026083011,100000,18899,0.18899,449929,600398,0.7493845748986505,0.18992710881866515,True,explicit_BB84_particle_events,
fixed_z_imr_L8_f0.75,fixed_z_imr,8,0.75,2026083012,100000,18948,0.18948,450236,600661,0.7495675597383549,0.18992710881866515,True,explicit_BB84_particle_events,
fixed_z_imr_L8_f0.75,fixed_z_imr,8,0.75,2026083013,100000,18986,0.18986,449651,599599,0.7499195295522507,0.18992710881866515,True,explicit_BB84_particle_events,
fixed_z_imr_L8_f0.75,fixed_z_imr,8,0.75,2026083014,100000,18867,0.18867,449643,599590,0.7499174435864507,0.18992710881866515,True,explicit_BB84_particle_events,
fixed_z_imr_L8_f0.75,fixed_z_imr,8,0.75,2026083015,100000,19158,0.19158,449898,599694,0.7502126084302995,0.18992710881866515,True,explicit_BB84_particle_events,
fixed_z_imr_L8_f0.75,fixed_z_imr,8,0.75,2026083016,100000,18777,0.18777,449910,600102,0.7497225471669816,0.18992710881866515,True,explicit_BB84_particle_events,
fixed_z_imr_L8_f0.75,fixed_z_imr,8,0.75,2026083017,100000,18968,0.18968,450107,599868,0.7503434088832877,0.18992710881866515,True,explicit_BB84_particle_events,
fixed_z_imr_L8_f0.75,fixed_z_imr,8,0.75,2026083018,100000,19113,0.19113,450649,599949,0.7511455140353597,0.18992710881866515,True,explicit_BB84_particle_events,
fixed_z_imr_L8_f0.75,fixed_z_imr,8,0.75,2026083019,100000,19089,0.19089,449989,599565,0.7505257978701225,0.18992710881866515,True,explicit_BB84_particle_events,
fixed_z_imr_L8_f0.75,fixed_z_imr,8,0.75,2026083020,100000,19219,0.19219,450037,599624,0.7505320000533667,0.18992710881866515,True,explicit_BB84_particle_events,
fixed_z_imr_L8_f0.75,fixed_z_imr,8,0.75,2026083021,100000,19031,0.19031,450005,599825,0.7502271495852957,0.18992710881866515,True,explicit_BB84_particle_events,
fixed_z_imr_L8_f0.75,fixed_z_imr,8,0.75,2026083022,100000,18898,0.18898,449927,599882,0.7500258384148882,0.18992710881866515,True,explicit_BB84_particle_events,
fixed_z_imr_L8_f0.75,fixed_z_imr,8,0.75,2026083023,100000,19126,0.19126,449893,599951,0.7498829071040801,0.18992710881866515,True,explicit_BB84_particle_events,
fixed_z_imr_L8_f0.75,fixed_z_imr,8,0.75,2026083024,100000,18997,0.18997,449903,600265,0.749507300942084,0.18992710881866515,True,explicit_BB84_particle_events,
fixed_z_imr_L8_f0.75,fixed_z_imr,8,0.75,2026083025,100000,19372,0.19372,451249,600924,0.7509252417943034,0.18992710881866515,True,explicit_BB84_particle_events,
fixed_z_imr_L8_f0.75,fixed_z_imr,8,0.75,2026083026,100000,18966,0.18966,449177,599188,0.7496428499903203,0.18992710881866515,True,explicit_BB84_particle_events,
fixed_z_imr_L8_f0.75,fixed_z_imr,8,0.75,2026083027,100000,19096,0.19096,450016,599766,0.7503192911902309,0.18992710881866515,True,explicit_BB84_particle_events,
fixed_z_imr_L8_f0.75,fixed_z_imr,8,0.75,2026083028,100000,18897,0.18897,449991,600096,0.7498650215965446,0.18992710881866515,True,explicit_BB84_particle_events,
fixed_z_imr_L8_f0.75,fixed_z_imr,8,0.75,2026083029,100000,19167,0.19167,450403,600051,0.7506078649981418,0.18992710881866515,True,explicit_BB84_particle_events,
fixed_z_imr_L8_f0.75,fixed_z_imr,8,0.75,2026083030,100000,18918,0.18918,449593,599681,0.749720267942456,0.18992710881866515,True,explicit_BB84_particle_events,
fixed_z_imr_L8_f1,fixed_z_imr,8,1.0,2026083001,100000,10001,0.10001,599881,800000,0.74985125,0.1001129150390625,True,explicit_BB84_particle_events,
fixed_z_imr_L8_f1,fixed_z_imr,8,1.0,2026083002,100000,10064,0.10064,600018,800000,0.7500225,0.1001129150390625,True,explicit_BB84_particle_events,
fixed_z_imr_L8_f1,fixed_z_imr,8,1.0,2026083003,100000,9958,0.09958,599732,800000,0.749665,0.1001129150390625,True,explicit_BB84_particle_events,
fixed_z_imr_L8_f1,fixed_z_imr,8,1.0,2026083004,100000,9907,0.09907,599682,800000,0.7496025,0.1001129150390625,True,explicit_BB84_particle_events,
fixed_z_imr_L8_f1,fixed_z_imr,8,1.0,2026083005,100000,9971,0.09971,599273,800000,0.74909125,0.1001129150390625,True,explicit_BB84_particle_events,
fixed_z_imr_L8_f1,fixed_z_imr,8,1.0,2026083006,100000,10062,0.10062,599970,800000,0.7499625,0.1001129150390625,True,explicit_BB84_particle_events,
fixed_z_imr_L8_f1,fixed_z_imr,8,1.0,2026083007,100000,9998,0.09998,600257,800000,0.75032125,0.1001129150390625,True,explicit_BB84_particle_events,
fixed_z_imr_L8_f1,fixed_z_imr,8,1.0,2026083008,100000,9933,0.09933,598806,800000,0.7485075,0.1001129150390625,True,explicit_BB84_particle_events,
fixed_z_imr_L8_f1,fixed_z_imr,8,1.0,2026083009,100000,9974,0.09974,599891,800000,0.74986375,0.1001129150390625,True,explicit_BB84_particle_events,
fixed_z_imr_L8_f1,fixed_z_imr,8,1.0,2026083010,100000,10007,0.10007,600108,800000,0.750135,0.1001129150390625,True,explicit_BB84_particle_events,
fixed_z_imr_L8_f1,fixed_z_imr,8,1.0,2026083011,100000,10026,0.10026,599797,800000,0.74974625,0.1001129150390625,True,explicit_BB84_particle_events,
fixed_z_imr_L8_f1,fixed_z_imr,8,1.0,2026083012,100000,9961,0.09961,599734,800000,0.7496675,0.1001129150390625,True,explicit_BB84_particle_events,
fixed_z_imr_L8_f1,fixed_z_imr,8,1.0,2026083013,100000,10055,0.10055,599690,800000,0.7496125,0.1001129150390625,True,explicit_BB84_particle_events,
fixed_z_imr_L8_f1,fixed_z_imr,8,1.0,2026083014,100000,9937,0.09937,600150,800000,0.7501875,0.1001129150390625,True,explicit_BB84_particle_events,
fixed_z_imr_L8_f1,fixed_z_imr,8,1.0,2026083015,100000,10183,0.10183,600269,800000,0.75033625,0.1001129150390625,True,explicit_BB84_particle_events,
fixed_z_imr_L8_f1,fixed_z_imr,8,1.0,2026083016,100000,9833,0.09833,600070,800000,0.7500875,0.1001129150390625,True,explicit_BB84_particle_events,
fixed_z_imr_L8_f1,fixed_z_imr,8,1.0,2026083017,100000,10050,0.1005,600102,800000,0.7501275,0.1001129150390625,True,explicit_BB84_particle_events,
fixed_z_imr_L8_f1,fixed_z_imr,8,1.0,2026083018,100000,10064,0.10064,600784,800000,0.75098,0.1001129150390625,True,explicit_BB84_particle_events,
fixed_z_imr_L8_f1,fixed_z_imr,8,1.0,2026083019,100000,10045,0.10045,600241,800000,0.75030125,0.1001129150390625,True,explicit_BB84_particle_events,
fixed_z_imr_L8_f1,fixed_z_imr,8,1.0,2026083020,100000,10106,0.10106,600628,800000,0.750785,0.1001129150390625,True,explicit_BB84_particle_events,
fixed_z_imr_L8_f1,fixed_z_imr,8,1.0,2026083021,100000,10062,0.10062,599779,800000,0.74972375,0.1001129150390625,True,explicit_BB84_particle_events,
fixed_z_imr_L8_f1,fixed_z_imr,8,1.0,2026083022,100000,9822,0.09822,599508,800000,0.749385,0.1001129150390625,True,explicit_BB84_particle_events,
fixed_z_imr_L8_f1,fixed_z_imr,8,1.0,2026083023,100000,10053,0.10053,599649,800000,0.74956125,0.1001129150390625,True,explicit_BB84_particle_events,
fixed_z_imr_L8_f1,fixed_z_imr,8,1.0,2026083024,100000,10140,0.1014,600148,800000,0.750185,0.1001129150390625,True,explicit_BB84_particle_events,
fixed_z_imr_L8_f1,fixed_z_imr,8,1.0,2026083025,100000,10277,0.10277,600537,800000,0.75067125,0.1001129150390625,True,explicit_BB84_particle_events,
fixed_z_imr_L8_f1,fixed_z_imr,8,1.0,2026083026,100000,9902,0.09902,599395,800000,0.74924375,0.1001129150390625,True,explicit_BB84_particle_events,
fixed_z_imr_L8_f1,fixed_z_imr,8,1.0,2026083027,100000,9967,0.09967,599993,800000,0.74999125,0.1001129150390625,True,explicit_BB84_particle_events,
fixed_z_imr_L8_f1,fixed_z_imr,8,1.0,2026083028,100000,10032,0.10032,600271,800000,0.75033875,0.1001129150390625,True,explicit_BB84_particle_events,
fixed_z_imr_L8_f1,fixed_z_imr,8,1.0,2026083029,100000,10029,0.10029,600027,800000,0.75003375,0.1001129150390625,True,explicit_BB84_particle_events,
fixed_z_imr_L8_f1,fixed_z_imr,8,1.0,2026083030,100000,9939,0.09939,599792,800000,0.74974,0.1001129150390625,True,explicit_BB84_particle_events,
fixed_z_imr_L16_f0.1,fixed_z_imr,16,0.1,2026083001,100000,66808,0.66808,120611,160454,0.7516858414249566,0.6669201684248266,True,explicit_BB84_particle_events,
fixed_z_imr_L16_f0.1,fixed_z_imr,16,0.1,2026083002,100000,66782,0.66782,120622,160254,0.7526926004967115,0.6669201684248266,True,explicit_BB84_particle_events,
fixed_z_imr_L16_f0.1,fixed_z_imr,16,0.1,2026083003,100000,66685,0.66685,120493,160620,0.7501743244925912,0.6669201684248266,True,explicit_BB84_particle_events,
fixed_z_imr_L16_f0.1,fixed_z_imr,16,0.1,2026083004,100000,66687,0.66687,120374,160414,0.7503958507362201,0.6669201684248266,True,explicit_BB84_particle_events,
fixed_z_imr_L16_f0.1,fixed_z_imr,16,0.1,2026083005,100000,66605,0.66605,120631,160791,0.7502347768220858,0.6669201684248266,True,explicit_BB84_particle_events,
fixed_z_imr_L16_f0.1,fixed_z_imr,16,0.1,2026083006,100000,66898,0.66898,120022,159951,0.7503672999856206,0.6669201684248266,True,explicit_BB84_particle_events,
fixed_z_imr_L16_f0.1,fixed_z_imr,16,0.1,2026083007,100000,66854,0.66854,119566,159412,0.7500439113743006,0.6669201684248266,True,explicit_BB84_particle_events,
fixed_z_imr_L16_f0.1,fixed_z_imr,16,0.1,2026083008,100000,67025,0.67025,120301,159919,0.7522620826793565,0.6669201684248266,True,explicit_BB84_particle_events,
fixed_z_imr_L16_f0.1,fixed_z_imr,16,0.1,2026083009,100000,66993,0.66993,120178,159736,0.7523538839084489,0.6669201684248266,True,explicit_BB84_particle_events,
fixed_z_imr_L16_f0.1,fixed_z_imr,16,0.1,2026083010,100000,67063,0.67063,120035,159540,0.7523818478124609,0.6669201684248266,True,explicit_BB84_particle_events,
fixed_z_imr_L16_f0.1,fixed_z_imr,16,0.1,2026083011,100000,66360,0.6636,119836,160343,0.7473728195181579,0.6669201684248266,True,explicit_BB84_particle_events,
fixed_z_imr_L16_f0.1,fixed_z_imr,16,0.1,2026083012,100000,66649,0.66649,120666,160732,0.7507279197670657,0.6669201684248266,True,explicit_BB84_particle_events,
fixed_z_imr_L16_f0.1,fixed_z_imr,16,0.1,2026083013,100000,66789,0.66789,119950,159787,0.750686851871554,0.6669201684248266,True,explicit_BB84_particle_events,
fixed_z_imr_L16_f0.1,fixed_z_imr,16,0.1,2026083014,100000,66788,0.66788,120021,159879,0.7506989660931079,0.6669201684248266,True,explicit_BB84_particle_events,
fixed_z_imr_L16_f0.1,fixed_z_imr,16,0.1,2026083015,100000,66638,0.66638,120388,160497,0.7500950173523493,0.6669201684248266,True,explicit_BB84_particle_events,
fixed_z_imr_L16_f0.1,fixed_z_imr,16,0.1,2026083016,100000,66943,0.66943,120349,160046,0.751965060045237,0.6669201684248266,True,explicit_BB84_particle_events,
fixed_z_imr_L16_f0.1,fixed_z_imr,16,0.1,2026083017,100000,66743,0.66743,120101,160027,0.7505046023483537,0.6669201684248266,True,explicit_BB84_particle_events,
fixed_z_imr_L16_f0.1,fixed_z_imr,16,0.1,2026083018,100000,66842,0.66842,119982,159815,0.7507555611175422,0.6669201684248266,True,explicit_BB84_particle_events,
fixed_z_imr_L16_f0.1,fixed_z_imr,16,0.1,2026083019,100000,66619,0.66619,119606,159685,0.7490121176065379,0.6669201684248266,True,explicit_BB84_particle_events,
fixed_z_imr_L16_f0.1,fixed_z_imr,16,0.1,2026083020,100000,66482,0.66482,120164,160325,0.7495025728987993,0.6669201684248266,True,explicit_BB84_particle_events,
fixed_z_imr_L16_f0.1,fixed_z_imr,16,0.1,2026083021,100000,66566,0.66566,119905,160130,0.7487978517454568,0.6669201684248266,True,explicit_BB84_particle_events,
fixed_z_imr_L16_f0.1,fixed_z_imr,16,0.1,2026083022,100000,66688,0.66688,119859,159873,0.7497138353568145,0.6669201684248266,True,explicit_BB84_particle_events,
fixed_z_imr_L16_f0.1,fixed_z_imr,16,0.1,2026083023,100000,66809,0.66809,120017,159907,0.7505425028297698,0.6669201684248266,True,explicit_BB84_particle_events,
fixed_z_imr_L16_f0.1,fixed_z_imr,16,0.1,2026083024,100000,66713,0.66713,120025,159977,0.7502641004644418,0.6669201684248266,True,explicit_BB84_particle_events,
fixed_z_imr_L16_f0.1,fixed_z_imr,16,0.1,2026083025,100000,66771,0.66771,119797,159632,0.7504573017941265,0.6669201684248266,True,explicit_BB84_particle_events,
fixed_z_imr_L16_f0.1,fixed_z_imr,16,0.1,2026083026,100000,66755,0.66755,120273,160256,0.7505054412939297,0.6669201684248266,True,explicit_BB84_particle_events,
fixed_z_imr_L16_f0.1,fixed_z_imr,16,0.1,2026083027,100000,66737,0.66737,120355,160350,0.7505768631119426,0.6669201684248266,True,explicit_BB84_particle_events,
fixed_z_imr_L16_f0.1,fixed_z_imr,16,0.1,2026083028,100000,66711,0.66711,120327,160398,0.750177683013504,0.6669201684248266,True,explicit_BB84_particle_events,
fixed_z_imr_L16_f0.1,fixed_z_imr,16,0.1,2026083029,100000,66846,0.66846,120083,159808,0.7514204545454546,0.6669201684248266,True,explicit_BB84_particle_events,
fixed_z_imr_L16_f0.1,fixed_z_imr,16,0.1,2026083030,100000,66796,0.66796,119973,159947,0.7500797139052311,0.6669201684248266,True,explicit_BB84_particle_events,
fixed_z_imr_L16_f0.25,fixed_z_imr,16,0.25,2026083001,100000,35737,0.35737,300494,400099,0.7510491153439524,0.3560741304517928,True,explicit_BB84_particle_events,
fixed_z_imr_L16_f0.25,fixed_z_imr,16,0.25,2026083002,100000,35702,0.35702,300356,400079,0.7507417285086195,0.3560741304517928,True,explicit_BB84_particle_events,
fixed_z_imr_L16_f0.25,fixed_z_imr,16,0.25,2026083003,100000,35798,0.35798,299715,399609,0.7500206451806641,0.3560741304517928,True,explicit_BB84_particle_events,
fixed_z_imr_L16_f0.25,fixed_z_imr,16,0.25,2026083004,100000,35625,0.35625,299713,399693,0.749858016027301,0.3560741304517928,True,explicit_BB84_particle_events,
fixed_z_imr_L16_f0.25,fixed_z_imr,16,0.25,2026083005,100000,35672,0.35672,299731,399661,0.7499630937219294,0.3560741304517928,True,explicit_BB84_particle_events,
fixed_z_imr_L16_f0.25,fixed_z_imr,16,0.25,2026083006,100000,35708,0.35708,300118,400155,0.7500043733053442,0.3560741304517928,True,explicit_BB84_particle_events,
fixed_z_imr_L16_f0.25,fixed_z_imr,16,0.25,2026083007,100000,35642,0.35642,300240,400352,0.7499400527535769,0.3560741304517928,True,explicit_BB84_particle_events,
fixed_z_imr_L16_f0.25,fixed_z_imr,16,0.25,2026083008,100000,35918,0.35918,300892,400212,0.7518315292894766,0.3560741304517928,True,explicit_BB84_particle_events,
fixed_z_imr_L16_f0.25,fixed_z_imr,16,0.25,2026083009,100000,35804,0.35804,300505,400196,0.7508945616647843,0.3560741304517928,True,explicit_BB84_particle_events,
fixed_z_imr_L16_f0.25,fixed_z_imr,16,0.25,2026083010,100000,35603,0.35603,300094,399863,0.7504920435249073,0.3560741304517928,True,explicit_BB84_particle_events,
fixed_z_imr_L16_f0.25,fixed_z_imr,16,0.25,2026083011,100000,35272,0.35272,299306,400064,0.7481452967525196,0.3560741304517928,True,explicit_BB84_particle_events,
fixed_z_imr_L16_f0.25,fixed_z_imr,16,0.25,2026083012,100000,35851,0.35851,300156,399555,0.7512257386342306,0.3560741304517928,True,explicit_BB84_particle_events,
fixed_z_imr_L16_f0.25,fixed_z_imr,16,0.25,2026083013,100000,35710,0.3571,299804,399361,0.7507092580397184,0.3560741304517928,True,explicit_BB84_particle_events,
fixed_z_imr_L16_f0.25,fixed_z_imr,16,0.25,2026083014,100000,35837,0.35837,300875,400375,0.751482984701842,0.3560741304517928,True,explicit_BB84_particle_events,
fixed_z_imr_L16_f0.25,fixed_z_imr,16,0.25,2026083015,100000,35702,0.35702,299945,400053,0.7497631563817794,0.3560741304517928,True,explicit_BB84_particle_events,
fixed_z_imr_L16_f0.25,fixed_z_imr,16,0.25,2026083016,100000,35535,0.35535,300529,400605,0.7501878408906529,0.3560741304517928,True,explicit_BB84_particle_events,
fixed_z_imr_L16_f0.25,fixed_z_imr,16,0.25,2026083017,100000,35510,0.3551,300396,400554,0.7499513174253659,0.3560741304517928,True,explicit_BB84_particle_events,
fixed_z_imr_L16_f0.25,fixed_z_imr,16,0.25,2026083018,100000,35641,0.35641,300151,399968,0.7504375350028002,0.3560741304517928,True,explicit_BB84_particle_events,
fixed_z_imr_L16_f0.25,fixed_z_imr,16,0.25,2026083019,100000,35515,0.35515,299460,399624,0.7493543931295418,0.3560741304517928,True,explicit_BB84_particle_events,
fixed_z_imr_L16_f0.25,fixed_z_imr,16,0.25,2026083020,100000,35463,0.35463,300159,400469,0.7495186893367527,0.3560741304517928,True,explicit_BB84_particle_events,
fixed_z_imr_L16_f0.25,fixed_z_imr,16,0.25,2026083021,100000,35444,0.35444,300027,400352,0.7494080209415714,0.3560741304517928,True,explicit_BB84_particle_events,
fixed_z_imr_L16_f0.25,fixed_z_imr,16,0.25,2026083022,100000,35453,0.35453,299952,400346,0.7492319143940491,0.3560741304517928,True,explicit_BB84_particle_events,
fixed_z_imr_L16_f0.25,fixed_z_imr,16,0.25,2026083023,100000,35834,0.35834,300024,399908,0.7502325534873021,0.3560741304517928,True,explicit_BB84_particle_events,
fixed_z_imr_L16_f0.25,fixed_z_imr,16,0.25,2026083024,100000,35526,0.35526,299680,399885,0.7494154569438713,0.3560741304517928,True,explicit_BB84_particle_events,
fixed_z_imr_L16_f0.25,fixed_z_imr,16,0.25,2026083025,100000,35841,0.35841,300034,399868,0.7503326097612212,0.3560741304517928,True,explicit_BB84_particle_events,
fixed_z_imr_L16_f0.25,fixed_z_imr,16,0.25,2026083026,100000,35670,0.3567,300123,400088,0.7501424686568955,0.3560741304517928,True,explicit_BB84_particle_events,
fixed_z_imr_L16_f0.25,fixed_z_imr,16,0.25,2026083027,100000,35767,0.35767,300089,399567,0.751035495924338,0.3560741304517928,True,explicit_BB84_particle_events,
fixed_z_imr_L16_f0.25,fixed_z_imr,16,0.25,2026083028,100000,35547,0.35547,299657,399793,0.7495303819726709,0.3560741304517928,True,explicit_BB84_particle_events,
fixed_z_imr_L16_f0.25,fixed_z_imr,16,0.25,2026083029,100000,35588,0.35588,300093,400170,0.7499137866406778,0.3560741304517928,True,explicit_BB84_particle_events,
fixed_z_imr_L16_f0.25,fixed_z_imr,16,0.25,2026083030,100000,35638,0.35638,300657,400565,0.750582302497722,0.3560741304517928,True,explicit_BB84_particle_events,
fixed_z_imr_L16_f0.5,fixed_z_imr,16,0.5,2026083001,100000,11728,0.11728,600426,800402,0.750155546837714,0.1180670870212488,True,explicit_BB84_particle_events,
fixed_z_imr_L16_f0.5,fixed_z_imr,16,0.5,2026083002,100000,11852,0.11852,600536,800346,0.7503454755818109,0.1180670870212488,True,explicit_BB84_particle_events,
fixed_z_imr_L16_f0.5,fixed_z_imr,16,0.5,2026083003,100000,11832,0.11832,599863,799897,0.7499253028827462,0.1180670870212488,True,explicit_BB84_particle_events,
fixed_z_imr_L16_f0.5,fixed_z_imr,16,0.5,2026083004,100000,11763,0.11763,599229,799346,0.7496490881295459,0.1180670870212488,True,explicit_BB84_particle_events,
fixed_z_imr_L16_f0.5,fixed_z_imr,16,0.5,2026083005,100000,11846,0.11846,599840,799871,0.7499209247491158,0.1180670870212488,True,explicit_BB84_particle_events,
fixed_z_imr_L16_f0.5,fixed_z_imr,16,0.5,2026083006,100000,11757,0.11757,600182,800249,0.7499940643474718,0.1180670870212488,True,explicit_BB84_particle_events,
fixed_z_imr_L16_f0.5,fixed_z_imr,16,0.5,2026083007,100000,11831,0.11831,599669,799885,0.7496940185151616,0.1180670870212488,True,explicit_BB84_particle_events,
fixed_z_imr_L16_f0.5,fixed_z_imr,16,0.5,2026083008,100000,11905,0.11905,601412,800918,0.750903338419164,0.1180670870212488,True,explicit_BB84_particle_events,
fixed_z_imr_L16_f0.5,fixed_z_imr,16,0.5,2026083009,100000,11827,0.11827,600854,800780,0.7503359224755863,0.1180670870212488,True,explicit_BB84_particle_events,
fixed_z_imr_L16_f0.5,fixed_z_imr,16,0.5,2026083010,100000,11822,0.11822,600288,800067,0.7502971626126312,0.1180670870212488,True,explicit_BB84_particle_events,
fixed_z_imr_L16_f0.5,fixed_z_imr,16,0.5,2026083011,100000,11900,0.119,599994,800204,0.7498013006683296,0.1180670870212488,True,explicit_BB84_particle_events,
fixed_z_imr_L16_f0.5,fixed_z_imr,16,0.5,2026083012,100000,11981,0.11981,599871,799014,0.7507640667122228,0.1180670870212488,True,explicit_BB84_particle_events,
fixed_z_imr_L16_f0.5,fixed_z_imr,16,0.5,2026083013,100000,11881,0.11881,599222,798891,0.7500672807679646,0.1180670870212488,True,explicit_BB84_particle_events,
fixed_z_imr_L16_f0.5,fixed_z_imr,16,0.5,2026083014,100000,11913,0.11913,601044,800541,0.7507972733439012,0.1180670870212488,True,explicit_BB84_particle_events,
fixed_z_imr_L16_f0.5,fixed_z_imr,16,0.5,2026083015,100000,11885,0.11885,600163,800423,0.749807289395732,0.1180670870212488,True,explicit_BB84_particle_events,
fixed_z_imr_L16_f0.5,fixed_z_imr,16,0.5,2026083016,100000,11728,0.11728,600160,800202,0.7500106223178648,0.1180670870212488,True,explicit_BB84_particle_events,
fixed_z_imr_L16_f0.5,fixed_z_imr,16,0.5,2026083017,100000,11676,0.11676,600226,800509,0.7498054362911597,0.1180670870212488,True,explicit_BB84_particle_events,
fixed_z_imr_L16_f0.5,fixed_z_imr,16,0.5,2026083018,100000,11858,0.11858,599799,798954,0.7507303299063526,0.1180670870212488,True,explicit_BB84_particle_events,
fixed_z_imr_L16_f0.5,fixed_z_imr,16,0.5,2026083019,100000,11821,0.11821,599700,799371,0.7502148564308687,0.1180670870212488,True,explicit_BB84_particle_events,
fixed_z_imr_L16_f0.5,fixed_z_imr,16,0.5,2026083020,100000,11756,0.11756,599671,799905,0.7496777742356905,0.1180670870212488,True,explicit_BB84_particle_events,
fixed_z_imr_L16_f0.5,fixed_z_imr,16,0.5,2026083021,100000,11974,0.11974,600524,800528,0.75015989446965,0.1180670870212488,True,explicit_BB84_particle_events,
fixed_z_imr_L16_f0.5,fixed_z_imr,16,0.5,2026083022,100000,11744,0.11744,599663,800412,0.749192915648441,0.1180670870212488,True,explicit_BB84_particle_events,
fixed_z_imr_L16_f0.5,fixed_z_imr,16,0.5,2026083023,100000,11949,0.11949,599850,799838,0.7499643677844764,0.1180670870212488,True,explicit_BB84_particle_events,
fixed_z_imr_L16_f0.5,fixed_z_imr,16,0.5,2026083024,100000,11796,0.11796,599698,799740,0.7498662065171181,0.1180670870212488,True,explicit_BB84_particle_events,
fixed_z_imr_L16_f0.5,fixed_z_imr,16,0.5,2026083025,100000,11947,0.11947,599576,799764,0.7496911588918731,0.1180670870212488,True,explicit_BB84_particle_events,
fixed_z_imr_L16_f0.5,fixed_z_imr,16,0.5,2026083026,100000,11902,0.11902,599941,799862,0.750055634596968,0.1180670870212488,True,explicit_BB84_particle_events,
fixed_z_imr_L16_f0.5,fixed_z_imr,16,0.5,2026083027,100000,11919,0.11919,599817,799006,0.7507039997196516,0.1180670870212488,True,explicit_BB84_particle_events,
fixed_z_imr_L16_f0.5,fixed_z_imr,16,0.5,2026083028,100000,11735,0.11735,599611,799374,0.750100703800724,0.1180670870212488,True,explicit_BB84_particle_events,
fixed_z_imr_L16_f0.5,fixed_z_imr,16,0.5,2026083029,100000,11773,0.11773,599551,799980,0.7494574864371609,0.1180670870212488,True,explicit_BB84_particle_events,
fixed_z_imr_L16_f0.5,fixed_z_imr,16,0.5,2026083030,100000,11836,0.11836,601616,801134,0.7509555205496209,0.1180670870212488,True,explicit_BB84_particle_events,
fixed_z_imr_L16_f0.75,fixed_z_imr,16,0.75,2026083001,100000,3558,0.03558,900755,1200620,0.7502415418700338,0.036072306664217076,True,explicit_BB84_particle_events,
fixed_z_imr_L16_f0.75,fixed_z_imr,16,0.75,2026083002,100000,3727,0.03727,900425,1200259,0.7501922501726711,0.036072306664217076,True,explicit_BB84_particle_events,
fixed_z_imr_L16_f0.75,fixed_z_imr,16,0.75,2026083003,100000,3592,0.03592,900492,1200566,0.750056223481258,0.036072306664217076,True,explicit_BB84_particle_events,
fixed_z_imr_L16_f0.75,fixed_z_imr,16,0.75,2026083004,100000,3663,0.03663,900029,1200027,0.7500072915026078,0.036072306664217076,True,explicit_BB84_particle_events,
fixed_z_imr_L16_f0.75,fixed_z_imr,16,0.75,2026083005,100000,3703,0.03703,900227,1200162,0.7500879047995187,0.036072306664217076,True,explicit_BB84_particle_events,
fixed_z_imr_L16_f0.75,fixed_z_imr,16,0.75,2026083006,100000,3584,0.03584,900507,1200745,0.7499569017568259,0.036072306664217076,True,explicit_BB84_particle_events,
fixed_z_imr_L16_f0.75,fixed_z_imr,16,0.75,2026083007,100000,3587,0.03587,899287,1199510,0.7497119657193354,0.036072306664217076,True,explicit_BB84_particle_events,
fixed_z_imr_L16_f0.75,fixed_z_imr,16,0.75,2026083008,100000,3608,0.03608,902249,1202037,0.7506000231274079,0.036072306664217076,True,explicit_BB84_particle_events,
fixed_z_imr_L16_f0.75,fixed_z_imr,16,0.75,2026083009,100000,3558,0.03558,900568,1199766,0.7506197041756476,0.036072306664217076,True,explicit_BB84_particle_events,
fixed_z_imr_L16_f0.75,fixed_z_imr,16,0.75,2026083010,100000,3640,0.0364,901236,1200504,0.7507146998260731,0.036072306664217076,True,explicit_BB84_particle_events,
fixed_z_imr_L16_f0.75,fixed_z_imr,16,0.75,2026083011,100000,3607,0.03607,899902,1199795,0.7500464662713213,0.036072306664217076,True,explicit_BB84_particle_events,
fixed_z_imr_L16_f0.75,fixed_z_imr,16,0.75,2026083012,100000,3626,0.03626,900120,1199788,0.7502325410822579,0.036072306664217076,True,explicit_BB84_particle_events,
fixed_z_imr_L16_f0.75,fixed_z_imr,16,0.75,2026083013,100000,3648,0.03648,899201,1199300,0.7497715333944801,0.036072306664217076,True,explicit_BB84_particle_events,
fixed_z_imr_L16_f0.75,fixed_z_imr,16,0.75,2026083014,100000,3648,0.03648,900572,1199829,0.7505836248332054,0.036072306664217076,True,explicit_BB84_particle_events,
fixed_z_imr_L16_f0.75,fixed_z_imr,16,0.75,2026083015,100000,3662,0.03662,899546,1200236,0.7494742700602215,0.036072306664217076,True,explicit_BB84_particle_events,
fixed_z_imr_L16_f0.75,fixed_z_imr,16,0.75,2026083016,100000,3628,0.03628,900431,1200217,0.7502235012501905,0.036072306664217076,True,explicit_BB84_particle_events,
fixed_z_imr_L16_f0.75,fixed_z_imr,16,0.75,2026083017,100000,3574,0.03574,899977,1199739,0.7501439896510824,0.036072306664217076,True,explicit_BB84_particle_events,
fixed_z_imr_L16_f0.75,fixed_z_imr,16,0.75,2026083018,100000,3576,0.03576,900396,1199680,0.7505301413710322,0.036072306664217076,True,explicit_BB84_particle_events,
fixed_z_imr_L16_f0.75,fixed_z_imr,16,0.75,2026083019,100000,3594,0.03594,899580,1199279,0.7501006854952017,0.036072306664217076,True,explicit_BB84_particle_events,
fixed_z_imr_L16_f0.75,fixed_z_imr,16,0.75,2026083020,100000,3626,0.03626,900290,1200205,0.7501135222732783,0.036072306664217076,True,explicit_BB84_particle_events,
fixed_z_imr_L16_f0.75,fixed_z_imr,16,0.75,2026083021,100000,3705,0.03705,900636,1199836,0.750632586453482,0.036072306664217076,True,explicit_BB84_particle_events,
fixed_z_imr_L16_f0.75,fixed_z_imr,16,0.75,2026083022,100000,3632,0.03632,898349,1199381,0.7490105312657113,0.036072306664217076,True,explicit_BB84_particle_events,
fixed_z_imr_L16_f0.75,fixed_z_imr,16,0.75,2026083023,100000,3557,0.03557,900398,1200485,0.7500285301357368,0.036072306664217076,True,explicit_BB84_particle_events,
fixed_z_imr_L16_f0.75,fixed_z_imr,16,0.75,2026083024,100000,3579,0.03579,900069,1200388,0.7498150597973322,0.036072306664217076,True,explicit_BB84_particle_events,
fixed_z_imr_L16_f0.75,fixed_z_imr,16,0.75,2026083025,100000,3640,0.0364,899251,1199457,0.7497150794067649,0.036072306664217076,True,explicit_BB84_particle_events,
fixed_z_imr_L16_f0.75,fixed_z_imr,16,0.75,2026083026,100000,3599,0.03599,900022,1199662,0.7502296480175249,0.036072306664217076,True,explicit_BB84_particle_events,
fixed_z_imr_L16_f0.75,fixed_z_imr,16,0.75,2026083027,100000,3641,0.03641,899439,1198333,0.7505751740125658,0.036072306664217076,True,explicit_BB84_particle_events,
fixed_z_imr_L16_f0.75,fixed_z_imr,16,0.75,2026083028,100000,3430,0.0343,899765,1199761,0.749953532411872,0.036072306664217076,True,explicit_BB84_particle_events,
fixed_z_imr_L16_f0.75,fixed_z_imr,16,0.75,2026083029,100000,3476,0.03476,899312,1199666,0.7496353151627203,0.036072306664217076,True,explicit_BB84_particle_events,
fixed_z_imr_L16_f0.75,fixed_z_imr,16,0.75,2026083030,100000,3622,0.03622,901461,1200766,0.750738278732076,0.036072306664217076,True,explicit_BB84_particle_events,
fixed_z_imr_L16_f1,fixed_z_imr,16,1.0,2026083001,100000,1027,0.01027,1200053,1600000,0.750033125,0.010022595757618546,True,explicit_BB84_particle_events,
fixed_z_imr_L16_f1,fixed_z_imr,16,1.0,2026083002,100000,1077,0.01077,1199994,1600000,0.74999625,0.010022595757618546,True,explicit_BB84_particle_events,
fixed_z_imr_L16_f1,fixed_z_imr,16,1.0,2026083003,100000,970,0.0097,1200462,1600000,0.75028875,0.010022595757618546,True,explicit_BB84_particle_events,
fixed_z_imr_L16_f1,fixed_z_imr,16,1.0,2026083004,100000,1029,0.01029,1200252,1600000,0.7501575,0.010022595757618546,True,explicit_BB84_particle_events,
fixed_z_imr_L16_f1,fixed_z_imr,16,1.0,2026083005,100000,1031,0.01031,1199908,1600000,0.7499425,0.010022595757618546,True,explicit_BB84_particle_events,
fixed_z_imr_L16_f1,fixed_z_imr,16,1.0,2026083006,100000,999,0.00999,1199954,1600000,0.74997125,0.010022595757618546,True,explicit_BB84_particle_events,
fixed_z_imr_L16_f1,fixed_z_imr,16,1.0,2026083007,100000,1026,0.01026,1199640,1600000,0.749775,0.010022595757618546,True,explicit_BB84_particle_events,
fixed_z_imr_L16_f1,fixed_z_imr,16,1.0,2026083008,100000,968,0.00968,1201384,1600000,0.750865,0.010022595757618546,True,explicit_BB84_particle_events,
fixed_z_imr_L16_f1,fixed_z_imr,16,1.0,2026083009,100000,998,0.00998,1200854,1600000,0.75053375,0.010022595757618546,True,explicit_BB84_particle_events,
fixed_z_imr_L16_f1,fixed_z_imr,16,1.0,2026083010,100000,1018,0.01018,1200840,1600000,0.750525,0.010022595757618546,True,explicit_BB84_particle_events,
fixed_z_imr_L16_f1,fixed_z_imr,16,1.0,2026083011,100000,991,0.00991,1200074,1600000,0.75004625,0.010022595757618546,True,explicit_BB84_particle_events,
fixed_z_imr_L16_f1,fixed_z_imr,16,1.0,2026083012,100000,1074,0.01074,1200189,1600000,0.750118125,0.010022595757618546,True,explicit_BB84_particle_events,
fixed_z_imr_L16_f1,fixed_z_imr,16,1.0,2026083013,100000,992,0.00992,1199443,1600000,0.749651875,0.010022595757618546,True,explicit_BB84_particle_events,
fixed_z_imr_L16_f1,fixed_z_imr,16,1.0,2026083014,100000,1018,0.01018,1200330,1600000,0.75020625,0.010022595757618546,True,explicit_BB84_particle_events,
fixed_z_imr_L16_f1,fixed_z_imr,16,1.0,2026083015,100000,1000,0.01,1199580,1600000,0.7497375,0.010022595757618546,True,explicit_BB84_particle_events,
fixed_z_imr_L16_f1,fixed_z_imr,16,1.0,2026083016,100000,1026,0.01026,1199938,1600000,0.74996125,0.010022595757618546,True,explicit_BB84_particle_events,
fixed_z_imr_L16_f1,fixed_z_imr,16,1.0,2026083017,100000,1025,0.01025,1200583,1600000,0.750364375,0.010022595757618546,True,explicit_BB84_particle_events,
fixed_z_imr_L16_f1,fixed_z_imr,16,1.0,2026083018,100000,975,0.00975,1200467,1600000,0.750291875,0.010022595757618546,True,explicit_BB84_particle_events,
fixed_z_imr_L16_f1,fixed_z_imr,16,1.0,2026083019,100000,980,0.0098,1200519,1600000,0.750324375,0.010022595757618546,True,explicit_BB84_particle_events,
fixed_z_imr_L16_f1,fixed_z_imr,16,1.0,2026083020,100000,981,0.00981,1200390,1600000,0.75024375,0.010022595757618546,True,explicit_BB84_particle_events,
fixed_z_imr_L16_f1,fixed_z_imr,16,1.0,2026083021,100000,1065,0.01065,1200850,1600000,0.75053125,0.010022595757618546,True,explicit_BB84_particle_events,
fixed_z_imr_L16_f1,fixed_z_imr,16,1.0,2026083022,100000,1004,0.01004,1199187,1600000,0.749491875,0.010022595757618546,True,explicit_BB84_particle_events,
fixed_z_imr_L16_f1,fixed_z_imr,16,1.0,2026083023,100000,1009,0.01009,1199842,1600000,0.74990125,0.010022595757618546,True,explicit_BB84_particle_events,
fixed_z_imr_L16_f1,fixed_z_imr,16,1.0,2026083024,100000,1012,0.01012,1199813,1600000,0.749883125,0.010022595757618546,True,explicit_BB84_particle_events,
fixed_z_imr_L16_f1,fixed_z_imr,16,1.0,2026083025,100000,1025,0.01025,1199824,1600000,0.74989,0.010022595757618546,True,explicit_BB84_particle_events,
fixed_z_imr_L16_f1,fixed_z_imr,16,1.0,2026083026,100000,1109,0.01109,1200308,1600000,0.7501925,0.010022595757618546,True,explicit_BB84_particle_events,
fixed_z_imr_L16_f1,fixed_z_imr,16,1.0,2026083027,100000,1016,0.01016,1201080,1600000,0.750675,0.010022595757618546,True,explicit_BB84_particle_events,
fixed_z_imr_L16_f1,fixed_z_imr,16,1.0,2026083028,100000,962,0.00962,1199849,1600000,0.749905625,0.010022595757618546,True,explicit_BB84_particle_events,
fixed_z_imr_L16_f1,fixed_z_imr,16,1.0,2026083029,100000,956,0.00956,1199220,1600000,0.7495125,0.010022595757618546,True,explicit_BB84_particle_events,
fixed_z_imr_L16_f1,fixed_z_imr,16,1.0,2026083030,100000,1030,0.0103,1200915,1600000,0.750571875,0.010022595757618546,True,explicit_BB84_particle_events,
fixed_z_imr_L24_f0.1,fixed_z_imr,24,0.1,2026083001,100000,54282,0.54282,179352,239849,0.7477704722554607,0.5446415584428747,True,explicit_BB84_particle_events,
fixed_z_imr_L24_f0.1,fixed_z_imr,24,0.1,2026083002,100000,54415,0.54415,179403,239435,0.749276421575793,0.5446415584428747,True,explicit_BB84_particle_events,
fixed_z_imr_L24_f0.1,fixed_z_imr,24,0.1,2026083003,100000,54270,0.5427,179791,239877,0.749513292228934,0.5446415584428747,True,explicit_BB84_particle_events,
fixed_z_imr_L24_f0.1,fixed_z_imr,24,0.1,2026083004,100000,54468,0.54468,179807,239737,0.7500177277600036,0.5446415584428747,True,explicit_BB84_particle_events,
fixed_z_imr_L24_f0.1,fixed_z_imr,24,0.1,2026083005,100000,54484,0.54484,179380,239496,0.7489895447105588,0.5446415584428747,True,explicit_BB84_particle_events,
fixed_z_imr_L24_f0.1,fixed_z_imr,24,0.1,2026083006,100000,54582,0.54582,180352,240169,0.7509378812419588,0.5446415584428747,True,explicit_BB84_particle_events,
fixed_z_imr_L24_f0.1,fixed_z_imr,24,0.1,2026083007,100000,54204,0.54204,179546,240142,0.7476659643044532,0.5446415584428747,True,explicit_BB84_particle_events,
fixed_z_imr_L24_f0.1,fixed_z_imr,24,0.1,2026083008,100000,54300,0.543,179769,239939,0.7492279287652278,0.5446415584428747,True,explicit_BB84_particle_events,
fixed_z_imr_L24_f0.1,fixed_z_imr,24,0.1,2026083009,100000,54383,0.54383,179819,239898,0.7495643982025694,0.5446415584428747,True,explicit_BB84_particle_events,
fixed_z_imr_L24_f0.1,fixed_z_imr,24,0.1,2026083010,100000,54602,0.54602,179823,239880,0.7496373186593297,0.5446415584428747,True,explicit_BB84_particle_events,
fixed_z_imr_L24_f0.1,fixed_z_imr,24,0.1,2026083011,100000,54660,0.5466,180316,240045,0.7511758212001917,0.5446415584428747,True,explicit_BB84_particle_events,
fixed_z_imr_L24_f0.1,fixed_z_imr,24,0.1,2026083012,100000,54571,0.54571,180437,240305,0.7508666070202451,0.5446415584428747,True,explicit_BB84_particle_events,
fixed_z_imr_L24_f0.1,fixed_z_imr,24,0.1,2026083013,100000,54568,0.54568,180173,240148,0.7502581741259556,0.5446415584428747,True,explicit_BB84_particle_events,
fixed_z_imr_L24_f0.1,fixed_z_imr,24,0.1,2026083014,100000,54683,0.54683,180588,240280,0.7515731646412519,0.5446415584428747,True,explicit_BB84_particle_events,
fixed_z_imr_L24_f0.1,fixed_z_imr,24,0.1,2026083015,100000,54563,0.54563,179670,239332,0.7507144886601039,0.5446415584428747,True,explicit_BB84_particle_events,
fixed_z_imr_L24_f0.1,fixed_z_imr,24,0.1,2026083016,100000,54386,0.54386,179776,239819,0.7496320141440003,0.5446415584428747,True,explicit_BB84_particle_events,
fixed_z_imr_L24_f0.1,fixed_z_imr,24,0.1,2026083017,100000,54285,0.54285,179928,240148,0.7492379699185502,0.5446415584428747,True,explicit_BB84_particle_events,
fixed_z_imr_L24_f0.1,fixed_z_imr,24,0.1,2026083018,100000,54303,0.54303,180776,240887,0.7504597591401777,0.5446415584428747,True,explicit_BB84_particle_events,
fixed_z_imr_L24_f0.1,fixed_z_imr,24,0.1,2026083019,100000,54493,0.54493,179662,239872,0.7489911286019211,0.5446415584428747,True,explicit_BB84_particle_events,
fixed_z_imr_L24_f0.1,fixed_z_imr,24,0.1,2026083020,100000,54324,0.54324,180005,240176,0.7494712211045234,0.5446415584428747,True,explicit_BB84_particle_events,
fixed_z_imr_L24_f0.1,fixed_z_imr,24,0.1,2026083021,100000,54567,0.54567,180048,239837,0.7507098571112881,0.5446415584428747,True,explicit_BB84_particle_events,
fixed_z_imr_L24_f0.1,fixed_z_imr,24,0.1,2026083022,100000,54561,0.54561,179843,239744,0.750145989054992,0.5446415584428747,True,explicit_BB84_particle_events,
fixed_z_imr_L24_f0.1,fixed_z_imr,24,0.1,2026083023,100000,54687,0.54687,180179,239906,0.7510399906630096,0.5446415584428747,True,explicit_BB84_particle_events,
fixed_z_imr_L24_f0.1,fixed_z_imr,24,0.1,2026083024,100000,54345,0.54345,180311,240431,0.7499490498313446,0.5446415584428747,True,explicit_BB84_particle_events,
fixed_z_imr_L24_f0.1,fixed_z_imr,24,0.1,2026083025,100000,54100,0.541,180270,240651,0.7490930850069187,0.5446415584428747,True,explicit_BB84_particle_events,
fixed_z_imr_L24_f0.1,fixed_z_imr,24,0.1,2026083026,100000,54921,0.54921,180073,239548,0.7517199058226326,0.5446415584428747,True,explicit_BB84_particle_events,
fixed_z_imr_L24_f0.1,fixed_z_imr,24,0.1,2026083027,100000,54470,0.5447,180414,240204,0.7510865764100515,0.5446415584428747,True,explicit_BB84_particle_events,
fixed_z_imr_L24_f0.1,fixed_z_imr,24,0.1,2026083028,100000,54761,0.54761,179764,239333,0.7511041101728554,0.5446415584428747,True,explicit_BB84_particle_events,
fixed_z_imr_L24_f0.1,fixed_z_imr,24,0.1,2026083029,100000,54349,0.54349,180333,240438,0.7500187158435855,0.5446415584428747,True,explicit_BB84_particle_events,
fixed_z_imr_L24_f0.1,fixed_z_imr,24,0.1,2026083030,100000,54438,0.54438,179471,239280,0.7500459712470745,0.5446415584428747,True,explicit_BB84_particle_events,
fixed_z_imr_L24_f0.25,fixed_z_imr,24,0.25,2026083001,100000,21101,0.21101,449365,600292,0.7485773590186109,0.2124763677688145,True,explicit_BB84_particle_events,
fixed_z_imr_L24_f0.25,fixed_z_imr,24,0.25,2026083002,100000,21184,0.21184,449279,599174,0.7498306001261738,0.2124763677688145,True,explicit_BB84_particle_events,
fixed_z_imr_L24_f0.25,fixed_z_imr,24,0.25,2026083003,100000,21133,0.21133,449861,600031,0.7497295973041392,0.2124763677688145,True,explicit_BB84_particle_events,
fixed_z_imr_L24_f0.25,fixed_z_imr,24,0.25,2026083004,100000,21248,0.21248,449820,599979,0.7497262404184146,0.2124763677688145,True,explicit_BB84_particle_events,
fixed_z_imr_L24_f0.25,fixed_z_imr,24,0.25,2026083005,100000,21345,0.21345,449235,599376,0.7495044846640506,0.2124763677688145,True,explicit_BB84_particle_events,
fixed_z_imr_L24_f0.25,fixed_z_imr,24,0.25,2026083006,100000,21322,0.21322,450869,600677,0.7506014047483089,0.2124763677688145,True,explicit_BB84_particle_events,
fixed_z_imr_L24_f0.25,fixed_z_imr,24,0.25,2026083007,100000,21129,0.21129,450426,600985,0.7494796043162475,0.2124763677688145,True,explicit_BB84_particle_events,
fixed_z_imr_L24_f0.25,fixed_z_imr,24,0.25,2026083008,100000,21153,0.21153,450088,600091,0.7500329116750626,0.2124763677688145,True,explicit_BB84_particle_events,
fixed_z_imr_L24_f0.25,fixed_z_imr,24,0.25,2026083009,100000,21138,0.21138,450066,600055,0.7500412462190966,0.2124763677688145,True,explicit_BB84_particle_events,
fixed_z_imr_L24_f0.25,fixed_z_imr,24,0.25,2026083010,100000,21317,0.21317,450084,600148,0.7499550110972627,0.2124763677688145,True,explicit_BB84_particle_events,
fixed_z_imr_L24_f0.25,fixed_z_imr,24,0.25,2026083011,100000,21330,0.2133,449859,599673,0.7501738447453863,0.2124763677688145,True,explicit_BB84_particle_events,
fixed_z_imr_L24_f0.25,fixed_z_imr,24,0.25,2026083012,100000,21244,0.21244,451238,600892,0.7509469255706517,0.2124763677688145,True,explicit_BB84_particle_events,
fixed_z_imr_L24_f0.25,fixed_z_imr,24,0.25,2026083013,100000,21436,0.21436,449607,599820,0.7495698709612884,0.2124763677688145,True,explicit_BB84_particle_events,
fixed_z_imr_L24_f0.25,fixed_z_imr,24,0.25,2026083014,100000,21430,0.2143,451548,601097,0.751206544035322,0.2124763677688145,True,explicit_BB84_particle_events,
fixed_z_imr_L24_f0.25,fixed_z_imr,24,0.25,2026083015,100000,21457,0.21457,449849,599501,0.7503723930402117,0.2124763677688145,True,explicit_BB84_particle_events,
fixed_z_imr_L24_f0.25,fixed_z_imr,24,0.25,2026083016,100000,21128,0.21128,449663,599791,0.7496994786517304,0.2124763677688145,True,explicit_BB84_particle_events,
fixed_z_imr_L24_f0.25,fixed_z_imr,24,0.25,2026083017,100000,21248,0.21248,449687,599641,0.7499270396787411,0.2124763677688145,True,explicit_BB84_particle_events,
fixed_z_imr_L24_f0.25,fixed_z_imr,24,0.25,2026083018,100000,21226,0.21226,450814,600651,0.7505423282405257,0.2124763677688145,True,explicit_BB84_particle_events,
fixed_z_imr_L24_f0.25,fixed_z_imr,24,0.25,2026083019,100000,21318,0.21318,449832,599966,0.7497624865409039,0.2124763677688145,True,explicit_BB84_particle_events,
fixed_z_imr_L24_f0.25,fixed_z_imr,24,0.25,2026083020,100000,21138,0.21138,449355,599227,0.7498911097130136,0.2124763677688145,True,explicit_BB84_particle_events,
fixed_z_imr_L24_f0.25,fixed_z_imr,24,0.25,2026083021,100000,21185,0.21185,449952,599155,0.7509776268244445,0.2124763677688145,True,explicit_BB84_particle_events,
fixed_z_imr_L24_f0.25,fixed_z_imr,24,0.25,2026083022,100000,21219,0.21219,449318,598821,0.7503377470062005,0.2124763677688145,True,explicit_BB84_particle_events,
fixed_z_imr_L24_f0.25,fixed_z_imr,24,0.25,2026083023,100000,21432,0.21432,451230,601130,0.7506363016319265,0.2124763677688145,True,explicit_BB84_particle_events,
fixed_z_imr_L24_f0.25,fixed_z_imr,24,0.25,2026083024,100000,21107,0.21107,450801,600700,0.7504594639587149,0.2124763677688145,True,explicit_BB84_particle_events,
fixed_z_imr_L24_f0.25,fixed_z_imr,24,0.25,2026083025,100000,21033,0.21033,450069,600485,0.7495091467730252,0.2124763677688145,True,explicit_BB84_particle_events,
fixed_z_imr_L24_f0.25,fixed_z_imr,24,0.25,2026083026,100000,21268,0.21268,450058,600007,0.7500879156409842,0.2124763677688145,True,explicit_BB84_particle_events,
fixed_z_imr_L24_f0.25,fixed_z_imr,24,0.25,2026083027,100000,21078,0.21078,449701,599638,0.749954138997195,0.2124763677688145,True,explicit_BB84_particle_events,
fixed_z_imr_L24_f0.25,fixed_z_imr,24,0.25,2026083028,100000,21166,0.21166,450079,600012,0.75011666433338,0.2124763677688145,True,explicit_BB84_particle_events,
fixed_z_imr_L24_f0.25,fixed_z_imr,24,0.25,2026083029,100000,21227,0.21227,450177,600203,0.7500412360484703,0.2124763677688145,True,explicit_BB84_particle_events,
fixed_z_imr_L24_f0.25,fixed_z_imr,24,0.25,2026083030,100000,20995,0.20995,448986,598838,0.7497620391491522,0.2124763677688145,True,explicit_BB84_particle_events,
fixed_z_imr_L24_f0.5,fixed_z_imr,24,0.5,2026083001,100000,3993,0.03993,899388,1200276,0.7493176569389041,0.040568903763722304,True,explicit_BB84_particle_events,
fixed_z_imr_L24_f0.5,fixed_z_imr,24,0.5,2026083002,100000,3997,0.03997,899433,1198913,0.7502070625641727,0.040568903763722304,True,explicit_BB84_particle_events,
fixed_z_imr_L24_f0.5,fixed_z_imr,24,0.5,2026083003,100000,3986,0.03986,898686,1198644,0.7497522200086097,0.040568903763722304,True,explicit_BB84_particle_events,
fixed_z_imr_L24_f0.5,fixed_z_imr,24,0.5,2026083004,100000,4174,0.04174,900037,1199709,0.7502127599276158,0.040568903763722304,True,explicit_BB84_particle_events,
fixed_z_imr_L24_f0.5,fixed_z_imr,24,0.5,2026083005,100000,4067,0.04067,898169,1198845,0.7491952671112613,0.040568903763722304,True,explicit_BB84_particle_events,
fixed_z_imr_L24_f0.5,fixed_z_imr,24,0.5,2026083006,100000,4122,0.04122,900626,1200162,0.7504203599180778,0.040568903763722304,True,explicit_BB84_particle_events,
fixed_z_imr_L24_f0.5,fixed_z_imr,24,0.5,2026083007,100000,4073,0.04073,900465,1200838,0.749863845081518,0.040568903763722304,True,explicit_BB84_particle_events,
fixed_z_imr_L24_f0.5,fixed_z_imr,24,0.5,2026083008,100000,4082,0.04082,899899,1200496,0.7496059961882422,0.040568903763722304,True,explicit_BB84_particle_events,
fixed_z_imr_L24_f0.5,fixed_z_imr,24,0.5,2026083009,100000,4056,0.04056,900340,1200246,0.7501295567741946,0.040568903763722304,True,explicit_BB84_particle_events,
fixed_z_imr_L24_f0.5,fixed_z_imr,24,0.5,2026083010,100000,4090,0.0409,900728,1199880,0.7506817348401507,0.040568903763722304,True,explicit_BB84_particle_events,
fixed_z_imr_L24_f0.5,fixed_z_imr,24,0.5,2026083011,100000,4155,0.04155,899916,1200161,0.7498293978891165,0.040568903763722304,True,explicit_BB84_particle_events,
fixed_z_imr_L24_f0.5,fixed_z_imr,24,0.5,2026083012,100000,4135,0.04135,901058,1200760,0.7504064092741264,0.040568903763722304,True,explicit_BB84_particle_events,
fixed_z_imr_L24_f0.5,fixed_z_imr,24,0.5,2026083013,100000,4164,0.04164,899567,1199486,0.7499603997045401,0.040568903763722304,True,explicit_BB84_particle_events,
fixed_z_imr_L24_f0.5,fixed_z_imr,24,0.5,2026083014,100000,4023,0.04023,902126,1202129,0.7504402605710369,0.040568903763722304,True,explicit_BB84_particle_events,
fixed_z_imr_L24_f0.5,fixed_z_imr,24,0.5,2026083015,100000,4103,0.04103,900856,1200892,0.7501557175832632,0.040568903763722304,True,explicit_BB84_particle_events,
fixed_z_imr_L24_f0.5,fixed_z_imr,24,0.5,2026083016,100000,4088,0.04088,898341,1199152,0.7491468971406461,0.040568903763722304,True,explicit_BB84_particle_events,
fixed_z_imr_L24_f0.5,fixed_z_imr,24,0.5,2026083017,100000,4093,0.04093,900429,1199860,0.7504450519227244,0.040568903763722304,True,explicit_BB84_particle_events,
fixed_z_imr_L24_f0.5,fixed_z_imr,24,0.5,2026083018,100000,4024,0.04024,900932,1200352,0.7505565034256618,0.040568903763722304,True,explicit_BB84_particle_events,
fixed_z_imr_L24_f0.5,fixed_z_imr,24,0.5,2026083019,100000,4047,0.04047,899658,1200015,0.7497056286796415,0.040568903763722304,True,explicit_BB84_particle_events,
fixed_z_imr_L24_f0.5,fixed_z_imr,24,0.5,2026083020,100000,4076,0.04076,898683,1198101,0.7500895166601146,0.040568903763722304,True,explicit_BB84_particle_events,
fixed_z_imr_L24_f0.5,fixed_z_imr,24,0.5,2026083021,100000,4029,0.04029,899649,1199470,0.7500387671221456,0.040568903763722304,True,explicit_BB84_particle_events,
fixed_z_imr_L24_f0.5,fixed_z_imr,24,0.5,2026083022,100000,3964,0.03964,899402,1199256,0.7499666459871788,0.040568903763722304,True,explicit_BB84_particle_events,
fixed_z_imr_L24_f0.5,fixed_z_imr,24,0.5,2026083023,100000,3988,0.03988,901559,1201590,0.750305012525071,0.040568903763722304,True,explicit_BB84_particle_events,
fixed_z_imr_L24_f0.5,fixed_z_imr,24,0.5,2026083024,100000,3950,0.0395,901663,1201854,0.7502267330308008,0.040568903763722304,True,explicit_BB84_particle_events,
fixed_z_imr_L24_f0.5,fixed_z_imr,24,0.5,2026083025,100000,3979,0.03979,899293,1199936,0.7494508040428823,0.040568903763722304,True,explicit_BB84_particle_events,
fixed_z_imr_L24_f0.5,fixed_z_imr,24,0.5,2026083026,100000,4049,0.04049,899979,1200438,0.7497088562674624,0.040568903763722304,True,explicit_BB84_particle_events,
fixed_z_imr_L24_f0.5,fixed_z_imr,24,0.5,2026083027,100000,4024,0.04024,898890,1198882,0.7497735390138479,0.040568903763722304,True,explicit_BB84_particle_events,
fixed_z_imr_L24_f0.5,fixed_z_imr,24,0.5,2026083028,100000,4084,0.04084,899932,1200278,0.749769636700831,0.040568903763722304,True,explicit_BB84_particle_events,
fixed_z_imr_L24_f0.5,fixed_z_imr,24,0.5,2026083029,100000,4100,0.041,900928,1200775,0.7502887718348566,0.040568903763722304,True,explicit_BB84_particle_events,
fixed_z_imr_L24_f0.5,fixed_z_imr,24,0.5,2026083030,100000,4113,0.04113,899049,1199059,0.7497954646101651,0.040568903763722304,True,explicit_BB84_particle_events,
fixed_z_imr_L24_f0.75,fixed_z_imr,24,0.75,2026083001,100000,675,0.00675,1348855,1799955,0.7493826234544753,0.006851108913155016,True,explicit_BB84_particle_events,
fixed_z_imr_L24_f0.75,fixed_z_imr,24,0.75,2026083002,100000,681,0.00681,1349727,1799532,0.7500433446029301,0.006851108913155016,True,explicit_BB84_particle_events,
fixed_z_imr_L24_f0.75,fixed_z_imr,24,0.75,2026083003,100000,653,0.00653,1348284,1798214,0.7497906255873884,0.006851108913155016,True,explicit_BB84_particle_events,
fixed_z_imr_L24_f0.75,fixed_z_imr,24,0.75,2026083004,100000,726,0.00726,1350318,1799910,0.7502141773755354,0.006851108913155016,True,explicit_BB84_particle_events,
fixed_z_imr_L24_f0.75,fixed_z_imr,24,0.75,2026083005,100000,687,0.00687,1348810,1799886,0.7493863500243905,0.006851108913155016,True,explicit_BB84_particle_events,
fixed_z_imr_L24_f0.75,fixed_z_imr,24,0.75,2026083006,100000,724,0.00724,1351002,1800419,0.7503819944135226,0.006851108913155016,True,explicit_BB84_particle_events,
fixed_z_imr_L24_f0.75,fixed_z_imr,24,0.75,2026083007,100000,705,0.00705,1349415,1798820,0.7501667759975984,0.006851108913155016,True,explicit_BB84_particle_events,
fixed_z_imr_L24_f0.75,fixed_z_imr,24,0.75,2026083008,100000,688,0.00688,1349852,1800125,0.7498657037705715,0.006851108913155016,True,explicit_BB84_particle_events,
fixed_z_imr_L24_f0.75,fixed_z_imr,24,0.75,2026083009,100000,706,0.00706,1350229,1799617,0.750286866594392,0.006851108913155016,True,explicit_BB84_particle_events,
fixed_z_imr_L24_f0.75,fixed_z_imr,24,0.75,2026083010,100000,687,0.00687,1350334,1800033,0.7501718024058448,0.006851108913155016,True,explicit_BB84_particle_events,
fixed_z_imr_L24_f0.75,fixed_z_imr,24,0.75,2026083011,100000,692,0.00692,1348839,1799277,0.7496561118716017,0.006851108913155016,True,explicit_BB84_particle_events,
fixed_z_imr_L24_f0.75,fixed_z_imr,24,0.75,2026083012,100000,680,0.0068,1351078,1800578,0.7503579406168464,0.006851108913155016,True,explicit_BB84_particle_events,
fixed_z_imr_L24_f0.75,fixed_z_imr,24,0.75,2026083013,100000,737,0.00737,1350331,1799837,0.7502518283600126,0.006851108913155016,True,explicit_BB84_particle_events,
fixed_z_imr_L24_f0.75,fixed_z_imr,24,0.75,2026083014,100000,696,0.00696,1351530,1801575,0.7501935806169602,0.006851108913155016,True,explicit_BB84_particle_events,
fixed_z_imr_L24_f0.75,fixed_z_imr,24,0.75,2026083015,100000,722,0.00722,1351119,1801234,0.7501074263532667,0.006851108913155016,True,explicit_BB84_particle_events,
fixed_z_imr_L24_f0.75,fixed_z_imr,24,0.75,2026083016,100000,717,0.00717,1349076,1800050,0.7494658481708841,0.006851108913155016,True,explicit_BB84_particle_events,
fixed_z_imr_L24_f0.75,fixed_z_imr,24,0.75,2026083017,100000,686,0.00686,1350916,1800553,0.750278386695643,0.006851108913155016,True,explicit_BB84_particle_events,
fixed_z_imr_L24_f0.75,fixed_z_imr,24,0.75,2026083018,100000,622,0.00622,1351029,1800087,0.7505353907894452,0.006851108913155016,True,explicit_BB84_particle_events,
fixed_z_imr_L24_f0.75,fixed_z_imr,24,0.75,2026083019,100000,674,0.00674,1348978,1799779,0.749524247143677,0.006851108913155016,True,explicit_BB84_particle_events,
fixed_z_imr_L24_f0.75,fixed_z_imr,24,0.75,2026083020,100000,675,0.00675,1350138,1799178,0.750419358173566,0.006851108913155016,True,explicit_BB84_particle_events,
fixed_z_imr_L24_f0.75,fixed_z_imr,24,0.75,2026083021,100000,691,0.00691,1349526,1799787,0.7498253960051939,0.006851108913155016,True,explicit_BB84_particle_events,
fixed_z_imr_L24_f0.75,fixed_z_imr,24,0.75,2026083022,100000,684,0.00684,1349194,1799345,0.7498250752357107,0.006851108913155016,True,explicit_BB84_particle_events,
fixed_z_imr_L24_f0.75,fixed_z_imr,24,0.75,2026083023,100000,642,0.00642,1350462,1799865,0.750312940137177,0.006851108913155016,True,explicit_BB84_particle_events,
fixed_z_imr_L24_f0.75,fixed_z_imr,24,0.75,2026083024,100000,692,0.00692,1352168,1801437,0.7506052112841026,0.006851108913155016,True,explicit_BB84_particle_events,
fixed_z_imr_L24_f0.75,fixed_z_imr,24,0.75,2026083025,100000,679,0.00679,1348882,1799381,0.7496366806140556,0.006851108913155016,True,explicit_BB84_particle_events,
fixed_z_imr_L24_f0.75,fixed_z_imr,24,0.75,2026083026,100000,678,0.00678,1349642,1800268,0.7496894906758327,0.006851108913155016,True,explicit_BB84_particle_events,
fixed_z_imr_L24_f0.75,fixed_z_imr,24,0.75,2026083027,100000,679,0.00679,1349389,1798745,0.7501836002323843,0.006851108913155016,True,explicit_BB84_particle_events,
fixed_z_imr_L24_f0.75,fixed_z_imr,24,0.75,2026083028,100000,690,0.0069,1350580,1800388,0.750160520954372,0.006851108913155016,True,explicit_BB84_particle_events,
fixed_z_imr_L24_f0.75,fixed_z_imr,24,0.75,2026083029,100000,699,0.00699,1351748,1801178,0.7504799636682216,0.006851108913155016,True,explicit_BB84_particle_events,
fixed_z_imr_L24_f0.75,fixed_z_imr,24,0.75,2026083030,100000,727,0.00727,1349298,1799737,0.7497195423553552,0.006851108913155016,True,explicit_BB84_particle_events,
fixed_z_imr_L24_f1,fixed_z_imr,24,1.0,2026083001,100000,104,0.00104,1799293,2400000,0.7497054166666667,0.0010033912775533338,True,explicit_BB84_particle_events,
fixed_z_imr_L24_f1,fixed_z_imr,24,1.0,2026083002,100000,99,0.00099,1800056,2400000,0.7500233333333334,0.0010033912775533338,True,explicit_BB84_particle_events,
fixed_z_imr_L24_f1,fixed_z_imr,24,1.0,2026083003,100000,108,0.00108,1799835,2400000,0.74993125,0.0010033912775533338,True,explicit_BB84_particle_events,
fixed_z_imr_L24_f1,fixed_z_imr,24,1.0,2026083004,100000,101,0.00101,1800158,2400000,0.7500658333333333,0.0010033912775533338,True,explicit_BB84_particle_events,
fixed_z_imr_L24_f1,fixed_z_imr,24,1.0,2026083005,100000,123,0.00123,1799162,2400000,0.7496508333333334,0.0010033912775533338,True,explicit_BB84_particle_events,
fixed_z_imr_L24_f1,fixed_z_imr,24,1.0,2026083006,100000,107,0.00107,1801000,2400000,0.7504166666666666,0.0010033912775533338,True,explicit_BB84_particle_events,
fixed_z_imr_L24_f1,fixed_z_imr,24,1.0,2026083007,100000,93,0.00093,1800351,2400000,0.75014625,0.0010033912775533338,True,explicit_BB84_particle_events,
fixed_z_imr_L24_f1,fixed_z_imr,24,1.0,2026083008,100000,107,0.00107,1799817,2400000,0.74992375,0.0010033912775533338,True,explicit_BB84_particle_events,
fixed_z_imr_L24_f1,fixed_z_imr,24,1.0,2026083009,100000,111,0.00111,1800411,2400000,0.75017125,0.0010033912775533338,True,explicit_BB84_particle_events,
fixed_z_imr_L24_f1,fixed_z_imr,24,1.0,2026083010,100000,96,0.00096,1800084,2400000,0.750035,0.0010033912775533338,True,explicit_BB84_particle_events,
fixed_z_imr_L24_f1,fixed_z_imr,24,1.0,2026083011,100000,94,0.00094,1799332,2400000,0.7497216666666666,0.0010033912775533338,True,explicit_BB84_particle_events,
fixed_z_imr_L24_f1,fixed_z_imr,24,1.0,2026083012,100000,105,0.00105,1800451,2400000,0.7501879166666666,0.0010033912775533338,True,explicit_BB84_particle_events,
fixed_z_imr_L24_f1,fixed_z_imr,24,1.0,2026083013,100000,102,0.00102,1800753,2400000,0.75031375,0.0010033912775533338,True,explicit_BB84_particle_events,
fixed_z_imr_L24_f1,fixed_z_imr,24,1.0,2026083014,100000,102,0.00102,1799863,2400000,0.7499429166666667,0.0010033912775533338,True,explicit_BB84_particle_events,
fixed_z_imr_L24_f1,fixed_z_imr,24,1.0,2026083015,100000,100,0.001,1800342,2400000,0.7501425,0.0010033912775533338,True,explicit_BB84_particle_events,
fixed_z_imr_L24_f1,fixed_z_imr,24,1.0,2026083016,100000,96,0.00096,1799017,2400000,0.7495904166666667,0.0010033912775533338,True,explicit_BB84_particle_events,
fixed_z_imr_L24_f1,fixed_z_imr,24,1.0,2026083017,100000,91,0.00091,1801075,2400000,0.7504479166666667,0.0010033912775533338,True,explicit_BB84_particle_events,
fixed_z_imr_L24_f1,fixed_z_imr,24,1.0,2026083018,100000,72,0.00072,1801271,2400000,0.7505295833333333,0.0010033912775533338,True,explicit_BB84_particle_events,
fixed_z_imr_L24_f1,fixed_z_imr,24,1.0,2026083019,100000,99,0.00099,1799143,2400000,0.7496429166666667,0.0010033912775533338,True,explicit_BB84_particle_events,
fixed_z_imr_L24_f1,fixed_z_imr,24,1.0,2026083020,100000,119,0.00119,1801012,2400000,0.7504216666666667,0.0010033912775533338,True,explicit_BB84_particle_events,
fixed_z_imr_L24_f1,fixed_z_imr,24,1.0,2026083021,100000,101,0.00101,1799666,2400000,0.7498608333333333,0.0010033912775533338,True,explicit_BB84_particle_events,
fixed_z_imr_L24_f1,fixed_z_imr,24,1.0,2026083022,100000,100,0.001,1799829,2400000,0.74992875,0.0010033912775533338,True,explicit_BB84_particle_events,
fixed_z_imr_L24_f1,fixed_z_imr,24,1.0,2026083023,100000,84,0.00084,1800438,2400000,0.7501825,0.0010033912775533338,True,explicit_BB84_particle_events,
fixed_z_imr_L24_f1,fixed_z_imr,24,1.0,2026083024,100000,98,0.00098,1800918,2400000,0.7503825,0.0010033912775533338,True,explicit_BB84_particle_events,
fixed_z_imr_L24_f1,fixed_z_imr,24,1.0,2026083025,100000,95,0.00095,1799032,2400000,0.7495966666666667,0.0010033912775533338,True,explicit_BB84_particle_events,
fixed_z_imr_L24_f1,fixed_z_imr,24,1.0,2026083026,100000,96,0.00096,1799218,2400000,0.7496741666666666,0.0010033912775533338,True,explicit_BB84_particle_events,
fixed_z_imr_L24_f1,fixed_z_imr,24,1.0,2026083027,100000,93,0.00093,1799940,2400000,0.749975,0.0010033912775533338,True,explicit_BB84_particle_events,
fixed_z_imr_L24_f1,fixed_z_imr,24,1.0,2026083028,100000,91,0.00091,1800347,2400000,0.7501445833333333,0.0010033912775533338,True,explicit_BB84_particle_events,
fixed_z_imr_L24_f1,fixed_z_imr,24,1.0,2026083029,100000,108,0.00108,1800373,2400000,0.7501554166666666,0.0010033912775533338,True,explicit_BB84_particle_events,
fixed_z_imr_L24_f1,fixed_z_imr,24,1.0,2026083030,100000,96,0.00096,1800299,2400000,0.7501245833333333,0.0010033912775533338,True,explicit_BB84_particle_events,
fixed_z_imr_L32_f0.1,fixed_z_imr,32,0.1,2026083001,100000,44403,0.44403,240560,320544,0.7504741938704202,0.4447825110517991,True,explicit_BB84_particle_events,
fixed_z_imr_L32_f0.1,fixed_z_imr,32,0.1,2026083002,100000,44407,0.44407,239560,319639,0.7494704964037555,0.4447825110517991,True,explicit_BB84_particle_events,
fixed_z_imr_L32_f0.1,fixed_z_imr,32,0.1,2026083003,100000,44248,0.44248,240660,321100,0.7494861413889754,0.4447825110517991,True,explicit_BB84_particle_events,
fixed_z_imr_L32_f0.1,fixed_z_imr,32,0.1,2026083004,100000,44828,0.44828,239880,319246,0.7513954755893574,0.4447825110517991,True,explicit_BB84_particle_events,
fixed_z_imr_L32_f0.1,fixed_z_imr,32,0.1,2026083005,100000,44202,0.44202,239983,320410,0.7489872351050217,0.4447825110517991,True,explicit_BB84_particle_events,
fixed_z_imr_L32_f0.1,fixed_z_imr,32,0.1,2026083006,100000,44490,0.4449,239945,319951,0.7499429600157524,0.4447825110517991,True,explicit_BB84_particle_events,
fixed_z_imr_L32_f0.1,fixed_z_imr,32,0.1,2026083007,100000,44361,0.44361,240361,320742,0.7493904758341595,0.4447825110517991,True,explicit_BB84_particle_events,
fixed_z_imr_L32_f0.1,fixed_z_imr,32,0.1,2026083008,100000,44393,0.44393,239543,319328,0.7501471840865819,0.4447825110517991,True,explicit_BB84_particle_events,
fixed_z_imr_L32_f0.1,fixed_z_imr,32,0.1,2026083009,100000,44396,0.44396,239581,319911,0.7488989125100418,0.4447825110517991,True,explicit_BB84_particle_events,
fixed_z_imr_L32_f0.1,fixed_z_imr,32,0.1,2026083010,100000,44110,0.4411,240526,321149,0.7489545351223263,0.4447825110517991,True,explicit_BB84_particle_events,
fixed_z_imr_L32_f0.1,fixed_z_imr,32,0.1,2026083011,100000,44696,0.44696,240663,320492,0.7509173395903798,0.4447825110517991,True,explicit_BB84_particle_events,
fixed_z_imr_L32_f0.1,fixed_z_imr,32,0.1,2026083012,100000,44368,0.44368,240185,320640,0.7490799650698603,0.4447825110517991,True,explicit_BB84_particle_events,
fixed_z_imr_L32_f0.1,fixed_z_imr,32,0.1,2026083013,100000,44461,0.44461,240486,320551,0.7502269529653628,0.4447825110517991,True,explicit_BB84_particle_events,
fixed_z_imr_L32_f0.1,fixed_z_imr,32,0.1,2026083014,100000,44633,0.44633,239220,318561,0.7509393805268065,0.4447825110517991,True,explicit_BB84_particle_events,
fixed_z_imr_L32_f0.1,fixed_z_imr,32,0.1,2026083015,100000,44453,0.44453,239811,320011,0.7493836149382365,0.4447825110517991,True,explicit_BB84_particle_events,
fixed_z_imr_L32_f0.1,fixed_z_imr,32,0.1,2026083016,100000,44663,0.44663,239610,319638,0.7496292681095489,0.4447825110517991,True,explicit_BB84_particle_events,
fixed_z_imr_L32_f0.1,fixed_z_imr,32,0.1,2026083017,100000,44757,0.44757,240488,319836,0.7519103540564539,0.4447825110517991,True,explicit_BB84_particle_events,
fixed_z_imr_L32_f0.1,fixed_z_imr,32,0.1,2026083018,100000,44687,0.44687,240252,320122,0.750501371352172,0.4447825110517991,True,explicit_BB84_particle_events,
fixed_z_imr_L32_f0.1,fixed_z_imr,32,0.1,2026083019,100000,44380,0.4438,240044,319981,0.7501820420587473,0.4447825110517991,True,explicit_BB84_particle_events,
fixed_z_imr_L32_f0.1,fixed_z_imr,32,0.1,2026083020,100000,44577,0.44577,240116,320058,0.7502265214429884,0.4447825110517991,True,explicit_BB84_particle_events,
fixed_z_imr_L32_f0.1,fixed_z_imr,32,0.1,2026083021,100000,44552,0.44552,240142,319970,0.7505141106978779,0.4447825110517991,True,explicit_BB84_particle_events,
fixed_z_imr_L32_f0.1,fixed_z_imr,32,0.1,2026083022,100000,44631,0.44631,240699,320583,0.7508164812232714,0.4447825110517991,True,explicit_BB84_particle_events,
fixed_z_imr_L32_f0.1,fixed_z_imr,32,0.1,2026083023,100000,44410,0.4441,239607,319663,0.7495612566984605,0.4447825110517991,True,explicit_BB84_particle_events,
fixed_z_imr_L32_f0.1,fixed_z_imr,32,0.1,2026083024,100000,44252,0.44252,240275,320507,0.749671614036511,0.4447825110517991,True,explicit_BB84_particle_events,
fixed_z_imr_L32_f0.1,fixed_z_imr,32,0.1,2026083025,100000,44358,0.44358,240329,320260,0.750418410041841,0.4447825110517991,True,explicit_BB84_particle_events,
fixed_z_imr_L32_f0.1,fixed_z_imr,32,0.1,2026083026,100000,44323,0.44323,239575,319629,0.7495408739507367,0.4447825110517991,True,explicit_BB84_particle_events,
fixed_z_imr_L32_f0.1,fixed_z_imr,32,0.1,2026083027,100000,44483,0.44483,239931,319704,0.7504785676750995,0.4447825110517991,True,explicit_BB84_particle_events,
fixed_z_imr_L32_f0.1,fixed_z_imr,32,0.1,2026083028,100000,44593,0.44593,240857,320720,0.7509884010975305,0.4447825110517991,True,explicit_BB84_particle_events,
fixed_z_imr_L32_f0.1,fixed_z_imr,32,0.1,2026083029,100000,44334,0.44334,240605,320386,0.7509847496457398,0.4447825110517991,True,explicit_BB84_particle_events,
fixed_z_imr_L32_f0.1,fixed_z_imr,32,0.1,2026083030,100000,44569,0.44569,239565,319534,0.7497324228407619,0.4447825110517991,True,explicit_BB84_particle_events,
fixed_z_imr_L32_f0.25,fixed_z_imr,32,0.25,2026083001,100000,12682,0.12682,601495,801022,0.7509094631608121,0.12678878637700036,True,explicit_BB84_particle_events,
fixed_z_imr_L32_f0.25,fixed_z_imr,32,0.25,2026083002,100000,12810,0.1281,599501,799111,0.7502099207744606,0.12678878637700036,True,explicit_BB84_particle_events,
fixed_z_imr_L32_f0.25,fixed_z_imr,32,0.25,2026083003,100000,12674,0.12674,600440,801005,0.7496083045673873,0.12678878637700036,True,explicit_BB84_particle_events,
fixed_z_imr_L32_f0.25,fixed_z_imr,32,0.25,2026083004,100000,12896,0.12896,600641,799684,0.7510979336838051,0.12678878637700036,True,explicit_BB84_particle_events,
fixed_z_imr_L32_f0.25,fixed_z_imr,32,0.25,2026083005,100000,12438,0.12438,600261,800939,0.7494465870684285,0.12678878637700036,True,explicit_BB84_particle_events,
fixed_z_imr_L32_f0.25,fixed_z_imr,32,0.25,2026083006,100000,12718,0.12718,600015,799460,0.7505253546143646,0.12678878637700036,True,explicit_BB84_particle_events,
fixed_z_imr_L32_f0.25,fixed_z_imr,32,0.25,2026083007,100000,12716,0.12716,600167,799931,0.7502734610860187,0.12678878637700036,True,explicit_BB84_particle_events,
fixed_z_imr_L32_f0.25,fixed_z_imr,32,0.25,2026083008,100000,12610,0.1261,600391,800144,0.7503536863364595,0.12678878637700036,True,explicit_BB84_particle_events,
fixed_z_imr_L32_f0.25,fixed_z_imr,32,0.25,2026083009,100000,12737,0.12737,599342,799983,0.7491934203601827,0.12678878637700036,True,explicit_BB84_particle_events,
fixed_z_imr_L32_f0.25,fixed_z_imr,32,0.25,2026083010,100000,12674,0.12674,600636,801004,0.7498539333136913,0.12678878637700036,True,explicit_BB84_particle_events,
fixed_z_imr_L32_f0.25,fixed_z_imr,32,0.25,2026083011,100000,12804,0.12804,599528,799284,0.7500813227838916,0.12678878637700036,True,explicit_BB84_particle_events,
fixed_z_imr_L32_f0.25,fixed_z_imr,32,0.25,2026083012,100000,12427,0.12427,599652,800555,0.7490453497885842,0.12678878637700036,True,explicit_BB84_particle_events,
fixed_z_imr_L32_f0.25,fixed_z_imr,32,0.25,2026083013,100000,12741,0.12741,599251,798802,0.7501871552650093,0.12678878637700036,True,explicit_BB84_particle_events,
fixed_z_imr_L32_f0.25,fixed_z_imr,32,0.25,2026083014,100000,12736,0.12736,599135,798896,0.7499536860867998,0.12678878637700036,True,explicit_BB84_particle_events,
fixed_z_imr_L32_f0.25,fixed_z_imr,32,0.25,2026083015,100000,12686,0.12686,600864,801111,0.7500383841939506,0.12678878637700036,True,explicit_BB84_particle_events,
fixed_z_imr_L32_f0.25,fixed_z_imr,32,0.25,2026083016,100000,12753,0.12753,600217,800144,0.7501362254794137,0.12678878637700036,True,explicit_BB84_particle_events,
fixed_z_imr_L32_f0.25,fixed_z_imr,32,0.25,2026083017,100000,12862,0.12862,601415,800392,0.7514005637237754,0.12678878637700036,True,explicit_BB84_particle_events,
fixed_z_imr_L32_f0.25,fixed_z_imr,32,0.25,2026083018,100000,12845,0.12845,599504,798694,0.7506053632555146,0.12678878637700036,True,explicit_BB84_particle_events,
fixed_z_imr_L32_f0.25,fixed_z_imr,32,0.25,2026083019,100000,12569,0.12569,600262,800762,0.7496134931477767,0.12678878637700036,True,explicit_BB84_particle_events,
fixed_z_imr_L32_f0.25,fixed_z_imr,32,0.25,2026083020,100000,12614,0.12614,600997,800814,0.7504826339199864,0.12678878637700036,True,explicit_BB84_particle_events,
fixed_z_imr_L32_f0.25,fixed_z_imr,32,0.25,2026083021,100000,12762,0.12762,600005,799965,0.7500390642090592,0.12678878637700036,True,explicit_BB84_particle_events,
fixed_z_imr_L32_f0.25,fixed_z_imr,32,0.25,2026083022,100000,12792,0.12792,601246,801318,0.7503213455831518,0.12678878637700036,True,explicit_BB84_particle_events,
fixed_z_imr_L32_f0.25,fixed_z_imr,32,0.25,2026083023,100000,12652,0.12652,599756,799850,0.7498355941739077,0.12678878637700036,True,explicit_BB84_particle_events,
fixed_z_imr_L32_f0.25,fixed_z_imr,32,0.25,2026083024,100000,12469,0.12469,600464,801533,0.7491444519439624,0.12678878637700036,True,explicit_BB84_particle_events,
fixed_z_imr_L32_f0.25,fixed_z_imr,32,0.25,2026083025,100000,12623,0.12623,599867,799120,0.7506594754229653,0.12678878637700036,True,explicit_BB84_particle_events,
fixed_z_imr_L32_f0.25,fixed_z_imr,32,0.25,2026083026,100000,12630,0.1263,599836,800079,0.7497209650547009,0.12678878637700036,True,explicit_BB84_particle_events,
fixed_z_imr_L32_f0.25,fixed_z_imr,32,0.25,2026083027,100000,12786,0.12786,601543,801703,0.7503314818579948,0.12678878637700036,True,explicit_BB84_particle_events,
fixed_z_imr_L32_f0.25,fixed_z_imr,32,0.25,2026083028,100000,12693,0.12693,601314,801249,0.7504708274206895,0.12678878637700036,True,explicit_BB84_particle_events,
fixed_z_imr_L32_f0.25,fixed_z_imr,32,0.25,2026083029,100000,12749,0.12749,599933,799975,0.7499396856151754,0.12678878637700036,True,explicit_BB84_particle_events,
fixed_z_imr_L32_f0.25,fixed_z_imr,32,0.25,2026083030,100000,12704,0.12704,599957,800056,0.7498937574369794,0.12678878637700036,True,explicit_BB84_particle_events,
fixed_z_imr_L32_f0.5,fixed_z_imr,32,0.5,2026083001,100000,1377,0.01377,1200748,1600029,0.7504538980230984,0.013939837037683136,True,explicit_BB84_particle_events,
fixed_z_imr_L32_f0.5,fixed_z_imr,32,0.5,2026083002,100000,1425,0.01425,1199297,1599176,0.7499468476265276,0.013939837037683136,True,explicit_BB84_particle_events,
fixed_z_imr_L32_f0.5,fixed_z_imr,32,0.5,2026083003,100000,1375,0.01375,1200074,1600662,0.7497360467106735,0.013939837037683136,True,explicit_BB84_particle_events,
fixed_z_imr_L32_f0.5,fixed_z_imr,32,0.5,2026083004,100000,1332,0.01332,1200459,1599225,0.7506504713220467,0.013939837037683136,True,explicit_BB84_particle_events,
fixed_z_imr_L32_f0.5,fixed_z_imr,32,0.5,2026083005,100000,1401,0.01401,1199917,1599928,0.7499818741843383,0.013939837037683136,True,explicit_BB84_particle_events,
fixed_z_imr_L32_f0.5,fixed_z_imr,32,0.5,2026083006,100000,1372,0.01372,1199031,1598648,0.750028148785724,0.013939837037683136,True,explicit_BB84_particle_events,
fixed_z_imr_L32_f0.5,fixed_z_imr,32,0.5,2026083007,100000,1399,0.01399,1200211,1600132,0.7500699942254764,0.013939837037683136,True,explicit_BB84_particle_events,
fixed_z_imr_L32_f0.5,fixed_z_imr,32,0.5,2026083008,100000,1454,0.01454,1199630,1599501,0.7500026570786764,0.013939837037683136,True,explicit_BB84_particle_events,
fixed_z_imr_L32_f0.5,fixed_z_imr,32,0.5,2026083009,100000,1377,0.01377,1198971,1599255,0.7497059568361518,0.013939837037683136,True,explicit_BB84_particle_events,
fixed_z_imr_L32_f0.5,fixed_z_imr,32,0.5,2026083010,100000,1367,0.01367,1200591,1601398,0.7497143121197853,0.013939837037683136,True,explicit_BB84_particle_events,
fixed_z_imr_L32_f0.5,fixed_z_imr,32,0.5,2026083011,100000,1461,0.01461,1199929,1599317,0.7502758990243961,0.013939837037683136,True,explicit_BB84_particle_events,
fixed_z_imr_L32_f0.5,fixed_z_imr,32,0.5,2026083012,100000,1344,0.01344,1199859,1600528,0.7496644857197124,0.013939837037683136,True,explicit_BB84_particle_events,
fixed_z_imr_L32_f0.5,fixed_z_imr,32,0.5,2026083013,100000,1432,0.01432,1199888,1599033,0.750383513035691,0.013939837037683136,True,explicit_BB84_particle_events,
fixed_z_imr_L32_f0.5,fixed_z_imr,32,0.5,2026083014,100000,1408,0.01408,1198779,1597545,0.7503882519741228,0.013939837037683136,True,explicit_BB84_particle_events,
fixed_z_imr_L32_f0.5,fixed_z_imr,32,0.5,2026083015,100000,1372,0.01372,1200503,1600631,0.7500185864199806,0.013939837037683136,True,explicit_BB84_particle_events,
fixed_z_imr_L32_f0.5,fixed_z_imr,32,0.5,2026083016,100000,1383,0.01383,1201313,1600885,0.7504055569263252,0.013939837037683136,True,explicit_BB84_particle_events,
fixed_z_imr_L32_f0.5,fixed_z_imr,32,0.5,2026083017,100000,1364,0.01364,1201404,1600500,0.750642924086223,0.013939837037683136,True,explicit_BB84_particle_events,
fixed_z_imr_L32_f0.5,fixed_z_imr,32,0.5,2026083018,100000,1398,0.01398,1198757,1598564,0.7498961568007286,0.013939837037683136,True,explicit_BB84_particle_events,
fixed_z_imr_L32_f0.5,fixed_z_imr,32,0.5,2026083019,100000,1395,0.01395,1199856,1599812,0.7499981247796617,0.013939837037683136,True,explicit_BB84_particle_events,
fixed_z_imr_L32_f0.5,fixed_z_imr,32,0.5,2026083020,100000,1397,0.01397,1200740,1600190,0.7503733931595623,0.013939837037683136,True,explicit_BB84_particle_events,
fixed_z_imr_L32_f0.5,fixed_z_imr,32,0.5,2026083021,100000,1458,0.01458,1200962,1599950,0.7506247070220945,0.013939837037683136,True,explicit_BB84_particle_events,
fixed_z_imr_L32_f0.5,fixed_z_imr,32,0.5,2026083022,100000,1390,0.0139,1201210,1601794,0.7499154073495093,0.013939837037683136,True,explicit_BB84_particle_events,
fixed_z_imr_L32_f0.5,fixed_z_imr,32,0.5,2026083023,100000,1404,0.01404,1200867,1600919,0.7501110299771568,0.013939837037683136,True,explicit_BB84_particle_events,
fixed_z_imr_L32_f0.5,fixed_z_imr,32,0.5,2026083024,100000,1334,0.01334,1200373,1601708,0.7494331051602414,0.013939837037683136,True,explicit_BB84_particle_events,
fixed_z_imr_L32_f0.5,fixed_z_imr,32,0.5,2026083025,100000,1365,0.01365,1199997,1599371,0.7502930839686351,0.013939837037683136,True,explicit_BB84_particle_events,
fixed_z_imr_L32_f0.5,fixed_z_imr,32,0.5,2026083026,100000,1354,0.01354,1200360,1601103,0.7497081699303543,0.013939837037683136,True,explicit_BB84_particle_events,
fixed_z_imr_L32_f0.5,fixed_z_imr,32,0.5,2026083027,100000,1417,0.01417,1199739,1599268,0.7501800823876924,0.013939837037683136,True,explicit_BB84_particle_events,
fixed_z_imr_L32_f0.5,fixed_z_imr,32,0.5,2026083028,100000,1372,0.01372,1201677,1601262,0.7504562026701439,0.013939837037683136,True,explicit_BB84_particle_events,
fixed_z_imr_L32_f0.5,fixed_z_imr,32,0.5,2026083029,100000,1428,0.01428,1200241,1599449,0.7504090471156004,0.013939837037683136,True,explicit_BB84_particle_events,
fixed_z_imr_L32_f0.5,fixed_z_imr,32,0.5,2026083030,100000,1475,0.01475,1200127,1600474,0.749857229795673,0.013939837037683136,True,explicit_BB84_particle_events,
fixed_z_imr_L32_f0.75,fixed_z_imr,32,0.75,2026083001,100000,117,0.00117,1801276,2400676,0.7503203264413857,0.0013012113080773193,True,explicit_BB84_particle_events,
fixed_z_imr_L32_f0.75,fixed_z_imr,32,0.75,2026083002,100000,131,0.00131,1799318,2399043,0.7500149017754163,0.0013012113080773193,True,explicit_BB84_particle_events,
fixed_z_imr_L32_f0.75,fixed_z_imr,32,0.75,2026083003,100000,120,0.0012,1799861,2400959,0.7496425386689235,0.0013012113080773193,True,explicit_BB84_particle_events,
fixed_z_imr_L32_f0.75,fixed_z_imr,32,0.75,2026083004,100000,124,0.00124,1799910,2398974,0.7502832460877025,0.0013012113080773193,True,explicit_BB84_particle_events,
fixed_z_imr_L32_f0.75,fixed_z_imr,32,0.75,2026083005,100000,137,0.00137,1799665,2399788,0.7499266601883167,0.0013012113080773193,True,explicit_BB84_particle_events,
fixed_z_imr_L32_f0.75,fixed_z_imr,32,0.75,2026083006,100000,131,0.00131,1799827,2400030,0.7499185426848831,0.0013012113080773193,True,explicit_BB84_particle_events,
fixed_z_imr_L32_f0.75,fixed_z_imr,32,0.75,2026083007,100000,137,0.00137,1800203,2399900,0.7501158381599233,0.0013012113080773193,True,explicit_BB84_particle_events,
fixed_z_imr_L32_f0.75,fixed_z_imr,32,0.75,2026083008,100000,124,0.00124,1800023,2400009,0.7500067708079428,0.0013012113080773193,True,explicit_BB84_particle_events,
fixed_z_imr_L32_f0.75,fixed_z_imr,32,0.75,2026083009,100000,141,0.00141,1799880,2399896,0.7499824992416338,0.0013012113080773193,True,explicit_BB84_particle_events,
fixed_z_imr_L32_f0.75,fixed_z_imr,32,0.75,2026083010,100000,132,0.00132,1800597,2401163,0.7498853680487331,0.0013012113080773193,True,explicit_BB84_particle_events,
fixed_z_imr_L32_f0.75,fixed_z_imr,32,0.75,2026083011,100000,149,0.00149,1800265,2399401,0.7502976784622495,0.0013012113080773193,True,explicit_BB84_particle_events,
fixed_z_imr_L32_f0.75,fixed_z_imr,32,0.75,2026083012,100000,117,0.00117,1799715,2400230,0.7498093932664787,0.0013012113080773193,True,explicit_BB84_particle_events,
fixed_z_imr_L32_f0.75,fixed_z_imr,32,0.75,2026083013,100000,120,0.0012,1799659,2399153,0.7501226474509962,0.0013012113080773193,True,explicit_BB84_particle_events,
fixed_z_imr_L32_f0.75,fixed_z_imr,32,0.75,2026083014,100000,123,0.00123,1799995,2398624,0.7504281621462973,0.0013012113080773193,True,explicit_BB84_particle_events,
fixed_z_imr_L32_f0.75,fixed_z_imr,32,0.75,2026083015,100000,136,0.00136,1799727,2399715,0.7499753095680112,0.0013012113080773193,True,explicit_BB84_particle_events,
fixed_z_imr_L32_f0.75,fixed_z_imr,32,0.75,2026083016,100000,134,0.00134,1800815,2399911,0.7503674094581008,0.0013012113080773193,True,explicit_BB84_particle_events,
fixed_z_imr_L32_f0.75,fixed_z_imr,32,0.75,2026083017,100000,142,0.00142,1800777,2399637,0.7504372536346122,0.0013012113080773193,True,explicit_BB84_particle_events,
fixed_z_imr_L32_f0.75,fixed_z_imr,32,0.75,2026083018,100000,109,0.00109,1799566,2399197,0.750070127630203,0.0013012113080773193,True,explicit_BB84_particle_events,
fixed_z_imr_L32_f0.75,fixed_z_imr,32,0.75,2026083019,100000,126,0.00126,1800576,2400123,0.7502015521704513,0.0013012113080773193,True,explicit_BB84_particle_events,
fixed_z_imr_L32_f0.75,fixed_z_imr,32,0.75,2026083020,100000,136,0.00136,1800033,2399829,0.7500671922874504,0.0013012113080773193,True,explicit_BB84_particle_events,
fixed_z_imr_L32_f0.75,fixed_z_imr,32,0.75,2026083021,100000,141,0.00141,1800617,2399922,0.7502814674810264,0.0013012113080773193,True,explicit_BB84_particle_events,
fixed_z_imr_L32_f0.75,fixed_z_imr,32,0.75,2026083022,100000,134,0.00134,1800132,2400240,0.7499800019998,0.0013012113080773193,True,explicit_BB84_particle_events,
fixed_z_imr_L32_f0.75,fixed_z_imr,32,0.75,2026083023,100000,146,0.00146,1800744,2400995,0.7499990628885108,0.0013012113080773193,True,explicit_BB84_particle_events,
fixed_z_imr_L32_f0.75,fixed_z_imr,32,0.75,2026083024,100000,113,0.00113,1799609,2400923,0.7495488193498917,0.0013012113080773193,True,explicit_BB84_particle_events,
fixed_z_imr_L32_f0.75,fixed_z_imr,32,0.75,2026083025,100000,137,0.00137,1800219,2400625,0.749895964592554,0.0013012113080773193,True,explicit_BB84_particle_events,
fixed_z_imr_L32_f0.75,fixed_z_imr,32,0.75,2026083026,100000,135,0.00135,1800268,2400967,0.7498095558997687,0.0013012113080773193,True,explicit_BB84_particle_events,
fixed_z_imr_L32_f0.75,fixed_z_imr,32,0.75,2026083027,100000,122,0.00122,1800200,2399638,0.7501964879702688,0.0013012113080773193,True,explicit_BB84_particle_events,
fixed_z_imr_L32_f0.75,fixed_z_imr,32,0.75,2026083028,100000,138,0.00138,1800873,2400317,0.7502646525438098,0.0013012113080773193,True,explicit_BB84_particle_events,
fixed_z_imr_L32_f0.75,fixed_z_imr,32,0.75,2026083029,100000,159,0.00159,1799996,2398964,0.7503222224260139,0.0013012113080773193,True,explicit_BB84_particle_events,
fixed_z_imr_L32_f0.75,fixed_z_imr,32,0.75,2026083030,100000,141,0.00141,1801390,2400714,0.7503559357757734,0.0013012113080773193,True,explicit_BB84_particle_events,
fixed_z_imr_L32_f1,fixed_z_imr,32,1.0,2026083001,100000,11,0.00011,2400543,3200000,0.7501696875,0.00010045242572063329,True,explicit_BB84_particle_events,
fixed_z_imr_L32_f1,fixed_z_imr,32,1.0,2026083002,100000,5,5e-05,2399464,3200000,0.7498325,0.00010045242572063329,True,explicit_BB84_particle_events,
fixed_z_imr_L32_f1,fixed_z_imr,32,1.0,2026083003,100000,8,8e-05,2399898,3200000,0.749968125,0.00010045242572063329,True,explicit_BB84_particle_events,
fixed_z_imr_L32_f1,fixed_z_imr,32,1.0,2026083004,100000,8,8e-05,2401314,3200000,0.750410625,0.00010045242572063329,True,explicit_BB84_particle_events,
fixed_z_imr_L32_f1,fixed_z_imr,32,1.0,2026083005,100000,8,8e-05,2399490,3200000,0.749840625,0.00010045242572063329,True,explicit_BB84_particle_events,
fixed_z_imr_L32_f1,fixed_z_imr,32,1.0,2026083006,100000,7,7e-05,2399608,3200000,0.7498775,0.00010045242572063329,True,explicit_BB84_particle_events,
fixed_z_imr_L32_f1,fixed_z_imr,32,1.0,2026083007,100000,14,0.00014,2400348,3200000,0.75010875,0.00010045242572063329,True,explicit_BB84_particle_events,
fixed_z_imr_L32_f1,fixed_z_imr,32,1.0,2026083008,100000,8,8e-05,2400163,3200000,0.7500509375,0.00010045242572063329,True,explicit_BB84_particle_events,
fixed_z_imr_L32_f1,fixed_z_imr,32,1.0,2026083009,100000,18,0.00018,2399946,3200000,0.749983125,0.00010045242572063329,True,explicit_BB84_particle_events,
fixed_z_imr_L32_f1,fixed_z_imr,32,1.0,2026083010,100000,6,6e-05,2399910,3200000,0.749971875,0.00010045242572063329,True,explicit_BB84_particle_events,
fixed_z_imr_L32_f1,fixed_z_imr,32,1.0,2026083011,100000,10,0.0001,2400515,3200000,0.7501609375,0.00010045242572063329,True,explicit_BB84_particle_events,
fixed_z_imr_L32_f1,fixed_z_imr,32,1.0,2026083012,100000,13,0.00013,2399336,3200000,0.7497925,0.00010045242572063329,True,explicit_BB84_particle_events,
fixed_z_imr_L32_f1,fixed_z_imr,32,1.0,2026083013,100000,12,0.00012,2400741,3200000,0.7502315625,0.00010045242572063329,True,explicit_BB84_particle_events,
fixed_z_imr_L32_f1,fixed_z_imr,32,1.0,2026083014,100000,5,5e-05,2401404,3200000,0.75043875,0.00010045242572063329,True,explicit_BB84_particle_events,
fixed_z_imr_L32_f1,fixed_z_imr,32,1.0,2026083015,100000,13,0.00013,2399926,3200000,0.749976875,0.00010045242572063329,True,explicit_BB84_particle_events,
fixed_z_imr_L32_f1,fixed_z_imr,32,1.0,2026083016,100000,10,0.0001,2400659,3200000,0.7502059375,0.00010045242572063329,True,explicit_BB84_particle_events,
fixed_z_imr_L32_f1,fixed_z_imr,32,1.0,2026083017,100000,6,6e-05,2400453,3200000,0.7501415625,0.00010045242572063329,True,explicit_BB84_particle_events,
fixed_z_imr_L32_f1,fixed_z_imr,32,1.0,2026083018,100000,9,9e-05,2400576,3200000,0.75018,0.00010045242572063329,True,explicit_BB84_particle_events,
fixed_z_imr_L32_f1,fixed_z_imr,32,1.0,2026083019,100000,8,8e-05,2400339,3200000,0.7501059375,0.00010045242572063329,True,explicit_BB84_particle_events,
fixed_z_imr_L32_f1,fixed_z_imr,32,1.0,2026083020,100000,14,0.00014,2400453,3200000,0.7501415625,0.00010045242572063329,True,explicit_BB84_particle_events,
fixed_z_imr_L32_f1,fixed_z_imr,32,1.0,2026083021,100000,9,9e-05,2401222,3200000,0.750381875,0.00010045242572063329,True,explicit_BB84_particle_events,
fixed_z_imr_L32_f1,fixed_z_imr,32,1.0,2026083022,100000,9,9e-05,2399300,3200000,0.74978125,0.00010045242572063329,True,explicit_BB84_particle_events,
fixed_z_imr_L32_f1,fixed_z_imr,32,1.0,2026083023,100000,14,0.00014,2399790,3200000,0.749934375,0.00010045242572063329,True,explicit_BB84_particle_events,
fixed_z_imr_L32_f1,fixed_z_imr,32,1.0,2026083024,100000,5,5e-05,2399187,3200000,0.7497459375,0.00010045242572063329,True,explicit_BB84_particle_events,
fixed_z_imr_L32_f1,fixed_z_imr,32,1.0,2026083025,100000,8,8e-05,2399558,3200000,0.749861875,0.00010045242572063329,True,explicit_BB84_particle_events,
fixed_z_imr_L32_f1,fixed_z_imr,32,1.0,2026083026,100000,8,8e-05,2399738,3200000,0.749918125,0.00010045242572063329,True,explicit_BB84_particle_events,
fixed_z_imr_L32_f1,fixed_z_imr,32,1.0,2026083027,100000,9,9e-05,2400895,3200000,0.7502796875,0.00010045242572063329,True,explicit_BB84_particle_events,
fixed_z_imr_L32_f1,fixed_z_imr,32,1.0,2026083028,100000,10,0.0001,2400153,3200000,0.7500478125,0.00010045242572063329,True,explicit_BB84_particle_events,
fixed_z_imr_L32_f1,fixed_z_imr,32,1.0,2026083029,100000,10,0.0001,2400684,3200000,0.75021375,0.00010045242572063329,True,explicit_BB84_particle_events,
fixed_z_imr_L32_f1,fixed_z_imr,32,1.0,2026083030,100000,9,9e-05,2401011,3200000,0.7503159375,0.00010045242572063329,True,explicit_BB84_particle_events,
fixed_z_imr_L64_f0.1,fixed_z_imr,64,0.1,2026083001,100000,19621,0.19621,479356,639560,0.749509037463256,0.1978314821375438,True,explicit_BB84_particle_events,
fixed_z_imr_L64_f0.1,fixed_z_imr,64,0.1,2026083002,100000,19760,0.1976,479643,639972,0.7494749770302451,0.1978314821375438,True,explicit_BB84_particle_events,
fixed_z_imr_L64_f0.1,fixed_z_imr,64,0.1,2026083003,100000,19959,0.19959,479956,639208,0.7508604397942453,0.1978314821375438,True,explicit_BB84_particle_events,
fixed_z_imr_L64_f0.1,fixed_z_imr,64,0.1,2026083004,100000,19906,0.19906,479122,638705,0.7501459985439287,0.1978314821375438,True,explicit_BB84_particle_events,
fixed_z_imr_L64_f0.1,fixed_z_imr,64,0.1,2026083005,100000,19626,0.19626,480603,640404,0.7504684542882305,0.1978314821375438,True,explicit_BB84_particle_events,
fixed_z_imr_L64_f0.1,fixed_z_imr,64,0.1,2026083006,100000,19784,0.19784,480913,641020,0.7502308820317619,0.1978314821375438,True,explicit_BB84_particle_events,
fixed_z_imr_L64_f0.1,fixed_z_imr,64,0.1,2026083007,100000,19737,0.19737,480334,640434,0.7500132722497557,0.1978314821375438,True,explicit_BB84_particle_events,
fixed_z_imr_L64_f0.1,fixed_z_imr,64,0.1,2026083008,100000,19809,0.19809,481294,641305,0.7504915757712789,0.1978314821375438,True,explicit_BB84_particle_events,
fixed_z_imr_L64_f0.1,fixed_z_imr,64,0.1,2026083009,100000,19798,0.19798,479921,639659,0.7502763191012711,0.1978314821375438,True,explicit_BB84_particle_events,
fixed_z_imr_L64_f0.1,fixed_z_imr,64,0.1,2026083010,100000,19968,0.19968,481617,640932,0.7514322892288106,0.1978314821375438,True,explicit_BB84_particle_events,
fixed_z_imr_L64_f0.1,fixed_z_imr,64,0.1,2026083011,100000,19809,0.19809,480134,640678,0.7494154629938908,0.1978314821375438,True,explicit_BB84_particle_events,
fixed_z_imr_L64_f0.1,fixed_z_imr,64,0.1,2026083012,100000,19760,0.1976,480122,639670,0.7505776415964481,0.1978314821375438,True,explicit_BB84_particle_events,
fixed_z_imr_L64_f0.1,fixed_z_imr,64,0.1,2026083013,100000,19791,0.19791,479021,639724,0.7487932295802565,0.1978314821375438,True,explicit_BB84_particle_events,
fixed_z_imr_L64_f0.1,fixed_z_imr,64,0.1,2026083014,100000,20112,0.20112,481182,640558,0.7511919295364354,0.1978314821375438,True,explicit_BB84_particle_events,
fixed_z_imr_L64_f0.1,fixed_z_imr,64,0.1,2026083015,100000,19685,0.19685,480734,640815,0.7501915529442975,0.1978314821375438,True,explicit_BB84_particle_events,
fixed_z_imr_L64_f0.1,fixed_z_imr,64,0.1,2026083016,100000,19739,0.19739,479354,639733,0.7493032249391544,0.1978314821375438,True,explicit_BB84_particle_events,
fixed_z_imr_L64_f0.1,fixed_z_imr,64,0.1,2026083017,100000,19549,0.19549,480368,640719,0.7497327221449652,0.1978314821375438,True,explicit_BB84_particle_events,
fixed_z_imr_L64_f0.1,fixed_z_imr,64,0.1,2026083018,100000,19745,0.19745,480361,641251,0.7490998064720367,0.1978314821375438,True,explicit_BB84_particle_events,
fixed_z_imr_L64_f0.1,fixed_z_imr,64,0.1,2026083019,100000,19759,0.19759,479221,639682,0.7491550489149296,0.1978314821375438,True,explicit_BB84_particle_events,
fixed_z_imr_L64_f0.1,fixed_z_imr,64,0.1,2026083020,100000,19763,0.19763,480446,640713,0.7498614824422167,0.1978314821375438,True,explicit_BB84_particle_events,
fixed_z_imr_L64_f0.1,fixed_z_imr,64,0.1,2026083021,100000,19871,0.19871,480097,639709,0.7504928021959985,0.1978314821375438,True,explicit_BB84_particle_events,
fixed_z_imr_L64_f0.1,fixed_z_imr,64,0.1,2026083022,100000,19628,0.19628,480102,640087,0.7500574140702748,0.1978314821375438,True,explicit_BB84_particle_events,
fixed_z_imr_L64_f0.1,fixed_z_imr,64,0.1,2026083023,100000,19889,0.19889,480089,640168,0.7499422026717987,0.1978314821375438,True,explicit_BB84_particle_events,
fixed_z_imr_L64_f0.1,fixed_z_imr,64,0.1,2026083024,100000,19844,0.19844,480191,639704,0.7506456110951315,0.1978314821375438,True,explicit_BB84_particle_events,
fixed_z_imr_L64_f0.1,fixed_z_imr,64,0.1,2026083025,100000,19504,0.19504,481049,641620,0.7497412798852904,0.1978314821375438,True,explicit_BB84_particle_events,
fixed_z_imr_L64_f0.1,fixed_z_imr,64,0.1,2026083026,100000,19754,0.19754,480331,640458,0.7499804827170556,0.1978314821375438,True,explicit_BB84_particle_events,
fixed_z_imr_L64_f0.1,fixed_z_imr,64,0.1,2026083027,100000,19606,0.19606,479323,639240,0.7498326137288029,0.1978314821375438,True,explicit_BB84_particle_events,
fixed_z_imr_L64_f0.1,fixed_z_imr,64,0.1,2026083028,100000,19847,0.19847,480215,639909,0.7504426410630262,0.1978314821375438,True,explicit_BB84_particle_events,
fixed_z_imr_L64_f0.1,fixed_z_imr,64,0.1,2026083029,100000,19579,0.19579,479771,639933,0.7497206738830471,0.1978314821375438,True,explicit_BB84_particle_events,
fixed_z_imr_L64_f0.1,fixed_z_imr,64,0.1,2026083030,100000,19859,0.19859,479805,639972,0.7497281131049484,0.1978314821375438,True,explicit_BB84_particle_events,
fixed_z_imr_L64_f0.25,fixed_z_imr,64,0.25,2026083001,100000,1546,0.01546,1197967,1598276,0.7495370011187054,0.01607539635095263,True,explicit_BB84_particle_events,
fixed_z_imr_L64_f0.25,fixed_z_imr,64,0.25,2026083002,100000,1628,0.01628,1199439,1600114,0.749595966287402,0.01607539635095263,True,explicit_BB84_particle_events,
fixed_z_imr_L64_f0.25,fixed_z_imr,64,0.25,2026083003,100000,1655,0.01655,1200576,1600040,0.7503412414689633,0.01607539635095263,True,explicit_BB84_particle_events,
fixed_z_imr_L64_f0.25,fixed_z_imr,64,0.25,2026083004,100000,1593,0.01593,1199755,1599671,0.7500010939749486,0.01607539635095263,True,explicit_BB84_particle_events,
fixed_z_imr_L64_f0.25,fixed_z_imr,64,0.25,2026083005,100000,1606,0.01606,1200245,1600403,0.7499642277601329,0.01607539635095263,True,explicit_BB84_particle_events,
fixed_z_imr_L64_f0.25,fixed_z_imr,64,0.25,2026083006,100000,1590,0.0159,1200934,1601125,0.7500563666172223,0.01607539635095263,True,explicit_BB84_particle_events,
fixed_z_imr_L64_f0.25,fixed_z_imr,64,0.25,2026083007,100000,1594,0.01594,1200029,1600039,0.7499998437538085,0.01607539635095263,True,explicit_BB84_particle_events,
fixed_z_imr_L64_f0.25,fixed_z_imr,64,0.25,2026083008,100000,1603,0.01603,1200232,1599245,0.7504991417825286,0.01607539635095263,True,explicit_BB84_particle_events,
fixed_z_imr_L64_f0.25,fixed_z_imr,64,0.25,2026083009,100000,1574,0.01574,1198907,1598821,0.7498694350399451,0.01607539635095263,True,explicit_BB84_particle_events,
fixed_z_imr_L64_f0.25,fixed_z_imr,64,0.25,2026083010,100000,1577,0.01577,1201981,1600564,0.7509734068740769,0.01607539635095263,True,explicit_BB84_particle_events,
fixed_z_imr_L64_f0.25,fixed_z_imr,64,0.25,2026083011,100000,1651,0.01651,1199203,1599890,0.7495534067967172,0.01607539635095263,True,explicit_BB84_particle_events,
fixed_z_imr_L64_f0.25,fixed_z_imr,64,0.25,2026083012,100000,1662,0.01662,1199947,1599987,0.7499729685303693,0.01607539635095263,True,explicit_BB84_particle_events,
fixed_z_imr_L64_f0.25,fixed_z_imr,64,0.25,2026083013,100000,1673,0.01673,1197853,1599086,0.7490860404005788,0.01607539635095263,True,explicit_BB84_particle_events,
fixed_z_imr_L64_f0.25,fixed_z_imr,64,0.25,2026083014,100000,1664,0.01664,1201377,1600886,0.7504450660446778,0.01607539635095263,True,explicit_BB84_particle_events,
fixed_z_imr_L64_f0.25,fixed_z_imr,64,0.25,2026083015,100000,1608,0.01608,1200582,1600492,0.7501330840766465,0.01607539635095263,True,explicit_BB84_particle_events,
fixed_z_imr_L64_f0.25,fixed_z_imr,64,0.25,2026083016,100000,1653,0.01653,1199770,1600640,0.7495564274290284,0.01607539635095263,True,explicit_BB84_particle_events,
fixed_z_imr_L64_f0.25,fixed_z_imr,64,0.25,2026083017,100000,1609,0.01609,1200007,1599405,0.7502833866344046,0.01607539635095263,True,explicit_BB84_particle_events,
fixed_z_imr_L64_f0.25,fixed_z_imr,64,0.25,2026083018,100000,1669,0.01669,1200382,1600291,0.7501023251396153,0.01607539635095263,True,explicit_BB84_particle_events,
fixed_z_imr_L64_f0.25,fixed_z_imr,64,0.25,2026083019,100000,1653,0.01653,1197825,1598609,0.7492920407679426,0.01607539635095263,True,explicit_BB84_particle_events,
fixed_z_imr_L64_f0.25,fixed_z_imr,64,0.25,2026083020,100000,1627,0.01627,1202018,1601552,0.7505332327642187,0.01607539635095263,True,explicit_BB84_particle_events,
fixed_z_imr_L64_f0.25,fixed_z_imr,64,0.25,2026083021,100000,1546,0.01546,1199622,1599317,0.7500839420827766,0.01607539635095263,True,explicit_BB84_particle_events,
fixed_z_imr_L64_f0.25,fixed_z_imr,64,0.25,2026083022,100000,1550,0.0155,1200191,1599601,0.7503064826791181,0.01607539635095263,True,explicit_BB84_particle_events,
fixed_z_imr_L64_f0.25,fixed_z_imr,64,0.25,2026083023,100000,1643,0.01643,1201910,1601696,0.7503983277725611,0.01607539635095263,True,explicit_BB84_particle_events,
fixed_z_imr_L64_f0.25,fixed_z_imr,64,0.25,2026083024,100000,1675,0.01675,1200350,1599697,0.7503608495858903,0.01607539635095263,True,explicit_BB84_particle_events,
fixed_z_imr_L64_f0.25,fixed_z_imr,64,0.25,2026083025,100000,1577,0.01577,1199381,1599864,0.7496768475320402,0.01607539635095263,True,explicit_BB84_particle_events,
fixed_z_imr_L64_f0.25,fixed_z_imr,64,0.25,2026083026,100000,1591,0.01591,1199791,1599952,0.7498918717561527,0.01607539635095263,True,explicit_BB84_particle_events,
fixed_z_imr_L64_f0.25,fixed_z_imr,64,0.25,2026083027,100000,1570,0.0157,1199149,1598883,0.7499917129646134,0.01607539635095263,True,explicit_BB84_particle_events,
fixed_z_imr_L64_f0.25,fixed_z_imr,64,0.25,2026083028,100000,1651,0.01651,1201213,1600419,0.7505615716884141,0.01607539635095263,True,explicit_BB84_particle_events,
fixed_z_imr_L64_f0.25,fixed_z_imr,64,0.25,2026083029,100000,1617,0.01617,1200558,1600550,0.7500909062509762,0.01607539635095263,True,explicit_BB84_particle_events,
fixed_z_imr_L64_f0.25,fixed_z_imr,64,0.25,2026083030,100000,1620,0.0162,1199715,1600398,0.7496354031934557,0.01607539635095263,True,explicit_BB84_particle_events,
fixed_z_imr_L64_f0.5,fixed_z_imr,64,0.5,2026083001,100000,11,0.00011,2399572,3199799,0.7499133539325439,0.00019431905663716255,True,explicit_BB84_particle_events,
fixed_z_imr_L64_f0.5,fixed_z_imr,64,0.5,2026083002,100000,19,0.00019,2398148,3199130,0.749625054311641,0.00019431905663716255,True,explicit_BB84_particle_events,
fixed_z_imr_L64_f0.5,fixed_z_imr,64,0.5,2026083003,100000,15,0.00015,2401576,3201243,0.7502010937626415,0.00019431905663716255,True,explicit_BB84_particle_events,
fixed_z_imr_L64_f0.5,fixed_z_imr,64,0.5,2026083004,100000,20,0.0002,2400442,3201035,0.7498955806481341,0.00019431905663716255,True,explicit_BB84_particle_events,
fixed_z_imr_L64_f0.5,fixed_z_imr,64,0.5,2026083005,100000,30,0.0003,2400890,3202692,0.7496474840540396,0.00019431905663716255,True,explicit_BB84_particle_events,
fixed_z_imr_L64_f0.5,fixed_z_imr,64,0.5,2026083006,100000,20,0.0002,2399438,3199201,0.7500116435322445,0.00019431905663716255,True,explicit_BB84_particle_events,
fixed_z_imr_L64_f0.5,fixed_z_imr,64,0.5,2026083007,100000,22,0.00022,2399260,3199736,0.7498306110254096,0.00019431905663716255,True,explicit_BB84_particle_events,
fixed_z_imr_L64_f0.5,fixed_z_imr,64,0.5,2026083008,100000,11,0.00011,2399636,3198165,0.7503165096234872,0.00019431905663716255,True,explicit_BB84_particle_events,
fixed_z_imr_L64_f0.5,fixed_z_imr,64,0.5,2026083009,100000,15,0.00015,2397246,3196804,0.7498883259655581,0.00019431905663716255,True,explicit_BB84_particle_events,
fixed_z_imr_L64_f0.5,fixed_z_imr,64,0.5,2026083010,100000,17,0.00017,2403541,3202433,0.7505359206578248,0.00019431905663716255,True,explicit_BB84_particle_events,
fixed_z_imr_L64_f0.5,fixed_z_imr,64,0.5,2026083011,100000,13,0.00013,2397990,3198977,0.7496115164316592,0.00019431905663716255,True,explicit_BB84_particle_events,
fixed_z_imr_L64_f0.5,fixed_z_imr,64,0.5,2026083012,100000,26,0.00026,2399439,3199466,0.7499498353787788,0.00019431905663716255,True,explicit_BB84_particle_events,
fixed_z_imr_L64_f0.5,fixed_z_imr,64,0.5,2026083013,100000,16,0.00016,2397695,3198528,0.7496245147767974,0.00019431905663716255,True,explicit_BB84_particle_events,
fixed_z_imr_L64_f0.5,fixed_z_imr,64,0.5,2026083014,100000,29,0.00029,2401172,3200614,0.7502223010959772,0.00019431905663716255,True,explicit_BB84_particle_events,
fixed_z_imr_L64_f0.5,fixed_z_imr,64,0.5,2026083015,100000,19,0.00019,2400509,3200559,0.7500280419764173,0.00019431905663716255,True,explicit_BB84_particle_events,
fixed_z_imr_L64_f0.5,fixed_z_imr,64,0.5,2026083016,100000,19,0.00019,2399603,3200724,0.7497063164459041,0.00019431905663716255,True,explicit_BB84_particle_events,
fixed_z_imr_L64_f0.5,fixed_z_imr,64,0.5,2026083017,100000,25,0.00025,2399687,3199039,0.7501274601528771,0.00019431905663716255,True,explicit_BB84_particle_events,
fixed_z_imr_L64_f0.5,fixed_z_imr,64,0.5,2026083018,100000,21,0.00021,2400615,3201508,0.7498388259532696,0.00019431905663716255,True,explicit_BB84_particle_events,
fixed_z_imr_L64_f0.5,fixed_z_imr,64,0.5,2026083019,100000,23,0.00023,2398358,3200135,0.7494552573563302,0.00019431905663716255,True,explicit_BB84_particle_events,
fixed_z_imr_L64_f0.5,fixed_z_imr,64,0.5,2026083020,100000,21,0.00021,2401052,3199461,0.7504551547901349,0.00019431905663716255,True,explicit_BB84_particle_events,
fixed_z_imr_L64_f0.5,fixed_z_imr,64,0.5,2026083021,100000,21,0.00021,2400260,3199670,0.7501586101066673,0.00019431905663716255,True,explicit_BB84_particle_events,
fixed_z_imr_L64_f0.5,fixed_z_imr,64,0.5,2026083022,100000,28,0.00028,2398919,3198588,0.7499931219650671,0.00019431905663716255,True,explicit_BB84_particle_events,
fixed_z_imr_L64_f0.5,fixed_z_imr,64,0.5,2026083023,100000,23,0.00023,2401218,3202094,0.7498899157863573,0.00019431905663716255,True,explicit_BB84_particle_events,
fixed_z_imr_L64_f0.5,fixed_z_imr,64,0.5,2026083024,100000,20,0.0002,2400705,3200838,0.7500238999911898,0.00019431905663716255,True,explicit_BB84_particle_events,
fixed_z_imr_L64_f0.5,fixed_z_imr,64,0.5,2026083025,100000,19,0.00019,2398862,3199320,0.7498037082880112,0.00019431905663716255,True,explicit_BB84_particle_events,
fixed_z_imr_L64_f0.5,fixed_z_imr,64,0.5,2026083026,100000,21,0.00021,2398967,3199200,0.7498646536634158,0.00019431905663716255,True,explicit_BB84_particle_events,
fixed_z_imr_L64_f0.5,fixed_z_imr,64,0.5,2026083027,100000,10,0.0001,2398461,3198512,0.749867751004217,0.00019431905663716255,True,explicit_BB84_particle_events,
fixed_z_imr_L64_f0.5,fixed_z_imr,64,0.5,2026083028,100000,23,0.00023,2401583,3200635,0.7503457907571466,0.00019431905663716255,True,explicit_BB84_particle_events,
fixed_z_imr_L64_f0.5,fixed_z_imr,64,0.5,2026083029,100000,14,0.00014,2402896,3203459,0.7500941950560316,0.00019431905663716255,True,explicit_BB84_particle_events,
fixed_z_imr_L64_f0.5,fixed_z_imr,64,0.5,2026083030,100000,23,0.00023,2400051,3200607,0.7498736958333216,0.00019431905663716255,True,explicit_BB84_particle_events,
fixed_z_imr_L64_f0.75,fixed_z_imr,64,0.75,,0,,,,,,1.6931508682682886e-06,False,analytic_rare_event_only,9.985769259257538e-07
fixed_z_imr_L64_f1,fixed_z_imr,64,1.0,,0,,,,,,1.0090689833159348e-08,False,analytic_rare_event_only,9.985769259257538e-07
biased_basis_imr_L8_f0.1,biased_basis_imr,8,0.1,2026083001,100000,81793,0.81793,60183,80026,0.7520430859970509,0.8166518036622625,True,explicit_BB84_particle_events,
biased_basis_imr_L8_f0.1,biased_basis_imr,8,0.1,2026083002,100000,81492,0.81492,60078,80229,0.7488314699173616,0.8166518036622625,True,explicit_BB84_particle_events,
biased_basis_imr_L8_f0.1,biased_basis_imr,8,0.1,2026083003,100000,81580,0.8158,60221,80331,0.749660778528837,0.8166518036622625,True,explicit_BB84_particle_events,
biased_basis_imr_L8_f0.1,biased_basis_imr,8,0.1,2026083004,100000,81822,0.81822,60138,79996,0.7517625881294064,0.8166518036622625,True,explicit_BB84_particle_events,
biased_basis_imr_L8_f0.1,biased_basis_imr,8,0.1,2026083005,100000,81856,0.81856,59979,79751,0.7520783438452182,0.8166518036622625,True,explicit_BB84_particle_events,
biased_basis_imr_L8_f0.1,biased_basis_imr,8,0.1,2026083006,100000,81652,0.81652,60168,80094,0.751217319649412,0.8166518036622625,True,explicit_BB84_particle_events,
biased_basis_imr_L8_f0.1,biased_basis_imr,8,0.1,2026083007,100000,81575,0.81575,60156,80229,0.7498036869461168,0.8166518036622625,True,explicit_BB84_particle_events,
biased_basis_imr_L8_f0.1,biased_basis_imr,8,0.1,2026083008,100000,81808,0.81808,59757,79527,0.7514051831453469,0.8166518036622625,True,explicit_BB84_particle_events,
biased_basis_imr_L8_f0.1,biased_basis_imr,8,0.1,2026083009,100000,81830,0.8183,60024,79822,0.7519731402370274,0.8166518036622625,True,explicit_BB84_particle_events,
biased_basis_imr_L8_f0.1,biased_basis_imr,8,0.1,2026083010,100000,81610,0.8161,59992,80057,0.7493660766703724,0.8166518036622625,True,explicit_BB84_particle_events,
biased_basis_imr_L8_f0.1,biased_basis_imr,8,0.1,2026083011,100000,81680,0.8168,59692,79632,0.7495981514968857,0.8166518036622625,True,explicit_BB84_particle_events,
biased_basis_imr_L8_f0.1,biased_basis_imr,8,0.1,2026083012,100000,81600,0.816,60617,80666,0.7514566236084596,0.8166518036622625,True,explicit_BB84_particle_events,
biased_basis_imr_L8_f0.1,biased_basis_imr,8,0.1,2026083013,100000,81630,0.8163,59855,79959,0.7485711427106392,0.8166518036622625,True,explicit_BB84_particle_events,
biased_basis_imr_L8_f0.1,biased_basis_imr,8,0.1,2026083014,100000,81507,0.81507,59683,79910,0.7468777374546365,0.8166518036622625,True,explicit_BB84_particle_events,
biased_basis_imr_L8_f0.1,biased_basis_imr,8,0.1,2026083015,100000,81632,0.81632,59679,79741,0.7484104789255214,0.8166518036622625,True,explicit_BB84_particle_events,
biased_basis_imr_L8_f0.1,biased_basis_imr,8,0.1,2026083016,100000,81960,0.8196,59547,79215,0.7517136905889036,0.8166518036622625,True,explicit_BB84_particle_events,
biased_basis_imr_L8_f0.1,biased_basis_imr,8,0.1,2026083017,100000,81645,0.81645,59986,80074,0.7491320528511127,0.8166518036622625,True,explicit_BB84_particle_events,
biased_basis_imr_L8_f0.1,biased_basis_imr,8,0.1,2026083018,100000,81628,0.81628,59924,79926,0.7497435127492931,0.8166518036622625,True,explicit_BB84_particle_events,
biased_basis_imr_L8_f0.1,biased_basis_imr,8,0.1,2026083019,100000,81617,0.81617,60116,80191,0.7496601863051964,0.8166518036622625,True,explicit_BB84_particle_events,
biased_basis_imr_L8_f0.1,biased_basis_imr,8,0.1,2026083020,100000,81712,0.81712,60237,80118,0.7518535160638059,0.8166518036622625,True,explicit_BB84_particle_events,
biased_basis_imr_L8_f0.1,biased_basis_imr,8,0.1,2026083021,100000,81616,0.81616,59954,79975,0.749659268521413,0.8166518036622625,True,explicit_BB84_particle_events,
biased_basis_imr_L8_f0.1,biased_basis_imr,8,0.1,2026083022,100000,81635,0.81635,60655,80663,0.7519556674063698,0.8166518036622625,True,explicit_BB84_particle_events,
biased_basis_imr_L8_f0.1,biased_basis_imr,8,0.1,2026083023,100000,81601,0.81601,59814,79984,0.7478245649129825,0.8166518036622625,True,explicit_BB84_particle_events,
biased_basis_imr_L8_f0.1,biased_basis_imr,8,0.1,2026083024,100000,81675,0.81675,59770,79677,0.7501537457484594,0.8166518036622625,True,explicit_BB84_particle_events,
biased_basis_imr_L8_f0.1,biased_basis_imr,8,0.1,2026083025,100000,81652,0.81652,60052,80086,0.7498439177883774,0.8166518036622625,True,explicit_BB84_particle_events,
biased_basis_imr_L8_f0.1,biased_basis_imr,8,0.1,2026083026,100000,81729,0.81729,60221,80195,0.7509321029989401,0.8166518036622625,True,explicit_BB84_particle_events,
biased_basis_imr_L8_f0.1,biased_basis_imr,8,0.1,2026083027,100000,81710,0.8171,60233,80143,0.7515690702868623,0.8166518036622625,True,explicit_BB84_particle_events,
biased_basis_imr_L8_f0.1,biased_basis_imr,8,0.1,2026083028,100000,81621,0.81621,60189,80255,0.749971964363591,0.8166518036622625,True,explicit_BB84_particle_events,
biased_basis_imr_L8_f0.1,biased_basis_imr,8,0.1,2026083029,100000,81631,0.81631,59647,79730,0.7481123792800702,0.8166518036622625,True,explicit_BB84_particle_events,
biased_basis_imr_L8_f0.1,biased_basis_imr,8,0.1,2026083030,100000,81590,0.8159,59662,79742,0.7481879059968398,0.8166518036622625,True,explicit_BB84_particle_events,
biased_basis_imr_L8_f0.25,biased_basis_imr,8,0.25,2026083001,100000,59771,0.59771,149944,199845,0.7503014836498286,0.5967194738332182,True,explicit_BB84_particle_events,
biased_basis_imr_L8_f0.25,biased_basis_imr,8,0.25,2026083002,100000,59574,0.59574,149993,200067,0.7497138458616364,0.5967194738332182,True,explicit_BB84_particle_events,
biased_basis_imr_L8_f0.25,biased_basis_imr,8,0.25,2026083003,100000,59622,0.59622,149973,200107,0.7494640367403439,0.5967194738332182,True,explicit_BB84_particle_events,
biased_basis_imr_L8_f0.25,biased_basis_imr,8,0.25,2026083004,100000,59887,0.59887,150316,200159,0.7509829685400107,0.5967194738332182,True,explicit_BB84_particle_events,
biased_basis_imr_L8_f0.25,biased_basis_imr,8,0.25,2026083005,100000,59780,0.5978,149651,199440,0.7503559967910148,0.5967194738332182,True,explicit_BB84_particle_events,
biased_basis_imr_L8_f0.25,biased_basis_imr,8,0.25,2026083006,100000,59495,0.59495,149739,199982,0.7487623886149753,0.5967194738332182,True,explicit_BB84_particle_events,
biased_basis_imr_L8_f0.25,biased_basis_imr,8,0.25,2026083007,100000,59463,0.59463,149782,200097,0.7485469547269574,0.5967194738332182,True,explicit_BB84_particle_events,
biased_basis_imr_L8_f0.25,biased_basis_imr,8,0.25,2026083008,100000,59675,0.59675,149752,199682,0.749952424354724,0.5967194738332182,True,explicit_BB84_particle_events,
biased_basis_imr_L8_f0.25,biased_basis_imr,8,0.25,2026083009,100000,59916,0.59916,150283,199939,0.7516442514967066,0.5967194738332182,True,explicit_BB84_particle_events,
biased_basis_imr_L8_f0.25,biased_basis_imr,8,0.25,2026083010,100000,59722,0.59722,149585,199361,0.7503222796835891,0.5967194738332182,True,explicit_BB84_particle_events,
biased_basis_imr_L8_f0.25,biased_basis_imr,8,0.25,2026083011,100000,59693,0.59693,150352,200287,0.7506827702247275,0.5967194738332182,True,explicit_BB84_particle_events,
biased_basis_imr_L8_f0.25,biased_basis_imr,8,0.25,2026083012,100000,59639,0.59639,150538,200496,0.7508279466922033,0.5967194738332182,True,explicit_BB84_particle_events,
biased_basis_imr_L8_f0.25,biased_basis_imr,8,0.25,2026083013,100000,59574,0.59574,150412,200446,0.7503866377977111,0.5967194738332182,True,explicit_BB84_particle_events,
biased_basis_imr_L8_f0.25,biased_basis_imr,8,0.25,2026083014,100000,59612,0.59612,149529,199698,0.7487756512333624,0.5967194738332182,True,explicit_BB84_particle_events,
biased_basis_imr_L8_f0.25,biased_basis_imr,8,0.25,2026083015,100000,59731,0.59731,149808,199813,0.7497410078423326,0.5967194738332182,True,explicit_BB84_particle_events,
biased_basis_imr_L8_f0.25,biased_basis_imr,8,0.25,2026083016,100000,59690,0.5969,149723,199654,0.7499123483626674,0.5967194738332182,True,explicit_BB84_particle_events,
biased_basis_imr_L8_f0.25,biased_basis_imr,8,0.25,2026083017,100000,59628,0.59628,149909,200121,0.7490917994613259,0.5967194738332182,True,explicit_BB84_particle_events,
biased_basis_imr_L8_f0.25,biased_basis_imr,8,0.25,2026083018,100000,59710,0.5971,150008,199984,0.75010000800064,0.5967194738332182,True,explicit_BB84_particle_events,
biased_basis_imr_L8_f0.25,biased_basis_imr,8,0.25,2026083019,100000,59510,0.5951,149864,200133,0.7488220333478237,0.5967194738332182,True,explicit_BB84_particle_events,
biased_basis_imr_L8_f0.25,biased_basis_imr,8,0.25,2026083020,100000,59797,0.59797,150204,199860,0.7515460822575804,0.5967194738332182,True,explicit_BB84_particle_events,
biased_basis_imr_L8_f0.25,biased_basis_imr,8,0.25,2026083021,100000,59592,0.59592,149881,199898,0.7497873915697005,0.5967194738332182,True,explicit_BB84_particle_events,
biased_basis_imr_L8_f0.25,biased_basis_imr,8,0.25,2026083022,100000,59723,0.59723,150866,200854,0.751122706045187,0.5967194738332182,True,explicit_BB84_particle_events,
biased_basis_imr_L8_f0.25,biased_basis_imr,8,0.25,2026083023,100000,59548,0.59548,149782,200198,0.748169312380743,0.5967194738332182,True,explicit_BB84_particle_events,
biased_basis_imr_L8_f0.25,biased_basis_imr,8,0.25,2026083024,100000,59608,0.59608,149776,199639,0.7502341726816905,0.5967194738332182,True,explicit_BB84_particle_events,
biased_basis_imr_L8_f0.25,biased_basis_imr,8,0.25,2026083025,100000,59659,0.59659,150141,200323,0.7494945662754651,0.5967194738332182,True,explicit_BB84_particle_events,
biased_basis_imr_L8_f0.25,biased_basis_imr,8,0.25,2026083026,100000,59704,0.59704,150085,199980,0.7505000500050005,0.5967194738332182,True,explicit_BB84_particle_events,
biased_basis_imr_L8_f0.25,biased_basis_imr,8,0.25,2026083027,100000,59529,0.59529,150548,200602,0.7504810520333796,0.5967194738332182,True,explicit_BB84_particle_events,
biased_basis_imr_L8_f0.25,biased_basis_imr,8,0.25,2026083028,100000,59745,0.59745,151232,201081,0.7520949269199975,0.5967194738332182,True,explicit_BB84_particle_events,
biased_basis_imr_L8_f0.25,biased_basis_imr,8,0.25,2026083029,100000,59630,0.5963,149698,199942,0.7487071250662692,0.5967194738332182,True,explicit_BB84_particle_events,
biased_basis_imr_L8_f0.25,biased_basis_imr,8,0.25,2026083030,100000,59659,0.59659,149584,199685,0.7490998322357714,0.5967194738332182,True,explicit_BB84_particle_events,
biased_basis_imr_L8_f0.5,biased_basis_imr,8,0.5,2026083001,100000,34609,0.34609,300473,400008,0.751167476650467,0.34360891580581665,True,explicit_BB84_particle_events,
biased_basis_imr_L8_f0.5,biased_basis_imr,8,0.5,2026083002,100000,34075,0.34075,299388,399697,0.7490373958273392,0.34360891580581665,True,explicit_BB84_particle_events,
biased_basis_imr_L8_f0.5,biased_basis_imr,8,0.5,2026083003,100000,34574,0.34574,299752,399701,0.7499405805839865,0.34360891580581665,True,explicit_BB84_particle_events,
biased_basis_imr_L8_f0.5,biased_basis_imr,8,0.5,2026083004,100000,34592,0.34592,300520,400137,0.7510427678520107,0.34360891580581665,True,explicit_BB84_particle_events,
biased_basis_imr_L8_f0.5,biased_basis_imr,8,0.5,2026083005,100000,34468,0.34468,300188,400074,0.750331188730085,0.34360891580581665,True,explicit_BB84_particle_events,
biased_basis_imr_L8_f0.5,biased_basis_imr,8,0.5,2026083006,100000,34223,0.34223,300326,400394,0.7500761749676569,0.34360891580581665,True,explicit_BB84_particle_events,
biased_basis_imr_L8_f0.5,biased_basis_imr,8,0.5,2026083007,100000,34390,0.3439,299500,399569,0.7495576483661145,0.34360891580581665,True,explicit_BB84_particle_events,
biased_basis_imr_L8_f0.5,biased_basis_imr,8,0.5,2026083008,100000,34574,0.34574,299917,399469,0.7507891726266619,0.34360891580581665,True,explicit_BB84_particle_events,
biased_basis_imr_L8_f0.5,biased_basis_imr,8,0.5,2026083009,100000,34496,0.34496,300366,399857,0.7511835481184523,0.34360891580581665,True,explicit_BB84_particle_events,
biased_basis_imr_L8_f0.5,biased_basis_imr,8,0.5,2026083010,100000,34211,0.34211,299953,400077,0.7497381754012352,0.34360891580581665,True,explicit_BB84_particle_events,
biased_basis_imr_L8_f0.5,biased_basis_imr,8,0.5,2026083011,100000,34624,0.34624,300258,399773,0.7510712329246848,0.34360891580581665,True,explicit_BB84_particle_events,
biased_basis_imr_L8_f0.5,biased_basis_imr,8,0.5,2026083012,100000,34357,0.34357,300382,400598,0.7498339981727318,0.34360891580581665,True,explicit_BB84_particle_events,
biased_basis_imr_L8_f0.5,biased_basis_imr,8,0.5,2026083013,100000,34311,0.34311,301278,401208,0.7509271998564335,0.34360891580581665,True,explicit_BB84_particle_events,
biased_basis_imr_L8_f0.5,biased_basis_imr,8,0.5,2026083014,100000,34112,0.34112,299520,399919,0.7489516627116991,0.34360891580581665,True,explicit_BB84_particle_events,
biased_basis_imr_L8_f0.5,biased_basis_imr,8,0.5,2026083015,100000,34516,0.34516,300144,399810,0.7507165903804307,0.34360891580581665,True,explicit_BB84_particle_events,
biased_basis_imr_L8_f0.5,biased_basis_imr,8,0.5,2026083016,100000,34389,0.34389,299676,399709,0.7497354325271635,0.34360891580581665,True,explicit_BB84_particle_events,
biased_basis_imr_L8_f0.5,biased_basis_imr,8,0.5,2026083017,100000,34251,0.34251,299952,400124,0.7496476092411353,0.34360891580581665,True,explicit_BB84_particle_events,
biased_basis_imr_L8_f0.5,biased_basis_imr,8,0.5,2026083018,100000,34275,0.34275,299763,399733,0.7499080636324746,0.34360891580581665,True,explicit_BB84_particle_events,
biased_basis_imr_L8_f0.5,biased_basis_imr,8,0.5,2026083019,100000,34432,0.34432,299893,400063,0.7496144357263731,0.34360891580581665,True,explicit_BB84_particle_events,
biased_basis_imr_L8_f0.5,biased_basis_imr,8,0.5,2026083020,100000,34559,0.34559,300213,399626,0.7512349046358345,0.34360891580581665,True,explicit_BB84_particle_events,
biased_basis_imr_L8_f0.5,biased_basis_imr,8,0.5,2026083021,100000,34211,0.34211,299218,399661,0.7486795058812343,0.34360891580581665,True,explicit_BB84_particle_events,
biased_basis_imr_L8_f0.5,biased_basis_imr,8,0.5,2026083022,100000,34427,0.34427,300761,400570,0.7508325635968744,0.34360891580581665,True,explicit_BB84_particle_events,
biased_basis_imr_L8_f0.5,biased_basis_imr,8,0.5,2026083023,100000,34212,0.34212,299334,399982,0.7483686765904466,0.34360891580581665,True,explicit_BB84_particle_events,
biased_basis_imr_L8_f0.5,biased_basis_imr,8,0.5,2026083024,100000,34196,0.34196,300281,400146,0.7504285935633493,0.34360891580581665,True,explicit_BB84_particle_events,
biased_basis_imr_L8_f0.5,biased_basis_imr,8,0.5,2026083025,100000,34017,0.34017,300071,400517,0.7492091471772734,0.34360891580581665,True,explicit_BB84_particle_events,
biased_basis_imr_L8_f0.5,biased_basis_imr,8,0.5,2026083026,100000,34315,0.34315,300485,400366,0.7505257689214369,0.34360891580581665,True,explicit_BB84_particle_events,
biased_basis_imr_L8_f0.5,biased_basis_imr,8,0.5,2026083027,100000,34341,0.34341,300586,400569,0.7503975594716515,0.34360891580581665,True,explicit_BB84_particle_events,
biased_basis_imr_L8_f0.5,biased_basis_imr,8,0.5,2026083028,100000,34516,0.34516,300672,400446,0.7508428102665528,0.34360891580581665,True,explicit_BB84_particle_events,
biased_basis_imr_L8_f0.5,biased_basis_imr,8,0.5,2026083029,100000,34432,0.34432,300086,400159,0.7499169080290584,0.34360891580581665,True,explicit_BB84_particle_events,
biased_basis_imr_L8_f0.5,biased_basis_imr,8,0.5,2026083030,100000,34342,0.34342,299037,399260,0.7489781095025798,0.34360891580581665,True,explicit_BB84_particle_events,
biased_basis_imr_L8_f0.75,biased_basis_imr,8,0.75,2026083001,100000,19010,0.1901,449863,599673,0.7501805150473675,0.18992710881866515,True,explicit_BB84_particle_events,
biased_basis_imr_L8_f0.75,biased_basis_imr,8,0.75,2026083002,100000,18891,0.18891,449520,599882,0.7493473716497577,0.18992710881866515,True,explicit_BB84_particle_events,
biased_basis_imr_L8_f0.75,biased_basis_imr,8,0.75,2026083003,100000,19078,0.19078,449984,599962,0.7500208346528614,0.18992710881866515,True,explicit_BB84_particle_events,
biased_basis_imr_L8_f0.75,biased_basis_imr,8,0.75,2026083004,100000,19243,0.19243,450736,600217,0.7509550712492316,0.18992710881866515,True,explicit_BB84_particle_events,
biased_basis_imr_L8_f0.75,biased_basis_imr,8,0.75,2026083005,100000,19042,0.19042,450159,600027,0.7502312395942182,0.18992710881866515,True,explicit_BB84_particle_events,
biased_basis_imr_L8_f0.75,biased_basis_imr,8,0.75,2026083006,100000,18820,0.1882,450204,600193,0.750098718245631,0.18992710881866515,True,explicit_BB84_particle_events,
biased_basis_imr_L8_f0.75,biased_basis_imr,8,0.75,2026083007,100000,19028,0.19028,449820,599894,0.7498324704031045,0.18992710881866515,True,explicit_BB84_particle_events,
biased_basis_imr_L8_f0.75,biased_basis_imr,8,0.75,2026083008,100000,19164,0.19164,449964,599396,0.7506957003383405,0.18992710881866515,True,explicit_BB84_particle_events,
biased_basis_imr_L8_f0.75,biased_basis_imr,8,0.75,2026083009,100000,19205,0.19205,449905,599478,0.7504945969660272,0.18992710881866515,True,explicit_BB84_particle_events,
biased_basis_imr_L8_f0.75,biased_basis_imr,8,0.75,2026083010,100000,19105,0.19105,449990,599745,0.750302211773337,0.18992710881866515,True,explicit_BB84_particle_events,
biased_basis_imr_L8_f0.75,biased_basis_imr,8,0.75,2026083011,100000,19069,0.19069,449868,599666,0.7501976100029016,0.18992710881866515,True,explicit_BB84_particle_events,
biased_basis_imr_L8_f0.75,biased_basis_imr,8,0.75,2026083012,100000,19086,0.19086,450343,600408,0.7500616247618286,0.18992710881866515,True,explicit_BB84_particle_events,
biased_basis_imr_L8_f0.75,biased_basis_imr,8,0.75,2026083013,100000,19172,0.19172,450546,600129,0.7507485890533535,0.18992710881866515,True,explicit_BB84_particle_events,
biased_basis_imr_L8_f0.75,biased_basis_imr,8,0.75,2026083014,100000,18712,0.18712,449033,599675,0.7487939300454413,0.18992710881866515,True,explicit_BB84_particle_events,
biased_basis_imr_L8_f0.75,biased_basis_imr,8,0.75,2026083015,100000,19033,0.19033,450039,599733,0.7503989275227476,0.18992710881866515,True,explicit_BB84_particle_events,
biased_basis_imr_L8_f0.75,biased_basis_imr,8,0.75,2026083016,100000,18970,0.1897,449683,600150,0.7492843455802716,0.18992710881866515,True,explicit_BB84_particle_events,
biased_basis_imr_L8_f0.75,biased_basis_imr,8,0.75,2026083017,100000,18989,0.18989,449977,600048,0.7499016745327041,0.18992710881866515,True,explicit_BB84_particle_events,
biased_basis_imr_L8_f0.75,biased_basis_imr,8,0.75,2026083018,100000,19002,0.19002,449697,599577,0.7500237667555627,0.18992710881866515,True,explicit_BB84_particle_events,
biased_basis_imr_L8_f0.75,biased_basis_imr,8,0.75,2026083019,100000,19082,0.19082,449560,599813,0.7495002609146517,0.18992710881866515,True,explicit_BB84_particle_events,
biased_basis_imr_L8_f0.75,biased_basis_imr,8,0.75,2026083020,100000,19191,0.19191,450701,599743,0.751490221644938,0.18992710881866515,True,explicit_BB84_particle_events,
biased_basis_imr_L8_f0.75,biased_basis_imr,8,0.75,2026083021,100000,18798,0.18798,449359,599825,0.7491501687992331,0.18992710881866515,True,explicit_BB84_particle_events,
biased_basis_imr_L8_f0.75,biased_basis_imr,8,0.75,2026083022,100000,19066,0.19066,450465,600630,0.7499875131112332,0.18992710881866515,True,explicit_BB84_particle_events,
biased_basis_imr_L8_f0.75,biased_basis_imr,8,0.75,2026083023,100000,18779,0.18779,449398,600250,0.7486847147022074,0.18992710881866515,True,explicit_BB84_particle_events,
biased_basis_imr_L8_f0.75,biased_basis_imr,8,0.75,2026083024,100000,18922,0.18922,450124,599893,0.7503404773851337,0.18992710881866515,True,explicit_BB84_particle_events,
biased_basis_imr_L8_f0.75,biased_basis_imr,8,0.75,2026083025,100000,18818,0.18818,449522,599990,0.7492158202636711,0.18992710881866515,True,explicit_BB84_particle_events,
biased_basis_imr_L8_f0.75,biased_basis_imr,8,0.75,2026083026,100000,19036,0.19036,450371,600216,0.7503482079784611,0.18992710881866515,True,explicit_BB84_particle_events,
biased_basis_imr_L8_f0.75,biased_basis_imr,8,0.75,2026083027,100000,18989,0.18989,450058,600286,0.7497392909379862,0.18992710881866515,True,explicit_BB84_particle_events,
biased_basis_imr_L8_f0.75,biased_basis_imr,8,0.75,2026083028,100000,19030,0.1903,451211,600474,0.7514247078141602,0.18992710881866515,True,explicit_BB84_particle_events,
biased_basis_imr_L8_f0.75,biased_basis_imr,8,0.75,2026083029,100000,19128,0.19128,449517,599348,0.750010010878488,0.18992710881866515,True,explicit_BB84_particle_events,
biased_basis_imr_L8_f0.75,biased_basis_imr,8,0.75,2026083030,100000,19008,0.19008,449476,599771,0.749412692510975,0.18992710881866515,True,explicit_BB84_particle_events,
biased_basis_imr_L8_f1,biased_basis_imr,8,1.0,2026083001,100000,9971,0.09971,600089,800000,0.75011125,0.1001129150390625,True,explicit_BB84_particle_events,
biased_basis_imr_L8_f1,biased_basis_imr,8,1.0,2026083002,100000,9878,0.09878,599644,800000,0.749555,0.1001129150390625,True,explicit_BB84_particle_events,
biased_basis_imr_L8_f1,biased_basis_imr,8,1.0,2026083003,100000,10105,0.10105,599696,800000,0.74962,0.1001129150390625,True,explicit_BB84_particle_events,
biased_basis_imr_L8_f1,biased_basis_imr,8,1.0,2026083004,100000,10036,0.10036,600429,800000,0.75053625,0.1001129150390625,True,explicit_BB84_particle_events,
biased_basis_imr_L8_f1,biased_basis_imr,8,1.0,2026083005,100000,9924,0.09924,600276,800000,0.750345,0.1001129150390625,True,explicit_BB84_particle_events,
biased_basis_imr_L8_f1,biased_basis_imr,8,1.0,2026083006,100000,10056,0.10056,600234,800000,0.7502925,0.1001129150390625,True,explicit_BB84_particle_events,
biased_basis_imr_L8_f1,biased_basis_imr,8,1.0,2026083007,100000,10010,0.1001,600050,800000,0.7500625,0.1001129150390625,True,explicit_BB84_particle_events,
biased_basis_imr_L8_f1,biased_basis_imr,8,1.0,2026083008,100000,10097,0.10097,600640,800000,0.7508,0.1001129150390625,True,explicit_BB84_particle_events,
biased_basis_imr_L8_f1,biased_basis_imr,8,1.0,2026083009,100000,10042,0.10042,599978,800000,0.7499725,0.1001129150390625,True,explicit_BB84_particle_events,
biased_basis_imr_L8_f1,biased_basis_imr,8,1.0,2026083010,100000,10148,0.10148,600422,800000,0.7505275,0.1001129150390625,True,explicit_BB84_particle_events,
biased_basis_imr_L8_f1,biased_basis_imr,8,1.0,2026083011,100000,9972,0.09972,599913,800000,0.74989125,0.1001129150390625,True,explicit_BB84_particle_events,
biased_basis_imr_L8_f1,biased_basis_imr,8,1.0,2026083012,100000,10135,0.10135,600498,800000,0.7506225,0.1001129150390625,True,explicit_BB84_particle_events,
biased_basis_imr_L8_f1,biased_basis_imr,8,1.0,2026083013,100000,10063,0.10063,600372,800000,0.750465,0.1001129150390625,True,explicit_BB84_particle_events,
biased_basis_imr_L8_f1,biased_basis_imr,8,1.0,2026083014,100000,9875,0.09875,599298,800000,0.7491225,0.1001129150390625,True,explicit_BB84_particle_events,
biased_basis_imr_L8_f1,biased_basis_imr,8,1.0,2026083015,100000,10087,0.10087,599964,800000,0.749955,0.1001129150390625,True,explicit_BB84_particle_events,
biased_basis_imr_L8_f1,biased_basis_imr,8,1.0,2026083016,100000,9993,0.09993,599658,800000,0.7495725,0.1001129150390625,True,explicit_BB84_particle_events,
biased_basis_imr_L8_f1,biased_basis_imr,8,1.0,2026083017,100000,10037,0.10037,599875,800000,0.74984375,0.1001129150390625,True,explicit_BB84_particle_events,
biased_basis_imr_L8_f1,biased_basis_imr,8,1.0,2026083018,100000,10076,0.10076,599886,800000,0.7498575,0.1001129150390625,True,explicit_BB84_particle_events,
biased_basis_imr_L8_f1,biased_basis_imr,8,1.0,2026083019,100000,9939,0.09939,599351,800000,0.74918875,0.1001129150390625,True,explicit_BB84_particle_events,
biased_basis_imr_L8_f1,biased_basis_imr,8,1.0,2026083020,100000,10223,0.10223,601033,800000,0.75129125,0.1001129150390625,True,explicit_BB84_particle_events,
biased_basis_imr_L8_f1,biased_basis_imr,8,1.0,2026083021,100000,9901,0.09901,599177,800000,0.74897125,0.1001129150390625,True,explicit_BB84_particle_events,
biased_basis_imr_L8_f1,biased_basis_imr,8,1.0,2026083022,100000,10064,0.10064,599930,800000,0.7499125,0.1001129150390625,True,explicit_BB84_particle_events,
biased_basis_imr_L8_f1,biased_basis_imr,8,1.0,2026083023,100000,9905,0.09905,599493,800000,0.74936625,0.1001129150390625,True,explicit_BB84_particle_events,
biased_basis_imr_L8_f1,biased_basis_imr,8,1.0,2026083024,100000,9906,0.09906,600029,800000,0.75003625,0.1001129150390625,True,explicit_BB84_particle_events,
biased_basis_imr_L8_f1,biased_basis_imr,8,1.0,2026083025,100000,9880,0.0988,599465,800000,0.74933125,0.1001129150390625,True,explicit_BB84_particle_events,
biased_basis_imr_L8_f1,biased_basis_imr,8,1.0,2026083026,100000,10001,0.10001,600135,800000,0.75016875,0.1001129150390625,True,explicit_BB84_particle_events,
biased_basis_imr_L8_f1,biased_basis_imr,8,1.0,2026083027,100000,9989,0.09989,599832,800000,0.74979,0.1001129150390625,True,explicit_BB84_particle_events,
biased_basis_imr_L8_f1,biased_basis_imr,8,1.0,2026083028,100000,10069,0.10069,600868,800000,0.751085,0.1001129150390625,True,explicit_BB84_particle_events,
biased_basis_imr_L8_f1,biased_basis_imr,8,1.0,2026083029,100000,9905,0.09905,599834,800000,0.7497925,0.1001129150390625,True,explicit_BB84_particle_events,
biased_basis_imr_L8_f1,biased_basis_imr,8,1.0,2026083030,100000,10094,0.10094,599641,800000,0.74955125,0.1001129150390625,True,explicit_BB84_particle_events,
biased_basis_imr_L16_f0.1,biased_basis_imr,16,0.1,2026083001,100000,66548,0.66548,119772,159804,0.7494931290831268,0.6669201684248266,True,explicit_BB84_particle_events,
biased_basis_imr_L16_f0.1,biased_basis_imr,16,0.1,2026083002,100000,66673,0.66673,120267,160253,0.7504820502580295,0.6669201684248266,True,explicit_BB84_particle_events,
biased_basis_imr_L16_f0.1,biased_basis_imr,16,0.1,2026083003,100000,66947,0.66947,120361,160017,0.7521763312648031,0.6669201684248266,True,explicit_BB84_particle_events,
biased_basis_imr_L16_f0.1,biased_basis_imr,16,0.1,2026083004,100000,66788,0.66788,119657,159583,0.7498104434682892,0.6669201684248266,True,explicit_BB84_particle_events,
biased_basis_imr_L16_f0.1,biased_basis_imr,16,0.1,2026083005,100000,66772,0.66772,120077,159916,0.7508754596162985,0.6669201684248266,True,explicit_BB84_particle_events,
biased_basis_imr_L16_f0.1,biased_basis_imr,16,0.1,2026083006,100000,66812,0.66812,120375,160259,0.7511278617737538,0.6669201684248266,True,explicit_BB84_particle_events,
biased_basis_imr_L16_f0.1,biased_basis_imr,16,0.1,2026083007,100000,66729,0.66729,119877,159847,0.7499483881461648,0.6669201684248266,True,explicit_BB84_particle_events,
biased_basis_imr_L16_f0.1,biased_basis_imr,16,0.1,2026083008,100000,66715,0.66715,119128,159038,0.7490536852827626,0.6669201684248266,True,explicit_BB84_particle_events,
biased_basis_imr_L16_f0.1,biased_basis_imr,16,0.1,2026083009,100000,66731,0.66731,119956,159850,0.7504285267438223,0.6669201684248266,True,explicit_BB84_particle_events,
biased_basis_imr_L16_f0.1,biased_basis_imr,16,0.1,2026083010,100000,66827,0.66827,120012,159813,0.7509526759400049,0.6669201684248266,True,explicit_BB84_particle_events,
biased_basis_imr_L16_f0.1,biased_basis_imr,16,0.1,2026083011,100000,66900,0.669,119702,159554,0.7502287626759593,0.6669201684248266,True,explicit_BB84_particle_events,
biased_basis_imr_L16_f0.1,biased_basis_imr,16,0.1,2026083012,100000,66727,0.66727,120075,159959,0.7506611069086453,0.6669201684248266,True,explicit_BB84_particle_events,
biased_basis_imr_L16_f0.1,biased_basis_imr,16,0.1,2026083013,100000,66723,0.66723,120369,160300,0.750898315658141,0.6669201684248266,True,explicit_BB84_particle_events,
biased_basis_imr_L16_f0.1,biased_basis_imr,16,0.1,2026083014,100000,66797,0.66797,119814,159771,0.749910809846593,0.6669201684248266,True,explicit_BB84_particle_events,
biased_basis_imr_L16_f0.1,biased_basis_imr,16,0.1,2026083015,100000,66853,0.66853,119667,159385,0.7508046553941713,0.6669201684248266,True,explicit_BB84_particle_events,
biased_basis_imr_L16_f0.1,biased_basis_imr,16,0.1,2026083016,100000,66850,0.6685,119812,159555,0.7509134781109962,0.6669201684248266,True,explicit_BB84_particle_events,
biased_basis_imr_L16_f0.1,biased_basis_imr,16,0.1,2026083017,100000,66759,0.66759,120410,160446,0.7504705633047879,0.6669201684248266,True,explicit_BB84_particle_events,
biased_basis_imr_L16_f0.1,biased_basis_imr,16,0.1,2026083018,100000,66616,0.66616,120693,160752,0.7508024783517467,0.6669201684248266,True,explicit_BB84_particle_events,
biased_basis_imr_L16_f0.1,biased_basis_imr,16,0.1,2026083019,100000,66887,0.66887,120260,160066,0.751315082528457,0.6669201684248266,True,explicit_BB84_particle_events,
biased_basis_imr_L16_f0.1,biased_basis_imr,16,0.1,2026083020,100000,66715,0.66715,120236,160229,0.7504009885850876,0.6669201684248266,True,explicit_BB84_particle_events,
biased_basis_imr_L16_f0.1,biased_basis_imr,16,0.1,2026083021,100000,66634,0.66634,120117,160194,0.749822090715008,0.6669201684248266,True,explicit_BB84_particle_events,
biased_basis_imr_L16_f0.1,biased_basis_imr,16,0.1,2026083022,100000,66606,0.66606,120381,160423,0.750397386908361,0.6669201684248266,True,explicit_BB84_particle_events,
biased_basis_imr_L16_f0.1,biased_basis_imr,16,0.1,2026083023,100000,66539,0.66539,119675,159845,0.7486940473583784,0.6669201684248266,True,explicit_BB84_particle_events,
biased_basis_imr_L16_f0.1,biased_basis_imr,16,0.1,2026083024,100000,66438,0.66438,119766,159964,0.7487059588407392,0.6669201684248266,True,explicit_BB84_particle_events,
biased_basis_imr_L16_f0.1,biased_basis_imr,16,0.1,2026083025,100000,66588,0.66588,120031,160151,0.749486422189059,0.6669201684248266,True,explicit_BB84_particle_events,
biased_basis_imr_L16_f0.1,biased_basis_imr,16,0.1,2026083026,100000,66754,0.66754,119802,159706,0.7501408838741187,0.6669201684248266,True,explicit_BB84_particle_events,
biased_basis_imr_L16_f0.1,biased_basis_imr,16,0.1,2026083027,100000,66767,0.66767,120169,160200,0.7501186017478152,0.6669201684248266,True,explicit_BB84_particle_events,
biased_basis_imr_L16_f0.1,biased_basis_imr,16,0.1,2026083028,100000,66805,0.66805,120390,160130,0.7518266408543058,0.6669201684248266,True,explicit_BB84_particle_events,
biased_basis_imr_L16_f0.1,biased_basis_imr,16,0.1,2026083029,100000,66605,0.66605,120288,160349,0.750163705417558,0.6669201684248266,True,explicit_BB84_particle_events,
biased_basis_imr_L16_f0.1,biased_basis_imr,16,0.1,2026083030,100000,66964,0.66964,120023,159679,0.751651751326098,0.6669201684248266,True,explicit_BB84_particle_events,
biased_basis_imr_L16_f0.25,biased_basis_imr,16,0.25,2026083001,100000,35558,0.35558,299615,399572,0.7498398286166198,0.3560741304517928,True,explicit_BB84_particle_events,
biased_basis_imr_L16_f0.25,biased_basis_imr,16,0.25,2026083002,100000,35831,0.35831,300246,399916,0.7507726622590744,0.3560741304517928,True,explicit_BB84_particle_events,
biased_basis_imr_L16_f0.25,biased_basis_imr,16,0.25,2026083003,100000,35775,0.35775,300769,400374,0.7512201091978999,0.3560741304517928,True,explicit_BB84_particle_events,
biased_basis_imr_L16_f0.25,biased_basis_imr,16,0.25,2026083004,100000,35908,0.35908,299789,399502,0.7504067564117326,0.3560741304517928,True,explicit_BB84_particle_events,
biased_basis_imr_L16_f0.25,biased_basis_imr,16,0.25,2026083005,100000,35604,0.35604,300014,399993,0.7500481258422023,0.3560741304517928,True,explicit_BB84_particle_events,
biased_basis_imr_L16_f0.25,biased_basis_imr,16,0.25,2026083006,100000,35747,0.35747,299818,399231,0.7509887759217095,0.3560741304517928,True,explicit_BB84_particle_events,
biased_basis_imr_L16_f0.25,biased_basis_imr,16,0.25,2026083007,100000,35794,0.35794,299891,399615,0.7504498079401424,0.3560741304517928,True,explicit_BB84_particle_events,
biased_basis_imr_L16_f0.25,biased_basis_imr,16,0.25,2026083008,100000,35509,0.35509,298901,399290,0.7485812316862431,0.3560741304517928,True,explicit_BB84_particle_events,
biased_basis_imr_L16_f0.25,biased_basis_imr,16,0.25,2026083009,100000,35701,0.35701,300099,400049,0.7501556059382726,0.3560741304517928,True,explicit_BB84_particle_events,
biased_basis_imr_L16_f0.25,biased_basis_imr,16,0.25,2026083010,100000,35808,0.35808,299869,399362,0.7508701378699025,0.3560741304517928,True,explicit_BB84_particle_events,
biased_basis_imr_L16_f0.25,biased_basis_imr,16,0.25,2026083011,100000,35457,0.35457,299344,399724,0.7488767249402087,0.3560741304517928,True,explicit_BB84_particle_events,
biased_basis_imr_L16_f0.25,biased_basis_imr,16,0.25,2026083012,100000,35577,0.35577,300300,400138,0.7504910805772008,0.3560741304517928,True,explicit_BB84_particle_events,
biased_basis_imr_L16_f0.25,biased_basis_imr,16,0.25,2026083013,100000,35475,0.35475,299863,399877,0.7498880905878558,0.3560741304517928,True,explicit_BB84_particle_events,
biased_basis_imr_L16_f0.25,biased_basis_imr,16,0.25,2026083014,100000,35732,0.35732,300971,400782,0.750959374423003,0.3560741304517928,True,explicit_BB84_particle_events,
biased_basis_imr_L16_f0.25,biased_basis_imr,16,0.25,2026083015,100000,35616,0.35616,299791,399736,0.7499724818380131,0.3560741304517928,True,explicit_BB84_particle_events,
biased_basis_imr_L16_f0.25,biased_basis_imr,16,0.25,2026083016,100000,35920,0.3592,299921,399602,0.7505492965500673,0.3560741304517928,True,explicit_BB84_particle_events,
biased_basis_imr_L16_f0.25,biased_basis_imr,16,0.25,2026083017,100000,35427,0.35427,300684,401323,0.7492319154396833,0.3560741304517928,True,explicit_BB84_particle_events,
biased_basis_imr_L16_f0.25,biased_basis_imr,16,0.25,2026083018,100000,35429,0.35429,300448,400634,0.7499313587963079,0.3560741304517928,True,explicit_BB84_particle_events,
biased_basis_imr_L16_f0.25,biased_basis_imr,16,0.25,2026083019,100000,35540,0.3554,299588,399633,0.7496578110416307,0.3560741304517928,True,explicit_BB84_particle_events,
biased_basis_imr_L16_f0.25,biased_basis_imr,16,0.25,2026083020,100000,35495,0.35495,300388,400513,0.7500081145930344,0.3560741304517928,True,explicit_BB84_particle_events,
biased_basis_imr_L16_f0.25,biased_basis_imr,16,0.25,2026083021,100000,35695,0.35695,300204,400156,0.7502174152080688,0.3560741304517928,True,explicit_BB84_particle_events,
biased_basis_imr_L16_f0.25,biased_basis_imr,16,0.25,2026083022,100000,35422,0.35422,300728,400960,0.7500199521149242,0.3560741304517928,True,explicit_BB84_particle_events,
biased_basis_imr_L16_f0.25,biased_basis_imr,16,0.25,2026083023,100000,35659,0.35659,300199,399834,0.7508090857705948,0.3560741304517928,True,explicit_BB84_particle_events,
biased_basis_imr_L16_f0.25,biased_basis_imr,16,0.25,2026083024,100000,35434,0.35434,298956,399217,0.7488558853956621,0.3560741304517928,True,explicit_BB84_particle_events,
biased_basis_imr_L16_f0.25,biased_basis_imr,16,0.25,2026083025,100000,35487,0.35487,300341,400440,0.7500274697832384,0.3560741304517928,True,explicit_BB84_particle_events,
biased_basis_imr_L16_f0.25,biased_basis_imr,16,0.25,2026083026,100000,35503,0.35503,299464,399317,0.7499405234437803,0.3560741304517928,True,explicit_BB84_particle_events,
biased_basis_imr_L16_f0.25,biased_basis_imr,16,0.25,2026083027,100000,35633,0.35633,299900,399962,0.7498212330171367,0.3560741304517928,True,explicit_BB84_particle_events,
biased_basis_imr_L16_f0.25,biased_basis_imr,16,0.25,2026083028,100000,35768,0.35768,300382,400159,0.7506566139959366,0.3560741304517928,True,explicit_BB84_particle_events,
biased_basis_imr_L16_f0.25,biased_basis_imr,16,0.25,2026083029,100000,35691,0.35691,300001,399851,0.750281980037564,0.3560741304517928,True,explicit_BB84_particle_events,
biased_basis_imr_L16_f0.25,biased_basis_imr,16,0.25,2026083030,100000,36043,0.36043,300604,399971,0.7515644884254108,0.3560741304517928,True,explicit_BB84_particle_events,
biased_basis_imr_L16_f0.5,biased_basis_imr,16,0.5,2026083001,100000,11802,0.11802,600553,800368,0.7503460907982328,0.1180670870212488,True,explicit_BB84_particle_events,
biased_basis_imr_L16_f0.5,biased_basis_imr,16,0.5,2026083002,100000,11909,0.11909,600030,799375,0.7506239249413604,0.1180670870212488,True,explicit_BB84_particle_events,
biased_basis_imr_L16_f0.5,biased_basis_imr,16,0.5,2026083003,100000,12081,0.12081,599865,798779,0.7509774293014714,0.1180670870212488,True,explicit_BB84_particle_events,
biased_basis_imr_L16_f0.5,biased_basis_imr,16,0.5,2026083004,100000,12016,0.12016,600143,799682,0.7504770646331917,0.1180670870212488,True,explicit_BB84_particle_events,
biased_basis_imr_L16_f0.5,biased_basis_imr,16,0.5,2026083005,100000,11874,0.11874,600160,800182,0.7500293683187075,0.1180670870212488,True,explicit_BB84_particle_events,
biased_basis_imr_L16_f0.5,biased_basis_imr,16,0.5,2026083006,100000,11985,0.11985,600106,798684,0.7513685011844484,0.1180670870212488,True,explicit_BB84_particle_events,
biased_basis_imr_L16_f0.5,biased_basis_imr,16,0.5,2026083007,100000,11695,0.11695,599702,799781,0.7498327667198895,0.1180670870212488,True,explicit_BB84_particle_events,
biased_basis_imr_L16_f0.5,biased_basis_imr,16,0.5,2026083008,100000,11846,0.11846,599257,799424,0.7496109698983268,0.1180670870212488,True,explicit_BB84_particle_events,
biased_basis_imr_L16_f0.5,biased_basis_imr,16,0.5,2026083009,100000,11773,0.11773,600590,800331,0.7504270108242714,0.1180670870212488,True,explicit_BB84_particle_events,
biased_basis_imr_L16_f0.5,biased_basis_imr,16,0.5,2026083010,100000,11943,0.11943,600006,799568,0.75041272287035,0.1180670870212488,True,explicit_BB84_particle_events,
biased_basis_imr_L16_f0.5,biased_basis_imr,16,0.5,2026083011,100000,11635,0.11635,599605,800124,0.749390094535347,0.1180670870212488,True,explicit_BB84_particle_events,
biased_basis_imr_L16_f0.5,biased_basis_imr,16,0.5,2026083012,100000,12035,0.12035,601633,801010,0.7510929950936942,0.1180670870212488,True,explicit_BB84_particle_events,
biased_basis_imr_L16_f0.5,biased_basis_imr,16,0.5,2026083013,100000,11672,0.11672,599739,799832,0.7498312145550565,0.1180670870212488,True,explicit_BB84_particle_events,
biased_basis_imr_L16_f0.5,biased_basis_imr,16,0.5,2026083014,100000,11816,0.11816,600392,799836,0.7506438819958091,0.1180670870212488,True,explicit_BB84_particle_events,
biased_basis_imr_L16_f0.5,biased_basis_imr,16,0.5,2026083015,100000,11915,0.11915,599355,798926,0.7502008947011363,0.1180670870212488,True,explicit_BB84_particle_events,
biased_basis_imr_L16_f0.5,biased_basis_imr,16,0.5,2026083016,100000,11944,0.11944,599587,799502,0.7499505942449175,0.1180670870212488,True,explicit_BB84_particle_events,
biased_basis_imr_L16_f0.5,biased_basis_imr,16,0.5,2026083017,100000,11782,0.11782,599128,800032,0.748880044798208,0.1180670870212488,True,explicit_BB84_particle_events,
biased_basis_imr_L16_f0.5,biased_basis_imr,16,0.5,2026083018,100000,11727,0.11727,600321,800177,0.7502352604486258,0.1180670870212488,True,explicit_BB84_particle_events,
biased_basis_imr_L16_f0.5,biased_basis_imr,16,0.5,2026083019,100000,11676,0.11676,599674,799929,0.7496590322391112,0.1180670870212488,True,explicit_BB84_particle_events,
biased_basis_imr_L16_f0.5,biased_basis_imr,16,0.5,2026083020,100000,11882,0.11882,600223,799757,0.7505067164151111,0.1180670870212488,True,explicit_BB84_particle_events,
biased_basis_imr_L16_f0.5,biased_basis_imr,16,0.5,2026083021,100000,11763,0.11763,600673,800832,0.7500611863661791,0.1180670870212488,True,explicit_BB84_particle_events,
biased_basis_imr_L16_f0.5,biased_basis_imr,16,0.5,2026083022,100000,11846,0.11846,600466,800677,0.74994785662633,0.1180670870212488,True,explicit_BB84_particle_events,
biased_basis_imr_L16_f0.5,biased_basis_imr,16,0.5,2026083023,100000,11856,0.11856,599860,799046,0.7507202338789006,0.1180670870212488,True,explicit_BB84_particle_events,
biased_basis_imr_L16_f0.5,biased_basis_imr,16,0.5,2026083024,100000,11728,0.11728,598594,799155,0.7490336668105687,0.1180670870212488,True,explicit_BB84_particle_events,
biased_basis_imr_L16_f0.5,biased_basis_imr,16,0.5,2026083025,100000,11810,0.1181,600000,800283,0.7497347813211077,0.1180670870212488,True,explicit_BB84_particle_events,
biased_basis_imr_L16_f0.5,biased_basis_imr,16,0.5,2026083026,100000,11801,0.11801,599304,798739,0.7503126803624213,0.1180670870212488,True,explicit_BB84_particle_events,
biased_basis_imr_L16_f0.5,biased_basis_imr,16,0.5,2026083027,100000,11740,0.1174,599692,799573,0.7500153206774116,0.1180670870212488,True,explicit_BB84_particle_events,
biased_basis_imr_L16_f0.5,biased_basis_imr,16,0.5,2026083028,100000,11961,0.11961,601266,801066,0.7505823490199309,0.1180670870212488,True,explicit_BB84_particle_events,
biased_basis_imr_L16_f0.5,biased_basis_imr,16,0.5,2026083029,100000,11833,0.11833,599719,799786,0.7498493346970314,0.1180670870212488,True,explicit_BB84_particle_events,
biased_basis_imr_L16_f0.5,biased_basis_imr,16,0.5,2026083030,100000,11899,0.11899,601273,800130,0.7514691362653568,0.1180670870212488,True,explicit_BB84_particle_events,
biased_basis_imr_L16_f0.75,biased_basis_imr,16,0.75,2026083001,100000,3643,0.03643,900065,1199841,0.7501535620136335,0.036072306664217076,True,explicit_BB84_particle_events,
biased_basis_imr_L16_f0.75,biased_basis_imr,16,0.75,2026083002,100000,3627,0.03627,900308,1199757,0.7504086244131103,0.036072306664217076,True,explicit_BB84_particle_events,
biased_basis_imr_L16_f0.75,biased_basis_imr,16,0.75,2026083003,100000,3744,0.03744,899869,1199553,0.7501702717595637,0.036072306664217076,True,explicit_BB84_particle_events,
biased_basis_imr_L16_f0.75,biased_basis_imr,16,0.75,2026083004,100000,3614,0.03614,900133,1199686,0.7503071637078369,0.036072306664217076,True,explicit_BB84_particle_events,
biased_basis_imr_L16_f0.75,biased_basis_imr,16,0.75,2026083005,100000,3675,0.03675,900373,1200151,0.7502164310990866,0.036072306664217076,True,explicit_BB84_particle_events,
biased_basis_imr_L16_f0.75,biased_basis_imr,16,0.75,2026083006,100000,3617,0.03617,901231,1199920,0.7510759050603374,0.036072306664217076,True,explicit_BB84_particle_events,
biased_basis_imr_L16_f0.75,biased_basis_imr,16,0.75,2026083007,100000,3537,0.03537,900008,1200380,0.7497692397407487,0.036072306664217076,True,explicit_BB84_particle_events,
biased_basis_imr_L16_f0.75,biased_basis_imr,16,0.75,2026083008,100000,3651,0.03651,899621,1199572,0.7499516494216271,0.036072306664217076,True,explicit_BB84_particle_events,
biased_basis_imr_L16_f0.75,biased_basis_imr,16,0.75,2026083009,100000,3497,0.03497,900611,1200267,0.7503422155237126,0.036072306664217076,True,explicit_BB84_particle_events,
biased_basis_imr_L16_f0.75,biased_basis_imr,16,0.75,2026083010,100000,3776,0.03776,900071,1199857,0.7501485593699916,0.036072306664217076,True,explicit_BB84_particle_events,
biased_basis_imr_L16_f0.75,biased_basis_imr,16,0.75,2026083011,100000,3481,0.03481,899037,1199664,0.749407334053535,0.036072306664217076,True,explicit_BB84_particle_events,
biased_basis_imr_L16_f0.75,biased_basis_imr,16,0.75,2026083012,100000,3737,0.03737,901779,1200838,0.7509580809401435,0.036072306664217076,True,explicit_BB84_particle_events,
biased_basis_imr_L16_f0.75,biased_basis_imr,16,0.75,2026083013,100000,3592,0.03592,899597,1199921,0.7497135228069182,0.036072306664217076,True,explicit_BB84_particle_events,
biased_basis_imr_L16_f0.75,biased_basis_imr,16,0.75,2026083014,100000,3591,0.03591,900513,1200578,0.7500662181049461,0.036072306664217076,True,explicit_BB84_particle_events,
biased_basis_imr_L16_f0.75,biased_basis_imr,16,0.75,2026083015,100000,3670,0.0367,900299,1199278,0.7507008383377332,0.036072306664217076,True,explicit_BB84_particle_events,
biased_basis_imr_L16_f0.75,biased_basis_imr,16,0.75,2026083016,100000,3568,0.03568,900059,1199641,0.7502736235257048,0.036072306664217076,True,explicit_BB84_particle_events,
biased_basis_imr_L16_f0.75,biased_basis_imr,16,0.75,2026083017,100000,3594,0.03594,899710,1200909,0.7491908212862091,0.036072306664217076,True,explicit_BB84_particle_events,
biased_basis_imr_L16_f0.75,biased_basis_imr,16,0.75,2026083018,100000,3590,0.0359,900475,1200576,0.7500358161415853,0.036072306664217076,True,explicit_BB84_particle_events,
biased_basis_imr_L16_f0.75,biased_basis_imr,16,0.75,2026083019,100000,3612,0.03612,900012,1200041,0.7499843755338359,0.036072306664217076,True,explicit_BB84_particle_events,
biased_basis_imr_L16_f0.75,biased_basis_imr,16,0.75,2026083020,100000,3601,0.03601,900504,1200147,0.7503280848096108,0.036072306664217076,True,explicit_BB84_particle_events,
biased_basis_imr_L16_f0.75,biased_basis_imr,16,0.75,2026083021,100000,3560,0.0356,900315,1200470,0.7499687622347914,0.036072306664217076,True,explicit_BB84_particle_events,
biased_basis_imr_L16_f0.75,biased_basis_imr,16,0.75,2026083022,100000,3684,0.03684,900915,1201109,0.7500693109451348,0.036072306664217076,True,explicit_BB84_particle_events,
biased_basis_imr_L16_f0.75,biased_basis_imr,16,0.75,2026083023,100000,3627,0.03627,899900,1199618,0.7501554661567266,0.036072306664217076,True,explicit_BB84_particle_events,
biased_basis_imr_L16_f0.75,biased_basis_imr,16,0.75,2026083024,100000,3538,0.03538,898591,1199169,0.7493447545758771,0.036072306664217076,True,explicit_BB84_particle_events,
biased_basis_imr_L16_f0.75,biased_basis_imr,16,0.75,2026083025,100000,3613,0.03613,900889,1200682,0.7503144046466924,0.036072306664217076,True,explicit_BB84_particle_events,
biased_basis_imr_L16_f0.75,biased_basis_imr,16,0.75,2026083026,100000,3626,0.03626,899745,1199538,0.7500762793675565,0.036072306664217076,True,explicit_BB84_particle_events,
biased_basis_imr_L16_f0.75,biased_basis_imr,16,0.75,2026083027,100000,3505,0.03505,900199,1199844,0.7502633675711176,0.036072306664217076,True,explicit_BB84_particle_events,
biased_basis_imr_L16_f0.75,biased_basis_imr,16,0.75,2026083028,100000,3737,0.03737,900783,1200585,0.750286735216582,0.036072306664217076,True,explicit_BB84_particle_events,
biased_basis_imr_L16_f0.75,biased_basis_imr,16,0.75,2026083029,100000,3548,0.03548,899932,1200470,0.7496497205261272,0.036072306664217076,True,explicit_BB84_particle_events,
biased_basis_imr_L16_f0.75,biased_basis_imr,16,0.75,2026083030,100000,3698,0.03698,901000,1199793,0.7509628744291723,0.036072306664217076,True,explicit_BB84_particle_events,
biased_basis_imr_L16_f1,biased_basis_imr,16,1.0,2026083001,100000,1045,0.01045,1200404,1600000,0.7502525,0.010022595757618546,True,explicit_BB84_particle_events,
biased_basis_imr_L16_f1,biased_basis_imr,16,1.0,2026083002,100000,1011,0.01011,1200643,1600000,0.750401875,0.010022595757618546,True,explicit_BB84_particle_events,
biased_basis_imr_L16_f1,biased_basis_imr,16,1.0,2026083003,100000,1017,0.01017,1199958,1600000,0.74997375,0.010022595757618546,True,explicit_BB84_particle_events,
biased_basis_imr_L16_f1,biased_basis_imr,16,1.0,2026083004,100000,1038,0.01038,1200070,1600000,0.75004375,0.010022595757618546,True,explicit_BB84_particle_events,
biased_basis_imr_L16_f1,biased_basis_imr,16,1.0,2026083005,100000,984,0.00984,1200090,1600000,0.75005625,0.010022595757618546,True,explicit_BB84_particle_events,
biased_basis_imr_L16_f1,biased_basis_imr,16,1.0,2026083006,100000,1033,0.01033,1201434,1600000,0.75089625,0.010022595757618546,True,explicit_BB84_particle_events,
biased_basis_imr_L16_f1,biased_basis_imr,16,1.0,2026083007,100000,983,0.00983,1199800,1600000,0.749875,0.010022595757618546,True,explicit_BB84_particle_events,
biased_basis_imr_L16_f1,biased_basis_imr,16,1.0,2026083008,100000,1087,0.01087,1199965,1600000,0.749978125,0.010022595757618546,True,explicit_BB84_particle_events,
biased_basis_imr_L16_f1,biased_basis_imr,16,1.0,2026083009,100000,914,0.00914,1200057,1600000,0.750035625,0.010022595757618546,True,explicit_BB84_particle_events,
biased_basis_imr_L16_f1,biased_basis_imr,16,1.0,2026083010,100000,1111,0.01111,1200543,1600000,0.750339375,0.010022595757618546,True,explicit_BB84_particle_events,
biased_basis_imr_L16_f1,biased_basis_imr,16,1.0,2026083011,100000,970,0.0097,1199735,1600000,0.749834375,0.010022595757618546,True,explicit_BB84_particle_events,
biased_basis_imr_L16_f1,biased_basis_imr,16,1.0,2026083012,100000,1033,0.01033,1201828,1600000,0.7511425,0.010022595757618546,True,explicit_BB84_particle_events,
biased_basis_imr_L16_f1,biased_basis_imr,16,1.0,2026083013,100000,983,0.00983,1200153,1600000,0.750095625,0.010022595757618546,True,explicit_BB84_particle_events,
biased_basis_imr_L16_f1,biased_basis_imr,16,1.0,2026083014,100000,1012,0.01012,1200363,1600000,0.750226875,0.010022595757618546,True,explicit_BB84_particle_events,
biased_basis_imr_L16_f1,biased_basis_imr,16,1.0,2026083015,100000,976,0.00976,1201045,1600000,0.750653125,0.010022595757618546,True,explicit_BB84_particle_events,
biased_basis_imr_L16_f1,biased_basis_imr,16,1.0,2026083016,100000,983,0.00983,1200751,1600000,0.750469375,0.010022595757618546,True,explicit_BB84_particle_events,
biased_basis_imr_L16_f1,biased_basis_imr,16,1.0,2026083017,100000,998,0.00998,1198601,1600000,0.749125625,0.010022595757618546,True,explicit_BB84_particle_events,
biased_basis_imr_L16_f1,biased_basis_imr,16,1.0,2026083018,100000,1075,0.01075,1200289,1600000,0.750180625,0.010022595757618546,True,explicit_BB84_particle_events,
biased_basis_imr_L16_f1,biased_basis_imr,16,1.0,2026083019,100000,976,0.00976,1200100,1600000,0.7500625,0.010022595757618546,True,explicit_BB84_particle_events,
biased_basis_imr_L16_f1,biased_basis_imr,16,1.0,2026083020,100000,995,0.00995,1200613,1600000,0.750383125,0.010022595757618546,True,explicit_BB84_particle_events,
biased_basis_imr_L16_f1,biased_basis_imr,16,1.0,2026083021,100000,1040,0.0104,1199953,1600000,0.749970625,0.010022595757618546,True,explicit_BB84_particle_events,
biased_basis_imr_L16_f1,biased_basis_imr,16,1.0,2026083022,100000,1022,0.01022,1199968,1600000,0.74998,0.010022595757618546,True,explicit_BB84_particle_events,
biased_basis_imr_L16_f1,biased_basis_imr,16,1.0,2026083023,100000,1007,0.01007,1200066,1600000,0.75004125,0.010022595757618546,True,explicit_BB84_particle_events,
biased_basis_imr_L16_f1,biased_basis_imr,16,1.0,2026083024,100000,1010,0.0101,1199074,1600000,0.74942125,0.010022595757618546,True,explicit_BB84_particle_events,
biased_basis_imr_L16_f1,biased_basis_imr,16,1.0,2026083025,100000,1007,0.01007,1200301,1600000,0.750188125,0.010022595757618546,True,explicit_BB84_particle_events,
biased_basis_imr_L16_f1,biased_basis_imr,16,1.0,2026083026,100000,996,0.00996,1200361,1600000,0.750225625,0.010022595757618546,True,explicit_BB84_particle_events,
biased_basis_imr_L16_f1,biased_basis_imr,16,1.0,2026083027,100000,975,0.00975,1200225,1600000,0.750140625,0.010022595757618546,True,explicit_BB84_particle_events,
biased_basis_imr_L16_f1,biased_basis_imr,16,1.0,2026083028,100000,1019,0.01019,1199617,1600000,0.749760625,0.010022595757618546,True,explicit_BB84_particle_events,
biased_basis_imr_L16_f1,biased_basis_imr,16,1.0,2026083029,100000,1029,0.01029,1199561,1600000,0.749725625,0.010022595757618546,True,explicit_BB84_particle_events,
biased_basis_imr_L16_f1,biased_basis_imr,16,1.0,2026083030,100000,1111,0.01111,1201437,1600000,0.750898125,0.010022595757618546,True,explicit_BB84_particle_events,
biased_basis_imr_L24_f0.1,biased_basis_imr,24,0.1,2026083001,100000,54472,0.54472,180250,240185,0.7504631846285155,0.5446415584428747,True,explicit_BB84_particle_events,
biased_basis_imr_L24_f0.1,biased_basis_imr,24,0.1,2026083002,100000,54459,0.54459,179756,239716,0.7498706803050276,0.5446415584428747,True,explicit_BB84_particle_events,
biased_basis_imr_L24_f0.1,biased_basis_imr,24,0.1,2026083003,100000,54784,0.54784,179630,239179,0.7510274731477262,0.5446415584428747,True,explicit_BB84_particle_events,
biased_basis_imr_L24_f0.1,biased_basis_imr,24,0.1,2026083004,100000,54508,0.54508,180269,239953,0.7512679566415089,0.5446415584428747,True,explicit_BB84_particle_events,
biased_basis_imr_L24_f0.1,biased_basis_imr,24,0.1,2026083005,100000,54611,0.54611,180065,240113,0.7499177470607589,0.5446415584428747,True,explicit_BB84_particle_events,
biased_basis_imr_L24_f0.1,biased_basis_imr,24,0.1,2026083006,100000,54372,0.54372,180113,240381,0.7492813491914918,0.5446415584428747,True,explicit_BB84_particle_events,
biased_basis_imr_L24_f0.1,biased_basis_imr,24,0.1,2026083007,100000,54601,0.54601,180151,239969,0.7507261354591634,0.5446415584428747,True,explicit_BB84_particle_events,
biased_basis_imr_L24_f0.1,biased_basis_imr,24,0.1,2026083008,100000,54744,0.54744,179466,239307,0.7499404530582056,0.5446415584428747,True,explicit_BB84_particle_events,
biased_basis_imr_L24_f0.1,biased_basis_imr,24,0.1,2026083009,100000,54417,0.54417,179635,239839,0.7489816084956992,0.5446415584428747,True,explicit_BB84_particle_events,
biased_basis_imr_L24_f0.1,biased_basis_imr,24,0.1,2026083010,100000,54042,0.54042,179960,240475,0.7483522195654434,0.5446415584428747,True,explicit_BB84_particle_events,
biased_basis_imr_L24_f0.1,biased_basis_imr,24,0.1,2026083011,100000,54446,0.54446,179845,239753,0.7501261715181875,0.5446415584428747,True,explicit_BB84_particle_events,
biased_basis_imr_L24_f0.1,biased_basis_imr,24,0.1,2026083012,100000,54450,0.5445,180492,240689,0.7498971702071968,0.5446415584428747,True,explicit_BB84_particle_events,
biased_basis_imr_L24_f0.1,biased_basis_imr,24,0.1,2026083013,100000,54660,0.5466,180334,240119,0.7510192862705575,0.5446415584428747,True,explicit_BB84_particle_events,
biased_basis_imr_L24_f0.1,biased_basis_imr,24,0.1,2026083014,100000,54354,0.54354,179910,239997,0.7496343704296303,0.5446415584428747,True,explicit_BB84_particle_events,
biased_basis_imr_L24_f0.1,biased_basis_imr,24,0.1,2026083015,100000,54507,0.54507,180086,239975,0.7504365038024794,0.5446415584428747,True,explicit_BB84_particle_events,
biased_basis_imr_L24_f0.1,biased_basis_imr,24,0.1,2026083016,100000,54379,0.54379,179905,240131,0.7491952309364472,0.5446415584428747,True,explicit_BB84_particle_events,
biased_basis_imr_L24_f0.1,biased_basis_imr,24,0.1,2026083017,100000,54410,0.5441,179682,239859,0.7491151051242605,0.5446415584428747,True,explicit_BB84_particle_events,
biased_basis_imr_L24_f0.1,biased_basis_imr,24,0.1,2026083018,100000,54646,0.54646,179464,239229,0.7501766090231535,0.5446415584428747,True,explicit_BB84_particle_events,
biased_basis_imr_L24_f0.1,biased_basis_imr,24,0.1,2026083019,100000,54456,0.54456,179560,239720,0.7490405473051894,0.5446415584428747,True,explicit_BB84_particle_events,
biased_basis_imr_L24_f0.1,biased_basis_imr,24,0.1,2026083020,100000,54784,0.54784,180291,239858,0.7516572305280624,0.5446415584428747,True,explicit_BB84_particle_events,
biased_basis_imr_L24_f0.1,biased_basis_imr,24,0.1,2026083021,100000,54376,0.54376,180050,240128,0.7498084355010661,0.5446415584428747,True,explicit_BB84_particle_events,
biased_basis_imr_L24_f0.1,biased_basis_imr,24,0.1,2026083022,100000,54253,0.54253,180462,240703,0.7497289190413081,0.5446415584428747,True,explicit_BB84_particle_events,
biased_basis_imr_L24_f0.1,biased_basis_imr,24,0.1,2026083023,100000,54330,0.5433,179867,240338,0.7483918481471927,0.5446415584428747,True,explicit_BB84_particle_events,
biased_basis_imr_L24_f0.1,biased_basis_imr,24,0.1,2026083024,100000,54500,0.545,180447,240494,0.7503180952539357,0.5446415584428747,True,explicit_BB84_particle_events,
biased_basis_imr_L24_f0.1,biased_basis_imr,24,0.1,2026083025,100000,54112,0.54112,179349,239903,0.7475896508172053,0.5446415584428747,True,explicit_BB84_particle_events,
biased_basis_imr_L24_f0.1,biased_basis_imr,24,0.1,2026083026,100000,54260,0.5426,180502,240868,0.7493814039224803,0.5446415584428747,True,explicit_BB84_particle_events,
biased_basis_imr_L24_f0.1,biased_basis_imr,24,0.1,2026083027,100000,54291,0.54291,180191,240377,0.7496183079079946,0.5446415584428747,True,explicit_BB84_particle_events,
biased_basis_imr_L24_f0.1,biased_basis_imr,24,0.1,2026083028,100000,54502,0.54502,179559,239686,0.7491426282719892,0.5446415584428747,True,explicit_BB84_particle_events,
biased_basis_imr_L24_f0.1,biased_basis_imr,24,0.1,2026083029,100000,54374,0.54374,180197,240268,0.7499833519236853,0.5446415584428747,True,explicit_BB84_particle_events,
biased_basis_imr_L24_f0.1,biased_basis_imr,24,0.1,2026083030,100000,54443,0.54443,180126,240151,0.7500530915965372,0.5446415584428747,True,explicit_BB84_particle_events,
biased_basis_imr_L24_f0.25,biased_basis_imr,24,0.25,2026083001,100000,21095,0.21095,450575,600982,0.7497312731496119,0.2124763677688145,True,explicit_BB84_particle_events,
biased_basis_imr_L24_f0.25,biased_basis_imr,24,0.25,2026083002,100000,21527,0.21527,450002,599627,0.7504698754392314,0.2124763677688145,True,explicit_BB84_particle_events,
biased_basis_imr_L24_f0.25,biased_basis_imr,24,0.25,2026083003,100000,21466,0.21466,449799,599298,0.7505431354684982,0.2124763677688145,True,explicit_BB84_particle_events,
biased_basis_imr_L24_f0.25,biased_basis_imr,24,0.25,2026083004,100000,21415,0.21415,450595,600497,0.7503701100921404,0.2124763677688145,True,explicit_BB84_particle_events,
biased_basis_imr_L24_f0.25,biased_basis_imr,24,0.25,2026083005,100000,21406,0.21406,450369,600098,0.75049241957147,0.2124763677688145,True,explicit_BB84_particle_events,
biased_basis_imr_L24_f0.25,biased_basis_imr,24,0.25,2026083006,100000,21073,0.21073,450019,600752,0.7490928036860468,0.2124763677688145,True,explicit_BB84_particle_events,
biased_basis_imr_L24_f0.25,biased_basis_imr,24,0.25,2026083007,100000,21320,0.2132,450347,600103,0.7504495061681078,0.2124763677688145,True,explicit_BB84_particle_events,
biased_basis_imr_L24_f0.25,biased_basis_imr,24,0.25,2026083008,100000,21452,0.21452,449502,599060,0.750345541348112,0.2124763677688145,True,explicit_BB84_particle_events,
biased_basis_imr_L24_f0.25,biased_basis_imr,24,0.25,2026083009,100000,21349,0.21349,449904,600133,0.749673822302723,0.2124763677688145,True,explicit_BB84_particle_events,
biased_basis_imr_L24_f0.25,biased_basis_imr,24,0.25,2026083010,100000,20937,0.20937,449908,600692,0.7489828397914405,0.2124763677688145,True,explicit_BB84_particle_events,
biased_basis_imr_L24_f0.25,biased_basis_imr,24,0.25,2026083011,100000,21068,0.21068,450366,600228,0.7503248765469122,0.2124763677688145,True,explicit_BB84_particle_events,
biased_basis_imr_L24_f0.25,biased_basis_imr,24,0.25,2026083012,100000,21318,0.21318,450686,600537,0.7504716611965624,0.2124763677688145,True,explicit_BB84_particle_events,
biased_basis_imr_L24_f0.25,biased_basis_imr,24,0.25,2026083013,100000,21427,0.21427,450375,599888,0.750765142826661,0.2124763677688145,True,explicit_BB84_particle_events,
biased_basis_imr_L24_f0.25,biased_basis_imr,24,0.25,2026083014,100000,21195,0.21195,450699,600702,0.7502871640180988,0.2124763677688145,True,explicit_BB84_particle_events,
biased_basis_imr_L24_f0.25,biased_basis_imr,24,0.25,2026083015,100000,21456,0.21456,450096,599580,0.7506854798358851,0.2124763677688145,True,explicit_BB84_particle_events,
biased_basis_imr_L24_f0.25,biased_basis_imr,24,0.25,2026083016,100000,21229,0.21229,449671,599756,0.7497565676708529,0.2124763677688145,True,explicit_BB84_particle_events,
biased_basis_imr_L24_f0.25,biased_basis_imr,24,0.25,2026083017,100000,21160,0.2116,449398,599600,0.7494963308872582,0.2124763677688145,True,explicit_BB84_particle_events,
biased_basis_imr_L24_f0.25,biased_basis_imr,24,0.25,2026083018,100000,21275,0.21275,449659,599749,0.7497453101214008,0.2124763677688145,True,explicit_BB84_particle_events,
biased_basis_imr_L24_f0.25,biased_basis_imr,24,0.25,2026083019,100000,21368,0.21368,450215,599850,0.7505459698257898,0.2124763677688145,True,explicit_BB84_particle_events,
biased_basis_imr_L24_f0.25,biased_basis_imr,24,0.25,2026083020,100000,21315,0.21315,450917,600944,0.750347786149791,0.2124763677688145,True,explicit_BB84_particle_events,
biased_basis_imr_L24_f0.25,biased_basis_imr,24,0.25,2026083021,100000,21106,0.21106,449576,599651,0.7497294259494273,0.2124763677688145,True,explicit_BB84_particle_events,
biased_basis_imr_L24_f0.25,biased_basis_imr,24,0.25,2026083022,100000,21177,0.21177,450574,600286,0.7505988811999613,0.2124763677688145,True,explicit_BB84_particle_events,
biased_basis_imr_L24_f0.25,biased_basis_imr,24,0.25,2026083023,100000,21380,0.2138,449730,600042,0.7494975351725379,0.2124763677688145,True,explicit_BB84_particle_events,
biased_basis_imr_L24_f0.25,biased_basis_imr,24,0.25,2026083024,100000,21259,0.21259,450380,600688,0.7497735929467544,0.2124763677688145,True,explicit_BB84_particle_events,
biased_basis_imr_L24_f0.25,biased_basis_imr,24,0.25,2026083025,100000,21081,0.21081,449750,600165,0.7493772545883215,0.2124763677688145,True,explicit_BB84_particle_events,
biased_basis_imr_L24_f0.25,biased_basis_imr,24,0.25,2026083026,100000,21197,0.21197,450543,600620,0.7501298658053345,0.2124763677688145,True,explicit_BB84_particle_events,
biased_basis_imr_L24_f0.25,biased_basis_imr,24,0.25,2026083027,100000,20984,0.20984,450275,601022,0.749182226274579,0.2124763677688145,True,explicit_BB84_particle_events,
biased_basis_imr_L24_f0.25,biased_basis_imr,24,0.25,2026083028,100000,21408,0.21408,449396,599633,0.7494517479858513,0.2124763677688145,True,explicit_BB84_particle_events,
biased_basis_imr_L24_f0.25,biased_basis_imr,24,0.25,2026083029,100000,21326,0.21326,450642,600413,0.7505533690976045,0.2124763677688145,True,explicit_BB84_particle_events,
biased_basis_imr_L24_f0.25,biased_basis_imr,24,0.25,2026083030,100000,21354,0.21354,450303,600343,0.7500762064353211,0.2124763677688145,True,explicit_BB84_particle_events,
biased_basis_imr_L24_f0.5,biased_basis_imr,24,0.5,2026083001,100000,4079,0.04079,900157,1200442,0.7498546368754175,0.040568903763722304,True,explicit_BB84_particle_events,
biased_basis_imr_L24_f0.5,biased_basis_imr,24,0.5,2026083002,100000,4151,0.04151,899787,1199332,0.7502401336744121,0.040568903763722304,True,explicit_BB84_particle_events,
biased_basis_imr_L24_f0.5,biased_basis_imr,24,0.5,2026083003,100000,4021,0.04021,898722,1198497,0.7498742174573654,0.040568903763722304,True,explicit_BB84_particle_events,
biased_basis_imr_L24_f0.5,biased_basis_imr,24,0.5,2026083004,100000,4119,0.04119,900780,1200282,0.7504736386949067,0.040568903763722304,True,explicit_BB84_particle_events,
biased_basis_imr_L24_f0.5,biased_basis_imr,24,0.5,2026083005,100000,4073,0.04073,900591,1200322,0.7502911718688818,0.040568903763722304,True,explicit_BB84_particle_events,
biased_basis_imr_L24_f0.5,biased_basis_imr,24,0.5,2026083006,100000,3931,0.03931,899287,1199327,0.7498263609507666,0.040568903763722304,True,explicit_BB84_particle_events,
biased_basis_imr_L24_f0.5,biased_basis_imr,24,0.5,2026083007,100000,4112,0.04112,899463,1199302,0.7499887434524415,0.040568903763722304,True,explicit_BB84_particle_events,
biased_basis_imr_L24_f0.5,biased_basis_imr,24,0.5,2026083008,100000,4101,0.04101,900900,1200675,0.75032794053345,0.040568903763722304,True,explicit_BB84_particle_events,
biased_basis_imr_L24_f0.5,biased_basis_imr,24,0.5,2026083009,100000,4051,0.04051,900097,1200275,0.7499089791922684,0.040568903763722304,True,explicit_BB84_particle_events,
biased_basis_imr_L24_f0.5,biased_basis_imr,24,0.5,2026083010,100000,3914,0.03914,899227,1200536,0.749021270499177,0.040568903763722304,True,explicit_BB84_particle_events,
biased_basis_imr_L24_f0.5,biased_basis_imr,24,0.5,2026083011,100000,4016,0.04016,900024,1200163,0.7499181361198437,0.040568903763722304,True,explicit_BB84_particle_events,
biased_basis_imr_L24_f0.5,biased_basis_imr,24,0.5,2026083012,100000,4206,0.04206,900587,1200117,0.7504160011065588,0.040568903763722304,True,explicit_BB84_particle_events,
biased_basis_imr_L24_f0.5,biased_basis_imr,24,0.5,2026083013,100000,4032,0.04032,901013,1200118,0.7507703409164765,0.040568903763722304,True,explicit_BB84_particle_events,
biased_basis_imr_L24_f0.5,biased_basis_imr,24,0.5,2026083014,100000,3937,0.03937,900398,1200188,0.7502141331191446,0.040568903763722304,True,explicit_BB84_particle_events,
biased_basis_imr_L24_f0.5,biased_basis_imr,24,0.5,2026083015,100000,4049,0.04049,899587,1199164,0.7501784576588356,0.040568903763722304,True,explicit_BB84_particle_events,
biased_basis_imr_L24_f0.5,biased_basis_imr,24,0.5,2026083016,100000,4010,0.0401,900228,1200207,0.7500606145439912,0.040568903763722304,True,explicit_BB84_particle_events,
biased_basis_imr_L24_f0.5,biased_basis_imr,24,0.5,2026083017,100000,4167,0.04167,899578,1199767,0.7497939183191403,0.040568903763722304,True,explicit_BB84_particle_events,
biased_basis_imr_L24_f0.5,biased_basis_imr,24,0.5,2026083018,100000,4060,0.0406,898958,1199080,0.7497064416052307,0.040568903763722304,True,explicit_BB84_particle_events,
biased_basis_imr_L24_f0.5,biased_basis_imr,24,0.5,2026083019,100000,4039,0.04039,901140,1200979,0.7503378493712213,0.040568903763722304,True,explicit_BB84_particle_events,
biased_basis_imr_L24_f0.5,biased_basis_imr,24,0.5,2026083020,100000,4123,0.04123,901403,1201297,0.7503581545612783,0.040568903763722304,True,explicit_BB84_particle_events,
biased_basis_imr_L24_f0.5,biased_basis_imr,24,0.5,2026083021,100000,4145,0.04145,899705,1199257,0.7502186770642156,0.040568903763722304,True,explicit_BB84_particle_events,
biased_basis_imr_L24_f0.5,biased_basis_imr,24,0.5,2026083022,100000,4081,0.04081,901432,1201577,0.7502074357282138,0.040568903763722304,True,explicit_BB84_particle_events,
biased_basis_imr_L24_f0.5,biased_basis_imr,24,0.5,2026083023,100000,4035,0.04035,900008,1199992,0.750011666744445,0.040568903763722304,True,explicit_BB84_particle_events,
biased_basis_imr_L24_f0.5,biased_basis_imr,24,0.5,2026083024,100000,4072,0.04072,899871,1200045,0.7498643800857467,0.040568903763722304,True,explicit_BB84_particle_events,
biased_basis_imr_L24_f0.5,biased_basis_imr,24,0.5,2026083025,100000,4009,0.04009,900677,1200982,0.7499504572091839,0.040568903763722304,True,explicit_BB84_particle_events,
biased_basis_imr_L24_f0.5,biased_basis_imr,24,0.5,2026083026,100000,4028,0.04028,900889,1201037,0.7500926282870553,0.040568903763722304,True,explicit_BB84_particle_events,
biased_basis_imr_L24_f0.5,biased_basis_imr,24,0.5,2026083027,100000,3964,0.03964,900508,1201004,0.7497960040099784,0.040568903763722304,True,explicit_BB84_particle_events,
biased_basis_imr_L24_f0.5,biased_basis_imr,24,0.5,2026083028,100000,4132,0.04132,898751,1198941,0.7496207069405417,0.040568903763722304,True,explicit_BB84_particle_events,
biased_basis_imr_L24_f0.5,biased_basis_imr,24,0.5,2026083029,100000,4080,0.0408,900684,1200620,0.7501824057570255,0.040568903763722304,True,explicit_BB84_particle_events,
biased_basis_imr_L24_f0.5,biased_basis_imr,24,0.5,2026083030,100000,4000,0.04,900468,1200936,0.7498051519814545,0.040568903763722304,True,explicit_BB84_particle_events,
biased_basis_imr_L24_f0.75,biased_basis_imr,24,0.75,2026083001,100000,672,0.00672,1349746,1799927,0.7498893010660987,0.006851108913155016,True,explicit_BB84_particle_events,
biased_basis_imr_L24_f0.75,biased_basis_imr,24,0.75,2026083002,100000,721,0.00721,1350647,1799739,0.7504682623424841,0.006851108913155016,True,explicit_BB84_particle_events,
biased_basis_imr_L24_f0.75,biased_basis_imr,24,0.75,2026083003,100000,696,0.00696,1349214,1798843,0.7500454458782673,0.006851108913155016,True,explicit_BB84_particle_events,
biased_basis_imr_L24_f0.75,biased_basis_imr,24,0.75,2026083004,100000,651,0.00651,1351013,1800504,0.75035267902765,0.006851108913155016,True,explicit_BB84_particle_events,
biased_basis_imr_L24_f0.75,biased_basis_imr,24,0.75,2026083005,100000,696,0.00696,1350628,1800180,0.7502738615027387,0.006851108913155016,True,explicit_BB84_particle_events,
biased_basis_imr_L24_f0.75,biased_basis_imr,24,0.75,2026083006,100000,643,0.00643,1349870,1800052,0.7499061138233785,0.006851108913155016,True,explicit_BB84_particle_events,
biased_basis_imr_L24_f0.75,biased_basis_imr,24,0.75,2026083007,100000,663,0.00663,1349498,1799695,0.7498481687174772,0.006851108913155016,True,explicit_BB84_particle_events,
biased_basis_imr_L24_f0.75,biased_basis_imr,24,0.75,2026083008,100000,730,0.0073,1350110,1799829,0.7501323736866113,0.006851108913155016,True,explicit_BB84_particle_events,
biased_basis_imr_L24_f0.75,biased_basis_imr,24,0.75,2026083009,100000,716,0.00716,1351098,1800199,0.7505270250677841,0.006851108913155016,True,explicit_BB84_particle_events,
biased_basis_imr_L24_f0.75,biased_basis_imr,24,0.75,2026083010,100000,624,0.00624,1348895,1800006,0.7493836131657339,0.006851108913155016,True,explicit_BB84_particle_events,
biased_basis_imr_L24_f0.75,biased_basis_imr,24,0.75,2026083011,100000,674,0.00674,1350197,1800428,0.749931127487464,0.006851108913155016,True,explicit_BB84_particle_events,
biased_basis_imr_L24_f0.75,biased_basis_imr,24,0.75,2026083012,100000,693,0.00693,1350874,1799590,0.7506565384337544,0.006851108913155016,True,explicit_BB84_particle_events,
biased_basis_imr_L24_f0.75,biased_basis_imr,24,0.75,2026083013,100000,664,0.00664,1349840,1798905,0.7503675847251522,0.006851108913155016,True,explicit_BB84_particle_events,
biased_basis_imr_L24_f0.75,biased_basis_imr,24,0.75,2026083014,100000,640,0.0064,1350727,1799991,0.7504076409270936,0.006851108913155016,True,explicit_BB84_particle_events,
biased_basis_imr_L24_f0.75,biased_basis_imr,24,0.75,2026083015,100000,683,0.00683,1349662,1799549,0.750000138923697,0.006851108913155016,True,explicit_BB84_particle_events,
biased_basis_imr_L24_f0.75,biased_basis_imr,24,0.75,2026083016,100000,672,0.00672,1350993,1801083,0.7501003562856348,0.006851108913155016,True,explicit_BB84_particle_events,
biased_basis_imr_L24_f0.75,biased_basis_imr,24,0.75,2026083017,100000,769,0.00769,1349349,1799555,0.7498237064163085,0.006851108913155016,True,explicit_BB84_particle_events,
biased_basis_imr_L24_f0.75,biased_basis_imr,24,0.75,2026083018,100000,668,0.00668,1349612,1799746,0.7498902622925679,0.006851108913155016,True,explicit_BB84_particle_events,
biased_basis_imr_L24_f0.75,biased_basis_imr,24,0.75,2026083019,100000,655,0.00655,1350724,1800746,0.7500913510289624,0.006851108913155016,True,explicit_BB84_particle_events,
biased_basis_imr_L24_f0.75,biased_basis_imr,24,0.75,2026083020,100000,713,0.00713,1351403,1800765,0.7504604987324831,0.006851108913155016,True,explicit_BB84_particle_events,
biased_basis_imr_L24_f0.75,biased_basis_imr,24,0.75,2026083021,100000,663,0.00663,1349113,1799517,0.7497083939746054,0.006851108913155016,True,explicit_BB84_particle_events,
biased_basis_imr_L24_f0.75,biased_basis_imr,24,0.75,2026083022,100000,670,0.0067,1350327,1800678,0.7498992046329216,0.006851108913155016,True,explicit_BB84_particle_events,
biased_basis_imr_L24_f0.75,biased_basis_imr,24,0.75,2026083023,100000,632,0.00632,1349828,1800037,0.7498890300588266,0.006851108913155016,True,explicit_BB84_particle_events,
biased_basis_imr_L24_f0.75,biased_basis_imr,24,0.75,2026083024,100000,673,0.00673,1350114,1800568,0.7498267213457087,0.006851108913155016,True,explicit_BB84_particle_events,
biased_basis_imr_L24_f0.75,biased_basis_imr,24,0.75,2026083025,100000,727,0.00727,1350590,1800407,0.750158158683009,0.006851108913155016,True,explicit_BB84_particle_events,
biased_basis_imr_L24_f0.75,biased_basis_imr,24,0.75,2026083026,100000,694,0.00694,1350807,1800714,0.7501507735265012,0.006851108913155016,True,explicit_BB84_particle_events,
biased_basis_imr_L24_f0.75,biased_basis_imr,24,0.75,2026083027,100000,654,0.00654,1349731,1800473,0.7496535632580994,0.006851108913155016,True,explicit_BB84_particle_events,
biased_basis_imr_L24_f0.75,biased_basis_imr,24,0.75,2026083028,100000,699,0.00699,1348565,1798849,0.749682157868726,0.006851108913155016,True,explicit_BB84_particle_events,
biased_basis_imr_L24_f0.75,biased_basis_imr,24,0.75,2026083029,100000,705,0.00705,1350000,1799699,0.7501254376426281,0.006851108913155016,True,explicit_BB84_particle_events,
biased_basis_imr_L24_f0.75,biased_basis_imr,24,0.75,2026083030,100000,681,0.00681,1350235,1800485,0.749928491489793,0.006851108913155016,True,explicit_BB84_particle_events,
biased_basis_imr_L24_f1,biased_basis_imr,24,1.0,2026083001,100000,92,0.00092,1799419,2400000,0.7497579166666667,0.0010033912775533338,True,explicit_BB84_particle_events,
biased_basis_imr_L24_f1,biased_basis_imr,24,1.0,2026083002,100000,110,0.0011,1801332,2400000,0.750555,0.0010033912775533338,True,explicit_BB84_particle_events,
biased_basis_imr_L24_f1,biased_basis_imr,24,1.0,2026083003,100000,102,0.00102,1800480,2400000,0.7502,0.0010033912775533338,True,explicit_BB84_particle_events,
biased_basis_imr_L24_f1,biased_basis_imr,24,1.0,2026083004,100000,101,0.00101,1800573,2400000,0.75023875,0.0010033912775533338,True,explicit_BB84_particle_events,
biased_basis_imr_L24_f1,biased_basis_imr,24,1.0,2026083005,100000,107,0.00107,1799968,2400000,0.7499866666666667,0.0010033912775533338,True,explicit_BB84_particle_events,
biased_basis_imr_L24_f1,biased_basis_imr,24,1.0,2026083006,100000,100,0.001,1799582,2400000,0.7498258333333333,0.0010033912775533338,True,explicit_BB84_particle_events,
biased_basis_imr_L24_f1,biased_basis_imr,24,1.0,2026083007,100000,92,0.00092,1799136,2400000,0.74964,0.0010033912775533338,True,explicit_BB84_particle_events,
biased_basis_imr_L24_f1,biased_basis_imr,24,1.0,2026083008,100000,104,0.00104,1799882,2400000,0.7499508333333333,0.0010033912775533338,True,explicit_BB84_particle_events,
biased_basis_imr_L24_f1,biased_basis_imr,24,1.0,2026083009,100000,106,0.00106,1800718,2400000,0.7502991666666666,0.0010033912775533338,True,explicit_BB84_particle_events,
biased_basis_imr_L24_f1,biased_basis_imr,24,1.0,2026083010,100000,85,0.00085,1798637,2400000,0.7494320833333333,0.0010033912775533338,True,explicit_BB84_particle_events,
biased_basis_imr_L24_f1,biased_basis_imr,24,1.0,2026083011,100000,94,0.00094,1799847,2400000,0.74993625,0.0010033912775533338,True,explicit_BB84_particle_events,
biased_basis_imr_L24_f1,biased_basis_imr,24,1.0,2026083012,100000,93,0.00093,1800964,2400000,0.7504016666666666,0.0010033912775533338,True,explicit_BB84_particle_events,
biased_basis_imr_L24_f1,biased_basis_imr,24,1.0,2026083013,100000,128,0.00128,1800638,2400000,0.7502658333333333,0.0010033912775533338,True,explicit_BB84_particle_events,
biased_basis_imr_L24_f1,biased_basis_imr,24,1.0,2026083014,100000,91,0.00091,1800978,2400000,0.7504075,0.0010033912775533338,True,explicit_BB84_particle_events,
biased_basis_imr_L24_f1,biased_basis_imr,24,1.0,2026083015,100000,98,0.00098,1800584,2400000,0.7502433333333334,0.0010033912775533338,True,explicit_BB84_particle_events,
biased_basis_imr_L24_f1,biased_basis_imr,24,1.0,2026083016,100000,106,0.00106,1799564,2400000,0.7498183333333334,0.0010033912775533338,True,explicit_BB84_particle_events,
biased_basis_imr_L24_f1,biased_basis_imr,24,1.0,2026083017,100000,117,0.00117,1799747,2400000,0.7498945833333334,0.0010033912775533338,True,explicit_BB84_particle_events,
biased_basis_imr_L24_f1,biased_basis_imr,24,1.0,2026083018,100000,94,0.00094,1799433,2400000,0.74976375,0.0010033912775533338,True,explicit_BB84_particle_events,
biased_basis_imr_L24_f1,biased_basis_imr,24,1.0,2026083019,100000,94,0.00094,1799841,2400000,0.74993375,0.0010033912775533338,True,explicit_BB84_particle_events,
biased_basis_imr_L24_f1,biased_basis_imr,24,1.0,2026083020,100000,93,0.00093,1801217,2400000,0.7505070833333334,0.0010033912775533338,True,explicit_BB84_particle_events,
biased_basis_imr_L24_f1,biased_basis_imr,24,1.0,2026083021,100000,83,0.00083,1799345,2400000,0.7497270833333334,0.0010033912775533338,True,explicit_BB84_particle_events,
biased_basis_imr_L24_f1,biased_basis_imr,24,1.0,2026083022,100000,97,0.00097,1799755,2400000,0.7498979166666667,0.0010033912775533338,True,explicit_BB84_particle_events,
biased_basis_imr_L24_f1,biased_basis_imr,24,1.0,2026083023,100000,91,0.00091,1799863,2400000,0.7499429166666667,0.0010033912775533338,True,explicit_BB84_particle_events,
biased_basis_imr_L24_f1,biased_basis_imr,24,1.0,2026083024,100000,92,0.00092,1799491,2400000,0.7497879166666667,0.0010033912775533338,True,explicit_BB84_particle_events,
biased_basis_imr_L24_f1,biased_basis_imr,24,1.0,2026083025,100000,101,0.00101,1800210,2400000,0.7500875,0.0010033912775533338,True,explicit_BB84_particle_events,
biased_basis_imr_L24_f1,biased_basis_imr,24,1.0,2026083026,100000,124,0.00124,1800095,2400000,0.7500395833333333,0.0010033912775533338,True,explicit_BB84_particle_events,
biased_basis_imr_L24_f1,biased_basis_imr,24,1.0,2026083027,100000,90,0.0009,1799190,2400000,0.7496625,0.0010033912775533338,True,explicit_BB84_particle_events,
biased_basis_imr_L24_f1,biased_basis_imr,24,1.0,2026083028,100000,93,0.00093,1799232,2400000,0.74968,0.0010033912775533338,True,explicit_BB84_particle_events,
biased_basis_imr_L24_f1,biased_basis_imr,24,1.0,2026083029,100000,95,0.00095,1799849,2400000,0.7499370833333333,0.0010033912775533338,True,explicit_BB84_particle_events,
biased_basis_imr_L24_f1,biased_basis_imr,24,1.0,2026083030,100000,87,0.00087,1799740,2400000,0.7498916666666666,0.0010033912775533338,True,explicit_BB84_particle_events,
biased_basis_imr_L32_f0.1,biased_basis_imr,32,0.1,2026083001,100000,44414,0.44414,239782,319690,0.7500453564390503,0.4447825110517991,True,explicit_BB84_particle_events,
biased_basis_imr_L32_f0.1,biased_basis_imr,32,0.1,2026083002,100000,44660,0.4466,239705,319528,0.7501846473548484,0.4447825110517991,True,explicit_BB84_particle_events,
biased_basis_imr_L32_f0.1,biased_basis_imr,32,0.1,2026083003,100000,44521,0.44521,239123,319093,0.7493834085987471,0.4447825110517991,True,explicit_BB84_particle_events,
biased_basis_imr_L32_f0.1,biased_basis_imr,32,0.1,2026083004,100000,44509,0.44509,240858,320804,0.7507948778693533,0.4447825110517991,True,explicit_BB84_particle_events,
biased_basis_imr_L32_f0.1,biased_basis_imr,32,0.1,2026083005,100000,44293,0.44293,238754,318631,0.749311899972068,0.4447825110517991,True,explicit_BB84_particle_events,
biased_basis_imr_L32_f0.1,biased_basis_imr,32,0.1,2026083006,100000,44457,0.44457,240286,320275,0.7502490047615331,0.4447825110517991,True,explicit_BB84_particle_events,
biased_basis_imr_L32_f0.1,biased_basis_imr,32,0.1,2026083007,100000,44672,0.44672,240108,319755,0.7509124173195102,0.4447825110517991,True,explicit_BB84_particle_events,
biased_basis_imr_L32_f0.1,biased_basis_imr,32,0.1,2026083008,100000,44086,0.44086,239632,320047,0.7487400288082687,0.4447825110517991,True,explicit_BB84_particle_events,
biased_basis_imr_L32_f0.1,biased_basis_imr,32,0.1,2026083009,100000,44595,0.44595,240117,319980,0.7504125257828614,0.4447825110517991,True,explicit_BB84_particle_events,
biased_basis_imr_L32_f0.1,biased_basis_imr,32,0.1,2026083010,100000,44620,0.4462,239000,318663,0.7500086298064099,0.4447825110517991,True,explicit_BB84_particle_events,
biased_basis_imr_L32_f0.1,biased_basis_imr,32,0.1,2026083011,100000,44284,0.44284,240685,321025,0.7497391168912079,0.4447825110517991,True,explicit_BB84_particle_events,
biased_basis_imr_L32_f0.1,biased_basis_imr,32,0.1,2026083012,100000,44363,0.44363,239146,319466,0.748580443615283,0.4447825110517991,True,explicit_BB84_particle_events,
biased_basis_imr_L32_f0.1,biased_basis_imr,32,0.1,2026083013,100000,44414,0.44414,240004,320097,0.7497852213547769,0.4447825110517991,True,explicit_BB84_particle_events,
biased_basis_imr_L32_f0.1,biased_basis_imr,32,0.1,2026083014,100000,44454,0.44454,240724,320768,0.7504613926576217,0.4447825110517991,True,explicit_BB84_particle_events,
biased_basis_imr_L32_f0.1,biased_basis_imr,32,0.1,2026083015,100000,44502,0.44502,240111,320037,0.7502601261729113,0.4447825110517991,True,explicit_BB84_particle_events,
biased_basis_imr_L32_f0.1,biased_basis_imr,32,0.1,2026083016,100000,44597,0.44597,240543,320421,0.7507092231782561,0.4447825110517991,True,explicit_BB84_particle_events,
biased_basis_imr_L32_f0.1,biased_basis_imr,32,0.1,2026083017,100000,44693,0.44693,239591,319311,0.7503374453119372,0.4447825110517991,True,explicit_BB84_particle_events,
biased_basis_imr_L32_f0.1,biased_basis_imr,32,0.1,2026083018,100000,44447,0.44447,238909,319051,0.7488113185666242,0.4447825110517991,True,explicit_BB84_particle_events,
biased_basis_imr_L32_f0.1,biased_basis_imr,32,0.1,2026083019,100000,44477,0.44477,240522,320573,0.7502877659690617,0.4447825110517991,True,explicit_BB84_particle_events,
biased_basis_imr_L32_f0.1,biased_basis_imr,32,0.1,2026083020,100000,44337,0.44337,240605,321201,0.7490792369886768,0.4447825110517991,True,explicit_BB84_particle_events,
biased_basis_imr_L32_f0.1,biased_basis_imr,32,0.1,2026083021,100000,44473,0.44473,240098,320235,0.7497556481958562,0.4447825110517991,True,explicit_BB84_particle_events,
biased_basis_imr_L32_f0.1,biased_basis_imr,32,0.1,2026083022,100000,44463,0.44463,240452,320561,0.7500974853460027,0.4447825110517991,True,explicit_BB84_particle_events,
biased_basis_imr_L32_f0.1,biased_basis_imr,32,0.1,2026083023,100000,44613,0.44613,239954,319500,0.7510297339593114,0.4447825110517991,True,explicit_BB84_particle_events,
biased_basis_imr_L32_f0.1,biased_basis_imr,32,0.1,2026083024,100000,44601,0.44601,240077,320205,0.7497603098015334,0.4447825110517991,True,explicit_BB84_particle_events,
biased_basis_imr_L32_f0.1,biased_basis_imr,32,0.1,2026083025,100000,44363,0.44363,240170,320492,0.749379079665015,0.4447825110517991,True,explicit_BB84_particle_events,
biased_basis_imr_L32_f0.1,biased_basis_imr,32,0.1,2026083026,100000,44568,0.44568,239023,319084,0.7490911484123303,0.4447825110517991,True,explicit_BB84_particle_events,
biased_basis_imr_L32_f0.1,biased_basis_imr,32,0.1,2026083027,100000,44619,0.44619,240147,319909,0.7506728475910337,0.4447825110517991,True,explicit_BB84_particle_events,
biased_basis_imr_L32_f0.1,biased_basis_imr,32,0.1,2026083028,100000,44275,0.44275,240033,320302,0.7493958826357625,0.4447825110517991,True,explicit_BB84_particle_events,
biased_basis_imr_L32_f0.1,biased_basis_imr,32,0.1,2026083029,100000,44482,0.44482,240040,319930,0.750289125746257,0.4447825110517991,True,explicit_BB84_particle_events,
biased_basis_imr_L32_f0.1,biased_basis_imr,32,0.1,2026083030,100000,44577,0.44577,240939,320873,0.7508858645009084,0.4447825110517991,True,explicit_BB84_particle_events,
biased_basis_imr_L32_f0.25,biased_basis_imr,32,0.25,2026083001,100000,12759,0.12759,600193,800033,0.7502103038249672,0.12678878637700036,True,explicit_BB84_particle_events,
biased_basis_imr_L32_f0.25,biased_basis_imr,32,0.25,2026083002,100000,12861,0.12861,600131,799817,0.7503353892202841,0.12678878637700036,True,explicit_BB84_particle_events,
biased_basis_imr_L32_f0.25,biased_basis_imr,32,0.25,2026083003,100000,12603,0.12603,599543,799595,0.7498083404723641,0.12678878637700036,True,explicit_BB84_particle_events,
biased_basis_imr_L32_f0.25,biased_basis_imr,32,0.25,2026083004,100000,12567,0.12567,602477,802321,0.7509176501674517,0.12678878637700036,True,explicit_BB84_particle_events,
biased_basis_imr_L32_f0.25,biased_basis_imr,32,0.25,2026083005,100000,12615,0.12615,599245,799314,0.7496991169928213,0.12678878637700036,True,explicit_BB84_particle_events,
biased_basis_imr_L32_f0.25,biased_basis_imr,32,0.25,2026083006,100000,12677,0.12677,600856,800537,0.7505661824500304,0.12678878637700036,True,explicit_BB84_particle_events,
biased_basis_imr_L32_f0.25,biased_basis_imr,32,0.25,2026083007,100000,12804,0.12804,599560,798710,0.7506604399594345,0.12678878637700036,True,explicit_BB84_particle_events,
biased_basis_imr_L32_f0.25,biased_basis_imr,32,0.25,2026083008,100000,12724,0.12724,599404,799948,0.7493037047408082,0.12678878637700036,True,explicit_BB84_particle_events,
biased_basis_imr_L32_f0.25,biased_basis_imr,32,0.25,2026083009,100000,12612,0.12612,600115,800148,0.750004999075171,0.12678878637700036,True,explicit_BB84_particle_events,
biased_basis_imr_L32_f0.25,biased_basis_imr,32,0.25,2026083010,100000,12729,0.12729,600043,799439,0.7505800942911216,0.12678878637700036,True,explicit_BB84_particle_events,
biased_basis_imr_L32_f0.25,biased_basis_imr,32,0.25,2026083011,100000,12639,0.12639,600579,800550,0.7502079820123665,0.12678878637700036,True,explicit_BB84_particle_events,
biased_basis_imr_L32_f0.25,biased_basis_imr,32,0.25,2026083012,100000,12727,0.12727,598843,798853,0.7496285299047509,0.12678878637700036,True,explicit_BB84_particle_events,
biased_basis_imr_L32_f0.25,biased_basis_imr,32,0.25,2026083013,100000,12662,0.12662,599743,799869,0.7498015300005376,0.12678878637700036,True,explicit_BB84_particle_events,
biased_basis_imr_L32_f0.25,biased_basis_imr,32,0.25,2026083014,100000,12730,0.1273,601173,800847,0.7506714765741771,0.12678878637700036,True,explicit_BB84_particle_events,
biased_basis_imr_L32_f0.25,biased_basis_imr,32,0.25,2026083015,100000,12586,0.12586,600691,800644,0.7502597908683509,0.12678878637700036,True,explicit_BB84_particle_events,
biased_basis_imr_L32_f0.25,biased_basis_imr,32,0.25,2026083016,100000,12605,0.12605,600859,801266,0.7498870537374605,0.12678878637700036,True,explicit_BB84_particle_events,
biased_basis_imr_L32_f0.25,biased_basis_imr,32,0.25,2026083017,100000,12791,0.12791,599489,799391,0.749932135838407,0.12678878637700036,True,explicit_BB84_particle_events,
biased_basis_imr_L32_f0.25,biased_basis_imr,32,0.25,2026083018,100000,12588,0.12588,598506,798623,0.749422443380669,0.12678878637700036,True,explicit_BB84_particle_events,
biased_basis_imr_L32_f0.25,biased_basis_imr,32,0.25,2026083019,100000,12619,0.12619,601106,801661,0.7498256744434368,0.12678878637700036,True,explicit_BB84_particle_events,
biased_basis_imr_L32_f0.25,biased_basis_imr,32,0.25,2026083020,100000,12505,0.12505,600034,800427,0.7496423783805394,0.12678878637700036,True,explicit_BB84_particle_events,
biased_basis_imr_L32_f0.25,biased_basis_imr,32,0.25,2026083021,100000,12547,0.12547,600265,800670,0.7497033734247568,0.12678878637700036,True,explicit_BB84_particle_events,
biased_basis_imr_L32_f0.25,biased_basis_imr,32,0.25,2026083022,100000,12522,0.12522,600564,800918,0.7498445533750022,0.12678878637700036,True,explicit_BB84_particle_events,
biased_basis_imr_L32_f0.25,biased_basis_imr,32,0.25,2026083023,100000,12715,0.12715,600398,800017,0.7504815522670143,0.12678878637700036,True,explicit_BB84_particle_events,
biased_basis_imr_L32_f0.25,biased_basis_imr,32,0.25,2026083024,100000,12672,0.12672,599484,799448,0.7498724119642554,0.12678878637700036,True,explicit_BB84_particle_events,
biased_basis_imr_L32_f0.25,biased_basis_imr,32,0.25,2026083025,100000,12789,0.12789,600354,800456,0.7500149914548707,0.12678878637700036,True,explicit_BB84_particle_events,
biased_basis_imr_L32_f0.25,biased_basis_imr,32,0.25,2026083026,100000,12726,0.12726,599250,799201,0.7498113741098923,0.12678878637700036,True,explicit_BB84_particle_events,
biased_basis_imr_L32_f0.25,biased_basis_imr,32,0.25,2026083027,100000,12793,0.12793,600146,799580,0.7505765526901623,0.12678878637700036,True,explicit_BB84_particle_events,
biased_basis_imr_L32_f0.25,biased_basis_imr,32,0.25,2026083028,100000,12638,0.12638,600750,801449,0.7495798235446048,0.12678878637700036,True,explicit_BB84_particle_events,
biased_basis_imr_L32_f0.25,biased_basis_imr,32,0.25,2026083029,100000,12690,0.1269,600189,799822,0.7504032147152742,0.12678878637700036,True,explicit_BB84_particle_events,
biased_basis_imr_L32_f0.25,biased_basis_imr,32,0.25,2026083030,100000,12717,0.12717,601321,801781,0.7499816034553076,0.12678878637700036,True,explicit_BB84_particle_events,
biased_basis_imr_L32_f0.5,biased_basis_imr,32,0.5,2026083001,100000,1390,0.0139,1199325,1600184,0.7494919334276559,0.013939837037683136,True,explicit_BB84_particle_events,
biased_basis_imr_L32_f0.5,biased_basis_imr,32,0.5,2026083002,100000,1463,0.01463,1200316,1600363,0.7500273375477938,0.013939837037683136,True,explicit_BB84_particle_events,
biased_basis_imr_L32_f0.5,biased_basis_imr,32,0.5,2026083003,100000,1380,0.0138,1199872,1600349,0.7497564593722994,0.013939837037683136,True,explicit_BB84_particle_events,
biased_basis_imr_L32_f0.5,biased_basis_imr,32,0.5,2026083004,100000,1394,0.01394,1202150,1600962,0.7508922760190435,0.013939837037683136,True,explicit_BB84_particle_events,
biased_basis_imr_L32_f0.5,biased_basis_imr,32,0.5,2026083005,100000,1371,0.01371,1199139,1599397,0.7497444349339157,0.013939837037683136,True,explicit_BB84_particle_events,
biased_basis_imr_L32_f0.5,biased_basis_imr,32,0.5,2026083006,100000,1349,0.01349,1198921,1597686,0.7504109067739217,0.013939837037683136,True,explicit_BB84_particle_events,
biased_basis_imr_L32_f0.5,biased_basis_imr,32,0.5,2026083007,100000,1403,0.01403,1200184,1599930,0.7501478189670798,0.013939837037683136,True,explicit_BB84_particle_events,
biased_basis_imr_L32_f0.5,biased_basis_imr,32,0.5,2026083008,100000,1413,0.01413,1200248,1601316,0.749538504579983,0.013939837037683136,True,explicit_BB84_particle_events,
biased_basis_imr_L32_f0.5,biased_basis_imr,32,0.5,2026083009,100000,1427,0.01427,1200114,1599940,0.7500993787267023,0.013939837037683136,True,explicit_BB84_particle_events,
biased_basis_imr_L32_f0.5,biased_basis_imr,32,0.5,2026083010,100000,1391,0.01391,1200166,1599952,0.7501262537876137,0.013939837037683136,True,explicit_BB84_particle_events,
biased_basis_imr_L32_f0.5,biased_basis_imr,32,0.5,2026083011,100000,1359,0.01359,1201727,1600852,0.7506796380927157,0.013939837037683136,True,explicit_BB84_particle_events,
biased_basis_imr_L32_f0.5,biased_basis_imr,32,0.5,2026083012,100000,1365,0.01365,1199261,1599129,0.7499463770590115,0.013939837037683136,True,explicit_BB84_particle_events,
biased_basis_imr_L32_f0.5,biased_basis_imr,32,0.5,2026083013,100000,1415,0.01415,1198537,1598206,0.7499264800657738,0.013939837037683136,True,explicit_BB84_particle_events,
biased_basis_imr_L32_f0.5,biased_basis_imr,32,0.5,2026083014,100000,1394,0.01394,1202543,1602437,0.7504463514010223,0.013939837037683136,True,explicit_BB84_particle_events,
biased_basis_imr_L32_f0.5,biased_basis_imr,32,0.5,2026083015,100000,1351,0.01351,1200564,1600918,0.7499222321193215,0.013939837037683136,True,explicit_BB84_particle_events,
biased_basis_imr_L32_f0.5,biased_basis_imr,32,0.5,2026083016,100000,1393,0.01393,1199191,1600447,0.7492850434909747,0.013939837037683136,True,explicit_BB84_particle_events,
biased_basis_imr_L32_f0.5,biased_basis_imr,32,0.5,2026083017,100000,1401,0.01401,1199524,1599621,0.7498801278552857,0.013939837037683136,True,explicit_BB84_particle_events,
biased_basis_imr_L32_f0.5,biased_basis_imr,32,0.5,2026083018,100000,1367,0.01367,1199288,1599862,0.7496196546952174,0.013939837037683136,True,explicit_BB84_particle_events,
biased_basis_imr_L32_f0.5,biased_basis_imr,32,0.5,2026083019,100000,1360,0.0136,1200558,1600963,0.7498974054990653,0.013939837037683136,True,explicit_BB84_particle_events,
biased_basis_imr_L32_f0.5,biased_basis_imr,32,0.5,2026083020,100000,1352,0.01352,1198570,1598742,0.7496956982427434,0.013939837037683136,True,explicit_BB84_particle_events,
biased_basis_imr_L32_f0.5,biased_basis_imr,32,0.5,2026083021,100000,1390,0.0139,1200704,1601369,0.7497984536980546,0.013939837037683136,True,explicit_BB84_particle_events,
biased_basis_imr_L32_f0.5,biased_basis_imr,32,0.5,2026083022,100000,1346,0.01346,1200657,1600499,0.7501766636530233,0.013939837037683136,True,explicit_BB84_particle_events,
biased_basis_imr_L32_f0.5,biased_basis_imr,32,0.5,2026083023,100000,1445,0.01445,1200157,1599267,0.7504419212051521,0.013939837037683136,True,explicit_BB84_particle_events,
biased_basis_imr_L32_f0.5,biased_basis_imr,32,0.5,2026083024,100000,1321,0.01321,1199951,1599666,0.7501259637949422,0.013939837037683136,True,explicit_BB84_particle_events,
biased_basis_imr_L32_f0.5,biased_basis_imr,32,0.5,2026083025,100000,1388,0.01388,1201255,1601808,0.7499369462507367,0.013939837037683136,True,explicit_BB84_particle_events,
biased_basis_imr_L32_f0.5,biased_basis_imr,32,0.5,2026083026,100000,1374,0.01374,1199554,1600203,0.7496261411833374,0.013939837037683136,True,explicit_BB84_particle_events,
biased_basis_imr_L32_f0.5,biased_basis_imr,32,0.5,2026083027,100000,1388,0.01388,1200347,1598842,0.7507602377220514,0.013939837037683136,True,explicit_BB84_particle_events,
biased_basis_imr_L32_f0.5,biased_basis_imr,32,0.5,2026083028,100000,1391,0.01391,1200516,1601041,0.749834638838106,0.013939837037683136,True,explicit_BB84_particle_events,
biased_basis_imr_L32_f0.5,biased_basis_imr,32,0.5,2026083029,100000,1376,0.01376,1199703,1598827,0.7503644859637721,0.013939837037683136,True,explicit_BB84_particle_events,
biased_basis_imr_L32_f0.5,biased_basis_imr,32,0.5,2026083030,100000,1356,0.01356,1201783,1602831,0.7497877193540678,0.013939837037683136,True,explicit_BB84_particle_events,
biased_basis_imr_L32_f0.75,biased_basis_imr,32,0.75,2026083001,100000,139,0.00139,1799148,2399780,0.7497137237580112,0.0013012113080773193,True,explicit_BB84_particle_events,
biased_basis_imr_L32_f0.75,biased_basis_imr,32,0.75,2026083002,100000,158,0.00158,1800214,2399317,0.7503026903072832,0.0013012113080773193,True,explicit_BB84_particle_events,
biased_basis_imr_L32_f0.75,biased_basis_imr,32,0.75,2026083003,100000,117,0.00117,1799918,2400547,0.7497949425693394,0.0013012113080773193,True,explicit_BB84_particle_events,
biased_basis_imr_L32_f0.75,biased_basis_imr,32,0.75,2026083004,100000,148,0.00148,1801874,2401048,0.7504531354641807,0.0013012113080773193,True,explicit_BB84_particle_events,
biased_basis_imr_L32_f0.75,biased_basis_imr,32,0.75,2026083005,100000,122,0.00122,1798353,2398804,0.7496873441931896,0.0013012113080773193,True,explicit_BB84_particle_events,
biased_basis_imr_L32_f0.75,biased_basis_imr,32,0.75,2026083006,100000,138,0.00138,1800261,2399361,0.7503085196433551,0.0013012113080773193,True,explicit_BB84_particle_events,
biased_basis_imr_L32_f0.75,biased_basis_imr,32,0.75,2026083007,100000,134,0.00134,1800352,2399792,0.7502116850127011,0.0013012113080773193,True,explicit_BB84_particle_events,
biased_basis_imr_L32_f0.75,biased_basis_imr,32,0.75,2026083008,100000,141,0.00141,1799539,2401248,0.7494182191926865,0.0013012113080773193,True,explicit_BB84_particle_events,
biased_basis_imr_L32_f0.75,biased_basis_imr,32,0.75,2026083009,100000,133,0.00133,1799651,2399794,0.7499189513766599,0.0013012113080773193,True,explicit_BB84_particle_events,
biased_basis_imr_L32_f0.75,biased_basis_imr,32,0.75,2026083010,100000,126,0.00126,1800288,2400450,0.7499793788664625,0.0013012113080773193,True,explicit_BB84_particle_events,
biased_basis_imr_L32_f0.75,biased_basis_imr,32,0.75,2026083011,100000,123,0.00123,1801558,2399906,0.7506785682439229,0.0013012113080773193,True,explicit_BB84_particle_events,
biased_basis_imr_L32_f0.75,biased_basis_imr,32,0.75,2026083012,100000,130,0.0013,1800143,2399808,0.7501195929007654,0.0013012113080773193,True,explicit_BB84_particle_events,
biased_basis_imr_L32_f0.75,biased_basis_imr,32,0.75,2026083013,100000,139,0.00139,1799596,2399664,0.7499366577987585,0.0013012113080773193,True,explicit_BB84_particle_events,
biased_basis_imr_L32_f0.75,biased_basis_imr,32,0.75,2026083014,100000,141,0.00141,1802611,2402106,0.7504294148551313,0.0013012113080773193,True,explicit_BB84_particle_events,
biased_basis_imr_L32_f0.75,biased_basis_imr,32,0.75,2026083015,100000,123,0.00123,1799649,2400236,0.7497800216312063,0.0013012113080773193,True,explicit_BB84_particle_events,
biased_basis_imr_L32_f0.75,biased_basis_imr,32,0.75,2026083016,100000,126,0.00126,1798326,2399314,0.7495167368672879,0.0013012113080773193,True,explicit_BB84_particle_events,
biased_basis_imr_L32_f0.75,biased_basis_imr,32,0.75,2026083017,100000,121,0.00121,1799670,2399799,0.749925306244398,0.0013012113080773193,True,explicit_BB84_particle_events,
biased_basis_imr_L32_f0.75,biased_basis_imr,32,0.75,2026083018,100000,128,0.00128,1798675,2399644,0.7495591012666879,0.0013012113080773193,True,explicit_BB84_particle_events,
biased_basis_imr_L32_f0.75,biased_basis_imr,32,0.75,2026083019,100000,131,0.00131,1799946,2400251,0.7498990730552763,0.0013012113080773193,True,explicit_BB84_particle_events,
biased_basis_imr_L32_f0.75,biased_basis_imr,32,0.75,2026083020,100000,113,0.00113,1798872,2398614,0.7499631036923824,0.0013012113080773193,True,explicit_BB84_particle_events,
biased_basis_imr_L32_f0.75,biased_basis_imr,32,0.75,2026083021,100000,119,0.00119,1799582,2400540,0.7496571604722271,0.0013012113080773193,True,explicit_BB84_particle_events,
biased_basis_imr_L32_f0.75,biased_basis_imr,32,0.75,2026083022,100000,137,0.00137,1801087,2400831,0.7501931622842257,0.0013012113080773193,True,explicit_BB84_particle_events,
biased_basis_imr_L32_f0.75,biased_basis_imr,32,0.75,2026083023,100000,145,0.00145,1800904,2399734,0.7504598426325585,0.0013012113080773193,True,explicit_BB84_particle_events,
biased_basis_imr_L32_f0.75,biased_basis_imr,32,0.75,2026083024,100000,105,0.00105,1799729,2399671,0.7499898944480305,0.0013012113080773193,True,explicit_BB84_particle_events,
biased_basis_imr_L32_f0.75,biased_basis_imr,32,0.75,2026083025,100000,129,0.00129,1801064,2400916,0.7501570234027346,0.0013012113080773193,True,explicit_BB84_particle_events,
biased_basis_imr_L32_f0.75,biased_basis_imr,32,0.75,2026083026,100000,130,0.0013,1798168,2399718,0.7493247123203644,0.0013012113080773193,True,explicit_BB84_particle_events,
biased_basis_imr_L32_f0.75,biased_basis_imr,32,0.75,2026083027,100000,118,0.00118,1801130,2399541,0.7506143883351024,0.0013012113080773193,True,explicit_BB84_particle_events,
biased_basis_imr_L32_f0.75,biased_basis_imr,32,0.75,2026083028,100000,129,0.00129,1799751,2400036,0.7498850017249741,0.0013012113080773193,True,explicit_BB84_particle_events,
biased_basis_imr_L32_f0.75,biased_basis_imr,32,0.75,2026083029,100000,112,0.00112,1799467,2399341,0.7499838497320722,0.0013012113080773193,True,explicit_BB84_particle_events,
biased_basis_imr_L32_f0.75,biased_basis_imr,32,0.75,2026083030,100000,122,0.00122,1801153,2401201,0.7501050515970966,0.0013012113080773193,True,explicit_BB84_particle_events,
biased_basis_imr_L32_f1,biased_basis_imr,32,1.0,2026083001,100000,5,5e-05,2399733,3200000,0.7499165625,0.00010045242572063329,True,explicit_BB84_particle_events,
biased_basis_imr_L32_f1,biased_basis_imr,32,1.0,2026083002,100000,11,0.00011,2400901,3200000,0.7502815625,0.00010045242572063329,True,explicit_BB84_particle_events,
biased_basis_imr_L32_f1,biased_basis_imr,32,1.0,2026083003,100000,10,0.0001,2400218,3200000,0.750068125,0.00010045242572063329,True,explicit_BB84_particle_events,
biased_basis_imr_L32_f1,biased_basis_imr,32,1.0,2026083004,100000,13,0.00013,2400448,3200000,0.75014,0.00010045242572063329,True,explicit_BB84_particle_events,
biased_basis_imr_L32_f1,biased_basis_imr,32,1.0,2026083005,100000,10,0.0001,2399272,3200000,0.7497725,0.00010045242572063329,True,explicit_BB84_particle_events,
biased_basis_imr_L32_f1,biased_basis_imr,32,1.0,2026083006,100000,15,0.00015,2401019,3200000,0.7503184375,0.00010045242572063329,True,explicit_BB84_particle_events,
biased_basis_imr_L32_f1,biased_basis_imr,32,1.0,2026083007,100000,9,9e-05,2401035,3200000,0.7503234375,0.00010045242572063329,True,explicit_BB84_particle_events,
biased_basis_imr_L32_f1,biased_basis_imr,32,1.0,2026083008,100000,15,0.00015,2398767,3200000,0.7496146875,0.00010045242572063329,True,explicit_BB84_particle_events,
biased_basis_imr_L32_f1,biased_basis_imr,32,1.0,2026083009,100000,8,8e-05,2400347,3200000,0.7501084375,0.00010045242572063329,True,explicit_BB84_particle_events,
biased_basis_imr_L32_f1,biased_basis_imr,32,1.0,2026083010,100000,14,0.00014,2399757,3200000,0.7499240625,0.00010045242572063329,True,explicit_BB84_particle_events,
biased_basis_imr_L32_f1,biased_basis_imr,32,1.0,2026083011,100000,14,0.00014,2401595,3200000,0.7504984375,0.00010045242572063329,True,explicit_BB84_particle_events,
biased_basis_imr_L32_f1,biased_basis_imr,32,1.0,2026083012,100000,12,0.00012,2400304,3200000,0.750095,0.00010045242572063329,True,explicit_BB84_particle_events,
biased_basis_imr_L32_f1,biased_basis_imr,32,1.0,2026083013,100000,9,9e-05,2399631,3200000,0.7498846875,0.00010045242572063329,True,explicit_BB84_particle_events,
biased_basis_imr_L32_f1,biased_basis_imr,32,1.0,2026083014,100000,11,0.00011,2401520,3200000,0.750475,0.00010045242572063329,True,explicit_BB84_particle_events,
biased_basis_imr_L32_f1,biased_basis_imr,32,1.0,2026083015,100000,15,0.00015,2399122,3200000,0.749725625,0.00010045242572063329,True,explicit_BB84_particle_events,
biased_basis_imr_L32_f1,biased_basis_imr,32,1.0,2026083016,100000,10,0.0001,2398486,3200000,0.749526875,0.00010045242572063329,True,explicit_BB84_particle_events,
biased_basis_imr_L32_f1,biased_basis_imr,32,1.0,2026083017,100000,7,7e-05,2399608,3200000,0.7498775,0.00010045242572063329,True,explicit_BB84_particle_events,
biased_basis_imr_L32_f1,biased_basis_imr,32,1.0,2026083018,100000,11,0.00011,2399966,3200000,0.749989375,0.00010045242572063329,True,explicit_BB84_particle_events,
biased_basis_imr_L32_f1,biased_basis_imr,32,1.0,2026083019,100000,12,0.00012,2399581,3200000,0.7498690625,0.00010045242572063329,True,explicit_BB84_particle_events,
biased_basis_imr_L32_f1,biased_basis_imr,32,1.0,2026083020,100000,9,9e-05,2399469,3200000,0.7498340625,0.00010045242572063329,True,explicit_BB84_particle_events,
biased_basis_imr_L32_f1,biased_basis_imr,32,1.0,2026083021,100000,8,8e-05,2399020,3200000,0.74969375,0.00010045242572063329,True,explicit_BB84_particle_events,
biased_basis_imr_L32_f1,biased_basis_imr,32,1.0,2026083022,100000,6,6e-05,2399777,3200000,0.7499303125,0.00010045242572063329,True,explicit_BB84_particle_events,
biased_basis_imr_L32_f1,biased_basis_imr,32,1.0,2026083023,100000,13,0.00013,2400905,3200000,0.7502828125,0.00010045242572063329,True,explicit_BB84_particle_events,
biased_basis_imr_L32_f1,biased_basis_imr,32,1.0,2026083024,100000,5,5e-05,2400229,3200000,0.7500715625,0.00010045242572063329,True,explicit_BB84_particle_events,
biased_basis_imr_L32_f1,biased_basis_imr,32,1.0,2026083025,100000,8,8e-05,2401279,3200000,0.7503996875,0.00010045242572063329,True,explicit_BB84_particle_events,
biased_basis_imr_L32_f1,biased_basis_imr,32,1.0,2026083026,100000,10,0.0001,2398068,3200000,0.74939625,0.00010045242572063329,True,explicit_BB84_particle_events,
biased_basis_imr_L32_f1,biased_basis_imr,32,1.0,2026083027,100000,12,0.00012,2400941,3200000,0.7502940625,0.00010045242572063329,True,explicit_BB84_particle_events,
biased_basis_imr_L32_f1,biased_basis_imr,32,1.0,2026083028,100000,13,0.00013,2399649,3200000,0.7498903125,0.00010045242572063329,True,explicit_BB84_particle_events,
biased_basis_imr_L32_f1,biased_basis_imr,32,1.0,2026083029,100000,7,7e-05,2400185,3200000,0.7500578125,0.00010045242572063329,True,explicit_BB84_particle_events,
biased_basis_imr_L32_f1,biased_basis_imr,32,1.0,2026083030,100000,9,9e-05,2400322,3200000,0.750100625,0.00010045242572063329,True,explicit_BB84_particle_events,
biased_basis_imr_L64_f0.1,biased_basis_imr,64,0.1,2026083001,100000,19775,0.19775,480246,640493,0.749806789457496,0.1978314821375438,True,explicit_BB84_particle_events,
biased_basis_imr_L64_f0.1,biased_basis_imr,64,0.1,2026083002,100000,19676,0.19676,479690,640049,0.7494582446031476,0.1978314821375438,True,explicit_BB84_particle_events,
biased_basis_imr_L64_f0.1,biased_basis_imr,64,0.1,2026083003,100000,19648,0.19648,480956,640805,0.7505496992064669,0.1978314821375438,True,explicit_BB84_particle_events,
biased_basis_imr_L64_f0.1,biased_basis_imr,64,0.1,2026083004,100000,20027,0.20027,480105,639578,0.7506590282967832,0.1978314821375438,True,explicit_BB84_particle_events,
biased_basis_imr_L64_f0.1,biased_basis_imr,64,0.1,2026083005,100000,19621,0.19621,480115,640662,0.7494045221973521,0.1978314821375438,True,explicit_BB84_particle_events,
biased_basis_imr_L64_f0.1,biased_basis_imr,64,0.1,2026083006,100000,19747,0.19747,480011,640027,0.7499855474847155,0.1978314821375438,True,explicit_BB84_particle_events,
biased_basis_imr_L64_f0.1,biased_basis_imr,64,0.1,2026083007,100000,19959,0.19959,480111,640041,0.7501253825926777,0.1978314821375438,True,explicit_BB84_particle_events,
biased_basis_imr_L64_f0.1,biased_basis_imr,64,0.1,2026083008,100000,19622,0.19622,480402,641077,0.7493670807094935,0.1978314821375438,True,explicit_BB84_particle_events,
biased_basis_imr_L64_f0.1,biased_basis_imr,64,0.1,2026083009,100000,19580,0.1958,479555,639426,0.7499773234119351,0.1978314821375438,True,explicit_BB84_particle_events,
biased_basis_imr_L64_f0.1,biased_basis_imr,64,0.1,2026083010,100000,19590,0.1959,480508,640618,0.7500694641736573,0.1978314821375438,True,explicit_BB84_particle_events,
biased_basis_imr_L64_f0.1,biased_basis_imr,64,0.1,2026083011,100000,19696,0.19696,480448,640653,0.749934832116606,0.1978314821375438,True,explicit_BB84_particle_events,
biased_basis_imr_L64_f0.1,biased_basis_imr,64,0.1,2026083012,100000,19740,0.1974,480442,640685,0.7498880104887737,0.1978314821375438,True,explicit_BB84_particle_events,
biased_basis_imr_L64_f0.1,biased_basis_imr,64,0.1,2026083013,100000,19659,0.19659,480267,640462,0.749875870855726,0.1978314821375438,True,explicit_BB84_particle_events,
biased_basis_imr_L64_f0.1,biased_basis_imr,64,0.1,2026083014,100000,19644,0.19644,480434,640767,0.7497795610572954,0.1978314821375438,True,explicit_BB84_particle_events,
biased_basis_imr_L64_f0.1,biased_basis_imr,64,0.1,2026083015,100000,19628,0.19628,479842,640391,0.749295352370661,0.1978314821375438,True,explicit_BB84_particle_events,
biased_basis_imr_L64_f0.1,biased_basis_imr,64,0.1,2026083016,100000,19743,0.19743,479551,639029,0.7504369911224686,0.1978314821375438,True,explicit_BB84_particle_events,
biased_basis_imr_L64_f0.1,biased_basis_imr,64,0.1,2026083017,100000,19686,0.19686,480529,640459,0.7502884649915139,0.1978314821375438,True,explicit_BB84_particle_events,
biased_basis_imr_L64_f0.1,biased_basis_imr,64,0.1,2026083018,100000,19620,0.1962,479265,639567,0.7493585503942511,0.1978314821375438,True,explicit_BB84_particle_events,
biased_basis_imr_L64_f0.1,biased_basis_imr,64,0.1,2026083019,100000,19796,0.19796,479739,639308,0.7504035613507104,0.1978314821375438,True,explicit_BB84_particle_events,
biased_basis_imr_L64_f0.1,biased_basis_imr,64,0.1,2026083020,100000,19855,0.19855,479927,639402,0.7505872674780498,0.1978314821375438,True,explicit_BB84_particle_events,
biased_basis_imr_L64_f0.1,biased_basis_imr,64,0.1,2026083021,100000,19782,0.19782,479369,639284,0.7498529604995589,0.1978314821375438,True,explicit_BB84_particle_events,
biased_basis_imr_L64_f0.1,biased_basis_imr,64,0.1,2026083022,100000,19815,0.19815,480430,640110,0.7505428754432831,0.1978314821375438,True,explicit_BB84_particle_events,
biased_basis_imr_L64_f0.1,biased_basis_imr,64,0.1,2026083023,100000,19641,0.19641,480118,641133,0.7488586611514304,0.1978314821375438,True,explicit_BB84_particle_events,
biased_basis_imr_L64_f0.1,biased_basis_imr,64,0.1,2026083024,100000,19921,0.19921,480675,639912,0.7511579717211117,0.1978314821375438,True,explicit_BB84_particle_events,
biased_basis_imr_L64_f0.1,biased_basis_imr,64,0.1,2026083025,100000,19883,0.19883,480739,640089,0.7510502445753637,0.1978314821375438,True,explicit_BB84_particle_events,
biased_basis_imr_L64_f0.1,biased_basis_imr,64,0.1,2026083026,100000,19746,0.19746,479677,639232,0.750395787444934,0.1978314821375438,True,explicit_BB84_particle_events,
biased_basis_imr_L64_f0.1,biased_basis_imr,64,0.1,2026083027,100000,19719,0.19719,479599,639521,0.7499347167645785,0.1978314821375438,True,explicit_BB84_particle_events,
biased_basis_imr_L64_f0.1,biased_basis_imr,64,0.1,2026083028,100000,19857,0.19857,479481,639122,0.7502182681866686,0.1978314821375438,True,explicit_BB84_particle_events,
biased_basis_imr_L64_f0.1,biased_basis_imr,64,0.1,2026083029,100000,19788,0.19788,479993,639665,0.7503818404946339,0.1978314821375438,True,explicit_BB84_particle_events,
biased_basis_imr_L64_f0.1,biased_basis_imr,64,0.1,2026083030,100000,19770,0.1977,478694,639121,0.7489880632931792,0.1978314821375438,True,explicit_BB84_particle_events,
biased_basis_imr_L64_f0.25,biased_basis_imr,64,0.25,2026083001,100000,1593,0.01593,1199920,1600058,0.7499228152979455,0.01607539635095263,True,explicit_BB84_particle_events,
biased_basis_imr_L64_f0.25,biased_basis_imr,64,0.25,2026083002,100000,1603,0.01603,1198954,1599492,0.7495842429971517,0.01607539635095263,True,explicit_BB84_particle_events,
biased_basis_imr_L64_f0.25,biased_basis_imr,64,0.25,2026083003,100000,1613,0.01613,1200889,1600502,0.7503202120334745,0.01607539635095263,True,explicit_BB84_particle_events,
biased_basis_imr_L64_f0.25,biased_basis_imr,64,0.25,2026083004,100000,1632,0.01632,1199946,1599578,0.7501641057829003,0.01607539635095263,True,explicit_BB84_particle_events,
biased_basis_imr_L64_f0.25,biased_basis_imr,64,0.25,2026083005,100000,1619,0.01619,1199443,1599926,0.7496865480028452,0.01607539635095263,True,explicit_BB84_particle_events,
biased_basis_imr_L64_f0.25,biased_basis_imr,64,0.25,2026083006,100000,1598,0.01598,1200847,1600522,0.7502845946509951,0.01607539635095263,True,explicit_BB84_particle_events,
biased_basis_imr_L64_f0.25,biased_basis_imr,64,0.25,2026083007,100000,1638,0.01638,1199238,1599829,0.7496038639129557,0.01607539635095263,True,explicit_BB84_particle_events,
biased_basis_imr_L64_f0.25,biased_basis_imr,64,0.25,2026083008,100000,1609,0.01609,1199349,1599980,0.7496024950311879,0.01607539635095263,True,explicit_BB84_particle_events,
biased_basis_imr_L64_f0.25,biased_basis_imr,64,0.25,2026083009,100000,1611,0.01611,1200041,1600419,0.749829263461631,0.01607539635095263,True,explicit_BB84_particle_events,
biased_basis_imr_L64_f0.25,biased_basis_imr,64,0.25,2026083010,100000,1557,0.01557,1201092,1600796,0.7503092211624717,0.01607539635095263,True,explicit_BB84_particle_events,
biased_basis_imr_L64_f0.25,biased_basis_imr,64,0.25,2026083011,100000,1656,0.01656,1201732,1602066,0.7501139154067311,0.01607539635095263,True,explicit_BB84_particle_events,
biased_basis_imr_L64_f0.25,biased_basis_imr,64,0.25,2026083012,100000,1680,0.0168,1200975,1599674,0.7507623428273511,0.01607539635095263,True,explicit_BB84_particle_events,
biased_basis_imr_L64_f0.25,biased_basis_imr,64,0.25,2026083013,100000,1526,0.01526,1201116,1601591,0.7499517667119758,0.01607539635095263,True,explicit_BB84_particle_events,
biased_basis_imr_L64_f0.25,biased_basis_imr,64,0.25,2026083014,100000,1597,0.01597,1200265,1600762,0.7498085286882122,0.01607539635095263,True,explicit_BB84_particle_events,
biased_basis_imr_L64_f0.25,biased_basis_imr,64,0.25,2026083015,100000,1591,0.01591,1200258,1601014,0.7496861364110495,0.01607539635095263,True,explicit_BB84_particle_events,
biased_basis_imr_L64_f0.25,biased_basis_imr,64,0.25,2026083016,100000,1644,0.01644,1200302,1599412,0.7504645457205523,0.01607539635095263,True,explicit_BB84_particle_events,
biased_basis_imr_L64_f0.25,biased_basis_imr,64,0.25,2026083017,100000,1556,0.01556,1201238,1601578,0.750034028938959,0.01607539635095263,True,explicit_BB84_particle_events,
biased_basis_imr_L64_f0.25,biased_basis_imr,64,0.25,2026083018,100000,1547,0.01547,1198629,1598723,0.7497415124446198,0.01607539635095263,True,explicit_BB84_particle_events,
biased_basis_imr_L64_f0.25,biased_basis_imr,64,0.25,2026083019,100000,1641,0.01641,1199764,1599314,0.7501741371613079,0.01607539635095263,True,explicit_BB84_particle_events,
biased_basis_imr_L64_f0.25,biased_basis_imr,64,0.25,2026083020,100000,1662,0.01662,1198403,1598804,0.7495621727241113,0.01607539635095263,True,explicit_BB84_particle_events,
biased_basis_imr_L64_f0.25,biased_basis_imr,64,0.25,2026083021,100000,1541,0.01541,1200200,1600285,0.7499914077804891,0.01607539635095263,True,explicit_BB84_particle_events,
biased_basis_imr_L64_f0.25,biased_basis_imr,64,0.25,2026083022,100000,1700,0.017,1199145,1599296,0.7497955350354156,0.01607539635095263,True,explicit_BB84_particle_events,
biased_basis_imr_L64_f0.25,biased_basis_imr,64,0.25,2026083023,100000,1605,0.01605,1199392,1600111,0.7495679987200888,0.01607539635095263,True,explicit_BB84_particle_events,
biased_basis_imr_L64_f0.25,biased_basis_imr,64,0.25,2026083024,100000,1590,0.0159,1199782,1599242,0.7502191663300488,0.01607539635095263,True,explicit_BB84_particle_events,
biased_basis_imr_L64_f0.25,biased_basis_imr,64,0.25,2026083025,100000,1565,0.01565,1201323,1600974,0.7503700872094112,0.01607539635095263,True,explicit_BB84_particle_events,
biased_basis_imr_L64_f0.25,biased_basis_imr,64,0.25,2026083026,100000,1635,0.01635,1199654,1598602,0.75043944646635,0.01607539635095263,True,explicit_BB84_particle_events,
biased_basis_imr_L64_f0.25,biased_basis_imr,64,0.25,2026083027,100000,1581,0.01581,1199248,1598968,0.7500137588744741,0.01607539635095263,True,explicit_BB84_particle_events,
biased_basis_imr_L64_f0.25,biased_basis_imr,64,0.25,2026083028,100000,1578,0.01578,1200518,1600452,0.7501118434042383,0.01607539635095263,True,explicit_BB84_particle_events,
biased_basis_imr_L64_f0.25,biased_basis_imr,64,0.25,2026083029,100000,1598,0.01598,1200124,1599295,0.7504081485904727,0.01607539635095263,True,explicit_BB84_particle_events,
biased_basis_imr_L64_f0.25,biased_basis_imr,64,0.25,2026083030,100000,1608,0.01608,1200306,1600448,0.7499812552485304,0.01607539635095263,True,explicit_BB84_particle_events,
biased_basis_imr_L64_f0.5,biased_basis_imr,64,0.5,2026083001,100000,23,0.00023,2398914,3199448,0.7497899637687501,0.00019431905663716255,True,explicit_BB84_particle_events,
biased_basis_imr_L64_f0.5,biased_basis_imr,64,0.5,2026083002,100000,20,0.0002,2399671,3200653,0.7497441928256515,0.00019431905663716255,True,explicit_BB84_particle_events,
biased_basis_imr_L64_f0.5,biased_basis_imr,64,0.5,2026083003,100000,24,0.00024,2402799,3203395,0.7500789006663243,0.00019431905663716255,True,explicit_BB84_particle_events,
biased_basis_imr_L64_f0.5,biased_basis_imr,64,0.5,2026083004,100000,15,0.00015,2398823,3199387,0.7497758164298348,0.00019431905663716255,True,explicit_BB84_particle_events,
biased_basis_imr_L64_f0.5,biased_basis_imr,64,0.5,2026083005,100000,19,0.00019,2399270,3200566,0.7496392825518986,0.00019431905663716255,True,explicit_BB84_particle_events,
biased_basis_imr_L64_f0.5,biased_basis_imr,64,0.5,2026083006,100000,19,0.00019,2402445,3201957,0.7503052039736948,0.00019431905663716255,True,explicit_BB84_particle_events,
biased_basis_imr_L64_f0.5,biased_basis_imr,64,0.5,2026083007,100000,16,0.00016,2399078,3199797,0.7497594378643395,0.00019431905663716255,True,explicit_BB84_particle_events,
biased_basis_imr_L64_f0.5,biased_basis_imr,64,0.5,2026083008,100000,18,0.00018,2398388,3199104,0.7497061677269635,0.00019431905663716255,True,explicit_BB84_particle_events,
biased_basis_imr_L64_f0.5,biased_basis_imr,64,0.5,2026083009,100000,14,0.00014,2399715,3199357,0.7500616530134023,0.00019431905663716255,True,explicit_BB84_particle_events,
biased_basis_imr_L64_f0.5,biased_basis_imr,64,0.5,2026083010,100000,15,0.00015,2401678,3200958,0.7502997540111429,0.00019431905663716255,True,explicit_BB84_particle_events,
biased_basis_imr_L64_f0.5,biased_basis_imr,64,0.5,2026083011,100000,15,0.00015,2400603,3201405,0.749859202443927,0.00019431905663716255,True,explicit_BB84_particle_events,
biased_basis_imr_L64_f0.5,biased_basis_imr,64,0.5,2026083012,100000,15,0.00015,2401464,3200083,0.7504380355134539,0.00019431905663716255,True,explicit_BB84_particle_events,
biased_basis_imr_L64_f0.5,biased_basis_imr,64,0.5,2026083013,100000,21,0.00021,2400577,3200628,0.7500331185004943,0.00019431905663716255,True,explicit_BB84_particle_events,
biased_basis_imr_L64_f0.5,biased_basis_imr,64,0.5,2026083014,100000,13,0.00013,2400432,3200171,0.7500949168028833,0.00019431905663716255,True,explicit_BB84_particle_events,
biased_basis_imr_L64_f0.5,biased_basis_imr,64,0.5,2026083015,100000,22,0.00022,2399335,3199731,0.7498552222046165,0.00019431905663716255,True,explicit_BB84_particle_events,
biased_basis_imr_L64_f0.5,biased_basis_imr,64,0.5,2026083016,100000,23,0.00023,2399359,3198570,0.7501349040352407,0.00019431905663716255,True,explicit_BB84_particle_events,
biased_basis_imr_L64_f0.5,biased_basis_imr,64,0.5,2026083017,100000,13,0.00013,2401877,3200606,0.7504444470828336,0.00019431905663716255,True,explicit_BB84_particle_events,
biased_basis_imr_L64_f0.5,biased_basis_imr,64,0.5,2026083018,100000,30,0.0003,2397593,3198453,0.7496102021821174,0.00019431905663716255,True,explicit_BB84_particle_events,
biased_basis_imr_L64_f0.5,biased_basis_imr,64,0.5,2026083019,100000,30,0.0003,2397727,3198168,0.7497189015711495,0.00019431905663716255,True,explicit_BB84_particle_events,
biased_basis_imr_L64_f0.5,biased_basis_imr,64,0.5,2026083020,100000,13,0.00013,2399037,3199291,0.7498652045093741,0.00019431905663716255,True,explicit_BB84_particle_events,
biased_basis_imr_L64_f0.5,biased_basis_imr,64,0.5,2026083021,100000,20,0.0002,2400178,3200788,0.7498709692738164,0.00019431905663716255,True,explicit_BB84_particle_events,
biased_basis_imr_L64_f0.5,biased_basis_imr,64,0.5,2026083022,100000,24,0.00024,2400374,3200851,0.7499174438297815,0.00019431905663716255,True,explicit_BB84_particle_events,
biased_basis_imr_L64_f0.5,biased_basis_imr,64,0.5,2026083023,100000,26,0.00026,2398552,3199839,0.7495852135060546,0.00019431905663716255,True,explicit_BB84_particle_events,
biased_basis_imr_L64_f0.5,biased_basis_imr,64,0.5,2026083024,100000,17,0.00017,2400489,3200411,0.7500564771212197,0.00019431905663716255,True,explicit_BB84_particle_events,
biased_basis_imr_L64_f0.5,biased_basis_imr,64,0.5,2026083025,100000,21,0.00021,2400745,3200037,0.750224138033404,0.00019431905663716255,True,explicit_BB84_particle_events,
biased_basis_imr_L64_f0.5,biased_basis_imr,64,0.5,2026083026,100000,21,0.00021,2400671,3200300,0.7501393619348186,0.00019431905663716255,True,explicit_BB84_particle_events,
biased_basis_imr_L64_f0.5,biased_basis_imr,64,0.5,2026083027,100000,22,0.00022,2400439,3199131,0.7503409519647679,0.00019431905663716255,True,explicit_BB84_particle_events,
biased_basis_imr_L64_f0.5,biased_basis_imr,64,0.5,2026083028,100000,16,0.00016,2401209,3201538,0.7500173354181646,0.00019431905663716255,True,explicit_BB84_particle_events,
biased_basis_imr_L64_f0.5,biased_basis_imr,64,0.5,2026083029,100000,18,0.00018,2399737,3199187,0.7501083869120498,0.00019431905663716255,True,explicit_BB84_particle_events,
biased_basis_imr_L64_f0.5,biased_basis_imr,64,0.5,2026083030,100000,14,0.00014,2400005,3199707,0.7500702408064238,0.00019431905663716255,True,explicit_BB84_particle_events,
biased_basis_imr_L64_f0.75,biased_basis_imr,64,0.75,,0,,,,,,1.6931508682682886e-06,False,analytic_rare_event_only,9.985769259257538e-07
biased_basis_imr_L64_f1,biased_basis_imr,64,1.0,,0,,,,,,1.0090689833159348e-08,False,analytic_rare_event_only,9.985769259257538e-07
