branch_id,branch_index,initial_state,alice_message,bob_message,bell_branch_12,bell_branch_34,bell_branch_56,M_B,tilde_M_B,M_A,tilde_M_A,K_A_otp_hex,K_B_otp_hex,C_A_hex,C_B_hex,ciphertext_A_formula,ciphertext_B_formula,ciphertext_formulas_valid,message_relations_valid,decoded_intermediates,passed_classical_quantum_input,Out_A,Out_B,executor_recovered_by_alice,executor_recovered_by_bob,gamma_A_valid,gamma_B_valid,terminal_state,logical_erasure,branch_success
phi1-A00-B00-00_00_01,0,phi1,00,00,00,00,01,00,00,01,01,88,a6,89,a6,C_A=tilde_M_A XOR K_A_otp,C_B=tilde_M_B XOR K_B_otp,True,True,"{""M_A"": ""01"", ""M_B"": ""00"", ""alice_base34"": ""00"", ""alice_base56"": ""01"", ""bob_base34"": ""00"", ""bob_base56"": ""01"", ""label12"": ""00"", ""tilde_M_A"": ""01"", ""tilde_M_B"": ""00""}","{""bell_labels"": [""00"", ""00"", ""01""], ""cluster_type"": ""phi1"", ""decoded_for_alice"": ""00"", ""decoded_for_bob"": ""00"", ""decoded_intermediates"": {""M_A"": ""01"", ""M_B"": ""00"", ""alice_base34"": ""00"", ""alice_base56"": ""01"", ""bob_base34"": ""00"", ""bob_base56"": ""01"", ""label12"": ""00"", ""tilde_M_A"": ""01"", ""tilde_M_B"": ""00""}, ""source"": ""qiskit_statevector_nonzero_bell_support""}",00,00,00,00,True,True,COMPLETED,True,True
phi1-A00-B00-00_01_10,1,phi1,00,00,00,01,10,01,01,10,10,27,09,25,08,C_A=tilde_M_A XOR K_A_otp,C_B=tilde_M_B XOR K_B_otp,True,True,"{""M_A"": ""10"", ""M_B"": ""01"", ""alice_base34"": ""01"", ""alice_base56"": ""10"", ""bob_base34"": ""01"", ""bob_base56"": ""10"", ""label12"": ""00"", ""tilde_M_A"": ""10"", ""tilde_M_B"": ""01""}","{""bell_labels"": [""00"", ""01"", ""10""], ""cluster_type"": ""phi1"", ""decoded_for_alice"": ""00"", ""decoded_for_bob"": ""00"", ""decoded_intermediates"": {""M_A"": ""10"", ""M_B"": ""01"", ""alice_base34"": ""01"", ""alice_base56"": ""10"", ""bob_base34"": ""01"", ""bob_base56"": ""10"", ""label12"": ""00"", ""tilde_M_A"": ""10"", ""tilde_M_B"": ""01""}, ""source"": ""qiskit_statevector_nonzero_bell_support""}",00,00,00,00,True,True,COMPLETED,True,True
phi1-A00-B00-11_10_01,2,phi1,00,00,11,10,01,10,10,01,01,22,5e,23,5c,C_A=tilde_M_A XOR K_A_otp,C_B=tilde_M_B XOR K_B_otp,True,True,"{""M_A"": ""01"", ""M_B"": ""10"", ""alice_base34"": ""10"", ""alice_base56"": ""01"", ""bob_base34"": ""10"", ""bob_base56"": ""01"", ""label12"": ""11"", ""tilde_M_A"": ""01"", ""tilde_M_B"": ""10""}","{""bell_labels"": [""11"", ""10"", ""01""], ""cluster_type"": ""phi1"", ""decoded_for_alice"": ""00"", ""decoded_for_bob"": ""00"", ""decoded_intermediates"": {""M_A"": ""01"", ""M_B"": ""10"", ""alice_base34"": ""10"", ""alice_base56"": ""01"", ""bob_base34"": ""10"", ""bob_base56"": ""01"", ""label12"": ""11"", ""tilde_M_A"": ""01"", ""tilde_M_B"": ""10""}, ""source"": ""qiskit_statevector_nonzero_bell_support""}",00,00,00,00,True,True,COMPLETED,True,True
phi1-A00-B00-11_11_10,3,phi1,00,00,11,11,10,11,11,10,10,46,ab,44,a8,C_A=tilde_M_A XOR K_A_otp,C_B=tilde_M_B XOR K_B_otp,True,True,"{""M_A"": ""10"", ""M_B"": ""11"", ""alice_base34"": ""11"", ""alice_base56"": ""10"", ""bob_base34"": ""11"", ""bob_base56"": ""10"", ""label12"": ""11"", ""tilde_M_A"": ""10"", ""tilde_M_B"": ""11""}","{""bell_labels"": [""11"", ""11"", ""10""], ""cluster_type"": ""phi1"", ""decoded_for_alice"": ""00"", ""decoded_for_bob"": ""00"", ""decoded_intermediates"": {""M_A"": ""10"", ""M_B"": ""11"", ""alice_base34"": ""11"", ""alice_base56"": ""10"", ""bob_base34"": ""11"", ""bob_base56"": ""10"", ""label12"": ""11"", ""tilde_M_A"": ""10"", ""tilde_M_B"": ""11""}, ""source"": ""qiskit_statevector_nonzero_bell_support""}",00,00,00,00,True,True,COMPLETED,True,True
phi1-A00-B01-00_00_10,4,phi1,00,01,00,00,10,01,00,10,10,a5,76,a7,76,C_A=tilde_M_A XOR K_A_otp,C_B=tilde_M_B XOR K_B_otp,True,True,"{""M_A"": ""10"", ""M_B"": ""01"", ""alice_base34"": ""01"", ""alice_base56"": ""10"", ""bob_base34"": ""01"", ""bob_base56"": ""10"", ""label12"": ""00"", ""tilde_M_A"": ""10"", ""tilde_M_B"": ""00""}","{""bell_labels"": [""00"", ""00"", ""10""], ""cluster_type"": ""phi1"", ""decoded_for_alice"": ""01"", ""decoded_for_bob"": ""00"", ""decoded_intermediates"": {""M_A"": ""10"", ""M_B"": ""01"", ""alice_base34"": ""01"", ""alice_base56"": ""10"", ""bob_base34"": ""01"", ""bob_base56"": ""10"", ""label12"": ""00"", ""tilde_M_A"": ""10"", ""tilde_M_B"": ""00""}, ""source"": ""qiskit_statevector_nonzero_bell_support""}",01,00,01,00,True,True,COMPLETED,True,True
phi1-A00-B01-00_01_01,5,phi1,00,01,00,01,01,00,01,01,01,12,ed,13,ec,C_A=tilde_M_A XOR K_A_otp,C_B=tilde_M_B XOR K_B_otp,True,True,"{""M_A"": ""01"", ""M_B"": ""00"", ""alice_base34"": ""00"", ""alice_base56"": ""01"", ""bob_base34"": ""00"", ""bob_base56"": ""01"", ""label12"": ""00"", ""tilde_M_A"": ""01"", ""tilde_M_B"": ""01""}","{""bell_labels"": [""00"", ""01"", ""01""], ""cluster_type"": ""phi1"", ""decoded_for_alice"": ""01"", ""decoded_for_bob"": ""00"", ""decoded_intermediates"": {""M_A"": ""01"", ""M_B"": ""00"", ""alice_base34"": ""00"", ""alice_base56"": ""01"", ""bob_base34"": ""00"", ""bob_base56"": ""01"", ""label12"": ""00"", ""tilde_M_A"": ""01"", ""tilde_M_B"": ""01""}, ""source"": ""qiskit_statevector_nonzero_bell_support""}",01,00,01,00,True,True,COMPLETED,True,True
phi1-A00-B01-11_10_10,6,phi1,00,01,11,10,10,11,10,10,10,1f,72,1d,70,C_A=tilde_M_A XOR K_A_otp,C_B=tilde_M_B XOR K_B_otp,True,True,"{""M_A"": ""10"", ""M_B"": ""11"", ""alice_base34"": ""11"", ""alice_base56"": ""10"", ""bob_base34"": ""11"", ""bob_base56"": ""10"", ""label12"": ""11"", ""tilde_M_A"": ""10"", ""tilde_M_B"": ""10""}","{""bell_labels"": [""11"", ""10"", ""10""], ""cluster_type"": ""phi1"", ""decoded_for_alice"": ""01"", ""decoded_for_bob"": ""00"", ""decoded_intermediates"": {""M_A"": ""10"", ""M_B"": ""11"", ""alice_base34"": ""11"", ""alice_base56"": ""10"", ""bob_base34"": ""11"", ""bob_base56"": ""10"", ""label12"": ""11"", ""tilde_M_A"": ""10"", ""tilde_M_B"": ""10""}, ""source"": ""qiskit_statevector_nonzero_bell_support""}",01,00,01,00,True,True,COMPLETED,True,True
phi1-A00-B01-11_11_01,7,phi1,00,01,11,11,01,10,11,01,01,79,d9,78,da,C_A=tilde_M_A XOR K_A_otp,C_B=tilde_M_B XOR K_B_otp,True,True,"{""M_A"": ""01"", ""M_B"": ""10"", ""alice_base34"": ""10"", ""alice_base56"": ""01"", ""bob_base34"": ""10"", ""bob_base56"": ""01"", ""label12"": ""11"", ""tilde_M_A"": ""01"", ""tilde_M_B"": ""11""}","{""bell_labels"": [""11"", ""11"", ""01""], ""cluster_type"": ""phi1"", ""decoded_for_alice"": ""01"", ""decoded_for_bob"": ""00"", ""decoded_intermediates"": {""M_A"": ""01"", ""M_B"": ""10"", ""alice_base34"": ""10"", ""alice_base56"": ""01"", ""bob_base34"": ""10"", ""bob_base56"": ""01"", ""label12"": ""11"", ""tilde_M_A"": ""01"", ""tilde_M_B"": ""11""}, ""source"": ""qiskit_statevector_nonzero_bell_support""}",01,00,01,00,True,True,COMPLETED,True,True
phi1-A00-B10-00_10_01,8,phi1,00,10,00,10,01,00,10,01,01,e4,32,e5,30,C_A=tilde_M_A XOR K_A_otp,C_B=tilde_M_B XOR K_B_otp,True,True,"{""M_A"": ""01"", ""M_B"": ""00"", ""alice_base34"": ""00"", ""alice_base56"": ""01"", ""bob_base34"": ""00"", ""bob_base56"": ""01"", ""label12"": ""00"", ""tilde_M_A"": ""01"", ""tilde_M_B"": ""10""}","{""bell_labels"": [""00"", ""10"", ""01""], ""cluster_type"": ""phi1"", ""decoded_for_alice"": ""10"", ""decoded_for_bob"": ""00"", ""decoded_intermediates"": {""M_A"": ""01"", ""M_B"": ""00"", ""alice_base34"": ""00"", ""alice_base56"": ""01"", ""bob_base34"": ""00"", ""bob_base56"": ""01"", ""label12"": ""00"", ""tilde_M_A"": ""01"", ""tilde_M_B"": ""10""}, ""source"": ""qiskit_statevector_nonzero_bell_support""}",10,00,10,00,True,True,COMPLETED,True,True
phi1-A00-B10-00_11_10,9,phi1,00,10,00,11,10,01,11,10,10,06,1e,04,1d,C_A=tilde_M_A XOR K_A_otp,C_B=tilde_M_B XOR K_B_otp,True,True,"{""M_A"": ""10"", ""M_B"": ""01"", ""alice_base34"": ""01"", ""alice_base56"": ""10"", ""bob_base34"": ""01"", ""bob_base56"": ""10"", ""label12"": ""00"", ""tilde_M_A"": ""10"", ""tilde_M_B"": ""11""}","{""bell_labels"": [""00"", ""11"", ""10""], ""cluster_type"": ""phi1"", ""decoded_for_alice"": ""10"", ""decoded_for_bob"": ""00"", ""decoded_intermediates"": {""M_A"": ""10"", ""M_B"": ""01"", ""alice_base34"": ""01"", ""alice_base56"": ""10"", ""bob_base34"": ""01"", ""bob_base56"": ""10"", ""label12"": ""00"", ""tilde_M_A"": ""10"", ""tilde_M_B"": ""11""}, ""source"": ""qiskit_statevector_nonzero_bell_support""}",10,00,10,00,True,True,COMPLETED,True,True
phi1-A00-B10-11_00_01,10,phi1,00,10,11,00,01,10,00,01,01,b9,7b,b8,7b,C_A=tilde_M_A XOR K_A_otp,C_B=tilde_M_B XOR K_B_otp,True,True,"{""M_A"": ""01"", ""M_B"": ""10"", ""alice_base34"": ""10"", ""alice_base56"": ""01"", ""bob_base34"": ""10"", ""bob_base56"": ""01"", ""label12"": ""11"", ""tilde_M_A"": ""01"", ""tilde_M_B"": ""00""}","{""bell_labels"": [""11"", ""00"", ""01""], ""cluster_type"": ""phi1"", ""decoded_for_alice"": ""10"", ""decoded_for_bob"": ""00"", ""decoded_intermediates"": {""M_A"": ""01"", ""M_B"": ""10"", ""alice_base34"": ""10"", ""alice_base56"": ""01"", ""bob_base34"": ""10"", ""bob_base56"": ""01"", ""label12"": ""11"", ""tilde_M_A"": ""01"", ""tilde_M_B"": ""00""}, ""source"": ""qiskit_statevector_nonzero_bell_support""}",10,00,10,00,True,True,COMPLETED,True,True
phi1-A00-B10-11_01_10,11,phi1,00,10,11,01,10,11,01,10,10,9d,1c,9f,1d,C_A=tilde_M_A XOR K_A_otp,C_B=tilde_M_B XOR K_B_otp,True,True,"{""M_A"": ""10"", ""M_B"": ""11"", ""alice_base34"": ""11"", ""alice_base56"": ""10"", ""bob_base34"": ""11"", ""bob_base56"": ""10"", ""label12"": ""11"", ""tilde_M_A"": ""10"", ""tilde_M_B"": ""01""}","{""bell_labels"": [""11"", ""01"", ""10""], ""cluster_type"": ""phi1"", ""decoded_for_alice"": ""10"", ""decoded_for_bob"": ""00"", ""decoded_intermediates"": {""M_A"": ""10"", ""M_B"": ""11"", ""alice_base34"": ""11"", ""alice_base56"": ""10"", ""bob_base34"": ""11"", ""bob_base56"": ""10"", ""label12"": ""11"", ""tilde_M_A"": ""10"", ""tilde_M_B"": ""01""}, ""source"": ""qiskit_statevector_nonzero_bell_support""}",10,00,10,00,True,True,COMPLETED,True,True
phi1-A00-B11-00_10_10,12,phi1,00,11,00,10,10,01,10,10,10,3b,97,39,95,C_A=tilde_M_A XOR K_A_otp,C_B=tilde_M_B XOR K_B_otp,True,True,"{""M_A"": ""10"", ""M_B"": ""01"", ""alice_base34"": ""01"", ""alice_base56"": ""10"", ""bob_base34"": ""01"", ""bob_base56"": ""10"", ""label12"": ""00"", ""tilde_M_A"": ""10"", ""tilde_M_B"": ""10""}","{""bell_labels"": [""00"", ""10"", ""10""], ""cluster_type"": ""phi1"", ""decoded_for_alice"": ""11"", ""decoded_for_bob"": ""00"", ""decoded_intermediates"": {""M_A"": ""10"", ""M_B"": ""01"", ""alice_base34"": ""01"", ""alice_base56"": ""10"", ""bob_base34"": ""01"", ""bob_base56"": ""10"", ""label12"": ""00"", ""tilde_M_A"": ""10"", ""tilde_M_B"": ""10""}, ""source"": ""qiskit_statevector_nonzero_bell_support""}",11,00,11,00,True,True,COMPLETED,True,True
phi1-A00-B11-00_11_01,13,phi1,00,11,00,11,01,00,11,01,01,a0,8a,a1,89,C_A=tilde_M_A XOR K_A_otp,C_B=tilde_M_B XOR K_B_otp,True,True,"{""M_A"": ""01"", ""M_B"": ""00"", ""alice_base34"": ""00"", ""alice_base56"": ""01"", ""bob_base34"": ""00"", ""bob_base56"": ""01"", ""label12"": ""00"", ""tilde_M_A"": ""01"", ""tilde_M_B"": ""11""}","{""bell_labels"": [""00"", ""11"", ""01""], ""cluster_type"": ""phi1"", ""decoded_for_alice"": ""11"", ""decoded_for_bob"": ""00"", ""decoded_intermediates"": {""M_A"": ""01"", ""M_B"": ""00"", ""alice_base34"": ""00"", ""alice_base56"": ""01"", ""bob_base34"": ""00"", ""bob_base56"": ""01"", ""label12"": ""00"", ""tilde_M_A"": ""01"", ""tilde_M_B"": ""11""}, ""source"": ""qiskit_statevector_nonzero_bell_support""}",11,00,11,00,True,True,COMPLETED,True,True
phi1-A00-B11-11_00_10,14,phi1,00,11,11,00,10,11,00,10,10,31,13,33,13,C_A=tilde_M_A XOR K_A_otp,C_B=tilde_M_B XOR K_B_otp,True,True,"{""M_A"": ""10"", ""M_B"": ""11"", ""alice_base34"": ""11"", ""alice_base56"": ""10"", ""bob_base34"": ""11"", ""bob_base56"": ""10"", ""label12"": ""11"", ""tilde_M_A"": ""10"", ""tilde_M_B"": ""00""}","{""bell_labels"": [""11"", ""00"", ""10""], ""cluster_type"": ""phi1"", ""decoded_for_alice"": ""11"", ""decoded_for_bob"": ""00"", ""decoded_intermediates"": {""M_A"": ""10"", ""M_B"": ""11"", ""alice_base34"": ""11"", ""alice_base56"": ""10"", ""bob_base34"": ""11"", ""bob_base56"": ""10"", ""label12"": ""11"", ""tilde_M_A"": ""10"", ""tilde_M_B"": ""00""}, ""source"": ""qiskit_statevector_nonzero_bell_support""}",11,00,11,00,True,True,COMPLETED,True,True
phi1-A00-B11-11_01_01,15,phi1,00,11,11,01,01,10,01,01,01,a3,bf,a2,be,C_A=tilde_M_A XOR K_A_otp,C_B=tilde_M_B XOR K_B_otp,True,True,"{""M_A"": ""01"", ""M_B"": ""10"", ""alice_base34"": ""10"", ""alice_base56"": ""01"", ""bob_base34"": ""10"", ""bob_base56"": ""01"", ""label12"": ""11"", ""tilde_M_A"": ""01"", ""tilde_M_B"": ""01""}","{""bell_labels"": [""11"", ""01"", ""01""], ""cluster_type"": ""phi1"", ""decoded_for_alice"": ""11"", ""decoded_for_bob"": ""00"", ""decoded_intermediates"": {""M_A"": ""01"", ""M_B"": ""10"", ""alice_base34"": ""10"", ""alice_base56"": ""01"", ""bob_base34"": ""10"", ""bob_base56"": ""01"", ""label12"": ""11"", ""tilde_M_A"": ""01"", ""tilde_M_B"": ""01""}, ""source"": ""qiskit_statevector_nonzero_bell_support""}",11,00,11,00,True,True,COMPLETED,True,True
phi1-A01-B00-00_00_00,16,phi1,01,00,00,00,00,00,00,01,00,d7,47,d7,47,C_A=tilde_M_A XOR K_A_otp,C_B=tilde_M_B XOR K_B_otp,True,True,"{""M_A"": ""01"", ""M_B"": ""00"", ""alice_base34"": ""00"", ""alice_base56"": ""01"", ""bob_base34"": ""00"", ""bob_base56"": ""01"", ""label12"": ""00"", ""tilde_M_A"": ""00"", ""tilde_M_B"": ""00""}","{""bell_labels"": [""00"", ""00"", ""00""], ""cluster_type"": ""phi1"", ""decoded_for_alice"": ""00"", ""decoded_for_bob"": ""01"", ""decoded_intermediates"": {""M_A"": ""01"", ""M_B"": ""00"", ""alice_base34"": ""00"", ""alice_base56"": ""01"", ""bob_base34"": ""00"", ""bob_base56"": ""01"", ""label12"": ""00"", ""tilde_M_A"": ""00"", ""tilde_M_B"": ""00""}, ""source"": ""qiskit_statevector_nonzero_bell_support""}",00,01,00,01,True,True,COMPLETED,True,True
phi1-A01-B00-00_01_11,17,phi1,01,00,00,01,11,01,01,10,11,d0,40,d3,41,C_A=tilde_M_A XOR K_A_otp,C_B=tilde_M_B XOR K_B_otp,True,True,"{""M_A"": ""10"", ""M_B"": ""01"", ""alice_base34"": ""01"", ""alice_base56"": ""10"", ""bob_base34"": ""01"", ""bob_base56"": ""10"", ""label12"": ""00"", ""tilde_M_A"": ""11"", ""tilde_M_B"": ""01""}","{""bell_labels"": [""00"", ""01"", ""11""], ""cluster_type"": ""phi1"", ""decoded_for_alice"": ""00"", ""decoded_for_bob"": ""01"", ""decoded_intermediates"": {""M_A"": ""10"", ""M_B"": ""01"", ""alice_base34"": ""01"", ""alice_base56"": ""10"", ""bob_base34"": ""01"", ""bob_base56"": ""10"", ""label12"": ""00"", ""tilde_M_A"": ""11"", ""tilde_M_B"": ""01""}, ""source"": ""qiskit_statevector_nonzero_bell_support""}",00,01,00,01,True,True,COMPLETED,True,True
phi1-A01-B00-11_10_00,18,phi1,01,00,11,10,00,10,10,01,00,18,76,18,74,C_A=tilde_M_A XOR K_A_otp,C_B=tilde_M_B XOR K_B_otp,True,True,"{""M_A"": ""01"", ""M_B"": ""10"", ""alice_base34"": ""10"", ""alice_base56"": ""01"", ""bob_base34"": ""10"", ""bob_base56"": ""01"", ""label12"": ""11"", ""tilde_M_A"": ""00"", ""tilde_M_B"": ""10""}","{""bell_labels"": [""11"", ""10"", ""00""], ""cluster_type"": ""phi1"", ""decoded_for_alice"": ""00"", ""decoded_for_bob"": ""01"", ""decoded_intermediates"": {""M_A"": ""01"", ""M_B"": ""10"", ""alice_base34"": ""10"", ""alice_base56"": ""01"", ""bob_base34"": ""10"", ""bob_base56"": ""01"", ""label12"": ""11"", ""tilde_M_A"": ""00"", ""tilde_M_B"": ""10""}, ""source"": ""qiskit_statevector_nonzero_bell_support""}",00,01,00,01,True,True,COMPLETED,True,True
phi1-A01-B00-11_11_11,19,phi1,01,00,11,11,11,11,11,10,11,42,79,41,7a,C_A=tilde_M_A XOR K_A_otp,C_B=tilde_M_B XOR K_B_otp,True,True,"{""M_A"": ""10"", ""M_B"": ""11"", ""alice_base34"": ""11"", ""alice_base56"": ""10"", ""bob_base34"": ""11"", ""bob_base56"": ""10"", ""label12"": ""11"", ""tilde_M_A"": ""11"", ""tilde_M_B"": ""11""}","{""bell_labels"": [""11"", ""11"", ""11""], ""cluster_type"": ""phi1"", ""decoded_for_alice"": ""00"", ""decoded_for_bob"": ""01"", ""decoded_intermediates"": {""M_A"": ""10"", ""M_B"": ""11"", ""alice_base34"": ""11"", ""alice_base56"": ""10"", ""bob_base34"": ""11"", ""bob_base56"": ""10"", ""label12"": ""11"", ""tilde_M_A"": ""11"", ""tilde_M_B"": ""11""}, ""source"": ""qiskit_statevector_nonzero_bell_support""}",00,01,00,01,True,True,COMPLETED,True,True
phi1-A01-B01-00_00_11,20,phi1,01,01,00,00,11,01,00,10,11,eb,d4,e8,d4,C_A=tilde_M_A XOR K_A_otp,C_B=tilde_M_B XOR K_B_otp,True,True,"{""M_A"": ""10"", ""M_B"": ""01"", ""alice_base34"": ""01"", ""alice_base56"": ""10"", ""bob_base34"": ""01"", ""bob_base56"": ""10"", ""label12"": ""00"", ""tilde_M_A"": ""11"", ""tilde_M_B"": ""00""}","{""bell_labels"": [""00"", ""00"", ""11""], ""cluster_type"": ""phi1"", ""decoded_for_alice"": ""01"", ""decoded_for_bob"": ""01"", ""decoded_intermediates"": {""M_A"": ""10"", ""M_B"": ""01"", ""alice_base34"": ""01"", ""alice_base56"": ""10"", ""bob_base34"": ""01"", ""bob_base56"": ""10"", ""label12"": ""00"", ""tilde_M_A"": ""11"", ""tilde_M_B"": ""00""}, ""source"": ""qiskit_statevector_nonzero_bell_support""}",01,01,01,01,True,True,COMPLETED,True,True
phi1-A01-B01-00_01_00,21,phi1,01,01,00,01,00,00,01,01,00,2d,49,2d,48,C_A=tilde_M_A XOR K_A_otp,C_B=tilde_M_B XOR K_B_otp,True,True,"{""M_A"": ""01"", ""M_B"": ""00"", ""alice_base34"": ""00"", ""alice_base56"": ""01"", ""bob_base34"": ""00"", ""bob_base56"": ""01"", ""label12"": ""00"", ""tilde_M_A"": ""00"", ""tilde_M_B"": ""01""}","{""bell_labels"": [""00"", ""01"", ""00""], ""cluster_type"": ""phi1"", ""decoded_for_alice"": ""01"", ""decoded_for_bob"": ""01"", ""decoded_intermediates"": {""M_A"": ""01"", ""M_B"": ""00"", ""alice_base34"": ""00"", ""alice_base56"": ""01"", ""bob_base34"": ""00"", ""bob_base56"": ""01"", ""label12"": ""00"", ""tilde_M_A"": ""00"", ""tilde_M_B"": ""01""}, ""source"": ""qiskit_statevector_nonzero_bell_support""}",01,01,01,01,True,True,COMPLETED,True,True
phi1-A01-B01-11_10_11,22,phi1,01,01,11,10,11,11,10,10,11,d1,1c,d2,1e,C_A=tilde_M_A XOR K_A_otp,C_B=tilde_M_B XOR K_B_otp,True,True,"{""M_A"": ""10"", ""M_B"": ""11"", ""alice_base34"": ""11"", ""alice_base56"": ""10"", ""bob_base34"": ""11"", ""bob_base56"": ""10"", ""label12"": ""11"", ""tilde_M_A"": ""11"", ""tilde_M_B"": ""10""}","{""bell_labels"": [""11"", ""10"", ""11""], ""cluster_type"": ""phi1"", ""decoded_for_alice"": ""01"", ""decoded_for_bob"": ""01"", ""decoded_intermediates"": {""M_A"": ""10"", ""M_B"": ""11"", ""alice_base34"": ""11"", ""alice_base56"": ""10"", ""bob_base34"": ""11"", ""bob_base56"": ""10"", ""label12"": ""11"", ""tilde_M_A"": ""11"", ""tilde_M_B"": ""10""}, ""source"": ""qiskit_statevector_nonzero_bell_support""}",01,01,01,01,True,True,COMPLETED,True,True
phi1-A01-B01-11_11_00,23,phi1,01,01,11,11,00,10,11,01,00,99,ae,99,ad,C_A=tilde_M_A XOR K_A_otp,C_B=tilde_M_B XOR K_B_otp,True,True,"{""M_A"": ""01"", ""M_B"": ""10"", ""alice_base34"": ""10"", ""alice_base56"": ""01"", ""bob_base34"": ""10"", ""bob_base56"": ""01"", ""label12"": ""11"", ""tilde_M_A"": ""00"", ""tilde_M_B"": ""11""}","{""bell_labels"": [""11"", ""11"", ""00""], ""cluster_type"": ""phi1"", ""decoded_for_alice"": ""01"", ""decoded_for_bob"": ""01"", ""decoded_intermediates"": {""M_A"": ""01"", ""M_B"": ""10"", ""alice_base34"": ""10"", ""alice_base56"": ""01"", ""bob_base34"": ""10"", ""bob_base56"": ""01"", ""label12"": ""11"", ""tilde_M_A"": ""00"", ""tilde_M_B"": ""11""}, ""source"": ""qiskit_statevector_nonzero_bell_support""}",01,01,01,01,True,True,COMPLETED,True,True
phi1-A01-B10-00_10_00,24,phi1,01,10,00,10,00,00,10,01,00,3e,4e,3e,4c,C_A=tilde_M_A XOR K_A_otp,C_B=tilde_M_B XOR K_B_otp,True,True,"{""M_A"": ""01"", ""M_B"": ""00"", ""alice_base34"": ""00"", ""alice_base56"": ""01"", ""bob_base34"": ""00"", ""bob_base56"": ""01"", ""label12"": ""00"", ""tilde_M_A"": ""00"", ""tilde_M_B"": ""10""}","{""bell_labels"": [""00"", ""10"", ""00""], ""cluster_type"": ""phi1"", ""decoded_for_alice"": ""10"", ""decoded_for_bob"": ""01"", ""decoded_intermediates"": {""M_A"": ""01"", ""M_B"": ""00"", ""alice_base34"": ""00"", ""alice_base56"": ""01"", ""bob_base34"": ""00"", ""bob_base56"": ""01"", ""label12"": ""00"", ""tilde_M_A"": ""00"", ""tilde_M_B"": ""10""}, ""source"": ""qiskit_statevector_nonzero_bell_support""}",10,01,10,01,True,True,COMPLETED,True,True
phi1-A01-B10-00_11_11,25,phi1,01,10,00,11,11,01,11,10,11,44,0f,47,0c,C_A=tilde_M_A XOR K_A_otp,C_B=tilde_M_B XOR K_B_otp,True,True,"{""M_A"": ""10"", ""M_B"": ""01"", ""alice_base34"": ""01"", ""alice_base56"": ""10"", ""bob_base34"": ""01"", ""bob_base56"": ""10"", ""label12"": ""00"", ""tilde_M_A"": ""11"", ""tilde_M_B"": ""11""}","{""bell_labels"": [""00"", ""11"", ""11""], ""cluster_type"": ""phi1"", ""decoded_for_alice"": ""10"", ""decoded_for_bob"": ""01"", ""decoded_intermediates"": {""M_A"": ""10"", ""M_B"": ""01"", ""alice_base34"": ""01"", ""alice_base56"": ""10"", ""bob_base34"": ""01"", ""bob_base56"": ""10"", ""label12"": ""00"", ""tilde_M_A"": ""11"", ""tilde_M_B"": ""11""}, ""source"": ""qiskit_statevector_nonzero_bell_support""}",10,01,10,01,True,True,COMPLETED,True,True
phi1-A01-B10-11_00_00,26,phi1,01,10,11,00,00,10,00,01,00,af,9e,af,9e,C_A=tilde_M_A XOR K_A_otp,C_B=tilde_M_B XOR K_B_otp,True,True,"{""M_A"": ""01"", ""M_B"": ""10"", ""alice_base34"": ""10"", ""alice_base56"": ""01"", ""bob_base34"": ""10"", ""bob_base56"": ""01"", ""label12"": ""11"", ""tilde_M_A"": ""00"", ""tilde_M_B"": ""00""}","{""bell_labels"": [""11"", ""00"", ""00""], ""cluster_type"": ""phi1"", ""decoded_for_alice"": ""10"", ""decoded_for_bob"": ""01"", ""decoded_intermediates"": {""M_A"": ""01"", ""M_B"": ""10"", ""alice_base34"": ""10"", ""alice_base56"": ""01"", ""bob_base34"": ""10"", ""bob_base56"": ""01"", ""label12"": ""11"", ""tilde_M_A"": ""00"", ""tilde_M_B"": ""00""}, ""source"": ""qiskit_statevector_nonzero_bell_support""}",10,01,10,01,True,True,COMPLETED,True,True
phi1-A01-B10-11_01_11,27,phi1,01,10,11,01,11,11,01,10,11,77,c6,74,c7,C_A=tilde_M_A XOR K_A_otp,C_B=tilde_M_B XOR K_B_otp,True,True,"{""M_A"": ""10"", ""M_B"": ""11"", ""alice_base34"": ""11"", ""alice_base56"": ""10"", ""bob_base34"": ""11"", ""bob_base56"": ""10"", ""label12"": ""11"", ""tilde_M_A"": ""11"", ""tilde_M_B"": ""01""}","{""bell_labels"": [""11"", ""01"", ""11""], ""cluster_type"": ""phi1"", ""decoded_for_alice"": ""10"", ""decoded_for_bob"": ""01"", ""decoded_intermediates"": {""M_A"": ""10"", ""M_B"": ""11"", ""alice_base34"": ""11"", ""alice_base56"": ""10"", ""bob_base34"": ""11"", ""bob_base56"": ""10"", ""label12"": ""11"", ""tilde_M_A"": ""11"", ""tilde_M_B"": ""01""}, ""source"": ""qiskit_statevector_nonzero_bell_support""}",10,01,10,01,True,True,COMPLETED,True,True
phi1-A01-B11-00_10_11,28,phi1,01,11,00,10,11,01,10,10,11,9b,c4,98,c6,C_A=tilde_M_A XOR K_A_otp,C_B=tilde_M_B XOR K_B_otp,True,True,"{""M_A"": ""10"", ""M_B"": ""01"", ""alice_base34"": ""01"", ""alice_base56"": ""10"", ""bob_base34"": ""01"", ""bob_base56"": ""10"", ""label12"": ""00"", ""tilde_M_A"": ""11"", ""tilde_M_B"": ""10""}","{""bell_labels"": [""00"", ""10"", ""11""], ""cluster_type"": ""phi1"", ""decoded_for_alice"": ""11"", ""decoded_for_bob"": ""01"", ""decoded_intermediates"": {""M_A"": ""10"", ""M_B"": ""01"", ""alice_base34"": ""01"", ""alice_base56"": ""10"", ""bob_base34"": ""01"", ""bob_base56"": ""10"", ""label12"": ""00"", ""tilde_M_A"": ""11"", ""tilde_M_B"": ""10""}, ""source"": ""qiskit_statevector_nonzero_bell_support""}",11,01,11,01,True,True,COMPLETED,True,True
phi1-A01-B11-00_11_00,29,phi1,01,11,00,11,00,00,11,01,00,73,20,73,23,C_A=tilde_M_A XOR K_A_otp,C_B=tilde_M_B XOR K_B_otp,True,True,"{""M_A"": ""01"", ""M_B"": ""00"", ""alice_base34"": ""00"", ""alice_base56"": ""01"", ""bob_base34"": ""00"", ""bob_base56"": ""01"", ""label12"": ""00"", ""tilde_M_A"": ""00"", ""tilde_M_B"": ""11""}","{""bell_labels"": [""00"", ""11"", ""00""], ""cluster_type"": ""phi1"", ""decoded_for_alice"": ""11"", ""decoded_for_bob"": ""01"", ""decoded_intermediates"": {""M_A"": ""01"", ""M_B"": ""00"", ""alice_base34"": ""00"", ""alice_base56"": ""01"", ""bob_base34"": ""00"", ""bob_base56"": ""01"", ""label12"": ""00"", ""tilde_M_A"": ""00"", ""tilde_M_B"": ""11""}, ""source"": ""qiskit_statevector_nonzero_bell_support""}",11,01,11,01,True,True,COMPLETED,True,True
phi1-A01-B11-11_00_11,30,phi1,01,11,11,00,11,11,00,10,11,de,75,dd,75,C_A=tilde_M_A XOR K_A_otp,C_B=tilde_M_B XOR K_B_otp,True,True,"{""M_A"": ""10"", ""M_B"": ""11"", ""alice_base34"": ""11"", ""alice_base56"": ""10"", ""bob_base34"": ""11"", ""bob_base56"": ""10"", ""label12"": ""11"", ""tilde_M_A"": ""11"", ""tilde_M_B"": ""00""}","{""bell_labels"": [""11"", ""00"", ""11""], ""cluster_type"": ""phi1"", ""decoded_for_alice"": ""11"", ""decoded_for_bob"": ""01"", ""decoded_intermediates"": {""M_A"": ""10"", ""M_B"": ""11"", ""alice_base34"": ""11"", ""alice_base56"": ""10"", ""bob_base34"": ""11"", ""bob_base56"": ""10"", ""label12"": ""11"", ""tilde_M_A"": ""11"", ""tilde_M_B"": ""00""}, ""source"": ""qiskit_statevector_nonzero_bell_support""}",11,01,11,01,True,True,COMPLETED,True,True
phi1-A01-B11-11_01_00,31,phi1,01,11,11,01,00,10,01,01,00,00,b8,00,b9,C_A=tilde_M_A XOR K_A_otp,C_B=tilde_M_B XOR K_B_otp,True,True,"{""M_A"": ""01"", ""M_B"": ""10"", ""alice_base34"": ""10"", ""alice_base56"": ""01"", ""bob_base34"": ""10"", ""bob_base56"": ""01"", ""label12"": ""11"", ""tilde_M_A"": ""00"", ""tilde_M_B"": ""01""}","{""bell_labels"": [""11"", ""01"", ""00""], ""cluster_type"": ""phi1"", ""decoded_for_alice"": ""11"", ""decoded_for_bob"": ""01"", ""decoded_intermediates"": {""M_A"": ""01"", ""M_B"": ""10"", ""alice_base34"": ""10"", ""alice_base56"": ""01"", ""bob_base34"": ""10"", ""bob_base56"": ""01"", ""label12"": ""11"", ""tilde_M_A"": ""00"", ""tilde_M_B"": ""01""}, ""source"": ""qiskit_statevector_nonzero_bell_support""}",11,01,11,01,True,True,COMPLETED,True,True
phi1-A10-B00-00_00_11,32,phi1,10,00,00,00,11,00,00,01,11,f8,17,fb,17,C_A=tilde_M_A XOR K_A_otp,C_B=tilde_M_B XOR K_B_otp,True,True,"{""M_A"": ""01"", ""M_B"": ""00"", ""alice_base34"": ""00"", ""alice_base56"": ""01"", ""bob_base34"": ""00"", ""bob_base56"": ""01"", ""label12"": ""00"", ""tilde_M_A"": ""11"", ""tilde_M_B"": ""00""}","{""bell_labels"": [""00"", ""00"", ""11""], ""cluster_type"": ""phi1"", ""decoded_for_alice"": ""00"", ""decoded_for_bob"": ""10"", ""decoded_intermediates"": {""M_A"": ""01"", ""M_B"": ""00"", ""alice_base34"": ""00"", ""alice_base56"": ""01"", ""bob_base34"": ""00"", ""bob_base56"": ""01"", ""label12"": ""00"", ""tilde_M_A"": ""11"", ""tilde_M_B"": ""00""}, ""source"": ""qiskit_statevector_nonzero_bell_support""}",00,10,00,10,True,True,COMPLETED,True,True
phi1-A10-B00-00_01_00,33,phi1,10,00,00,01,00,01,01,10,00,09,91,09,90,C_A=tilde_M_A XOR K_A_otp,C_B=tilde_M_B XOR K_B_otp,True,True,"{""M_A"": ""10"", ""M_B"": ""01"", ""alice_base34"": ""01"", ""alice_base56"": ""10"", ""bob_base34"": ""01"", ""bob_base56"": ""10"", ""label12"": ""00"", ""tilde_M_A"": ""00"", ""tilde_M_B"": ""01""}","{""bell_labels"": [""00"", ""01"", ""00""], ""cluster_type"": ""phi1"", ""decoded_for_alice"": ""00"", ""decoded_for_bob"": ""10"", ""decoded_intermediates"": {""M_A"": ""10"", ""M_B"": ""01"", ""alice_base34"": ""01"", ""alice_base56"": ""10"", ""bob_base34"": ""01"", ""bob_base56"": ""10"", ""label12"": ""00"", ""tilde_M_A"": ""00"", ""tilde_M_B"": ""01""}, ""source"": ""qiskit_statevector_nonzero_bell_support""}",00,10,00,10,True,True,COMPLETED,True,True
phi1-A10-B00-11_10_11,34,phi1,10,00,11,10,11,10,10,01,11,4d,48,4e,4a,C_A=tilde_M_A XOR K_A_otp,C_B=tilde_M_B XOR K_B_otp,True,True,"{""M_A"": ""01"", ""M_B"": ""10"", ""alice_base34"": ""10"", ""alice_base56"": ""01"", ""bob_base34"": ""10"", ""bob_base56"": ""01"", ""label12"": ""11"", ""tilde_M_A"": ""11"", ""tilde_M_B"": ""10""}","{""bell_labels"": [""11"", ""10"", ""11""], ""cluster_type"": ""phi1"", ""decoded_for_alice"": ""00"", ""decoded_for_bob"": ""10"", ""decoded_intermediates"": {""M_A"": ""01"", ""M_B"": ""10"", ""alice_base34"": ""10"", ""alice_base56"": ""01"", ""bob_base34"": ""10"", ""bob_base56"": ""01"", ""label12"": ""11"", ""tilde_M_A"": ""11"", ""tilde_M_B"": ""10""}, ""source"": ""qiskit_statevector_nonzero_bell_support""}",00,10,00,10,True,True,COMPLETED,True,True
phi1-A10-B00-11_11_00,35,phi1,10,00,11,11,00,11,11,10,00,7f,2e,7f,2d,C_A=tilde_M_A XOR K_A_otp,C_B=tilde_M_B XOR K_B_otp,True,True,"{""M_A"": ""10"", ""M_B"": ""11"", ""alice_base34"": ""11"", ""alice_base56"": ""10"", ""bob_base34"": ""11"", ""bob_base56"": ""10"", ""label12"": ""11"", ""tilde_M_A"": ""00"", ""tilde_M_B"": ""11""}","{""bell_labels"": [""11"", ""11"", ""00""], ""cluster_type"": ""phi1"", ""decoded_for_alice"": ""00"", ""decoded_for_bob"": ""10"", ""decoded_intermediates"": {""M_A"": ""10"", ""M_B"": ""11"", ""alice_base34"": ""11"", ""alice_base56"": ""10"", ""bob_base34"": ""11"", ""bob_base56"": ""10"", ""label12"": ""11"", ""tilde_M_A"": ""00"", ""tilde_M_B"": ""11""}, ""source"": ""qiskit_statevector_nonzero_bell_support""}",00,10,00,10,True,True,COMPLETED,True,True
phi1-A10-B01-00_00_00,36,phi1,10,01,00,00,00,01,00,10,00,7d,dd,7d,dd,C_A=tilde_M_A XOR K_A_otp,C_B=tilde_M_B XOR K_B_otp,True,True,"{""M_A"": ""10"", ""M_B"": ""01"", ""alice_base34"": ""01"", ""alice_base56"": ""10"", ""bob_base34"": ""01"", ""bob_base56"": ""10"", ""label12"": ""00"", ""tilde_M_A"": ""00"", ""tilde_M_B"": ""00""}","{""bell_labels"": [""00"", ""00"", ""00""], ""cluster_type"": ""phi1"", ""decoded_for_alice"": ""01"", ""decoded_for_bob"": ""10"", ""decoded_intermediates"": {""M_A"": ""10"", ""M_B"": ""01"", ""alice_base34"": ""01"", ""alice_base56"": ""10"", ""bob_base34"": ""01"", ""bob_base56"": ""10"", ""label12"": ""00"", ""tilde_M_A"": ""00"", ""tilde_M_B"": ""00""}, ""source"": ""qiskit_statevector_nonzero_bell_support""}",01,10,01,10,True,True,COMPLETED,True,True
phi1-A10-B01-00_01_11,37,phi1,10,01,00,01,11,00,01,01,11,67,d9,64,d8,C_A=tilde_M_A XOR K_A_otp,C_B=tilde_M_B XOR K_B_otp,True,True,"{""M_A"": ""01"", ""M_B"": ""00"", ""alice_base34"": ""00"", ""alice_base56"": ""01"", ""bob_base34"": ""00"", ""bob_base56"": ""01"", ""label12"": ""00"", ""tilde_M_A"": ""11"", ""tilde_M_B"": ""01""}","{""bell_labels"": [""00"", ""01"", ""11""], ""cluster_type"": ""phi1"", ""decoded_for_alice"": ""01"", ""decoded_for_bob"": ""10"", ""decoded_intermediates"": {""M_A"": ""01"", ""M_B"": ""00"", ""alice_base34"": ""00"", ""alice_base56"": ""01"", ""bob_base34"": ""00"", ""bob_base56"": ""01"", ""label12"": ""00"", ""tilde_M_A"": ""11"", ""tilde_M_B"": ""01""}, ""source"": ""qiskit_statevector_nonzero_bell_support""}",01,10,01,10,True,True,COMPLETED,True,True
phi1-A10-B01-11_10_00,38,phi1,10,01,11,10,00,11,10,10,00,be,57,be,55,C_A=tilde_M_A XOR K_A_otp,C_B=tilde_M_B XOR K_B_otp,True,True,"{""M_A"": ""10"", ""M_B"": ""11"", ""alice_base34"": ""11"", ""alice_base56"": ""10"", ""bob_base34"": ""11"", ""bob_base56"": ""10"", ""label12"": ""11"", ""tilde_M_A"": ""00"", ""tilde_M_B"": ""10""}","{""bell_labels"": [""11"", ""10"", ""00""], ""cluster_type"": ""phi1"", ""decoded_for_alice"": ""01"", ""decoded_for_bob"": ""10"", ""decoded_intermediates"": {""M_A"": ""10"", ""M_B"": ""11"", ""alice_base34"": ""11"", ""alice_base56"": ""10"", ""bob_base34"": ""11"", ""bob_base56"": ""10"", ""label12"": ""11"", ""tilde_M_A"": ""00"", ""tilde_M_B"": ""10""}, ""source"": ""qiskit_statevector_nonzero_bell_support""}",01,10,01,10,True,True,COMPLETED,True,True
phi1-A10-B01-11_11_11,39,phi1,10,01,11,11,11,10,11,01,11,c3,57,c0,54,C_A=tilde_M_A XOR K_A_otp,C_B=tilde_M_B XOR K_B_otp,True,True,"{""M_A"": ""01"", ""M_B"": ""10"", ""alice_base34"": ""10"", ""alice_base56"": ""01"", ""bob_base34"": ""10"", ""bob_base56"": ""01"", ""label12"": ""11"", ""tilde_M_A"": ""11"", ""tilde_M_B"": ""11""}","{""bell_labels"": [""11"", ""11"", ""11""], ""cluster_type"": ""phi1"", ""decoded_for_alice"": ""01"", ""decoded_for_bob"": ""10"", ""decoded_intermediates"": {""M_A"": ""01"", ""M_B"": ""10"", ""alice_base34"": ""10"", ""alice_base56"": ""01"", ""bob_base34"": ""10"", ""bob_base56"": ""01"", ""label12"": ""11"", ""tilde_M_A"": ""11"", ""tilde_M_B"": ""11""}, ""source"": ""qiskit_statevector_nonzero_bell_support""}",01,10,01,10,True,True,COMPLETED,True,True
phi1-A10-B10-00_10_11,40,phi1,10,10,00,10,11,00,10,01,11,39,69,3a,6b,C_A=tilde_M_A XOR K_A_otp,C_B=tilde_M_B XOR K_B_otp,True,True,"{""M_A"": ""01"", ""M_B"": ""00"", ""alice_base34"": ""00"", ""alice_base56"": ""01"", ""bob_base34"": ""00"", ""bob_base56"": ""01"", ""label12"": ""00"", ""tilde_M_A"": ""11"", ""tilde_M_B"": ""10""}","{""bell_labels"": [""00"", ""10"", ""11""], ""cluster_type"": ""phi1"", ""decoded_for_alice"": ""10"", ""decoded_for_bob"": ""10"", ""decoded_intermediates"": {""M_A"": ""01"", ""M_B"": ""00"", ""alice_base34"": ""00"", ""alice_base56"": ""01"", ""bob_base34"": ""00"", ""bob_base56"": ""01"", ""label12"": ""00"", ""tilde_M_A"": ""11"", ""tilde_M_B"": ""10""}, ""source"": ""qiskit_statevector_nonzero_bell_support""}",10,10,10,10,True,True,COMPLETED,True,True
phi1-A10-B10-00_11_00,41,phi1,10,10,00,11,00,01,11,10,00,f1,d2,f1,d1,C_A=tilde_M_A XOR K_A_otp,C_B=tilde_M_B XOR K_B_otp,True,True,"{""M_A"": ""10"", ""M_B"": ""01"", ""alice_base34"": ""01"", ""alice_base56"": ""10"", ""bob_base34"": ""01"", ""bob_base56"": ""10"", ""label12"": ""00"", ""tilde_M_A"": ""00"", ""tilde_M_B"": ""11""}","{""bell_labels"": [""00"", ""11"", ""00""], ""cluster_type"": ""phi1"", ""decoded_for_alice"": ""10"", ""decoded_for_bob"": ""10"", ""decoded_intermediates"": {""M_A"": ""10"", ""M_B"": ""01"", ""alice_base34"": ""01"", ""alice_base56"": ""10"", ""bob_base34"": ""01"", ""bob_base56"": ""10"", ""label12"": ""00"", ""tilde_M_A"": ""00"", ""tilde_M_B"": ""11""}, ""source"": ""qiskit_statevector_nonzero_bell_support""}",10,10,10,10,True,True,COMPLETED,True,True
phi1-A10-B10-11_00_11,42,phi1,10,10,11,00,11,10,00,01,11,2a,a9,29,a9,C_A=tilde_M_A XOR K_A_otp,C_B=tilde_M_B XOR K_B_otp,True,True,"{""M_A"": ""01"", ""M_B"": ""10"", ""alice_base34"": ""10"", ""alice_base56"": ""01"", ""bob_base34"": ""10"", ""bob_base56"": ""01"", ""label12"": ""11"", ""tilde_M_A"": ""11"", ""tilde_M_B"": ""00""}","{""bell_labels"": [""11"", ""00"", ""11""], ""cluster_type"": ""phi1"", ""decoded_for_alice"": ""10"", ""decoded_for_bob"": ""10"", ""decoded_intermediates"": {""M_A"": ""01"", ""M_B"": ""10"", ""alice_base34"": ""10"", ""alice_base56"": ""01"", ""bob_base34"": ""10"", ""bob_base56"": ""01"", ""label12"": ""11"", ""tilde_M_A"": ""11"", ""tilde_M_B"": ""00""}, ""source"": ""qiskit_statevector_nonzero_bell_support""}",10,10,10,10,True,True,COMPLETED,True,True
phi1-A10-B10-11_01_00,43,phi1,10,10,11,01,00,11,01,10,00,6e,80,6e,81,C_A=tilde_M_A XOR K_A_otp,C_B=tilde_M_B XOR K_B_otp,True,True,"{""M_A"": ""10"", ""M_B"": ""11"", ""alice_base34"": ""11"", ""alice_base56"": ""10"", ""bob_base34"": ""11"", ""bob_base56"": ""10"", ""label12"": ""11"", ""tilde_M_A"": ""00"", ""tilde_M_B"": ""01""}","{""bell_labels"": [""11"", ""01"", ""00""], ""cluster_type"": ""phi1"", ""decoded_for_alice"": ""10"", ""decoded_for_bob"": ""10"", ""decoded_intermediates"": {""M_A"": ""10"", ""M_B"": ""11"", ""alice_base34"": ""11"", ""alice_base56"": ""10"", ""bob_base34"": ""11"", ""bob_base56"": ""10"", ""label12"": ""11"", ""tilde_M_A"": ""00"", ""tilde_M_B"": ""01""}, ""source"": ""qiskit_statevector_nonzero_bell_support""}",10,10,10,10,True,True,COMPLETED,True,True
phi1-A10-B11-00_10_00,44,phi1,10,11,00,10,00,01,10,10,00,01,fe,01,fc,C_A=tilde_M_A XOR K_A_otp,C_B=tilde_M_B XOR K_B_otp,True,True,"{""M_A"": ""10"", ""M_B"": ""01"", ""alice_base34"": ""01"", ""alice_base56"": ""10"", ""bob_base34"": ""01"", ""bob_base56"": ""10"", ""label12"": ""00"", ""tilde_M_A"": ""00"", ""tilde_M_B"": ""10""}","{""bell_labels"": [""00"", ""10"", ""00""], ""cluster_type"": ""phi1"", ""decoded_for_alice"": ""11"", ""decoded_for_bob"": ""10"", ""decoded_intermediates"": {""M_A"": ""10"", ""M_B"": ""01"", ""alice_base34"": ""01"", ""alice_base56"": ""10"", ""bob_base34"": ""01"", ""bob_base56"": ""10"", ""label12"": ""00"", ""tilde_M_A"": ""00"", ""tilde_M_B"": ""10""}, ""source"": ""qiskit_statevector_nonzero_bell_support""}",11,10,11,10,True,True,COMPLETED,True,True
phi1-A10-B11-00_11_11,45,phi1,10,11,00,11,11,00,11,01,11,3e,ba,3d,b9,C_A=tilde_M_A XOR K_A_otp,C_B=tilde_M_B XOR K_B_otp,True,True,"{""M_A"": ""01"", ""M_B"": ""00"", ""alice_base34"": ""00"", ""alice_base56"": ""01"", ""bob_base34"": ""00"", ""bob_base56"": ""01"", ""label12"": ""00"", ""tilde_M_A"": ""11"", ""tilde_M_B"": ""11""}","{""bell_labels"": [""00"", ""11"", ""11""], ""cluster_type"": ""phi1"", ""decoded_for_alice"": ""11"", ""decoded_for_bob"": ""10"", ""decoded_intermediates"": {""M_A"": ""01"", ""M_B"": ""00"", ""alice_base34"": ""00"", ""alice_base56"": ""01"", ""bob_base34"": ""00"", ""bob_base56"": ""01"", ""label12"": ""00"", ""tilde_M_A"": ""11"", ""tilde_M_B"": ""11""}, ""source"": ""qiskit_statevector_nonzero_bell_support""}",11,10,11,10,True,True,COMPLETED,True,True
phi1-A10-B11-11_00_00,46,phi1,10,11,11,00,00,11,00,10,00,46,2e,46,2e,C_A=tilde_M_A XOR K_A_otp,C_B=tilde_M_B XOR K_B_otp,True,True,"{""M_A"": ""10"", ""M_B"": ""11"", ""alice_base34"": ""11"", ""alice_base56"": ""10"", ""bob_base34"": ""11"", ""bob_base56"": ""10"", ""label12"": ""11"", ""tilde_M_A"": ""00"", ""tilde_M_B"": ""00""}","{""bell_labels"": [""11"", ""00"", ""00""], ""cluster_type"": ""phi1"", ""decoded_for_alice"": ""11"", ""decoded_for_bob"": ""10"", ""decoded_intermediates"": {""M_A"": ""10"", ""M_B"": ""11"", ""alice_base34"": ""11"", ""alice_base56"": ""10"", ""bob_base34"": ""11"", ""bob_base56"": ""10"", ""label12"": ""11"", ""tilde_M_A"": ""00"", ""tilde_M_B"": ""00""}, ""source"": ""qiskit_statevector_nonzero_bell_support""}",11,10,11,10,True,True,COMPLETED,True,True
phi1-A10-B11-11_01_11,47,phi1,10,11,11,01,11,10,01,01,11,43,93,40,92,C_A=tilde_M_A XOR K_A_otp,C_B=tilde_M_B XOR K_B_otp,True,True,"{""M_A"": ""01"", ""M_B"": ""10"", ""alice_base34"": ""10"", ""alice_base56"": ""01"", ""bob_base34"": ""10"", ""bob_base56"": ""01"", ""label12"": ""11"", ""tilde_M_A"": ""11"", ""tilde_M_B"": ""01""}","{""bell_labels"": [""11"", ""01"", ""11""], ""cluster_type"": ""phi1"", ""decoded_for_alice"": ""11"", ""decoded_for_bob"": ""10"", ""decoded_intermediates"": {""M_A"": ""01"", ""M_B"": ""10"", ""alice_base34"": ""10"", ""alice_base56"": ""01"", ""bob_base34"": ""10"", ""bob_base56"": ""01"", ""label12"": ""11"", ""tilde_M_A"": ""11"", ""tilde_M_B"": ""01""}, ""source"": ""qiskit_statevector_nonzero_bell_support""}",11,10,11,10,True,True,COMPLETED,True,True
phi1-A11-B00-00_00_10,48,phi1,11,00,00,00,10,00,00,01,10,c7,57,c5,57,C_A=tilde_M_A XOR K_A_otp,C_B=tilde_M_B XOR K_B_otp,True,True,"{""M_A"": ""01"", ""M_B"": ""00"", ""alice_base34"": ""00"", ""alice_base56"": ""01"", ""bob_base34"": ""00"", ""bob_base56"": ""01"", ""label12"": ""00"", ""tilde_M_A"": ""10"", ""tilde_M_B"": ""00""}","{""bell_labels"": [""00"", ""00"", ""10""], ""cluster_type"": ""phi1"", ""decoded_for_alice"": ""00"", ""decoded_for_bob"": ""11"", ""decoded_intermediates"": {""M_A"": ""01"", ""M_B"": ""00"", ""alice_base34"": ""00"", ""alice_base56"": ""01"", ""bob_base34"": ""00"", ""bob_base56"": ""01"", ""label12"": ""00"", ""tilde_M_A"": ""10"", ""tilde_M_B"": ""00""}, ""source"": ""qiskit_statevector_nonzero_bell_support""}",00,11,00,11,True,True,COMPLETED,True,True
phi1-A11-B00-00_01_01,49,phi1,11,00,00,01,01,01,01,10,01,ae,e4,af,e5,C_A=tilde_M_A XOR K_A_otp,C_B=tilde_M_B XOR K_B_otp,True,True,"{""M_A"": ""10"", ""M_B"": ""01"", ""alice_base34"": ""01"", ""alice_base56"": ""10"", ""bob_base34"": ""01"", ""bob_base56"": ""10"", ""label12"": ""00"", ""tilde_M_A"": ""01"", ""tilde_M_B"": ""01""}","{""bell_labels"": [""00"", ""01"", ""01""], ""cluster_type"": ""phi1"", ""decoded_for_alice"": ""00"", ""decoded_for_bob"": ""11"", ""decoded_intermediates"": {""M_A"": ""10"", ""M_B"": ""01"", ""alice_base34"": ""01"", ""alice_base56"": ""10"", ""bob_base34"": ""01"", ""bob_base56"": ""10"", ""label12"": ""00"", ""tilde_M_A"": ""01"", ""tilde_M_B"": ""01""}, ""source"": ""qiskit_statevector_nonzero_bell_support""}",00,11,00,11,True,True,COMPLETED,True,True
phi1-A11-B00-11_10_10,50,phi1,11,00,11,10,10,10,10,01,10,88,d8,8a,da,C_A=tilde_M_A XOR K_A_otp,C_B=tilde_M_B XOR K_B_otp,True,True,"{""M_A"": ""01"", ""M_B"": ""10"", ""alice_base34"": ""10"", ""alice_base56"": ""01"", ""bob_base34"": ""10"", ""bob_base56"": ""01"", ""label12"": ""11"", ""tilde_M_A"": ""10"", ""tilde_M_B"": ""10""}","{""bell_labels"": [""11"", ""10"", ""10""], ""cluster_type"": ""phi1"", ""decoded_for_alice"": ""00"", ""decoded_for_bob"": ""11"", ""decoded_intermediates"": {""M_A"": ""01"", ""M_B"": ""10"", ""alice_base34"": ""10"", ""alice_base56"": ""01"", ""bob_base34"": ""10"", ""bob_base56"": ""01"", ""label12"": ""11"", ""tilde_M_A"": ""10"", ""tilde_M_B"": ""10""}, ""source"": ""qiskit_statevector_nonzero_bell_support""}",00,11,00,11,True,True,COMPLETED,True,True
phi1-A11-B00-11_11_01,51,phi1,11,00,11,11,01,11,11,10,01,12,52,13,51,C_A=tilde_M_A XOR K_A_otp,C_B=tilde_M_B XOR K_B_otp,True,True,"{""M_A"": ""10"", ""M_B"": ""11"", ""alice_base34"": ""11"", ""alice_base56"": ""10"", ""bob_base34"": ""11"", ""bob_base56"": ""10"", ""label12"": ""11"", ""tilde_M_A"": ""01"", ""tilde_M_B"": ""11""}","{""bell_labels"": [""11"", ""11"", ""01""], ""cluster_type"": ""phi1"", ""decoded_for_alice"": ""00"", ""decoded_for_bob"": ""11"", ""decoded_intermediates"": {""M_A"": ""10"", ""M_B"": ""11"", ""alice_base34"": ""11"", ""alice_base56"": ""10"", ""bob_base34"": ""11"", ""bob_base56"": ""10"", ""label12"": ""11"", ""tilde_M_A"": ""01"", ""tilde_M_B"": ""11""}, ""source"": ""qiskit_statevector_nonzero_bell_support""}",00,11,00,11,True,True,COMPLETED,True,True
phi1-A11-B01-00_00_01,52,phi1,11,01,00,00,01,01,00,10,01,f3,3b,f2,3b,C_A=tilde_M_A XOR K_A_otp,C_B=tilde_M_B XOR K_B_otp,True,True,"{""M_A"": ""10"", ""M_B"": ""01"", ""alice_base34"": ""01"", ""alice_base56"": ""10"", ""bob_base34"": ""01"", ""bob_base56"": ""10"", ""label12"": ""00"", ""tilde_M_A"": ""01"", ""tilde_M_B"": ""00""}","{""bell_labels"": [""00"", ""00"", ""01""], ""cluster_type"": ""phi1"", ""decoded_for_alice"": ""01"", ""decoded_for_bob"": ""11"", ""decoded_intermediates"": {""M_A"": ""10"", ""M_B"": ""01"", ""alice_base34"": ""01"", ""alice_base56"": ""10"", ""bob_base34"": ""01"", ""bob_base56"": ""10"", ""label12"": ""00"", ""tilde_M_A"": ""01"", ""tilde_M_B"": ""00""}, ""source"": ""qiskit_statevector_nonzero_bell_support""}",01,11,01,11,True,True,COMPLETED,True,True
phi1-A11-B01-00_01_10,53,phi1,11,01,00,01,10,00,01,01,10,c0,66,c2,67,C_A=tilde_M_A XOR K_A_otp,C_B=tilde_M_B XOR K_B_otp,True,True,"{""M_A"": ""01"", ""M_B"": ""00"", ""alice_base34"": ""00"", ""alice_base56"": ""01"", ""bob_base34"": ""00"", ""bob_base56"": ""01"", ""label12"": ""00"", ""tilde_M_A"": ""10"", ""tilde_M_B"": ""01""}","{""bell_labels"": [""00"", ""01"", ""10""], ""cluster_type"": ""phi1"", ""decoded_for_alice"": ""01"", ""decoded_for_bob"": ""11"", ""decoded_intermediates"": {""M_A"": ""01"", ""M_B"": ""00"", ""alice_base34"": ""00"", ""alice_base56"": ""01"", ""bob_base34"": ""00"", ""bob_base56"": ""01"", ""label12"": ""00"", ""tilde_M_A"": ""10"", ""tilde_M_B"": ""01""}, ""source"": ""qiskit_statevector_nonzero_bell_support""}",01,11,01,11,True,True,COMPLETED,True,True
phi1-A11-B01-11_10_01,54,phi1,11,01,11,10,01,11,10,10,01,26,1e,27,1c,C_A=tilde_M_A XOR K_A_otp,C_B=tilde_M_B XOR K_B_otp,True,True,"{""M_A"": ""10"", ""M_B"": ""11"", ""alice_base34"": ""11"", ""alice_base56"": ""10"", ""bob_base34"": ""11"", ""bob_base56"": ""10"", ""label12"": ""11"", ""tilde_M_A"": ""01"", ""tilde_M_B"": ""10""}","{""bell_labels"": [""11"", ""10"", ""01""], ""cluster_type"": ""phi1"", ""decoded_for_alice"": ""01"", ""decoded_for_bob"": ""11"", ""decoded_intermediates"": {""M_A"": ""10"", ""M_B"": ""11"", ""alice_base34"": ""11"", ""alice_base56"": ""10"", ""bob_base34"": ""11"", ""bob_base56"": ""10"", ""label12"": ""11"", ""tilde_M_A"": ""01"", ""tilde_M_B"": ""10""}, ""source"": ""qiskit_statevector_nonzero_bell_support""}",01,11,01,11,True,True,COMPLETED,True,True
phi1-A11-B01-11_11_10,55,phi1,11,01,11,11,10,10,11,01,10,82,67,80,64,C_A=tilde_M_A XOR K_A_otp,C_B=tilde_M_B XOR K_B_otp,True,True,"{""M_A"": ""01"", ""M_B"": ""10"", ""alice_base34"": ""10"", ""alice_base56"": ""01"", ""bob_base34"": ""10"", ""bob_base56"": ""01"", ""label12"": ""11"", ""tilde_M_A"": ""10"", ""tilde_M_B"": ""11""}","{""bell_labels"": [""11"", ""11"", ""10""], ""cluster_type"": ""phi1"", ""decoded_for_alice"": ""01"", ""decoded_for_bob"": ""11"", ""decoded_intermediates"": {""M_A"": ""01"", ""M_B"": ""10"", ""alice_base34"": ""10"", ""alice_base56"": ""01"", ""bob_base34"": ""10"", ""bob_base56"": ""01"", ""label12"": ""11"", ""tilde_M_A"": ""10"", ""tilde_M_B"": ""11""}, ""source"": ""qiskit_statevector_nonzero_bell_support""}",01,11,01,11,True,True,COMPLETED,True,True
phi1-A11-B10-00_10_10,56,phi1,11,10,00,10,10,00,10,01,10,f5,2c,f7,2e,C_A=tilde_M_A XOR K_A_otp,C_B=tilde_M_B XOR K_B_otp,True,True,"{""M_A"": ""01"", ""M_B"": ""00"", ""alice_base34"": ""00"", ""alice_base56"": ""01"", ""bob_base34"": ""00"", ""bob_base56"": ""01"", ""label12"": ""00"", ""tilde_M_A"": ""10"", ""tilde_M_B"": ""10""}","{""bell_labels"": [""00"", ""10"", ""10""], ""cluster_type"": ""phi1"", ""decoded_for_alice"": ""10"", ""decoded_for_bob"": ""11"", ""decoded_intermediates"": {""M_A"": ""01"", ""M_B"": ""00"", ""alice_base34"": ""00"", ""alice_base56"": ""01"", ""bob_base34"": ""00"", ""bob_base56"": ""01"", ""label12"": ""00"", ""tilde_M_A"": ""10"", ""tilde_M_B"": ""10""}, ""source"": ""qiskit_statevector_nonzero_bell_support""}",10,11,10,11,True,True,COMPLETED,True,True
phi1-A11-B10-00_11_01,57,phi1,11,10,00,11,01,01,11,10,01,6e,42,6f,41,C_A=tilde_M_A XOR K_A_otp,C_B=tilde_M_B XOR K_B_otp,True,True,"{""M_A"": ""10"", ""M_B"": ""01"", ""alice_base34"": ""01"", ""alice_base56"": ""10"", ""bob_base34"": ""01"", ""bob_base56"": ""10"", ""label12"": ""00"", ""tilde_M_A"": ""01"", ""tilde_M_B"": ""11""}","{""bell_labels"": [""00"", ""11"", ""01""], ""cluster_type"": ""phi1"", ""decoded_for_alice"": ""10"", ""decoded_for_bob"": ""11"", ""decoded_intermediates"": {""M_A"": ""10"", ""M_B"": ""01"", ""alice_base34"": ""01"", ""alice_base56"": ""10"", ""bob_base34"": ""01"", ""bob_base56"": ""10"", ""label12"": ""00"", ""tilde_M_A"": ""01"", ""tilde_M_B"": ""11""}, ""source"": ""qiskit_statevector_nonzero_bell_support""}",10,11,10,11,True,True,COMPLETED,True,True
phi1-A11-B10-11_00_10,58,phi1,11,10,11,00,10,10,00,01,10,fc,88,fe,88,C_A=tilde_M_A XOR K_A_otp,C_B=tilde_M_B XOR K_B_otp,True,True,"{""M_A"": ""01"", ""M_B"": ""10"", ""alice_base34"": ""10"", ""alice_base56"": ""01"", ""bob_base34"": ""10"", ""bob_base56"": ""01"", ""label12"": ""11"", ""tilde_M_A"": ""10"", ""tilde_M_B"": ""00""}","{""bell_labels"": [""11"", ""00"", ""10""], ""cluster_type"": ""phi1"", ""decoded_for_alice"": ""10"", ""decoded_for_bob"": ""11"", ""decoded_intermediates"": {""M_A"": ""01"", ""M_B"": ""10"", ""alice_base34"": ""10"", ""alice_base56"": ""01"", ""bob_base34"": ""10"", ""bob_base56"": ""01"", ""label12"": ""11"", ""tilde_M_A"": ""10"", ""tilde_M_B"": ""00""}, ""source"": ""qiskit_statevector_nonzero_bell_support""}",10,11,10,11,True,True,COMPLETED,True,True
phi1-A11-B10-11_01_01,59,phi1,11,10,11,01,01,11,01,10,01,fe,ba,ff,bb,C_A=tilde_M_A XOR K_A_otp,C_B=tilde_M_B XOR K_B_otp,True,True,"{""M_A"": ""10"", ""M_B"": ""11"", ""alice_base34"": ""11"", ""alice_base56"": ""10"", ""bob_base34"": ""11"", ""bob_base56"": ""10"", ""label12"": ""11"", ""tilde_M_A"": ""01"", ""tilde_M_B"": ""01""}","{""bell_labels"": [""11"", ""01"", ""01""], ""cluster_type"": ""phi1"", ""decoded_for_alice"": ""10"", ""decoded_for_bob"": ""11"", ""decoded_intermediates"": {""M_A"": ""10"", ""M_B"": ""11"", ""alice_base34"": ""11"", ""alice_base56"": ""10"", ""bob_base34"": ""11"", ""bob_base56"": ""10"", ""label12"": ""11"", ""tilde_M_A"": ""01"", ""tilde_M_B"": ""01""}, ""source"": ""qiskit_statevector_nonzero_bell_support""}",10,11,10,11,True,True,COMPLETED,True,True
phi1-A11-B11-00_10_01,60,phi1,11,11,00,10,01,01,10,10,01,46,c9,47,cb,C_A=tilde_M_A XOR K_A_otp,C_B=tilde_M_B XOR K_B_otp,True,True,"{""M_A"": ""10"", ""M_B"": ""01"", ""alice_base34"": ""01"", ""alice_base56"": ""10"", ""bob_base34"": ""01"", ""bob_base56"": ""10"", ""label12"": ""00"", ""tilde_M_A"": ""01"", ""tilde_M_B"": ""10""}","{""bell_labels"": [""00"", ""10"", ""01""], ""cluster_type"": ""phi1"", ""decoded_for_alice"": ""11"", ""decoded_for_bob"": ""11"", ""decoded_intermediates"": {""M_A"": ""10"", ""M_B"": ""01"", ""alice_base34"": ""01"", ""alice_base56"": ""10"", ""bob_base34"": ""01"", ""bob_base56"": ""10"", ""label12"": ""00"", ""tilde_M_A"": ""01"", ""tilde_M_B"": ""10""}, ""source"": ""qiskit_statevector_nonzero_bell_support""}",11,11,11,11,True,True,COMPLETED,True,True
phi1-A11-B11-00_11_10,61,phi1,11,11,00,11,10,00,11,01,10,57,19,55,1a,C_A=tilde_M_A XOR K_A_otp,C_B=tilde_M_B XOR K_B_otp,True,True,"{""M_A"": ""01"", ""M_B"": ""00"", ""alice_base34"": ""00"", ""alice_base56"": ""01"", ""bob_base34"": ""00"", ""bob_base56"": ""01"", ""label12"": ""00"", ""tilde_M_A"": ""10"", ""tilde_M_B"": ""11""}","{""bell_labels"": [""00"", ""11"", ""10""], ""cluster_type"": ""phi1"", ""decoded_for_alice"": ""11"", ""decoded_for_bob"": ""11"", ""decoded_intermediates"": {""M_A"": ""01"", ""M_B"": ""00"", ""alice_base34"": ""00"", ""alice_base56"": ""01"", ""bob_base34"": ""00"", ""bob_base56"": ""01"", ""label12"": ""00"", ""tilde_M_A"": ""10"", ""tilde_M_B"": ""11""}, ""source"": ""qiskit_statevector_nonzero_bell_support""}",11,11,11,11,True,True,COMPLETED,True,True
phi1-A11-B11-11_00_01,62,phi1,11,11,11,00,01,11,00,10,01,75,a6,74,a6,C_A=tilde_M_A XOR K_A_otp,C_B=tilde_M_B XOR K_B_otp,True,True,"{""M_A"": ""10"", ""M_B"": ""11"", ""alice_base34"": ""11"", ""alice_base56"": ""10"", ""bob_base34"": ""11"", ""bob_base56"": ""10"", ""label12"": ""11"", ""tilde_M_A"": ""01"", ""tilde_M_B"": ""00""}","{""bell_labels"": [""11"", ""00"", ""01""], ""cluster_type"": ""phi1"", ""decoded_for_alice"": ""11"", ""decoded_for_bob"": ""11"", ""decoded_intermediates"": {""M_A"": ""10"", ""M_B"": ""11"", ""alice_base34"": ""11"", ""alice_base56"": ""10"", ""bob_base34"": ""11"", ""bob_base56"": ""10"", ""label12"": ""11"", ""tilde_M_A"": ""01"", ""tilde_M_B"": ""00""}, ""source"": ""qiskit_statevector_nonzero_bell_support""}",11,11,11,11,True,True,COMPLETED,True,True
phi1-A11-B11-11_01_10,63,phi1,11,11,11,01,10,10,01,01,10,7d,1d,7f,1c,C_A=tilde_M_A XOR K_A_otp,C_B=tilde_M_B XOR K_B_otp,True,True,"{""M_A"": ""01"", ""M_B"": ""10"", ""alice_base34"": ""10"", ""alice_base56"": ""01"", ""bob_base34"": ""10"", ""bob_base56"": ""01"", ""label12"": ""11"", ""tilde_M_A"": ""10"", ""tilde_M_B"": ""01""}","{""bell_labels"": [""11"", ""01"", ""10""], ""cluster_type"": ""phi1"", ""decoded_for_alice"": ""11"", ""decoded_for_bob"": ""11"", ""decoded_intermediates"": {""M_A"": ""01"", ""M_B"": ""10"", ""alice_base34"": ""10"", ""alice_base56"": ""01"", ""bob_base34"": ""10"", ""bob_base56"": ""01"", ""label12"": ""11"", ""tilde_M_A"": ""10"", ""tilde_M_B"": ""01""}, ""source"": ""qiskit_statevector_nonzero_bell_support""}",11,11,11,11,True,True,COMPLETED,True,True
phi2-A00-B00-01_00_01,64,phi2,00,00,01,00,01,00,00,01,01,e9,c7,e8,c7,C_A=tilde_M_A XOR K_A_otp,C_B=tilde_M_B XOR K_B_otp,True,True,"{""M_A"": ""01"", ""M_B"": ""00"", ""alice_base34"": ""00"", ""alice_base56"": ""01"", ""bob_base34"": ""00"", ""bob_base56"": ""01"", ""label12"": ""01"", ""tilde_M_A"": ""01"", ""tilde_M_B"": ""00""}","{""bell_labels"": [""01"", ""00"", ""01""], ""cluster_type"": ""phi2"", ""decoded_for_alice"": ""00"", ""decoded_for_bob"": ""00"", ""decoded_intermediates"": {""M_A"": ""01"", ""M_B"": ""00"", ""alice_base34"": ""00"", ""alice_base56"": ""01"", ""bob_base34"": ""00"", ""bob_base56"": ""01"", ""label12"": ""01"", ""tilde_M_A"": ""01"", ""tilde_M_B"": ""00""}, ""source"": ""qiskit_statevector_nonzero_bell_support""}",00,00,00,00,True,True,COMPLETED,True,True
phi2-A00-B00-01_01_10,65,phi2,00,00,01,01,10,01,01,10,10,58,b6,5a,b7,C_A=tilde_M_A XOR K_A_otp,C_B=tilde_M_B XOR K_B_otp,True,True,"{""M_A"": ""10"", ""M_B"": ""01"", ""alice_base34"": ""01"", ""alice_base56"": ""10"", ""bob_base34"": ""01"", ""bob_base56"": ""10"", ""label12"": ""01"", ""tilde_M_A"": ""10"", ""tilde_M_B"": ""01""}","{""bell_labels"": [""01"", ""01"", ""10""], ""cluster_type"": ""phi2"", ""decoded_for_alice"": ""00"", ""decoded_for_bob"": ""00"", ""decoded_intermediates"": {""M_A"": ""10"", ""M_B"": ""01"", ""alice_base34"": ""01"", ""alice_base56"": ""10"", ""bob_base34"": ""01"", ""bob_base56"": ""10"", ""label12"": ""01"", ""tilde_M_A"": ""10"", ""tilde_M_B"": ""01""}, ""source"": ""qiskit_statevector_nonzero_bell_support""}",00,00,00,00,True,True,COMPLETED,True,True
phi2-A00-B00-10_10_01,66,phi2,00,00,10,10,01,10,10,01,01,44,dc,45,de,C_A=tilde_M_A XOR K_A_otp,C_B=tilde_M_B XOR K_B_otp,True,True,"{""M_A"": ""01"", ""M_B"": ""10"", ""alice_base34"": ""10"", ""alice_base56"": ""01"", ""bob_base34"": ""10"", ""bob_base56"": ""01"", ""label12"": ""10"", ""tilde_M_A"": ""01"", ""tilde_M_B"": ""10""}","{""bell_labels"": [""10"", ""10"", ""01""], ""cluster_type"": ""phi2"", ""decoded_for_alice"": ""00"", ""decoded_for_bob"": ""00"", ""decoded_intermediates"": {""M_A"": ""01"", ""M_B"": ""10"", ""alice_base34"": ""10"", ""alice_base56"": ""01"", ""bob_base34"": ""10"", ""bob_base56"": ""01"", ""label12"": ""10"", ""tilde_M_A"": ""01"", ""tilde_M_B"": ""10""}, ""source"": ""qiskit_statevector_nonzero_bell_support""}",00,00,00,00,True,True,COMPLETED,True,True
phi2-A00-B00-10_11_10,67,phi2,00,00,10,11,10,11,11,10,10,33,d1,31,d2,C_A=tilde_M_A XOR K_A_otp,C_B=tilde_M_B XOR K_B_otp,True,True,"{""M_A"": ""10"", ""M_B"": ""11"", ""alice_base34"": ""11"", ""alice_base56"": ""10"", ""bob_base34"": ""11"", ""bob_base56"": ""10"", ""label12"": ""10"", ""tilde_M_A"": ""10"", ""tilde_M_B"": ""11""}","{""bell_labels"": [""10"", ""11"", ""10""], ""cluster_type"": ""phi2"", ""decoded_for_alice"": ""00"", ""decoded_for_bob"": ""00"", ""decoded_intermediates"": {""M_A"": ""10"", ""M_B"": ""11"", ""alice_base34"": ""11"", ""alice_base56"": ""10"", ""bob_base34"": ""11"", ""bob_base56"": ""10"", ""label12"": ""10"", ""tilde_M_A"": ""10"", ""tilde_M_B"": ""11""}, ""source"": ""qiskit_statevector_nonzero_bell_support""}",00,00,00,00,True,True,COMPLETED,True,True
phi2-A00-B01-01_00_10,68,phi2,00,01,01,00,10,01,00,10,10,74,14,76,14,C_A=tilde_M_A XOR K_A_otp,C_B=tilde_M_B XOR K_B_otp,True,True,"{""M_A"": ""10"", ""M_B"": ""01"", ""alice_base34"": ""01"", ""alice_base56"": ""10"", ""bob_base34"": ""01"", ""bob_base56"": ""10"", ""label12"": ""01"", ""tilde_M_A"": ""10"", ""tilde_M_B"": ""00""}","{""bell_labels"": [""01"", ""00"", ""10""], ""cluster_type"": ""phi2"", ""decoded_for_alice"": ""01"", ""decoded_for_bob"": ""00"", ""decoded_intermediates"": {""M_A"": ""10"", ""M_B"": ""01"", ""alice_base34"": ""01"", ""alice_base56"": ""10"", ""bob_base34"": ""01"", ""bob_base56"": ""10"", ""label12"": ""01"", ""tilde_M_A"": ""10"", ""tilde_M_B"": ""00""}, ""source"": ""qiskit_statevector_nonzero_bell_support""}",01,00,01,00,True,True,COMPLETED,True,True
phi2-A00-B01-01_01_01,69,phi2,00,01,01,01,01,00,01,01,01,6f,c9,6e,c8,C_A=tilde_M_A XOR K_A_otp,C_B=tilde_M_B XOR K_B_otp,True,True,"{""M_A"": ""01"", ""M_B"": ""00"", ""alice_base34"": ""00"", ""alice_base56"": ""01"", ""bob_base34"": ""00"", ""bob_base56"": ""01"", ""label12"": ""01"", ""tilde_M_A"": ""01"", ""tilde_M_B"": ""01""}","{""bell_labels"": [""01"", ""01"", ""01""], ""cluster_type"": ""phi2"", ""decoded_for_alice"": ""01"", ""decoded_for_bob"": ""00"", ""decoded_intermediates"": {""M_A"": ""01"", ""M_B"": ""00"", ""alice_base34"": ""00"", ""alice_base56"": ""01"", ""bob_base34"": ""00"", ""bob_base56"": ""01"", ""label12"": ""01"", ""tilde_M_A"": ""01"", ""tilde_M_B"": ""01""}, ""source"": ""qiskit_statevector_nonzero_bell_support""}",01,00,01,00,True,True,COMPLETED,True,True
phi2-A00-B01-10_10_10,70,phi2,00,01,10,10,10,11,10,10,10,c5,c6,c7,c4,C_A=tilde_M_A XOR K_A_otp,C_B=tilde_M_B XOR K_B_otp,True,True,"{""M_A"": ""10"", ""M_B"": ""11"", ""alice_base34"": ""11"", ""alice_base56"": ""10"", ""bob_base34"": ""11"", ""bob_base56"": ""10"", ""label12"": ""10"", ""tilde_M_A"": ""10"", ""tilde_M_B"": ""10""}","{""bell_labels"": [""10"", ""10"", ""10""], ""cluster_type"": ""phi2"", ""decoded_for_alice"": ""01"", ""decoded_for_bob"": ""00"", ""decoded_intermediates"": {""M_A"": ""10"", ""M_B"": ""11"", ""alice_base34"": ""11"", ""alice_base56"": ""10"", ""bob_base34"": ""11"", ""bob_base56"": ""10"", ""label12"": ""10"", ""tilde_M_A"": ""10"", ""tilde_M_B"": ""10""}, ""source"": ""qiskit_statevector_nonzero_bell_support""}",01,00,01,00,True,True,COMPLETED,True,True
phi2-A00-B01-10_11_01,71,phi2,00,01,10,11,01,10,11,01,01,ab,da,aa,d9,C_A=tilde_M_A XOR K_A_otp,C_B=tilde_M_B XOR K_B_otp,True,True,"{""M_A"": ""01"", ""M_B"": ""10"", ""alice_base34"": ""10"", ""alice_base56"": ""01"", ""bob_base34"": ""10"", ""bob_base56"": ""01"", ""label12"": ""10"", ""tilde_M_A"": ""01"", ""tilde_M_B"": ""11""}","{""bell_labels"": [""10"", ""11"", ""01""], ""cluster_type"": ""phi2"", ""decoded_for_alice"": ""01"", ""decoded_for_bob"": ""00"", ""decoded_intermediates"": {""M_A"": ""01"", ""M_B"": ""10"", ""alice_base34"": ""10"", ""alice_base56"": ""01"", ""bob_base34"": ""10"", ""bob_base56"": ""01"", ""label12"": ""10"", ""tilde_M_A"": ""01"", ""tilde_M_B"": ""11""}, ""source"": ""qiskit_statevector_nonzero_bell_support""}",01,00,01,00,True,True,COMPLETED,True,True
phi2-A00-B10-01_10_01,72,phi2,00,10,01,10,01,00,10,01,01,92,17,93,15,C_A=tilde_M_A XOR K_A_otp,C_B=tilde_M_B XOR K_B_otp,True,True,"{""M_A"": ""01"", ""M_B"": ""00"", ""alice_base34"": ""00"", ""alice_base56"": ""01"", ""bob_base34"": ""00"", ""bob_base56"": ""01"", ""label12"": ""01"", ""tilde_M_A"": ""01"", ""tilde_M_B"": ""10""}","{""bell_labels"": [""01"", ""10"", ""01""], ""cluster_type"": ""phi2"", ""decoded_for_alice"": ""10"", ""decoded_for_bob"": ""00"", ""decoded_intermediates"": {""M_A"": ""01"", ""M_B"": ""00"", ""alice_base34"": ""00"", ""alice_base56"": ""01"", ""bob_base34"": ""00"", ""bob_base56"": ""01"", ""label12"": ""01"", ""tilde_M_A"": ""01"", ""tilde_M_B"": ""10""}, ""source"": ""qiskit_statevector_nonzero_bell_support""}",10,00,10,00,True,True,COMPLETED,True,True
phi2-A00-B10-01_11_10,73,phi2,00,10,01,11,10,01,11,10,10,ed,b0,ef,b3,C_A=tilde_M_A XOR K_A_otp,C_B=tilde_M_B XOR K_B_otp,True,True,"{""M_A"": ""10"", ""M_B"": ""01"", ""alice_base34"": ""01"", ""alice_base56"": ""10"", ""bob_base34"": ""01"", ""bob_base56"": ""10"", ""label12"": ""01"", ""tilde_M_A"": ""10"", ""tilde_M_B"": ""11""}","{""bell_labels"": [""01"", ""11"", ""10""], ""cluster_type"": ""phi2"", ""decoded_for_alice"": ""10"", ""decoded_for_bob"": ""00"", ""decoded_intermediates"": {""M_A"": ""10"", ""M_B"": ""01"", ""alice_base34"": ""01"", ""alice_base56"": ""10"", ""bob_base34"": ""01"", ""bob_base56"": ""10"", ""label12"": ""01"", ""tilde_M_A"": ""10"", ""tilde_M_B"": ""11""}, ""source"": ""qiskit_statevector_nonzero_bell_support""}",10,00,10,00,True,True,COMPLETED,True,True
phi2-A00-B10-10_00_01,74,phi2,00,10,10,00,01,10,00,01,01,f3,02,f2,02,C_A=tilde_M_A XOR K_A_otp,C_B=tilde_M_B XOR K_B_otp,True,True,"{""M_A"": ""01"", ""M_B"": ""10"", ""alice_base34"": ""10"", ""alice_base56"": ""01"", ""bob_base34"": ""10"", ""bob_base56"": ""01"", ""label12"": ""10"", ""tilde_M_A"": ""01"", ""tilde_M_B"": ""00""}","{""bell_labels"": [""10"", ""00"", ""01""], ""cluster_type"": ""phi2"", ""decoded_for_alice"": ""10"", ""decoded_for_bob"": ""00"", ""decoded_intermediates"": {""M_A"": ""01"", ""M_B"": ""10"", ""alice_base34"": ""10"", ""alice_base56"": ""01"", ""bob_base34"": ""10"", ""bob_base56"": ""01"", ""label12"": ""10"", ""tilde_M_A"": ""01"", ""tilde_M_B"": ""00""}, ""source"": ""qiskit_statevector_nonzero_bell_support""}",10,00,10,00,True,True,COMPLETED,True,True
phi2-A00-B10-10_01_10,75,phi2,00,10,10,01,10,11,01,10,10,0f,be,0d,bf,C_A=tilde_M_A XOR K_A_otp,C_B=tilde_M_B XOR K_B_otp,True,True,"{""M_A"": ""10"", ""M_B"": ""11"", ""alice_base34"": ""11"", ""alice_base56"": ""10"", ""bob_base34"": ""11"", ""bob_base56"": ""10"", ""label12"": ""10"", ""tilde_M_A"": ""10"", ""tilde_M_B"": ""01""}","{""bell_labels"": [""10"", ""01"", ""10""], ""cluster_type"": ""phi2"", ""decoded_for_alice"": ""10"", ""decoded_for_bob"": ""00"", ""decoded_intermediates"": {""M_A"": ""10"", ""M_B"": ""11"", ""alice_base34"": ""11"", ""alice_base56"": ""10"", ""bob_base34"": ""11"", ""bob_base56"": ""10"", ""label12"": ""10"", ""tilde_M_A"": ""10"", ""tilde_M_B"": ""01""}, ""source"": ""qiskit_statevector_nonzero_bell_support""}",10,00,10,00,True,True,COMPLETED,True,True
phi2-A00-B11-01_10_10,76,phi2,00,11,01,10,10,01,10,10,10,33,40,31,42,C_A=tilde_M_A XOR K_A_otp,C_B=tilde_M_B XOR K_B_otp,True,True,"{""M_A"": ""10"", ""M_B"": ""01"", ""alice_base34"": ""01"", ""alice_base56"": ""10"", ""bob_base34"": ""01"", ""bob_base56"": ""10"", ""label12"": ""01"", ""tilde_M_A"": ""10"", ""tilde_M_B"": ""10""}","{""bell_labels"": [""01"", ""10"", ""10""], ""cluster_type"": ""phi2"", ""decoded_for_alice"": ""11"", ""decoded_for_bob"": ""00"", ""decoded_intermediates"": {""M_A"": ""10"", ""M_B"": ""01"", ""alice_base34"": ""01"", ""alice_base56"": ""10"", ""bob_base34"": ""01"", ""bob_base56"": ""10"", ""label12"": ""01"", ""tilde_M_A"": ""10"", ""tilde_M_B"": ""10""}, ""source"": ""qiskit_statevector_nonzero_bell_support""}",11,00,11,00,True,True,COMPLETED,True,True
phi2-A00-B11-01_11_01,77,phi2,00,11,01,11,01,00,11,01,01,a0,aa,a1,a9,C_A=tilde_M_A XOR K_A_otp,C_B=tilde_M_B XOR K_B_otp,True,True,"{""M_A"": ""01"", ""M_B"": ""00"", ""alice_base34"": ""00"", ""alice_base56"": ""01"", ""bob_base34"": ""00"", ""bob_base56"": ""01"", ""label12"": ""01"", ""tilde_M_A"": ""01"", ""tilde_M_B"": ""11""}","{""bell_labels"": [""01"", ""11"", ""01""], ""cluster_type"": ""phi2"", ""decoded_for_alice"": ""11"", ""decoded_for_bob"": ""00"", ""decoded_intermediates"": {""M_A"": ""01"", ""M_B"": ""00"", ""alice_base34"": ""00"", ""alice_base56"": ""01"", ""bob_base34"": ""00"", ""bob_base56"": ""01"", ""label12"": ""01"", ""tilde_M_A"": ""01"", ""tilde_M_B"": ""11""}, ""source"": ""qiskit_statevector_nonzero_bell_support""}",11,00,11,00,True,True,COMPLETED,True,True
phi2-A00-B11-10_00_10,78,phi2,00,11,10,00,10,11,00,10,10,05,3b,07,3b,C_A=tilde_M_A XOR K_A_otp,C_B=tilde_M_B XOR K_B_otp,True,True,"{""M_A"": ""10"", ""M_B"": ""11"", ""alice_base34"": ""11"", ""alice_base56"": ""10"", ""bob_base34"": ""11"", ""bob_base56"": ""10"", ""label12"": ""10"", ""tilde_M_A"": ""10"", ""tilde_M_B"": ""00""}","{""bell_labels"": [""10"", ""00"", ""10""], ""cluster_type"": ""phi2"", ""decoded_for_alice"": ""11"", ""decoded_for_bob"": ""00"", ""decoded_intermediates"": {""M_A"": ""10"", ""M_B"": ""11"", ""alice_base34"": ""11"", ""alice_base56"": ""10"", ""bob_base34"": ""11"", ""bob_base56"": ""10"", ""label12"": ""10"", ""tilde_M_A"": ""10"", ""tilde_M_B"": ""00""}, ""source"": ""qiskit_statevector_nonzero_bell_support""}",11,00,11,00,True,True,COMPLETED,True,True
phi2-A00-B11-10_01_01,79,phi2,00,11,10,01,01,10,01,01,01,e3,23,e2,22,C_A=tilde_M_A XOR K_A_otp,C_B=tilde_M_B XOR K_B_otp,True,True,"{""M_A"": ""01"", ""M_B"": ""10"", ""alice_base34"": ""10"", ""alice_base56"": ""01"", ""bob_base34"": ""10"", ""bob_base56"": ""01"", ""label12"": ""10"", ""tilde_M_A"": ""01"", ""tilde_M_B"": ""01""}","{""bell_labels"": [""10"", ""01"", ""01""], ""cluster_type"": ""phi2"", ""decoded_for_alice"": ""11"", ""decoded_for_bob"": ""00"", ""decoded_intermediates"": {""M_A"": ""01"", ""M_B"": ""10"", ""alice_base34"": ""10"", ""alice_base56"": ""01"", ""bob_base34"": ""10"", ""bob_base56"": ""01"", ""label12"": ""10"", ""tilde_M_A"": ""01"", ""tilde_M_B"": ""01""}, ""source"": ""qiskit_statevector_nonzero_bell_support""}",11,00,11,00,True,True,COMPLETED,True,True
phi2-A01-B00-01_00_00,80,phi2,01,00,01,00,00,00,00,01,00,a7,c8,a7,c8,C_A=tilde_M_A XOR K_A_otp,C_B=tilde_M_B XOR K_B_otp,True,True,"{""M_A"": ""01"", ""M_B"": ""00"", ""alice_base34"": ""00"", ""alice_base56"": ""01"", ""bob_base34"": ""00"", ""bob_base56"": ""01"", ""label12"": ""01"", ""tilde_M_A"": ""00"", ""tilde_M_B"": ""00""}","{""bell_labels"": [""01"", ""00"", ""00""], ""cluster_type"": ""phi2"", ""decoded_for_alice"": ""00"", ""decoded_for_bob"": ""01"", ""decoded_intermediates"": {""M_A"": ""01"", ""M_B"": ""00"", ""alice_base34"": ""00"", ""alice_base56"": ""01"", ""bob_base34"": ""00"", ""bob_base56"": ""01"", ""label12"": ""01"", ""tilde_M_A"": ""00"", ""tilde_M_B"": ""00""}, ""source"": ""qiskit_statevector_nonzero_bell_support""}",00,01,00,01,True,True,COMPLETED,True,True
phi2-A01-B00-01_01_11,81,phi2,01,00,01,01,11,01,01,10,11,e2,b1,e1,b0,C_A=tilde_M_A XOR K_A_otp,C_B=tilde_M_B XOR K_B_otp,True,True,"{""M_A"": ""10"", ""M_B"": ""01"", ""alice_base34"": ""01"", ""alice_base56"": ""10"", ""bob_base34"": ""01"", ""bob_base56"": ""10"", ""label12"": ""01"", ""tilde_M_A"": ""11"", ""tilde_M_B"": ""01""}","{""bell_labels"": [""01"", ""01"", ""11""], ""cluster_type"": ""phi2"", ""decoded_for_alice"": ""00"", ""decoded_for_bob"": ""01"", ""decoded_intermediates"": {""M_A"": ""10"", ""M_B"": ""01"", ""alice_base34"": ""01"", ""alice_base56"": ""10"", ""bob_base34"": ""01"", ""bob_base56"": ""10"", ""label12"": ""01"", ""tilde_M_A"": ""11"", ""tilde_M_B"": ""01""}, ""source"": ""qiskit_statevector_nonzero_bell_support""}",00,01,00,01,True,True,COMPLETED,True,True
phi2-A01-B00-10_10_00,82,phi2,01,00,10,10,00,10,10,01,00,e4,0e,e4,0c,C_A=tilde_M_A XOR K_A_otp,C_B=tilde_M_B XOR K_B_otp,True,True,"{""M_A"": ""01"", ""M_B"": ""10"", ""alice_base34"": ""10"", ""alice_base56"": ""01"", ""bob_base34"": ""10"", ""bob_base56"": ""01"", ""label12"": ""10"", ""tilde_M_A"": ""00"", ""tilde_M_B"": ""10""}","{""bell_labels"": [""10"", ""10"", ""00""], ""cluster_type"": ""phi2"", ""decoded_for_alice"": ""00"", ""decoded_for_bob"": ""01"", ""decoded_intermediates"": {""M_A"": ""01"", ""M_B"": ""10"", ""alice_base34"": ""10"", ""alice_base56"": ""01"", ""bob_base34"": ""10"", ""bob_base56"": ""01"", ""label12"": ""10"", ""tilde_M_A"": ""00"", ""tilde_M_B"": ""10""}, ""source"": ""qiskit_statevector_nonzero_bell_support""}",00,01,00,01,True,True,COMPLETED,True,True
phi2-A01-B00-10_11_11,83,phi2,01,00,10,11,11,11,11,10,11,8e,5c,8d,5f,C_A=tilde_M_A XOR K_A_otp,C_B=tilde_M_B XOR K_B_otp,True,True,"{""M_A"": ""10"", ""M_B"": ""11"", ""alice_base34"": ""11"", ""alice_base56"": ""10"", ""bob_base34"": ""11"", ""bob_base56"": ""10"", ""label12"": ""10"", ""tilde_M_A"": ""11"", ""tilde_M_B"": ""11""}","{""bell_labels"": [""10"", ""11"", ""11""], ""cluster_type"": ""phi2"", ""decoded_for_alice"": ""00"", ""decoded_for_bob"": ""01"", ""decoded_intermediates"": {""M_A"": ""10"", ""M_B"": ""11"", ""alice_base34"": ""11"", ""alice_base56"": ""10"", ""bob_base34"": ""11"", ""bob_base56"": ""10"", ""label12"": ""10"", ""tilde_M_A"": ""11"", ""tilde_M_B"": ""11""}, ""source"": ""qiskit_statevector_nonzero_bell_support""}",00,01,00,01,True,True,COMPLETED,True,True
phi2-A01-B01-01_00_11,84,phi2,01,01,01,00,11,01,00,10,11,e7,25,e4,25,C_A=tilde_M_A XOR K_A_otp,C_B=tilde_M_B XOR K_B_otp,True,True,"{""M_A"": ""10"", ""M_B"": ""01"", ""alice_base34"": ""01"", ""alice_base56"": ""10"", ""bob_base34"": ""01"", ""bob_base56"": ""10"", ""label12"": ""01"", ""tilde_M_A"": ""11"", ""tilde_M_B"": ""00""}","{""bell_labels"": [""01"", ""00"", ""11""], ""cluster_type"": ""phi2"", ""decoded_for_alice"": ""01"", ""decoded_for_bob"": ""01"", ""decoded_intermediates"": {""M_A"": ""10"", ""M_B"": ""01"", ""alice_base34"": ""01"", ""alice_base56"": ""10"", ""bob_base34"": ""01"", ""bob_base56"": ""10"", ""label12"": ""01"", ""tilde_M_A"": ""11"", ""tilde_M_B"": ""00""}, ""source"": ""qiskit_statevector_nonzero_bell_support""}",01,01,01,01,True,True,COMPLETED,True,True
phi2-A01-B01-01_01_00,85,phi2,01,01,01,01,00,00,01,01,00,69,2a,69,2b,C_A=tilde_M_A XOR K_A_otp,C_B=tilde_M_B XOR K_B_otp,True,True,"{""M_A"": ""01"", ""M_B"": ""00"", ""alice_base34"": ""00"", ""alice_base56"": ""01"", ""bob_base34"": ""00"", ""bob_base56"": ""01"", ""label12"": ""01"", ""tilde_M_A"": ""00"", ""tilde_M_B"": ""01""}","{""bell_labels"": [""01"", ""01"", ""00""], ""cluster_type"": ""phi2"", ""decoded_for_alice"": ""01"", ""decoded_for_bob"": ""01"", ""decoded_intermediates"": {""M_A"": ""01"", ""M_B"": ""00"", ""alice_base34"": ""00"", ""alice_base56"": ""01"", ""bob_base34"": ""00"", ""bob_base56"": ""01"", ""label12"": ""01"", ""tilde_M_A"": ""00"", ""tilde_M_B"": ""01""}, ""source"": ""qiskit_statevector_nonzero_bell_support""}",01,01,01,01,True,True,COMPLETED,True,True
phi2-A01-B01-10_10_11,86,phi2,01,01,10,10,11,11,10,10,11,a2,88,a1,8a,C_A=tilde_M_A XOR K_A_otp,C_B=tilde_M_B XOR K_B_otp,True,True,"{""M_A"": ""10"", ""M_B"": ""11"", ""alice_base34"": ""11"", ""alice_base56"": ""10"", ""bob_base34"": ""11"", ""bob_base56"": ""10"", ""label12"": ""10"", ""tilde_M_A"": ""11"", ""tilde_M_B"": ""10""}","{""bell_labels"": [""10"", ""10"", ""11""], ""cluster_type"": ""phi2"", ""decoded_for_alice"": ""01"", ""decoded_for_bob"": ""01"", ""decoded_intermediates"": {""M_A"": ""10"", ""M_B"": ""11"", ""alice_base34"": ""11"", ""alice_base56"": ""10"", ""bob_base34"": ""11"", ""bob_base56"": ""10"", ""label12"": ""10"", ""tilde_M_A"": ""11"", ""tilde_M_B"": ""10""}, ""source"": ""qiskit_statevector_nonzero_bell_support""}",01,01,01,01,True,True,COMPLETED,True,True
phi2-A01-B01-10_11_00,87,phi2,01,01,10,11,00,10,11,01,00,25,f9,25,fa,C_A=tilde_M_A XOR K_A_otp,C_B=tilde_M_B XOR K_B_otp,True,True,"{""M_A"": ""01"", ""M_B"": ""10"", ""alice_base34"": ""10"", ""alice_base56"": ""01"", ""bob_base34"": ""10"", ""bob_base56"": ""01"", ""label12"": ""10"", ""tilde_M_A"": ""00"", ""tilde_M_B"": ""11""}","{""bell_labels"": [""10"", ""11"", ""00""], ""cluster_type"": ""phi2"", ""decoded_for_alice"": ""01"", ""decoded_for_bob"": ""01"", ""decoded_intermediates"": {""M_A"": ""01"", ""M_B"": ""10"", ""alice_base34"": ""10"", ""alice_base56"": ""01"", ""bob_base34"": ""10"", ""bob_base56"": ""01"", ""label12"": ""10"", ""tilde_M_A"": ""00"", ""tilde_M_B"": ""11""}, ""source"": ""qiskit_statevector_nonzero_bell_support""}",01,01,01,01,True,True,COMPLETED,True,True
phi2-A01-B10-01_10_00,88,phi2,01,10,01,10,00,00,10,01,00,f0,5b,f0,59,C_A=tilde_M_A XOR K_A_otp,C_B=tilde_M_B XOR K_B_otp,True,True,"{""M_A"": ""01"", ""M_B"": ""00"", ""alice_base34"": ""00"", ""alice_base56"": ""01"", ""bob_base34"": ""00"", ""bob_base56"": ""01"", ""label12"": ""01"", ""tilde_M_A"": ""00"", ""tilde_M_B"": ""10""}","{""bell_labels"": [""01"", ""10"", ""00""], ""cluster_type"": ""phi2"", ""decoded_for_alice"": ""10"", ""decoded_for_bob"": ""01"", ""decoded_intermediates"": {""M_A"": ""01"", ""M_B"": ""00"", ""alice_base34"": ""00"", ""alice_base56"": ""01"", ""bob_base34"": ""00"", ""bob_base56"": ""01"", ""label12"": ""01"", ""tilde_M_A"": ""00"", ""tilde_M_B"": ""10""}, ""source"": ""qiskit_statevector_nonzero_bell_support""}",10,01,10,01,True,True,COMPLETED,True,True
phi2-A01-B10-01_11_11,89,phi2,01,10,01,11,11,01,11,10,11,0a,e7,09,e4,C_A=tilde_M_A XOR K_A_otp,C_B=tilde_M_B XOR K_B_otp,True,True,"{""M_A"": ""10"", ""M_B"": ""01"", ""alice_base34"": ""01"", ""alice_base56"": ""10"", ""bob_base34"": ""01"", ""bob_base56"": ""10"", ""label12"": ""01"", ""tilde_M_A"": ""11"", ""tilde_M_B"": ""11""}","{""bell_labels"": [""01"", ""11"", ""11""], ""cluster_type"": ""phi2"", ""decoded_for_alice"": ""10"", ""decoded_for_bob"": ""01"", ""decoded_intermediates"": {""M_A"": ""10"", ""M_B"": ""01"", ""alice_base34"": ""01"", ""alice_base56"": ""10"", ""bob_base34"": ""01"", ""bob_base56"": ""10"", ""label12"": ""01"", ""tilde_M_A"": ""11"", ""tilde_M_B"": ""11""}, ""source"": ""qiskit_statevector_nonzero_bell_support""}",10,01,10,01,True,True,COMPLETED,True,True
phi2-A01-B10-10_00_00,90,phi2,01,10,10,00,00,10,00,01,00,24,ac,24,ac,C_A=tilde_M_A XOR K_A_otp,C_B=tilde_M_B XOR K_B_otp,True,True,"{""M_A"": ""01"", ""M_B"": ""10"", ""alice_base34"": ""10"", ""alice_base56"": ""01"", ""bob_base34"": ""10"", ""bob_base56"": ""01"", ""label12"": ""10"", ""tilde_M_A"": ""00"", ""tilde_M_B"": ""00""}","{""bell_labels"": [""10"", ""00"", ""00""], ""cluster_type"": ""phi2"", ""decoded_for_alice"": ""10"", ""decoded_for_bob"": ""01"", ""decoded_intermediates"": {""M_A"": ""01"", ""M_B"": ""10"", ""alice_base34"": ""10"", ""alice_base56"": ""01"", ""bob_base34"": ""10"", ""bob_base56"": ""01"", ""label12"": ""10"", ""tilde_M_A"": ""00"", ""tilde_M_B"": ""00""}, ""source"": ""qiskit_statevector_nonzero_bell_support""}",10,01,10,01,True,True,COMPLETED,True,True
phi2-A01-B10-10_01_11,91,phi2,01,10,10,01,11,11,01,10,11,88,94,8b,95,C_A=tilde_M_A XOR K_A_otp,C_B=tilde_M_B XOR K_B_otp,True,True,"{""M_A"": ""10"", ""M_B"": ""11"", ""alice_base34"": ""11"", ""alice_base56"": ""10"", ""bob_base34"": ""11"", ""bob_base56"": ""10"", ""label12"": ""10"", ""tilde_M_A"": ""11"", ""tilde_M_B"": ""01""}","{""bell_labels"": [""10"", ""01"", ""11""], ""cluster_type"": ""phi2"", ""decoded_for_alice"": ""10"", ""decoded_for_bob"": ""01"", ""decoded_intermediates"": {""M_A"": ""10"", ""M_B"": ""11"", ""alice_base34"": ""11"", ""alice_base56"": ""10"", ""bob_base34"": ""11"", ""bob_base56"": ""10"", ""label12"": ""10"", ""tilde_M_A"": ""11"", ""tilde_M_B"": ""01""}, ""source"": ""qiskit_statevector_nonzero_bell_support""}",10,01,10,01,True,True,COMPLETED,True,True
phi2-A01-B11-01_10_11,92,phi2,01,11,01,10,11,01,10,10,11,5d,29,5e,2b,C_A=tilde_M_A XOR K_A_otp,C_B=tilde_M_B XOR K_B_otp,True,True,"{""M_A"": ""10"", ""M_B"": ""01"", ""alice_base34"": ""01"", ""alice_base56"": ""10"", ""bob_base34"": ""01"", ""bob_base56"": ""10"", ""label12"": ""01"", ""tilde_M_A"": ""11"", ""tilde_M_B"": ""10""}","{""bell_labels"": [""01"", ""10"", ""11""], ""cluster_type"": ""phi2"", ""decoded_for_alice"": ""11"", ""decoded_for_bob"": ""01"", ""decoded_intermediates"": {""M_A"": ""10"", ""M_B"": ""01"", ""alice_base34"": ""01"", ""alice_base56"": ""10"", ""bob_base34"": ""01"", ""bob_base56"": ""10"", ""label12"": ""01"", ""tilde_M_A"": ""11"", ""tilde_M_B"": ""10""}, ""source"": ""qiskit_statevector_nonzero_bell_support""}",11,01,11,01,True,True,COMPLETED,True,True
phi2-A01-B11-01_11_00,93,phi2,01,11,01,11,00,00,11,01,00,3f,e8,3f,eb,C_A=tilde_M_A XOR K_A_otp,C_B=tilde_M_B XOR K_B_otp,True,True,"{""M_A"": ""01"", ""M_B"": ""00"", ""alice_base34"": ""00"", ""alice_base56"": ""01"", ""bob_base34"": ""00"", ""bob_base56"": ""01"", ""label12"": ""01"", ""tilde_M_A"": ""00"", ""tilde_M_B"": ""11""}","{""bell_labels"": [""01"", ""11"", ""00""], ""cluster_type"": ""phi2"", ""decoded_for_alice"": ""11"", ""decoded_for_bob"": ""01"", ""decoded_intermediates"": {""M_A"": ""01"", ""M_B"": ""00"", ""alice_base34"": ""00"", ""alice_base56"": ""01"", ""bob_base34"": ""00"", ""bob_base56"": ""01"", ""label12"": ""01"", ""tilde_M_A"": ""00"", ""tilde_M_B"": ""11""}, ""source"": ""qiskit_statevector_nonzero_bell_support""}",11,01,11,01,True,True,COMPLETED,True,True
phi2-A01-B11-10_00_11,94,phi2,01,11,10,00,11,11,00,10,11,b6,22,b5,22,C_A=tilde_M_A XOR K_A_otp,C_B=tilde_M_B XOR K_B_otp,True,True,"{""M_A"": ""10"", ""M_B"": ""11"", ""alice_base34"": ""11"", ""alice_base56"": ""10"", ""bob_base34"": ""11"", ""bob_base56"": ""10"", ""label12"": ""10"", ""tilde_M_A"": ""11"", ""tilde_M_B"": ""00""}","{""bell_labels"": [""10"", ""00"", ""11""], ""cluster_type"": ""phi2"", ""decoded_for_alice"": ""11"", ""decoded_for_bob"": ""01"", ""decoded_intermediates"": {""M_A"": ""10"", ""M_B"": ""11"", ""alice_base34"": ""11"", ""alice_base56"": ""10"", ""bob_base34"": ""11"", ""bob_base56"": ""10"", ""label12"": ""10"", ""tilde_M_A"": ""11"", ""tilde_M_B"": ""00""}, ""source"": ""qiskit_statevector_nonzero_bell_support""}",11,01,11,01,True,True,COMPLETED,True,True
phi2-A01-B11-10_01_00,95,phi2,01,11,10,01,00,10,01,01,00,63,75,63,74,C_A=tilde_M_A XOR K_A_otp,C_B=tilde_M_B XOR K_B_otp,True,True,"{""M_A"": ""01"", ""M_B"": ""10"", ""alice_base34"": ""10"", ""alice_base56"": ""01"", ""bob_base34"": ""10"", ""bob_base56"": ""01"", ""label12"": ""10"", ""tilde_M_A"": ""00"", ""tilde_M_B"": ""01""}","{""bell_labels"": [""10"", ""01"", ""00""], ""cluster_type"": ""phi2"", ""decoded_for_alice"": ""11"", ""decoded_for_bob"": ""01"", ""decoded_intermediates"": {""M_A"": ""01"", ""M_B"": ""10"", ""alice_base34"": ""10"", ""alice_base56"": ""01"", ""bob_base34"": ""10"", ""bob_base56"": ""01"", ""label12"": ""10"", ""tilde_M_A"": ""00"", ""tilde_M_B"": ""01""}, ""source"": ""qiskit_statevector_nonzero_bell_support""}",11,01,11,01,True,True,COMPLETED,True,True
phi2-A10-B00-01_00_11,96,phi2,10,00,01,00,11,00,00,01,11,2d,83,2e,83,C_A=tilde_M_A XOR K_A_otp,C_B=tilde_M_B XOR K_B_otp,True,True,"{""M_A"": ""01"", ""M_B"": ""00"", ""alice_base34"": ""00"", ""alice_base56"": ""01"", ""bob_base34"": ""00"", ""bob_base56"": ""01"", ""label12"": ""01"", ""tilde_M_A"": ""11"", ""tilde_M_B"": ""00""}","{""bell_labels"": [""01"", ""00"", ""11""], ""cluster_type"": ""phi2"", ""decoded_for_alice"": ""00"", ""decoded_for_bob"": ""10"", ""decoded_intermediates"": {""M_A"": ""01"", ""M_B"": ""00"", ""alice_base34"": ""00"", ""alice_base56"": ""01"", ""bob_base34"": ""00"", ""bob_base56"": ""01"", ""label12"": ""01"", ""tilde_M_A"": ""11"", ""tilde_M_B"": ""00""}, ""source"": ""qiskit_statevector_nonzero_bell_support""}",00,10,00,10,True,True,COMPLETED,True,True
phi2-A10-B00-01_01_00,97,phi2,10,00,01,01,00,01,01,10,00,d7,27,d7,26,C_A=tilde_M_A XOR K_A_otp,C_B=tilde_M_B XOR K_B_otp,True,True,"{""M_A"": ""10"", ""M_B"": ""01"", ""alice_base34"": ""01"", ""alice_base56"": ""10"", ""bob_base34"": ""01"", ""bob_base56"": ""10"", ""label12"": ""01"", ""tilde_M_A"": ""00"", ""tilde_M_B"": ""01""}","{""bell_labels"": [""01"", ""01"", ""00""], ""cluster_type"": ""phi2"", ""decoded_for_alice"": ""00"", ""decoded_for_bob"": ""10"", ""decoded_intermediates"": {""M_A"": ""10"", ""M_B"": ""01"", ""alice_base34"": ""01"", ""alice_base56"": ""10"", ""bob_base34"": ""01"", ""bob_base56"": ""10"", ""label12"": ""01"", ""tilde_M_A"": ""00"", ""tilde_M_B"": ""01""}, ""source"": ""qiskit_statevector_nonzero_bell_support""}",00,10,00,10,True,True,COMPLETED,True,True
phi2-A10-B00-10_10_11,98,phi2,10,00,10,10,11,10,10,01,11,7f,dd,7c,df,C_A=tilde_M_A XOR K_A_otp,C_B=tilde_M_B XOR K_B_otp,True,True,"{""M_A"": ""01"", ""M_B"": ""10"", ""alice_base34"": ""10"", ""alice_base56"": ""01"", ""bob_base34"": ""10"", ""bob_base56"": ""01"", ""label12"": ""10"", ""tilde_M_A"": ""11"", ""tilde_M_B"": ""10""}","{""bell_labels"": [""10"", ""10"", ""11""], ""cluster_type"": ""phi2"", ""decoded_for_alice"": ""00"", ""decoded_for_bob"": ""10"", ""decoded_intermediates"": {""M_A"": ""01"", ""M_B"": ""10"", ""alice_base34"": ""10"", ""alice_base56"": ""01"", ""bob_base34"": ""10"", ""bob_base56"": ""01"", ""label12"": ""10"", ""tilde_M_A"": ""11"", ""tilde_M_B"": ""10""}, ""source"": ""qiskit_statevector_nonzero_bell_support""}",00,10,00,10,True,True,COMPLETED,True,True
phi2-A10-B00-10_11_00,99,phi2,10,00,10,11,00,11,11,10,00,35,a9,35,aa,C_A=tilde_M_A XOR K_A_otp,C_B=tilde_M_B XOR K_B_otp,True,True,"{""M_A"": ""10"", ""M_B"": ""11"", ""alice_base34"": ""11"", ""alice_base56"": ""10"", ""bob_base34"": ""11"", ""bob_base56"": ""10"", ""label12"": ""10"", ""tilde_M_A"": ""00"", ""tilde_M_B"": ""11""}","{""bell_labels"": [""10"", ""11"", ""00""], ""cluster_type"": ""phi2"", ""decoded_for_alice"": ""00"", ""decoded_for_bob"": ""10"", ""decoded_intermediates"": {""M_A"": ""10"", ""M_B"": ""11"", ""alice_base34"": ""11"", ""alice_base56"": ""10"", ""bob_base34"": ""11"", ""bob_base56"": ""10"", ""label12"": ""10"", ""tilde_M_A"": ""00"", ""tilde_M_B"": ""11""}, ""source"": ""qiskit_statevector_nonzero_bell_support""}",00,10,00,10,True,True,COMPLETED,True,True
phi2-A10-B01-01_00_00,100,phi2,10,01,01,00,00,01,00,10,00,0d,d3,0d,d3,C_A=tilde_M_A XOR K_A_otp,C_B=tilde_M_B XOR K_B_otp,True,True,"{""M_A"": ""10"", ""M_B"": ""01"", ""alice_base34"": ""01"", ""alice_base56"": ""10"", ""bob_base34"": ""01"", ""bob_base56"": ""10"", ""label12"": ""01"", ""tilde_M_A"": ""00"", ""tilde_M_B"": ""00""}","{""bell_labels"": [""01"", ""00"", ""00""], ""cluster_type"": ""phi2"", ""decoded_for_alice"": ""01"", ""decoded_for_bob"": ""10"", ""decoded_intermediates"": {""M_A"": ""10"", ""M_B"": ""01"", ""alice_base34"": ""01"", ""alice_base56"": ""10"", ""bob_base34"": ""01"", ""bob_base56"": ""10"", ""label12"": ""01"", ""tilde_M_A"": ""00"", ""tilde_M_B"": ""00""}, ""source"": ""qiskit_statevector_nonzero_bell_support""}",01,10,01,10,True,True,COMPLETED,True,True
phi2-A10-B01-01_01_11,101,phi2,10,01,01,01,11,00,01,01,11,b2,d9,b1,d8,C_A=tilde_M_A XOR K_A_otp,C_B=tilde_M_B XOR K_B_otp,True,True,"{""M_A"": ""01"", ""M_B"": ""00"", ""alice_base34"": ""00"", ""alice_base56"": ""01"", ""bob_base34"": ""00"", ""bob_base56"": ""01"", ""label12"": ""01"", ""tilde_M_A"": ""11"", ""tilde_M_B"": ""01""}","{""bell_labels"": [""01"", ""01"", ""11""], ""cluster_type"": ""phi2"", ""decoded_for_alice"": ""01"", ""decoded_for_bob"": ""10"", ""decoded_intermediates"": {""M_A"": ""01"", ""M_B"": ""00"", ""alice_base34"": ""00"", ""alice_base56"": ""01"", ""bob_base34"": ""00"", ""bob_base56"": ""01"", ""label12"": ""01"", ""tilde_M_A"": ""11"", ""tilde_M_B"": ""01""}, ""source"": ""qiskit_statevector_nonzero_bell_support""}",01,10,01,10,True,True,COMPLETED,True,True
phi2-A10-B01-10_10_00,102,phi2,10,01,10,10,00,11,10,10,00,a7,69,a7,6b,C_A=tilde_M_A XOR K_A_otp,C_B=tilde_M_B XOR K_B_otp,True,True,"{""M_A"": ""10"", ""M_B"": ""11"", ""alice_base34"": ""11"", ""alice_base56"": ""10"", ""bob_base34"": ""11"", ""bob_base56"": ""10"", ""label12"": ""10"", ""tilde_M_A"": ""00"", ""tilde_M_B"": ""10""}","{""bell_labels"": [""10"", ""10"", ""00""], ""cluster_type"": ""phi2"", ""decoded_for_alice"": ""01"", ""decoded_for_bob"": ""10"", ""decoded_intermediates"": {""M_A"": ""10"", ""M_B"": ""11"", ""alice_base34"": ""11"", ""alice_base56"": ""10"", ""bob_base34"": ""11"", ""bob_base56"": ""10"", ""label12"": ""10"", ""tilde_M_A"": ""00"", ""tilde_M_B"": ""10""}, ""source"": ""qiskit_statevector_nonzero_bell_support""}",01,10,01,10,True,True,COMPLETED,True,True
phi2-A10-B01-10_11_11,103,phi2,10,01,10,11,11,10,11,01,11,99,46,9a,45,C_A=tilde_M_A XOR K_A_otp,C_B=tilde_M_B XOR K_B_otp,True,True,"{""M_A"": ""01"", ""M_B"": ""10"", ""alice_base34"": ""10"", ""alice_base56"": ""01"", ""bob_base34"": ""10"", ""bob_base56"": ""01"", ""label12"": ""10"", ""tilde_M_A"": ""11"", ""tilde_M_B"": ""11""}","{""bell_labels"": [""10"", ""11"", ""11""], ""cluster_type"": ""phi2"", ""decoded_for_alice"": ""01"", ""decoded_for_bob"": ""10"", ""decoded_intermediates"": {""M_A"": ""01"", ""M_B"": ""10"", ""alice_base34"": ""10"", ""alice_base56"": ""01"", ""bob_base34"": ""10"", ""bob_base56"": ""01"", ""label12"": ""10"", ""tilde_M_A"": ""11"", ""tilde_M_B"": ""11""}, ""source"": ""qiskit_statevector_nonzero_bell_support""}",01,10,01,10,True,True,COMPLETED,True,True
phi2-A10-B10-01_10_11,104,phi2,10,10,01,10,11,00,10,01,11,c8,0e,cb,0c,C_A=tilde_M_A XOR K_A_otp,C_B=tilde_M_B XOR K_B_otp,True,True,"{""M_A"": ""01"", ""M_B"": ""00"", ""alice_base34"": ""00"", ""alice_base56"": ""01"", ""bob_base34"": ""00"", ""bob_base56"": ""01"", ""label12"": ""01"", ""tilde_M_A"": ""11"", ""tilde_M_B"": ""10""}","{""bell_labels"": [""01"", ""10"", ""11""], ""cluster_type"": ""phi2"", ""decoded_for_alice"": ""10"", ""decoded_for_bob"": ""10"", ""decoded_intermediates"": {""M_A"": ""01"", ""M_B"": ""00"", ""alice_base34"": ""00"", ""alice_base56"": ""01"", ""bob_base34"": ""00"", ""bob_base56"": ""01"", ""label12"": ""01"", ""tilde_M_A"": ""11"", ""tilde_M_B"": ""10""}, ""source"": ""qiskit_statevector_nonzero_bell_support""}",10,10,10,10,True,True,COMPLETED,True,True
phi2-A10-B10-01_11_00,105,phi2,10,10,01,11,00,01,11,10,00,ca,93,ca,90,C_A=tilde_M_A XOR K_A_otp,C_B=tilde_M_B XOR K_B_otp,True,True,"{""M_A"": ""10"", ""M_B"": ""01"", ""alice_base34"": ""01"", ""alice_base56"": ""10"", ""bob_base34"": ""01"", ""bob_base56"": ""10"", ""label12"": ""01"", ""tilde_M_A"": ""00"", ""tilde_M_B"": ""11""}","{""bell_labels"": [""01"", ""11"", ""00""], ""cluster_type"": ""phi2"", ""decoded_for_alice"": ""10"", ""decoded_for_bob"": ""10"", ""decoded_intermediates"": {""M_A"": ""10"", ""M_B"": ""01"", ""alice_base34"": ""01"", ""alice_base56"": ""10"", ""bob_base34"": ""01"", ""bob_base56"": ""10"", ""label12"": ""01"", ""tilde_M_A"": ""00"", ""tilde_M_B"": ""11""}, ""source"": ""qiskit_statevector_nonzero_bell_support""}",10,10,10,10,True,True,COMPLETED,True,True
phi2-A10-B10-10_00_11,106,phi2,10,10,10,00,11,10,00,01,11,0e,5d,0d,5d,C_A=tilde_M_A XOR K_A_otp,C_B=tilde_M_B XOR K_B_otp,True,True,"{""M_A"": ""01"", ""M_B"": ""10"", ""alice_base34"": ""10"", ""alice_base56"": ""01"", ""bob_base34"": ""10"", ""bob_base56"": ""01"", ""label12"": ""10"", ""tilde_M_A"": ""11"", ""tilde_M_B"": ""00""}","{""bell_labels"": [""10"", ""00"", ""11""], ""cluster_type"": ""phi2"", ""decoded_for_alice"": ""10"", ""decoded_for_bob"": ""10"", ""decoded_intermediates"": {""M_A"": ""01"", ""M_B"": ""10"", ""alice_base34"": ""10"", ""alice_base56"": ""01"", ""bob_base34"": ""10"", ""bob_base56"": ""01"", ""label12"": ""10"", ""tilde_M_A"": ""11"", ""tilde_M_B"": ""00""}, ""source"": ""qiskit_statevector_nonzero_bell_support""}",10,10,10,10,True,True,COMPLETED,True,True
phi2-A10-B10-10_01_00,107,phi2,10,10,10,01,00,11,01,10,00,7c,85,7c,84,C_A=tilde_M_A XOR K_A_otp,C_B=tilde_M_B XOR K_B_otp,True,True,"{""M_A"": ""10"", ""M_B"": ""11"", ""alice_base34"": ""11"", ""alice_base56"": ""10"", ""bob_base34"": ""11"", ""bob_base56"": ""10"", ""label12"": ""10"", ""tilde_M_A"": ""00"", ""tilde_M_B"": ""01""}","{""bell_labels"": [""10"", ""01"", ""00""], ""cluster_type"": ""phi2"", ""decoded_for_alice"": ""10"", ""decoded_for_bob"": ""10"", ""decoded_intermediates"": {""M_A"": ""10"", ""M_B"": ""11"", ""alice_base34"": ""11"", ""alice_base56"": ""10"", ""bob_base34"": ""11"", ""bob_base56"": ""10"", ""label12"": ""10"", ""tilde_M_A"": ""00"", ""tilde_M_B"": ""01""}, ""source"": ""qiskit_statevector_nonzero_bell_support""}",10,10,10,10,True,True,COMPLETED,True,True
phi2-A10-B11-01_10_00,108,phi2,10,11,01,10,00,01,10,10,00,d5,1e,d5,1c,C_A=tilde_M_A XOR K_A_otp,C_B=tilde_M_B XOR K_B_otp,True,True,"{""M_A"": ""10"", ""M_B"": ""01"", ""alice_base34"": ""01"", ""alice_base56"": ""10"", ""bob_base34"": ""01"", ""bob_base56"": ""10"", ""label12"": ""01"", ""tilde_M_A"": ""00"", ""tilde_M_B"": ""10""}","{""bell_labels"": [""01"", ""10"", ""00""], ""cluster_type"": ""phi2"", ""decoded_for_alice"": ""11"", ""decoded_for_bob"": ""10"", ""decoded_intermediates"": {""M_A"": ""10"", ""M_B"": ""01"", ""alice_base34"": ""01"", ""alice_base56"": ""10"", ""bob_base34"": ""01"", ""bob_base56"": ""10"", ""label12"": ""01"", ""tilde_M_A"": ""00"", ""tilde_M_B"": ""10""}, ""source"": ""qiskit_statevector_nonzero_bell_support""}",11,10,11,10,True,True,COMPLETED,True,True
phi2-A10-B11-01_11_11,109,phi2,10,11,01,11,11,00,11,01,11,4a,40,49,43,C_A=tilde_M_A XOR K_A_otp,C_B=tilde_M_B XOR K_B_otp,True,True,"{""M_A"": ""01"", ""M_B"": ""00"", ""alice_base34"": ""00"", ""alice_base56"": ""01"", ""bob_base34"": ""00"", ""bob_base56"": ""01"", ""label12"": ""01"", ""tilde_M_A"": ""11"", ""tilde_M_B"": ""11""}","{""bell_labels"": [""01"", ""11"", ""11""], ""cluster_type"": ""phi2"", ""decoded_for_alice"": ""11"", ""decoded_for_bob"": ""10"", ""decoded_intermediates"": {""M_A"": ""01"", ""M_B"": ""00"", ""alice_base34"": ""00"", ""alice_base56"": ""01"", ""bob_base34"": ""00"", ""bob_base56"": ""01"", ""label12"": ""01"", ""tilde_M_A"": ""11"", ""tilde_M_B"": ""11""}, ""source"": ""qiskit_statevector_nonzero_bell_support""}",11,10,11,10,True,True,COMPLETED,True,True
phi2-A10-B11-10_00_00,110,phi2,10,11,10,00,00,11,00,10,00,21,7f,21,7f,C_A=tilde_M_A XOR K_A_otp,C_B=tilde_M_B XOR K_B_otp,True,True,"{""M_A"": ""10"", ""M_B"": ""11"", ""alice_base34"": ""11"", ""alice_base56"": ""10"", ""bob_base34"": ""11"", ""bob_base56"": ""10"", ""label12"": ""10"", ""tilde_M_A"": ""00"", ""tilde_M_B"": ""00""}","{""bell_labels"": [""10"", ""00"", ""00""], ""cluster_type"": ""phi2"", ""decoded_for_alice"": ""11"", ""decoded_for_bob"": ""10"", ""decoded_intermediates"": {""M_A"": ""10"", ""M_B"": ""11"", ""alice_base34"": ""11"", ""alice_base56"": ""10"", ""bob_base34"": ""11"", ""bob_base56"": ""10"", ""label12"": ""10"", ""tilde_M_A"": ""00"", ""tilde_M_B"": ""00""}, ""source"": ""qiskit_statevector_nonzero_bell_support""}",11,10,11,10,True,True,COMPLETED,True,True
phi2-A10-B11-10_01_11,111,phi2,10,11,10,01,11,10,01,01,11,48,d1,4b,d0,C_A=tilde_M_A XOR K_A_otp,C_B=tilde_M_B XOR K_B_otp,True,True,"{""M_A"": ""01"", ""M_B"": ""10"", ""alice_base34"": ""10"", ""alice_base56"": ""01"", ""bob_base34"": ""10"", ""bob_base56"": ""01"", ""label12"": ""10"", ""tilde_M_A"": ""11"", ""tilde_M_B"": ""01""}","{""bell_labels"": [""10"", ""01"", ""11""], ""cluster_type"": ""phi2"", ""decoded_for_alice"": ""11"", ""decoded_for_bob"": ""10"", ""decoded_intermediates"": {""M_A"": ""01"", ""M_B"": ""10"", ""alice_base34"": ""10"", ""alice_base56"": ""01"", ""bob_base34"": ""10"", ""bob_base56"": ""01"", ""label12"": ""10"", ""tilde_M_A"": ""11"", ""tilde_M_B"": ""01""}, ""source"": ""qiskit_statevector_nonzero_bell_support""}",11,10,11,10,True,True,COMPLETED,True,True
phi2-A11-B00-01_00_10,112,phi2,11,00,01,00,10,00,00,01,10,e5,4b,e7,4b,C_A=tilde_M_A XOR K_A_otp,C_B=tilde_M_B XOR K_B_otp,True,True,"{""M_A"": ""01"", ""M_B"": ""00"", ""alice_base34"": ""00"", ""alice_base56"": ""01"", ""bob_base34"": ""00"", ""bob_base56"": ""01"", ""label12"": ""01"", ""tilde_M_A"": ""10"", ""tilde_M_B"": ""00""}","{""bell_labels"": [""01"", ""00"", ""10""], ""cluster_type"": ""phi2"", ""decoded_for_alice"": ""00"", ""decoded_for_bob"": ""11"", ""decoded_intermediates"": {""M_A"": ""01"", ""M_B"": ""00"", ""alice_base34"": ""00"", ""alice_base56"": ""01"", ""bob_base34"": ""00"", ""bob_base56"": ""01"", ""label12"": ""01"", ""tilde_M_A"": ""10"", ""tilde_M_B"": ""00""}, ""source"": ""qiskit_statevector_nonzero_bell_support""}",00,11,00,11,True,True,COMPLETED,True,True
phi2-A11-B00-01_01_01,113,phi2,11,00,01,01,01,01,01,10,01,f7,2c,f6,2d,C_A=tilde_M_A XOR K_A_otp,C_B=tilde_M_B XOR K_B_otp,True,True,"{""M_A"": ""10"", ""M_B"": ""01"", ""alice_base34"": ""01"", ""alice_base56"": ""10"", ""bob_base34"": ""01"", ""bob_base56"": ""10"", ""label12"": ""01"", ""tilde_M_A"": ""01"", ""tilde_M_B"": ""01""}","{""bell_labels"": [""01"", ""01"", ""01""], ""cluster_type"": ""phi2"", ""decoded_for_alice"": ""00"", ""decoded_for_bob"": ""11"", ""decoded_intermediates"": {""M_A"": ""10"", ""M_B"": ""01"", ""alice_base34"": ""01"", ""alice_base56"": ""10"", ""bob_base34"": ""01"", ""bob_base56"": ""10"", ""label12"": ""01"", ""tilde_M_A"": ""01"", ""tilde_M_B"": ""01""}, ""source"": ""qiskit_statevector_nonzero_bell_support""}",00,11,00,11,True,True,COMPLETED,True,True
phi2-A11-B00-10_10_10,114,phi2,11,00,10,10,10,10,10,01,10,14,8e,16,8c,C_A=tilde_M_A XOR K_A_otp,C_B=tilde_M_B XOR K_B_otp,True,True,"{""M_A"": ""01"", ""M_B"": ""10"", ""alice_base34"": ""10"", ""alice_base56"": ""01"", ""bob_base34"": ""10"", ""bob_base56"": ""01"", ""label12"": ""10"", ""tilde_M_A"": ""10"", ""tilde_M_B"": ""10""}","{""bell_labels"": [""10"", ""10"", ""10""], ""cluster_type"": ""phi2"", ""decoded_for_alice"": ""00"", ""decoded_for_bob"": ""11"", ""decoded_intermediates"": {""M_A"": ""01"", ""M_B"": ""10"", ""alice_base34"": ""10"", ""alice_base56"": ""01"", ""bob_base34"": ""10"", ""bob_base56"": ""01"", ""label12"": ""10"", ""tilde_M_A"": ""10"", ""tilde_M_B"": ""10""}, ""source"": ""qiskit_statevector_nonzero_bell_support""}",00,11,00,11,True,True,COMPLETED,True,True
phi2-A11-B00-10_11_01,115,phi2,11,00,10,11,01,11,11,10,01,8f,eb,8e,e8,C_A=tilde_M_A XOR K_A_otp,C_B=tilde_M_B XOR K_B_otp,True,True,"{""M_A"": ""10"", ""M_B"": ""11"", ""alice_base34"": ""11"", ""alice_base56"": ""10"", ""bob_base34"": ""11"", ""bob_base56"": ""10"", ""label12"": ""10"", ""tilde_M_A"": ""01"", ""tilde_M_B"": ""11""}","{""bell_labels"": [""10"", ""11"", ""01""], ""cluster_type"": ""phi2"", ""decoded_for_alice"": ""00"", ""decoded_for_bob"": ""11"", ""decoded_intermediates"": {""M_A"": ""10"", ""M_B"": ""11"", ""alice_base34"": ""11"", ""alice_base56"": ""10"", ""bob_base34"": ""11"", ""bob_base56"": ""10"", ""label12"": ""10"", ""tilde_M_A"": ""01"", ""tilde_M_B"": ""11""}, ""source"": ""qiskit_statevector_nonzero_bell_support""}",00,11,00,11,True,True,COMPLETED,True,True
phi2-A11-B01-01_00_01,116,phi2,11,01,01,00,01,01,00,10,01,a4,ff,a5,ff,C_A=tilde_M_A XOR K_A_otp,C_B=tilde_M_B XOR K_B_otp,True,True,"{""M_A"": ""10"", ""M_B"": ""01"", ""alice_base34"": ""01"", ""alice_base56"": ""10"", ""bob_base34"": ""01"", ""bob_base56"": ""10"", ""label12"": ""01"", ""tilde_M_A"": ""01"", ""tilde_M_B"": ""00""}","{""bell_labels"": [""01"", ""00"", ""01""], ""cluster_type"": ""phi2"", ""decoded_for_alice"": ""01"", ""decoded_for_bob"": ""11"", ""decoded_intermediates"": {""M_A"": ""10"", ""M_B"": ""01"", ""alice_base34"": ""01"", ""alice_base56"": ""10"", ""bob_base34"": ""01"", ""bob_base56"": ""10"", ""label12"": ""01"", ""tilde_M_A"": ""01"", ""tilde_M_B"": ""00""}, ""source"": ""qiskit_statevector_nonzero_bell_support""}",01,11,01,11,True,True,COMPLETED,True,True
phi2-A11-B01-01_01_10,117,phi2,11,01,01,01,10,00,01,01,10,b2,20,b0,21,C_A=tilde_M_A XOR K_A_otp,C_B=tilde_M_B XOR K_B_otp,True,True,"{""M_A"": ""01"", ""M_B"": ""00"", ""alice_base34"": ""00"", ""alice_base56"": ""01"", ""bob_base34"": ""00"", ""bob_base56"": ""01"", ""label12"": ""01"", ""tilde_M_A"": ""10"", ""tilde_M_B"": ""01""}","{""bell_labels"": [""01"", ""01"", ""10""], ""cluster_type"": ""phi2"", ""decoded_for_alice"": ""01"", ""decoded_for_bob"": ""11"", ""decoded_intermediates"": {""M_A"": ""01"", ""M_B"": ""00"", ""alice_base34"": ""00"", ""alice_base56"": ""01"", ""bob_base34"": ""00"", ""bob_base56"": ""01"", ""label12"": ""01"", ""tilde_M_A"": ""10"", ""tilde_M_B"": ""01""}, ""source"": ""qiskit_statevector_nonzero_bell_support""}",01,11,01,11,True,True,COMPLETED,True,True
phi2-A11-B01-10_10_01,118,phi2,11,01,10,10,01,11,10,10,01,ca,65,cb,67,C_A=tilde_M_A XOR K_A_otp,C_B=tilde_M_B XOR K_B_otp,True,True,"{""M_A"": ""10"", ""M_B"": ""11"", ""alice_base34"": ""11"", ""alice_base56"": ""10"", ""bob_base34"": ""11"", ""bob_base56"": ""10"", ""label12"": ""10"", ""tilde_M_A"": ""01"", ""tilde_M_B"": ""10""}","{""bell_labels"": [""10"", ""10"", ""01""], ""cluster_type"": ""phi2"", ""decoded_for_alice"": ""01"", ""decoded_for_bob"": ""11"", ""decoded_intermediates"": {""M_A"": ""10"", ""M_B"": ""11"", ""alice_base34"": ""11"", ""alice_base56"": ""10"", ""bob_base34"": ""11"", ""bob_base56"": ""10"", ""label12"": ""10"", ""tilde_M_A"": ""01"", ""tilde_M_B"": ""10""}, ""source"": ""qiskit_statevector_nonzero_bell_support""}",01,11,01,11,True,True,COMPLETED,True,True
phi2-A11-B01-10_11_10,119,phi2,11,01,10,11,10,10,11,01,10,fb,eb,f9,e8,C_A=tilde_M_A XOR K_A_otp,C_B=tilde_M_B XOR K_B_otp,True,True,"{""M_A"": ""01"", ""M_B"": ""10"", ""alice_base34"": ""10"", ""alice_base56"": ""01"", ""bob_base34"": ""10"", ""bob_base56"": ""01"", ""label12"": ""10"", ""tilde_M_A"": ""10"", ""tilde_M_B"": ""11""}","{""bell_labels"": [""10"", ""11"", ""10""], ""cluster_type"": ""phi2"", ""decoded_for_alice"": ""01"", ""decoded_for_bob"": ""11"", ""decoded_intermediates"": {""M_A"": ""01"", ""M_B"": ""10"", ""alice_base34"": ""10"", ""alice_base56"": ""01"", ""bob_base34"": ""10"", ""bob_base56"": ""01"", ""label12"": ""10"", ""tilde_M_A"": ""10"", ""tilde_M_B"": ""11""}, ""source"": ""qiskit_statevector_nonzero_bell_support""}",01,11,01,11,True,True,COMPLETED,True,True
phi2-A11-B10-01_10_10,120,phi2,11,10,01,10,10,00,10,01,10,7d,67,7f,65,C_A=tilde_M_A XOR K_A_otp,C_B=tilde_M_B XOR K_B_otp,True,True,"{""M_A"": ""01"", ""M_B"": ""00"", ""alice_base34"": ""00"", ""alice_base56"": ""01"", ""bob_base34"": ""00"", ""bob_base56"": ""01"", ""label12"": ""01"", ""tilde_M_A"": ""10"", ""tilde_M_B"": ""10""}","{""bell_labels"": [""01"", ""10"", ""10""], ""cluster_type"": ""phi2"", ""decoded_for_alice"": ""10"", ""decoded_for_bob"": ""11"", ""decoded_intermediates"": {""M_A"": ""01"", ""M_B"": ""00"", ""alice_base34"": ""00"", ""alice_base56"": ""01"", ""bob_base34"": ""00"", ""bob_base56"": ""01"", ""label12"": ""01"", ""tilde_M_A"": ""10"", ""tilde_M_B"": ""10""}, ""source"": ""qiskit_statevector_nonzero_bell_support""}",10,11,10,11,True,True,COMPLETED,True,True
phi2-A11-B10-01_11_01,121,phi2,11,10,01,11,01,01,11,10,01,1f,32,1e,31,C_A=tilde_M_A XOR K_A_otp,C_B=tilde_M_B XOR K_B_otp,True,True,"{""M_A"": ""10"", ""M_B"": ""01"", ""alice_base34"": ""01"", ""alice_base56"": ""10"", ""bob_base34"": ""01"", ""bob_base56"": ""10"", ""label12"": ""01"", ""tilde_M_A"": ""01"", ""tilde_M_B"": ""11""}","{""bell_labels"": [""01"", ""11"", ""01""], ""cluster_type"": ""phi2"", ""decoded_for_alice"": ""10"", ""decoded_for_bob"": ""11"", ""decoded_intermediates"": {""M_A"": ""10"", ""M_B"": ""01"", ""alice_base34"": ""01"", ""alice_base56"": ""10"", ""bob_base34"": ""01"", ""bob_base56"": ""10"", ""label12"": ""01"", ""tilde_M_A"": ""01"", ""tilde_M_B"": ""11""}, ""source"": ""qiskit_statevector_nonzero_bell_support""}",10,11,10,11,True,True,COMPLETED,True,True
phi2-A11-B10-10_00_10,122,phi2,11,10,10,00,10,10,00,01,10,78,b2,7a,b2,C_A=tilde_M_A XOR K_A_otp,C_B=tilde_M_B XOR K_B_otp,True,True,"{""M_A"": ""01"", ""M_B"": ""10"", ""alice_base34"": ""10"", ""alice_base56"": ""01"", ""bob_base34"": ""10"", ""bob_base56"": ""01"", ""label12"": ""10"", ""tilde_M_A"": ""10"", ""tilde_M_B"": ""00""}","{""bell_labels"": [""10"", ""00"", ""10""], ""cluster_type"": ""phi2"", ""decoded_for_alice"": ""10"", ""decoded_for_bob"": ""11"", ""decoded_intermediates"": {""M_A"": ""01"", ""M_B"": ""10"", ""alice_base34"": ""10"", ""alice_base56"": ""01"", ""bob_base34"": ""10"", ""bob_base56"": ""01"", ""label12"": ""10"", ""tilde_M_A"": ""10"", ""tilde_M_B"": ""00""}, ""source"": ""qiskit_statevector_nonzero_bell_support""}",10,11,10,11,True,True,COMPLETED,True,True
phi2-A11-B10-10_01_01,123,phi2,11,10,10,01,01,11,01,10,01,7b,b7,7a,b6,C_A=tilde_M_A XOR K_A_otp,C_B=tilde_M_B XOR K_B_otp,True,True,"{""M_A"": ""10"", ""M_B"": ""11"", ""alice_base34"": ""11"", ""alice_base56"": ""10"", ""bob_base34"": ""11"", ""bob_base56"": ""10"", ""label12"": ""10"", ""tilde_M_A"": ""01"", ""tilde_M_B"": ""01""}","{""bell_labels"": [""10"", ""01"", ""01""], ""cluster_type"": ""phi2"", ""decoded_for_alice"": ""10"", ""decoded_for_bob"": ""11"", ""decoded_intermediates"": {""M_A"": ""10"", ""M_B"": ""11"", ""alice_base34"": ""11"", ""alice_base56"": ""10"", ""bob_base34"": ""11"", ""bob_base56"": ""10"", ""label12"": ""10"", ""tilde_M_A"": ""01"", ""tilde_M_B"": ""01""}, ""source"": ""qiskit_statevector_nonzero_bell_support""}",10,11,10,11,True,True,COMPLETED,True,True
phi2-A11-B11-01_10_01,124,phi2,11,11,01,10,01,01,10,10,01,19,1b,18,19,C_A=tilde_M_A XOR K_A_otp,C_B=tilde_M_B XOR K_B_otp,True,True,"{""M_A"": ""10"", ""M_B"": ""01"", ""alice_base34"": ""01"", ""alice_base56"": ""10"", ""bob_base34"": ""01"", ""bob_base56"": ""10"", ""label12"": ""01"", ""tilde_M_A"": ""01"", ""tilde_M_B"": ""10""}","{""bell_labels"": [""01"", ""10"", ""01""], ""cluster_type"": ""phi2"", ""decoded_for_alice"": ""11"", ""decoded_for_bob"": ""11"", ""decoded_intermediates"": {""M_A"": ""10"", ""M_B"": ""01"", ""alice_base34"": ""01"", ""alice_base56"": ""10"", ""bob_base34"": ""01"", ""bob_base56"": ""10"", ""label12"": ""01"", ""tilde_M_A"": ""01"", ""tilde_M_B"": ""10""}, ""source"": ""qiskit_statevector_nonzero_bell_support""}",11,11,11,11,True,True,COMPLETED,True,True
phi2-A11-B11-01_11_10,125,phi2,11,11,01,11,10,00,11,01,10,d2,4c,d0,4f,C_A=tilde_M_A XOR K_A_otp,C_B=tilde_M_B XOR K_B_otp,True,True,"{""M_A"": ""01"", ""M_B"": ""00"", ""alice_base34"": ""00"", ""alice_base56"": ""01"", ""bob_base34"": ""00"", ""bob_base56"": ""01"", ""label12"": ""01"", ""tilde_M_A"": ""10"", ""tilde_M_B"": ""11""}","{""bell_labels"": [""01"", ""11"", ""10""], ""cluster_type"": ""phi2"", ""decoded_for_alice"": ""11"", ""decoded_for_bob"": ""11"", ""decoded_intermediates"": {""M_A"": ""01"", ""M_B"": ""00"", ""alice_base34"": ""00"", ""alice_base56"": ""01"", ""bob_base34"": ""00"", ""bob_base56"": ""01"", ""label12"": ""01"", ""tilde_M_A"": ""10"", ""tilde_M_B"": ""11""}, ""source"": ""qiskit_statevector_nonzero_bell_support""}",11,11,11,11,True,True,COMPLETED,True,True
phi2-A11-B11-10_00_01,126,phi2,11,11,10,00,01,11,00,10,01,a3,d1,a2,d1,C_A=tilde_M_A XOR K_A_otp,C_B=tilde_M_B XOR K_B_otp,True,True,"{""M_A"": ""10"", ""M_B"": ""11"", ""alice_base34"": ""11"", ""alice_base56"": ""10"", ""bob_base34"": ""11"", ""bob_base56"": ""10"", ""label12"": ""10"", ""tilde_M_A"": ""01"", ""tilde_M_B"": ""00""}","{""bell_labels"": [""10"", ""00"", ""01""], ""cluster_type"": ""phi2"", ""decoded_for_alice"": ""11"", ""decoded_for_bob"": ""11"", ""decoded_intermediates"": {""M_A"": ""10"", ""M_B"": ""11"", ""alice_base34"": ""11"", ""alice_base56"": ""10"", ""bob_base34"": ""11"", ""bob_base56"": ""10"", ""label12"": ""10"", ""tilde_M_A"": ""01"", ""tilde_M_B"": ""00""}, ""source"": ""qiskit_statevector_nonzero_bell_support""}",11,11,11,11,True,True,COMPLETED,True,True
phi2-A11-B11-10_01_10,127,phi2,11,11,10,01,10,10,01,01,10,fb,97,f9,96,C_A=tilde_M_A XOR K_A_otp,C_B=tilde_M_B XOR K_B_otp,True,True,"{""M_A"": ""01"", ""M_B"": ""10"", ""alice_base34"": ""10"", ""alice_base56"": ""01"", ""bob_base34"": ""10"", ""bob_base56"": ""01"", ""label12"": ""10"", ""tilde_M_A"": ""10"", ""tilde_M_B"": ""01""}","{""bell_labels"": [""10"", ""01"", ""10""], ""cluster_type"": ""phi2"", ""decoded_for_alice"": ""11"", ""decoded_for_bob"": ""11"", ""decoded_intermediates"": {""M_A"": ""01"", ""M_B"": ""10"", ""alice_base34"": ""10"", ""alice_base56"": ""01"", ""bob_base34"": ""10"", ""bob_base56"": ""01"", ""label12"": ""10"", ""tilde_M_A"": ""10"", ""tilde_M_B"": ""01""}, ""source"": ""qiskit_statevector_nonzero_bell_support""}",11,11,11,11,True,True,COMPLETED,True,True
