configuration,role,seed,L,q0,q1,q,qth,threshold_count,trials,accepted,acceptance_rate,simulation_level
L16_q0000_q1020_t005,honest,2026083001,16,0.0,0.2,0.0,0.05,0,100000,100000,1.0,L_independent_error_events_per_trial
L16_q0000_q1020_t005,attack,2026083001,16,0.0,0.2,0.2,0.05,0,100000,2866,0.02866,L_independent_error_events_per_trial
L16_q0000_q1020_t005,honest,2026083002,16,0.0,0.2,0.0,0.05,0,100000,100000,1.0,L_independent_error_events_per_trial
L16_q0000_q1020_t005,attack,2026083002,16,0.0,0.2,0.2,0.05,0,100000,2842,0.02842,L_independent_error_events_per_trial
L16_q0000_q1020_t005,honest,2026083003,16,0.0,0.2,0.0,0.05,0,100000,100000,1.0,L_independent_error_events_per_trial
L16_q0000_q1020_t005,attack,2026083003,16,0.0,0.2,0.2,0.05,0,100000,2861,0.02861,L_independent_error_events_per_trial
L16_q0000_q1020_t005,honest,2026083004,16,0.0,0.2,0.0,0.05,0,100000,100000,1.0,L_independent_error_events_per_trial
L16_q0000_q1020_t005,attack,2026083004,16,0.0,0.2,0.2,0.05,0,100000,2862,0.02862,L_independent_error_events_per_trial
L16_q0000_q1020_t005,honest,2026083005,16,0.0,0.2,0.0,0.05,0,100000,100000,1.0,L_independent_error_events_per_trial
L16_q0000_q1020_t005,attack,2026083005,16,0.0,0.2,0.2,0.05,0,100000,2801,0.02801,L_independent_error_events_per_trial
L16_q0000_q1020_t005,honest,2026083006,16,0.0,0.2,0.0,0.05,0,100000,100000,1.0,L_independent_error_events_per_trial
L16_q0000_q1020_t005,attack,2026083006,16,0.0,0.2,0.2,0.05,0,100000,2844,0.02844,L_independent_error_events_per_trial
L16_q0000_q1020_t005,honest,2026083007,16,0.0,0.2,0.0,0.05,0,100000,100000,1.0,L_independent_error_events_per_trial
L16_q0000_q1020_t005,attack,2026083007,16,0.0,0.2,0.2,0.05,0,100000,2806,0.02806,L_independent_error_events_per_trial
L16_q0000_q1020_t005,honest,2026083008,16,0.0,0.2,0.0,0.05,0,100000,100000,1.0,L_independent_error_events_per_trial
L16_q0000_q1020_t005,attack,2026083008,16,0.0,0.2,0.2,0.05,0,100000,2805,0.02805,L_independent_error_events_per_trial
L16_q0000_q1020_t005,honest,2026083009,16,0.0,0.2,0.0,0.05,0,100000,100000,1.0,L_independent_error_events_per_trial
L16_q0000_q1020_t005,attack,2026083009,16,0.0,0.2,0.2,0.05,0,100000,2808,0.02808,L_independent_error_events_per_trial
L16_q0000_q1020_t005,honest,2026083010,16,0.0,0.2,0.0,0.05,0,100000,100000,1.0,L_independent_error_events_per_trial
L16_q0000_q1020_t005,attack,2026083010,16,0.0,0.2,0.2,0.05,0,100000,2892,0.02892,L_independent_error_events_per_trial
L16_q0000_q1020_t005,honest,2026083011,16,0.0,0.2,0.0,0.05,0,100000,100000,1.0,L_independent_error_events_per_trial
L16_q0000_q1020_t005,attack,2026083011,16,0.0,0.2,0.2,0.05,0,100000,2904,0.02904,L_independent_error_events_per_trial
L16_q0000_q1020_t005,honest,2026083012,16,0.0,0.2,0.0,0.05,0,100000,100000,1.0,L_independent_error_events_per_trial
L16_q0000_q1020_t005,attack,2026083012,16,0.0,0.2,0.2,0.05,0,100000,2805,0.02805,L_independent_error_events_per_trial
L16_q0000_q1020_t005,honest,2026083013,16,0.0,0.2,0.0,0.05,0,100000,100000,1.0,L_independent_error_events_per_trial
L16_q0000_q1020_t005,attack,2026083013,16,0.0,0.2,0.2,0.05,0,100000,2879,0.02879,L_independent_error_events_per_trial
L16_q0000_q1020_t005,honest,2026083014,16,0.0,0.2,0.0,0.05,0,100000,100000,1.0,L_independent_error_events_per_trial
L16_q0000_q1020_t005,attack,2026083014,16,0.0,0.2,0.2,0.05,0,100000,2834,0.02834,L_independent_error_events_per_trial
L16_q0000_q1020_t005,honest,2026083015,16,0.0,0.2,0.0,0.05,0,100000,100000,1.0,L_independent_error_events_per_trial
L16_q0000_q1020_t005,attack,2026083015,16,0.0,0.2,0.2,0.05,0,100000,2822,0.02822,L_independent_error_events_per_trial
L16_q0000_q1020_t005,honest,2026083016,16,0.0,0.2,0.0,0.05,0,100000,100000,1.0,L_independent_error_events_per_trial
L16_q0000_q1020_t005,attack,2026083016,16,0.0,0.2,0.2,0.05,0,100000,2878,0.02878,L_independent_error_events_per_trial
L16_q0000_q1020_t005,honest,2026083017,16,0.0,0.2,0.0,0.05,0,100000,100000,1.0,L_independent_error_events_per_trial
L16_q0000_q1020_t005,attack,2026083017,16,0.0,0.2,0.2,0.05,0,100000,2863,0.02863,L_independent_error_events_per_trial
L16_q0000_q1020_t005,honest,2026083018,16,0.0,0.2,0.0,0.05,0,100000,100000,1.0,L_independent_error_events_per_trial
L16_q0000_q1020_t005,attack,2026083018,16,0.0,0.2,0.2,0.05,0,100000,2824,0.02824,L_independent_error_events_per_trial
L16_q0000_q1020_t005,honest,2026083019,16,0.0,0.2,0.0,0.05,0,100000,100000,1.0,L_independent_error_events_per_trial
L16_q0000_q1020_t005,attack,2026083019,16,0.0,0.2,0.2,0.05,0,100000,2839,0.02839,L_independent_error_events_per_trial
L16_q0000_q1020_t005,honest,2026083020,16,0.0,0.2,0.0,0.05,0,100000,100000,1.0,L_independent_error_events_per_trial
L16_q0000_q1020_t005,attack,2026083020,16,0.0,0.2,0.2,0.05,0,100000,2852,0.02852,L_independent_error_events_per_trial
L16_q0000_q1020_t005,honest,2026083021,16,0.0,0.2,0.0,0.05,0,100000,100000,1.0,L_independent_error_events_per_trial
L16_q0000_q1020_t005,attack,2026083021,16,0.0,0.2,0.2,0.05,0,100000,2843,0.02843,L_independent_error_events_per_trial
L16_q0000_q1020_t005,honest,2026083022,16,0.0,0.2,0.0,0.05,0,100000,100000,1.0,L_independent_error_events_per_trial
L16_q0000_q1020_t005,attack,2026083022,16,0.0,0.2,0.2,0.05,0,100000,2798,0.02798,L_independent_error_events_per_trial
L16_q0000_q1020_t005,honest,2026083023,16,0.0,0.2,0.0,0.05,0,100000,100000,1.0,L_independent_error_events_per_trial
L16_q0000_q1020_t005,attack,2026083023,16,0.0,0.2,0.2,0.05,0,100000,2785,0.02785,L_independent_error_events_per_trial
L16_q0000_q1020_t005,honest,2026083024,16,0.0,0.2,0.0,0.05,0,100000,100000,1.0,L_independent_error_events_per_trial
L16_q0000_q1020_t005,attack,2026083024,16,0.0,0.2,0.2,0.05,0,100000,2886,0.02886,L_independent_error_events_per_trial
L16_q0000_q1020_t005,honest,2026083025,16,0.0,0.2,0.0,0.05,0,100000,100000,1.0,L_independent_error_events_per_trial
L16_q0000_q1020_t005,attack,2026083025,16,0.0,0.2,0.2,0.05,0,100000,2811,0.02811,L_independent_error_events_per_trial
L16_q0000_q1020_t005,honest,2026083026,16,0.0,0.2,0.0,0.05,0,100000,100000,1.0,L_independent_error_events_per_trial
L16_q0000_q1020_t005,attack,2026083026,16,0.0,0.2,0.2,0.05,0,100000,2905,0.02905,L_independent_error_events_per_trial
L16_q0000_q1020_t005,honest,2026083027,16,0.0,0.2,0.0,0.05,0,100000,100000,1.0,L_independent_error_events_per_trial
L16_q0000_q1020_t005,attack,2026083027,16,0.0,0.2,0.2,0.05,0,100000,2827,0.02827,L_independent_error_events_per_trial
L16_q0000_q1020_t005,honest,2026083028,16,0.0,0.2,0.0,0.05,0,100000,100000,1.0,L_independent_error_events_per_trial
L16_q0000_q1020_t005,attack,2026083028,16,0.0,0.2,0.2,0.05,0,100000,2755,0.02755,L_independent_error_events_per_trial
L16_q0000_q1020_t005,honest,2026083029,16,0.0,0.2,0.0,0.05,0,100000,100000,1.0,L_independent_error_events_per_trial
L16_q0000_q1020_t005,attack,2026083029,16,0.0,0.2,0.2,0.05,0,100000,2875,0.02875,L_independent_error_events_per_trial
L16_q0000_q1020_t005,honest,2026083030,16,0.0,0.2,0.0,0.05,0,100000,100000,1.0,L_independent_error_events_per_trial
L16_q0000_q1020_t005,attack,2026083030,16,0.0,0.2,0.2,0.05,0,100000,2898,0.02898,L_independent_error_events_per_trial
L16_q0000_q1020_t010,honest,2026083001,16,0.0,0.2,0.0,0.1,1,100000,100000,1.0,L_independent_error_events_per_trial
L16_q0000_q1020_t010,attack,2026083001,16,0.0,0.2,0.2,0.1,1,100000,14203,0.14203,L_independent_error_events_per_trial
L16_q0000_q1020_t010,honest,2026083002,16,0.0,0.2,0.0,0.1,1,100000,100000,1.0,L_independent_error_events_per_trial
L16_q0000_q1020_t010,attack,2026083002,16,0.0,0.2,0.2,0.1,1,100000,14144,0.14144,L_independent_error_events_per_trial
L16_q0000_q1020_t010,honest,2026083003,16,0.0,0.2,0.0,0.1,1,100000,100000,1.0,L_independent_error_events_per_trial
L16_q0000_q1020_t010,attack,2026083003,16,0.0,0.2,0.2,0.1,1,100000,14022,0.14022,L_independent_error_events_per_trial
L16_q0000_q1020_t010,honest,2026083004,16,0.0,0.2,0.0,0.1,1,100000,100000,1.0,L_independent_error_events_per_trial
L16_q0000_q1020_t010,attack,2026083004,16,0.0,0.2,0.2,0.1,1,100000,14062,0.14062,L_independent_error_events_per_trial
L16_q0000_q1020_t010,honest,2026083005,16,0.0,0.2,0.0,0.1,1,100000,100000,1.0,L_independent_error_events_per_trial
L16_q0000_q1020_t010,attack,2026083005,16,0.0,0.2,0.2,0.1,1,100000,14031,0.14031,L_independent_error_events_per_trial
L16_q0000_q1020_t010,honest,2026083006,16,0.0,0.2,0.0,0.1,1,100000,100000,1.0,L_independent_error_events_per_trial
L16_q0000_q1020_t010,attack,2026083006,16,0.0,0.2,0.2,0.1,1,100000,14111,0.14111,L_independent_error_events_per_trial
L16_q0000_q1020_t010,honest,2026083007,16,0.0,0.2,0.0,0.1,1,100000,100000,1.0,L_independent_error_events_per_trial
L16_q0000_q1020_t010,attack,2026083007,16,0.0,0.2,0.2,0.1,1,100000,13907,0.13907,L_independent_error_events_per_trial
L16_q0000_q1020_t010,honest,2026083008,16,0.0,0.2,0.0,0.1,1,100000,100000,1.0,L_independent_error_events_per_trial
L16_q0000_q1020_t010,attack,2026083008,16,0.0,0.2,0.2,0.1,1,100000,14096,0.14096,L_independent_error_events_per_trial
L16_q0000_q1020_t010,honest,2026083009,16,0.0,0.2,0.0,0.1,1,100000,100000,1.0,L_independent_error_events_per_trial
L16_q0000_q1020_t010,attack,2026083009,16,0.0,0.2,0.2,0.1,1,100000,14082,0.14082,L_independent_error_events_per_trial
L16_q0000_q1020_t010,honest,2026083010,16,0.0,0.2,0.0,0.1,1,100000,100000,1.0,L_independent_error_events_per_trial
L16_q0000_q1020_t010,attack,2026083010,16,0.0,0.2,0.2,0.1,1,100000,14212,0.14212,L_independent_error_events_per_trial
L16_q0000_q1020_t010,honest,2026083011,16,0.0,0.2,0.0,0.1,1,100000,100000,1.0,L_independent_error_events_per_trial
L16_q0000_q1020_t010,attack,2026083011,16,0.0,0.2,0.2,0.1,1,100000,14057,0.14057,L_independent_error_events_per_trial
L16_q0000_q1020_t010,honest,2026083012,16,0.0,0.2,0.0,0.1,1,100000,100000,1.0,L_independent_error_events_per_trial
L16_q0000_q1020_t010,attack,2026083012,16,0.0,0.2,0.2,0.1,1,100000,14036,0.14036,L_independent_error_events_per_trial
L16_q0000_q1020_t010,honest,2026083013,16,0.0,0.2,0.0,0.1,1,100000,100000,1.0,L_independent_error_events_per_trial
L16_q0000_q1020_t010,attack,2026083013,16,0.0,0.2,0.2,0.1,1,100000,14183,0.14183,L_independent_error_events_per_trial
L16_q0000_q1020_t010,honest,2026083014,16,0.0,0.2,0.0,0.1,1,100000,100000,1.0,L_independent_error_events_per_trial
L16_q0000_q1020_t010,attack,2026083014,16,0.0,0.2,0.2,0.1,1,100000,14190,0.1419,L_independent_error_events_per_trial
L16_q0000_q1020_t010,honest,2026083015,16,0.0,0.2,0.0,0.1,1,100000,100000,1.0,L_independent_error_events_per_trial
L16_q0000_q1020_t010,attack,2026083015,16,0.0,0.2,0.2,0.1,1,100000,14072,0.14072,L_independent_error_events_per_trial
L16_q0000_q1020_t010,honest,2026083016,16,0.0,0.2,0.0,0.1,1,100000,100000,1.0,L_independent_error_events_per_trial
L16_q0000_q1020_t010,attack,2026083016,16,0.0,0.2,0.2,0.1,1,100000,14147,0.14147,L_independent_error_events_per_trial
L16_q0000_q1020_t010,honest,2026083017,16,0.0,0.2,0.0,0.1,1,100000,100000,1.0,L_independent_error_events_per_trial
L16_q0000_q1020_t010,attack,2026083017,16,0.0,0.2,0.2,0.1,1,100000,14182,0.14182,L_independent_error_events_per_trial
L16_q0000_q1020_t010,honest,2026083018,16,0.0,0.2,0.0,0.1,1,100000,100000,1.0,L_independent_error_events_per_trial
L16_q0000_q1020_t010,attack,2026083018,16,0.0,0.2,0.2,0.1,1,100000,14034,0.14034,L_independent_error_events_per_trial
L16_q0000_q1020_t010,honest,2026083019,16,0.0,0.2,0.0,0.1,1,100000,100000,1.0,L_independent_error_events_per_trial
L16_q0000_q1020_t010,attack,2026083019,16,0.0,0.2,0.2,0.1,1,100000,14125,0.14125,L_independent_error_events_per_trial
L16_q0000_q1020_t010,honest,2026083020,16,0.0,0.2,0.0,0.1,1,100000,100000,1.0,L_independent_error_events_per_trial
L16_q0000_q1020_t010,attack,2026083020,16,0.0,0.2,0.2,0.1,1,100000,14052,0.14052,L_independent_error_events_per_trial
L16_q0000_q1020_t010,honest,2026083021,16,0.0,0.2,0.0,0.1,1,100000,100000,1.0,L_independent_error_events_per_trial
L16_q0000_q1020_t010,attack,2026083021,16,0.0,0.2,0.2,0.1,1,100000,13997,0.13997,L_independent_error_events_per_trial
L16_q0000_q1020_t010,honest,2026083022,16,0.0,0.2,0.0,0.1,1,100000,100000,1.0,L_independent_error_events_per_trial
L16_q0000_q1020_t010,attack,2026083022,16,0.0,0.2,0.2,0.1,1,100000,13976,0.13976,L_independent_error_events_per_trial
L16_q0000_q1020_t010,honest,2026083023,16,0.0,0.2,0.0,0.1,1,100000,100000,1.0,L_independent_error_events_per_trial
L16_q0000_q1020_t010,attack,2026083023,16,0.0,0.2,0.2,0.1,1,100000,14022,0.14022,L_independent_error_events_per_trial
L16_q0000_q1020_t010,honest,2026083024,16,0.0,0.2,0.0,0.1,1,100000,100000,1.0,L_independent_error_events_per_trial
L16_q0000_q1020_t010,attack,2026083024,16,0.0,0.2,0.2,0.1,1,100000,14130,0.1413,L_independent_error_events_per_trial
L16_q0000_q1020_t010,honest,2026083025,16,0.0,0.2,0.0,0.1,1,100000,100000,1.0,L_independent_error_events_per_trial
L16_q0000_q1020_t010,attack,2026083025,16,0.0,0.2,0.2,0.1,1,100000,14171,0.14171,L_independent_error_events_per_trial
L16_q0000_q1020_t010,honest,2026083026,16,0.0,0.2,0.0,0.1,1,100000,100000,1.0,L_independent_error_events_per_trial
L16_q0000_q1020_t010,attack,2026083026,16,0.0,0.2,0.2,0.1,1,100000,14205,0.14205,L_independent_error_events_per_trial
L16_q0000_q1020_t010,honest,2026083027,16,0.0,0.2,0.0,0.1,1,100000,100000,1.0,L_independent_error_events_per_trial
L16_q0000_q1020_t010,attack,2026083027,16,0.0,0.2,0.2,0.1,1,100000,14019,0.14019,L_independent_error_events_per_trial
L16_q0000_q1020_t010,honest,2026083028,16,0.0,0.2,0.0,0.1,1,100000,100000,1.0,L_independent_error_events_per_trial
L16_q0000_q1020_t010,attack,2026083028,16,0.0,0.2,0.2,0.1,1,100000,13974,0.13974,L_independent_error_events_per_trial
L16_q0000_q1020_t010,honest,2026083029,16,0.0,0.2,0.0,0.1,1,100000,100000,1.0,L_independent_error_events_per_trial
L16_q0000_q1020_t010,attack,2026083029,16,0.0,0.2,0.2,0.1,1,100000,14157,0.14157,L_independent_error_events_per_trial
L16_q0000_q1020_t010,honest,2026083030,16,0.0,0.2,0.0,0.1,1,100000,100000,1.0,L_independent_error_events_per_trial
L16_q0000_q1020_t010,attack,2026083030,16,0.0,0.2,0.2,0.1,1,100000,14219,0.14219,L_independent_error_events_per_trial
L16_q0000_q1020_t015,honest,2026083001,16,0.0,0.2,0.0,0.15,2,100000,100000,1.0,L_independent_error_events_per_trial
L16_q0000_q1020_t015,attack,2026083001,16,0.0,0.2,0.2,0.15,2,100000,35569,0.35569,L_independent_error_events_per_trial
L16_q0000_q1020_t015,honest,2026083002,16,0.0,0.2,0.0,0.15,2,100000,100000,1.0,L_independent_error_events_per_trial
L16_q0000_q1020_t015,attack,2026083002,16,0.0,0.2,0.2,0.15,2,100000,35213,0.35213,L_independent_error_events_per_trial
L16_q0000_q1020_t015,honest,2026083003,16,0.0,0.2,0.0,0.15,2,100000,100000,1.0,L_independent_error_events_per_trial
L16_q0000_q1020_t015,attack,2026083003,16,0.0,0.2,0.2,0.15,2,100000,35185,0.35185,L_independent_error_events_per_trial
L16_q0000_q1020_t015,honest,2026083004,16,0.0,0.2,0.0,0.15,2,100000,100000,1.0,L_independent_error_events_per_trial
L16_q0000_q1020_t015,attack,2026083004,16,0.0,0.2,0.2,0.15,2,100000,35196,0.35196,L_independent_error_events_per_trial
L16_q0000_q1020_t015,honest,2026083005,16,0.0,0.2,0.0,0.15,2,100000,100000,1.0,L_independent_error_events_per_trial
L16_q0000_q1020_t015,attack,2026083005,16,0.0,0.2,0.2,0.15,2,100000,35138,0.35138,L_independent_error_events_per_trial
L16_q0000_q1020_t015,honest,2026083006,16,0.0,0.2,0.0,0.15,2,100000,100000,1.0,L_independent_error_events_per_trial
L16_q0000_q1020_t015,attack,2026083006,16,0.0,0.2,0.2,0.15,2,100000,35112,0.35112,L_independent_error_events_per_trial
L16_q0000_q1020_t015,honest,2026083007,16,0.0,0.2,0.0,0.15,2,100000,100000,1.0,L_independent_error_events_per_trial
L16_q0000_q1020_t015,attack,2026083007,16,0.0,0.2,0.2,0.15,2,100000,34972,0.34972,L_independent_error_events_per_trial
L16_q0000_q1020_t015,honest,2026083008,16,0.0,0.2,0.0,0.15,2,100000,100000,1.0,L_independent_error_events_per_trial
L16_q0000_q1020_t015,attack,2026083008,16,0.0,0.2,0.2,0.15,2,100000,34996,0.34996,L_independent_error_events_per_trial
L16_q0000_q1020_t015,honest,2026083009,16,0.0,0.2,0.0,0.15,2,100000,100000,1.0,L_independent_error_events_per_trial
L16_q0000_q1020_t015,attack,2026083009,16,0.0,0.2,0.2,0.15,2,100000,35060,0.3506,L_independent_error_events_per_trial
L16_q0000_q1020_t015,honest,2026083010,16,0.0,0.2,0.0,0.15,2,100000,100000,1.0,L_independent_error_events_per_trial
L16_q0000_q1020_t015,attack,2026083010,16,0.0,0.2,0.2,0.15,2,100000,35284,0.35284,L_independent_error_events_per_trial
L16_q0000_q1020_t015,honest,2026083011,16,0.0,0.2,0.0,0.15,2,100000,100000,1.0,L_independent_error_events_per_trial
L16_q0000_q1020_t015,attack,2026083011,16,0.0,0.2,0.2,0.15,2,100000,35025,0.35025,L_independent_error_events_per_trial
L16_q0000_q1020_t015,honest,2026083012,16,0.0,0.2,0.0,0.15,2,100000,100000,1.0,L_independent_error_events_per_trial
L16_q0000_q1020_t015,attack,2026083012,16,0.0,0.2,0.2,0.15,2,100000,35230,0.3523,L_independent_error_events_per_trial
L16_q0000_q1020_t015,honest,2026083013,16,0.0,0.2,0.0,0.15,2,100000,100000,1.0,L_independent_error_events_per_trial
L16_q0000_q1020_t015,attack,2026083013,16,0.0,0.2,0.2,0.15,2,100000,35113,0.35113,L_independent_error_events_per_trial
L16_q0000_q1020_t015,honest,2026083014,16,0.0,0.2,0.0,0.15,2,100000,100000,1.0,L_independent_error_events_per_trial
L16_q0000_q1020_t015,attack,2026083014,16,0.0,0.2,0.2,0.15,2,100000,35289,0.35289,L_independent_error_events_per_trial
L16_q0000_q1020_t015,honest,2026083015,16,0.0,0.2,0.0,0.15,2,100000,100000,1.0,L_independent_error_events_per_trial
L16_q0000_q1020_t015,attack,2026083015,16,0.0,0.2,0.2,0.15,2,100000,35282,0.35282,L_independent_error_events_per_trial
L16_q0000_q1020_t015,honest,2026083016,16,0.0,0.2,0.0,0.15,2,100000,100000,1.0,L_independent_error_events_per_trial
L16_q0000_q1020_t015,attack,2026083016,16,0.0,0.2,0.2,0.15,2,100000,35496,0.35496,L_independent_error_events_per_trial
L16_q0000_q1020_t015,honest,2026083017,16,0.0,0.2,0.0,0.15,2,100000,100000,1.0,L_independent_error_events_per_trial
L16_q0000_q1020_t015,attack,2026083017,16,0.0,0.2,0.2,0.15,2,100000,35086,0.35086,L_independent_error_events_per_trial
L16_q0000_q1020_t015,honest,2026083018,16,0.0,0.2,0.0,0.15,2,100000,100000,1.0,L_independent_error_events_per_trial
L16_q0000_q1020_t015,attack,2026083018,16,0.0,0.2,0.2,0.15,2,100000,35132,0.35132,L_independent_error_events_per_trial
L16_q0000_q1020_t015,honest,2026083019,16,0.0,0.2,0.0,0.15,2,100000,100000,1.0,L_independent_error_events_per_trial
L16_q0000_q1020_t015,attack,2026083019,16,0.0,0.2,0.2,0.15,2,100000,35198,0.35198,L_independent_error_events_per_trial
L16_q0000_q1020_t015,honest,2026083020,16,0.0,0.2,0.0,0.15,2,100000,100000,1.0,L_independent_error_events_per_trial
L16_q0000_q1020_t015,attack,2026083020,16,0.0,0.2,0.2,0.15,2,100000,35330,0.3533,L_independent_error_events_per_trial
L16_q0000_q1020_t015,honest,2026083021,16,0.0,0.2,0.0,0.15,2,100000,100000,1.0,L_independent_error_events_per_trial
L16_q0000_q1020_t015,attack,2026083021,16,0.0,0.2,0.2,0.15,2,100000,35170,0.3517,L_independent_error_events_per_trial
L16_q0000_q1020_t015,honest,2026083022,16,0.0,0.2,0.0,0.15,2,100000,100000,1.0,L_independent_error_events_per_trial
L16_q0000_q1020_t015,attack,2026083022,16,0.0,0.2,0.2,0.15,2,100000,34876,0.34876,L_independent_error_events_per_trial
L16_q0000_q1020_t015,honest,2026083023,16,0.0,0.2,0.0,0.15,2,100000,100000,1.0,L_independent_error_events_per_trial
L16_q0000_q1020_t015,attack,2026083023,16,0.0,0.2,0.2,0.15,2,100000,35066,0.35066,L_independent_error_events_per_trial
L16_q0000_q1020_t015,honest,2026083024,16,0.0,0.2,0.0,0.15,2,100000,100000,1.0,L_independent_error_events_per_trial
L16_q0000_q1020_t015,attack,2026083024,16,0.0,0.2,0.2,0.15,2,100000,35281,0.35281,L_independent_error_events_per_trial
L16_q0000_q1020_t015,honest,2026083025,16,0.0,0.2,0.0,0.15,2,100000,100000,1.0,L_independent_error_events_per_trial
L16_q0000_q1020_t015,attack,2026083025,16,0.0,0.2,0.2,0.15,2,100000,35252,0.35252,L_independent_error_events_per_trial
L16_q0000_q1020_t015,honest,2026083026,16,0.0,0.2,0.0,0.15,2,100000,100000,1.0,L_independent_error_events_per_trial
L16_q0000_q1020_t015,attack,2026083026,16,0.0,0.2,0.2,0.15,2,100000,35137,0.35137,L_independent_error_events_per_trial
L16_q0000_q1020_t015,honest,2026083027,16,0.0,0.2,0.0,0.15,2,100000,100000,1.0,L_independent_error_events_per_trial
L16_q0000_q1020_t015,attack,2026083027,16,0.0,0.2,0.2,0.15,2,100000,35265,0.35265,L_independent_error_events_per_trial
L16_q0000_q1020_t015,honest,2026083028,16,0.0,0.2,0.0,0.15,2,100000,100000,1.0,L_independent_error_events_per_trial
L16_q0000_q1020_t015,attack,2026083028,16,0.0,0.2,0.2,0.15,2,100000,35142,0.35142,L_independent_error_events_per_trial
L16_q0000_q1020_t015,honest,2026083029,16,0.0,0.2,0.0,0.15,2,100000,100000,1.0,L_independent_error_events_per_trial
L16_q0000_q1020_t015,attack,2026083029,16,0.0,0.2,0.2,0.15,2,100000,35289,0.35289,L_independent_error_events_per_trial
L16_q0000_q1020_t015,honest,2026083030,16,0.0,0.2,0.0,0.15,2,100000,100000,1.0,L_independent_error_events_per_trial
L16_q0000_q1020_t015,attack,2026083030,16,0.0,0.2,0.2,0.15,2,100000,35306,0.35306,L_independent_error_events_per_trial
L16_q0001_q1020_t005,honest,2026083001,16,0.01,0.2,0.01,0.05,0,100000,85166,0.85166,L_independent_error_events_per_trial
L16_q0001_q1020_t005,attack,2026083001,16,0.01,0.2,0.2,0.05,0,100000,2866,0.02866,L_independent_error_events_per_trial
L16_q0001_q1020_t005,honest,2026083002,16,0.01,0.2,0.01,0.05,0,100000,85169,0.85169,L_independent_error_events_per_trial
L16_q0001_q1020_t005,attack,2026083002,16,0.01,0.2,0.2,0.05,0,100000,2842,0.02842,L_independent_error_events_per_trial
L16_q0001_q1020_t005,honest,2026083003,16,0.01,0.2,0.01,0.05,0,100000,85160,0.8516,L_independent_error_events_per_trial
L16_q0001_q1020_t005,attack,2026083003,16,0.01,0.2,0.2,0.05,0,100000,2861,0.02861,L_independent_error_events_per_trial
L16_q0001_q1020_t005,honest,2026083004,16,0.01,0.2,0.01,0.05,0,100000,85282,0.85282,L_independent_error_events_per_trial
L16_q0001_q1020_t005,attack,2026083004,16,0.01,0.2,0.2,0.05,0,100000,2862,0.02862,L_independent_error_events_per_trial
L16_q0001_q1020_t005,honest,2026083005,16,0.01,0.2,0.01,0.05,0,100000,85328,0.85328,L_independent_error_events_per_trial
L16_q0001_q1020_t005,attack,2026083005,16,0.01,0.2,0.2,0.05,0,100000,2801,0.02801,L_independent_error_events_per_trial
L16_q0001_q1020_t005,honest,2026083006,16,0.01,0.2,0.01,0.05,0,100000,85195,0.85195,L_independent_error_events_per_trial
L16_q0001_q1020_t005,attack,2026083006,16,0.01,0.2,0.2,0.05,0,100000,2844,0.02844,L_independent_error_events_per_trial
L16_q0001_q1020_t005,honest,2026083007,16,0.01,0.2,0.01,0.05,0,100000,85314,0.85314,L_independent_error_events_per_trial
L16_q0001_q1020_t005,attack,2026083007,16,0.01,0.2,0.2,0.05,0,100000,2806,0.02806,L_independent_error_events_per_trial
L16_q0001_q1020_t005,honest,2026083008,16,0.01,0.2,0.01,0.05,0,100000,85289,0.85289,L_independent_error_events_per_trial
L16_q0001_q1020_t005,attack,2026083008,16,0.01,0.2,0.2,0.05,0,100000,2805,0.02805,L_independent_error_events_per_trial
L16_q0001_q1020_t005,honest,2026083009,16,0.01,0.2,0.01,0.05,0,100000,85190,0.8519,L_independent_error_events_per_trial
L16_q0001_q1020_t005,attack,2026083009,16,0.01,0.2,0.2,0.05,0,100000,2808,0.02808,L_independent_error_events_per_trial
L16_q0001_q1020_t005,honest,2026083010,16,0.01,0.2,0.01,0.05,0,100000,85059,0.85059,L_independent_error_events_per_trial
L16_q0001_q1020_t005,attack,2026083010,16,0.01,0.2,0.2,0.05,0,100000,2892,0.02892,L_independent_error_events_per_trial
L16_q0001_q1020_t005,honest,2026083011,16,0.01,0.2,0.01,0.05,0,100000,85247,0.85247,L_independent_error_events_per_trial
L16_q0001_q1020_t005,attack,2026083011,16,0.01,0.2,0.2,0.05,0,100000,2904,0.02904,L_independent_error_events_per_trial
L16_q0001_q1020_t005,honest,2026083012,16,0.01,0.2,0.01,0.05,0,100000,84976,0.84976,L_independent_error_events_per_trial
L16_q0001_q1020_t005,attack,2026083012,16,0.01,0.2,0.2,0.05,0,100000,2805,0.02805,L_independent_error_events_per_trial
L16_q0001_q1020_t005,honest,2026083013,16,0.01,0.2,0.01,0.05,0,100000,85166,0.85166,L_independent_error_events_per_trial
L16_q0001_q1020_t005,attack,2026083013,16,0.01,0.2,0.2,0.05,0,100000,2879,0.02879,L_independent_error_events_per_trial
L16_q0001_q1020_t005,honest,2026083014,16,0.01,0.2,0.01,0.05,0,100000,85210,0.8521,L_independent_error_events_per_trial
L16_q0001_q1020_t005,attack,2026083014,16,0.01,0.2,0.2,0.05,0,100000,2834,0.02834,L_independent_error_events_per_trial
L16_q0001_q1020_t005,honest,2026083015,16,0.01,0.2,0.01,0.05,0,100000,85201,0.85201,L_independent_error_events_per_trial
L16_q0001_q1020_t005,attack,2026083015,16,0.01,0.2,0.2,0.05,0,100000,2822,0.02822,L_independent_error_events_per_trial
L16_q0001_q1020_t005,honest,2026083016,16,0.01,0.2,0.01,0.05,0,100000,85124,0.85124,L_independent_error_events_per_trial
L16_q0001_q1020_t005,attack,2026083016,16,0.01,0.2,0.2,0.05,0,100000,2878,0.02878,L_independent_error_events_per_trial
L16_q0001_q1020_t005,honest,2026083017,16,0.01,0.2,0.01,0.05,0,100000,85061,0.85061,L_independent_error_events_per_trial
L16_q0001_q1020_t005,attack,2026083017,16,0.01,0.2,0.2,0.05,0,100000,2863,0.02863,L_independent_error_events_per_trial
L16_q0001_q1020_t005,honest,2026083018,16,0.01,0.2,0.01,0.05,0,100000,85050,0.8505,L_independent_error_events_per_trial
L16_q0001_q1020_t005,attack,2026083018,16,0.01,0.2,0.2,0.05,0,100000,2824,0.02824,L_independent_error_events_per_trial
L16_q0001_q1020_t005,honest,2026083019,16,0.01,0.2,0.01,0.05,0,100000,85142,0.85142,L_independent_error_events_per_trial
L16_q0001_q1020_t005,attack,2026083019,16,0.01,0.2,0.2,0.05,0,100000,2839,0.02839,L_independent_error_events_per_trial
L16_q0001_q1020_t005,honest,2026083020,16,0.01,0.2,0.01,0.05,0,100000,85194,0.85194,L_independent_error_events_per_trial
L16_q0001_q1020_t005,attack,2026083020,16,0.01,0.2,0.2,0.05,0,100000,2852,0.02852,L_independent_error_events_per_trial
L16_q0001_q1020_t005,honest,2026083021,16,0.01,0.2,0.01,0.05,0,100000,85296,0.85296,L_independent_error_events_per_trial
L16_q0001_q1020_t005,attack,2026083021,16,0.01,0.2,0.2,0.05,0,100000,2843,0.02843,L_independent_error_events_per_trial
L16_q0001_q1020_t005,honest,2026083022,16,0.01,0.2,0.01,0.05,0,100000,85295,0.85295,L_independent_error_events_per_trial
L16_q0001_q1020_t005,attack,2026083022,16,0.01,0.2,0.2,0.05,0,100000,2798,0.02798,L_independent_error_events_per_trial
L16_q0001_q1020_t005,honest,2026083023,16,0.01,0.2,0.01,0.05,0,100000,84993,0.84993,L_independent_error_events_per_trial
L16_q0001_q1020_t005,attack,2026083023,16,0.01,0.2,0.2,0.05,0,100000,2785,0.02785,L_independent_error_events_per_trial
L16_q0001_q1020_t005,honest,2026083024,16,0.01,0.2,0.01,0.05,0,100000,84920,0.8492,L_independent_error_events_per_trial
L16_q0001_q1020_t005,attack,2026083024,16,0.01,0.2,0.2,0.05,0,100000,2886,0.02886,L_independent_error_events_per_trial
L16_q0001_q1020_t005,honest,2026083025,16,0.01,0.2,0.01,0.05,0,100000,85185,0.85185,L_independent_error_events_per_trial
L16_q0001_q1020_t005,attack,2026083025,16,0.01,0.2,0.2,0.05,0,100000,2811,0.02811,L_independent_error_events_per_trial
L16_q0001_q1020_t005,honest,2026083026,16,0.01,0.2,0.01,0.05,0,100000,85128,0.85128,L_independent_error_events_per_trial
L16_q0001_q1020_t005,attack,2026083026,16,0.01,0.2,0.2,0.05,0,100000,2905,0.02905,L_independent_error_events_per_trial
L16_q0001_q1020_t005,honest,2026083027,16,0.01,0.2,0.01,0.05,0,100000,85226,0.85226,L_independent_error_events_per_trial
L16_q0001_q1020_t005,attack,2026083027,16,0.01,0.2,0.2,0.05,0,100000,2827,0.02827,L_independent_error_events_per_trial
L16_q0001_q1020_t005,honest,2026083028,16,0.01,0.2,0.01,0.05,0,100000,85136,0.85136,L_independent_error_events_per_trial
L16_q0001_q1020_t005,attack,2026083028,16,0.01,0.2,0.2,0.05,0,100000,2755,0.02755,L_independent_error_events_per_trial
L16_q0001_q1020_t005,honest,2026083029,16,0.01,0.2,0.01,0.05,0,100000,85180,0.8518,L_independent_error_events_per_trial
L16_q0001_q1020_t005,attack,2026083029,16,0.01,0.2,0.2,0.05,0,100000,2875,0.02875,L_independent_error_events_per_trial
L16_q0001_q1020_t005,honest,2026083030,16,0.01,0.2,0.01,0.05,0,100000,85234,0.85234,L_independent_error_events_per_trial
L16_q0001_q1020_t005,attack,2026083030,16,0.01,0.2,0.2,0.05,0,100000,2898,0.02898,L_independent_error_events_per_trial
L16_q0001_q1020_t010,honest,2026083001,16,0.01,0.2,0.01,0.1,1,100000,98946,0.98946,L_independent_error_events_per_trial
L16_q0001_q1020_t010,attack,2026083001,16,0.01,0.2,0.2,0.1,1,100000,14203,0.14203,L_independent_error_events_per_trial
L16_q0001_q1020_t010,honest,2026083002,16,0.01,0.2,0.01,0.1,1,100000,98911,0.98911,L_independent_error_events_per_trial
L16_q0001_q1020_t010,attack,2026083002,16,0.01,0.2,0.2,0.1,1,100000,14144,0.14144,L_independent_error_events_per_trial
L16_q0001_q1020_t010,honest,2026083003,16,0.01,0.2,0.01,0.1,1,100000,98973,0.98973,L_independent_error_events_per_trial
L16_q0001_q1020_t010,attack,2026083003,16,0.01,0.2,0.2,0.1,1,100000,14022,0.14022,L_independent_error_events_per_trial
L16_q0001_q1020_t010,honest,2026083004,16,0.01,0.2,0.01,0.1,1,100000,98888,0.98888,L_independent_error_events_per_trial
L16_q0001_q1020_t010,attack,2026083004,16,0.01,0.2,0.2,0.1,1,100000,14062,0.14062,L_independent_error_events_per_trial
L16_q0001_q1020_t010,honest,2026083005,16,0.01,0.2,0.01,0.1,1,100000,98912,0.98912,L_independent_error_events_per_trial
L16_q0001_q1020_t010,attack,2026083005,16,0.01,0.2,0.2,0.1,1,100000,14031,0.14031,L_independent_error_events_per_trial
L16_q0001_q1020_t010,honest,2026083006,16,0.01,0.2,0.01,0.1,1,100000,98884,0.98884,L_independent_error_events_per_trial
L16_q0001_q1020_t010,attack,2026083006,16,0.01,0.2,0.2,0.1,1,100000,14111,0.14111,L_independent_error_events_per_trial
L16_q0001_q1020_t010,honest,2026083007,16,0.01,0.2,0.01,0.1,1,100000,98944,0.98944,L_independent_error_events_per_trial
L16_q0001_q1020_t010,attack,2026083007,16,0.01,0.2,0.2,0.1,1,100000,13907,0.13907,L_independent_error_events_per_trial
L16_q0001_q1020_t010,honest,2026083008,16,0.01,0.2,0.01,0.1,1,100000,98886,0.98886,L_independent_error_events_per_trial
L16_q0001_q1020_t010,attack,2026083008,16,0.01,0.2,0.2,0.1,1,100000,14096,0.14096,L_independent_error_events_per_trial
L16_q0001_q1020_t010,honest,2026083009,16,0.01,0.2,0.01,0.1,1,100000,98904,0.98904,L_independent_error_events_per_trial
L16_q0001_q1020_t010,attack,2026083009,16,0.01,0.2,0.2,0.1,1,100000,14082,0.14082,L_independent_error_events_per_trial
L16_q0001_q1020_t010,honest,2026083010,16,0.01,0.2,0.01,0.1,1,100000,98880,0.9888,L_independent_error_events_per_trial
L16_q0001_q1020_t010,attack,2026083010,16,0.01,0.2,0.2,0.1,1,100000,14212,0.14212,L_independent_error_events_per_trial
L16_q0001_q1020_t010,honest,2026083011,16,0.01,0.2,0.01,0.1,1,100000,98938,0.98938,L_independent_error_events_per_trial
L16_q0001_q1020_t010,attack,2026083011,16,0.01,0.2,0.2,0.1,1,100000,14057,0.14057,L_independent_error_events_per_trial
L16_q0001_q1020_t010,honest,2026083012,16,0.01,0.2,0.01,0.1,1,100000,98837,0.98837,L_independent_error_events_per_trial
L16_q0001_q1020_t010,attack,2026083012,16,0.01,0.2,0.2,0.1,1,100000,14036,0.14036,L_independent_error_events_per_trial
L16_q0001_q1020_t010,honest,2026083013,16,0.01,0.2,0.01,0.1,1,100000,98932,0.98932,L_independent_error_events_per_trial
L16_q0001_q1020_t010,attack,2026083013,16,0.01,0.2,0.2,0.1,1,100000,14183,0.14183,L_independent_error_events_per_trial
L16_q0001_q1020_t010,honest,2026083014,16,0.01,0.2,0.01,0.1,1,100000,98863,0.98863,L_independent_error_events_per_trial
L16_q0001_q1020_t010,attack,2026083014,16,0.01,0.2,0.2,0.1,1,100000,14190,0.1419,L_independent_error_events_per_trial
L16_q0001_q1020_t010,honest,2026083015,16,0.01,0.2,0.01,0.1,1,100000,98996,0.98996,L_independent_error_events_per_trial
L16_q0001_q1020_t010,attack,2026083015,16,0.01,0.2,0.2,0.1,1,100000,14072,0.14072,L_independent_error_events_per_trial
L16_q0001_q1020_t010,honest,2026083016,16,0.01,0.2,0.01,0.1,1,100000,98942,0.98942,L_independent_error_events_per_trial
L16_q0001_q1020_t010,attack,2026083016,16,0.01,0.2,0.2,0.1,1,100000,14147,0.14147,L_independent_error_events_per_trial
L16_q0001_q1020_t010,honest,2026083017,16,0.01,0.2,0.01,0.1,1,100000,98925,0.98925,L_independent_error_events_per_trial
L16_q0001_q1020_t010,attack,2026083017,16,0.01,0.2,0.2,0.1,1,100000,14182,0.14182,L_independent_error_events_per_trial
L16_q0001_q1020_t010,honest,2026083018,16,0.01,0.2,0.01,0.1,1,100000,98873,0.98873,L_independent_error_events_per_trial
L16_q0001_q1020_t010,attack,2026083018,16,0.01,0.2,0.2,0.1,1,100000,14034,0.14034,L_independent_error_events_per_trial
L16_q0001_q1020_t010,honest,2026083019,16,0.01,0.2,0.01,0.1,1,100000,98904,0.98904,L_independent_error_events_per_trial
L16_q0001_q1020_t010,attack,2026083019,16,0.01,0.2,0.2,0.1,1,100000,14125,0.14125,L_independent_error_events_per_trial
L16_q0001_q1020_t010,honest,2026083020,16,0.01,0.2,0.01,0.1,1,100000,98886,0.98886,L_independent_error_events_per_trial
L16_q0001_q1020_t010,attack,2026083020,16,0.01,0.2,0.2,0.1,1,100000,14052,0.14052,L_independent_error_events_per_trial
L16_q0001_q1020_t010,honest,2026083021,16,0.01,0.2,0.01,0.1,1,100000,98917,0.98917,L_independent_error_events_per_trial
L16_q0001_q1020_t010,attack,2026083021,16,0.01,0.2,0.2,0.1,1,100000,13997,0.13997,L_independent_error_events_per_trial
L16_q0001_q1020_t010,honest,2026083022,16,0.01,0.2,0.01,0.1,1,100000,98841,0.98841,L_independent_error_events_per_trial
L16_q0001_q1020_t010,attack,2026083022,16,0.01,0.2,0.2,0.1,1,100000,13976,0.13976,L_independent_error_events_per_trial
L16_q0001_q1020_t010,honest,2026083023,16,0.01,0.2,0.01,0.1,1,100000,98917,0.98917,L_independent_error_events_per_trial
L16_q0001_q1020_t010,attack,2026083023,16,0.01,0.2,0.2,0.1,1,100000,14022,0.14022,L_independent_error_events_per_trial
L16_q0001_q1020_t010,honest,2026083024,16,0.01,0.2,0.01,0.1,1,100000,98913,0.98913,L_independent_error_events_per_trial
L16_q0001_q1020_t010,attack,2026083024,16,0.01,0.2,0.2,0.1,1,100000,14130,0.1413,L_independent_error_events_per_trial
L16_q0001_q1020_t010,honest,2026083025,16,0.01,0.2,0.01,0.1,1,100000,98929,0.98929,L_independent_error_events_per_trial
L16_q0001_q1020_t010,attack,2026083025,16,0.01,0.2,0.2,0.1,1,100000,14171,0.14171,L_independent_error_events_per_trial
L16_q0001_q1020_t010,honest,2026083026,16,0.01,0.2,0.01,0.1,1,100000,98867,0.98867,L_independent_error_events_per_trial
L16_q0001_q1020_t010,attack,2026083026,16,0.01,0.2,0.2,0.1,1,100000,14205,0.14205,L_independent_error_events_per_trial
L16_q0001_q1020_t010,honest,2026083027,16,0.01,0.2,0.01,0.1,1,100000,98910,0.9891,L_independent_error_events_per_trial
L16_q0001_q1020_t010,attack,2026083027,16,0.01,0.2,0.2,0.1,1,100000,14019,0.14019,L_independent_error_events_per_trial
L16_q0001_q1020_t010,honest,2026083028,16,0.01,0.2,0.01,0.1,1,100000,98922,0.98922,L_independent_error_events_per_trial
L16_q0001_q1020_t010,attack,2026083028,16,0.01,0.2,0.2,0.1,1,100000,13974,0.13974,L_independent_error_events_per_trial
L16_q0001_q1020_t010,honest,2026083029,16,0.01,0.2,0.01,0.1,1,100000,98954,0.98954,L_independent_error_events_per_trial
L16_q0001_q1020_t010,attack,2026083029,16,0.01,0.2,0.2,0.1,1,100000,14157,0.14157,L_independent_error_events_per_trial
L16_q0001_q1020_t010,honest,2026083030,16,0.01,0.2,0.01,0.1,1,100000,98921,0.98921,L_independent_error_events_per_trial
L16_q0001_q1020_t010,attack,2026083030,16,0.01,0.2,0.2,0.1,1,100000,14219,0.14219,L_independent_error_events_per_trial
L16_q0001_q1020_t015,honest,2026083001,16,0.01,0.2,0.01,0.15,2,100000,99946,0.99946,L_independent_error_events_per_trial
L16_q0001_q1020_t015,attack,2026083001,16,0.01,0.2,0.2,0.15,2,100000,35569,0.35569,L_independent_error_events_per_trial
L16_q0001_q1020_t015,honest,2026083002,16,0.01,0.2,0.01,0.15,2,100000,99949,0.99949,L_independent_error_events_per_trial
L16_q0001_q1020_t015,attack,2026083002,16,0.01,0.2,0.2,0.15,2,100000,35213,0.35213,L_independent_error_events_per_trial
L16_q0001_q1020_t015,honest,2026083003,16,0.01,0.2,0.01,0.15,2,100000,99944,0.99944,L_independent_error_events_per_trial
L16_q0001_q1020_t015,attack,2026083003,16,0.01,0.2,0.2,0.15,2,100000,35185,0.35185,L_independent_error_events_per_trial
L16_q0001_q1020_t015,honest,2026083004,16,0.01,0.2,0.01,0.15,2,100000,99942,0.99942,L_independent_error_events_per_trial
L16_q0001_q1020_t015,attack,2026083004,16,0.01,0.2,0.2,0.15,2,100000,35196,0.35196,L_independent_error_events_per_trial
L16_q0001_q1020_t015,honest,2026083005,16,0.01,0.2,0.01,0.15,2,100000,99945,0.99945,L_independent_error_events_per_trial
L16_q0001_q1020_t015,attack,2026083005,16,0.01,0.2,0.2,0.15,2,100000,35138,0.35138,L_independent_error_events_per_trial
L16_q0001_q1020_t015,honest,2026083006,16,0.01,0.2,0.01,0.15,2,100000,99946,0.99946,L_independent_error_events_per_trial
L16_q0001_q1020_t015,attack,2026083006,16,0.01,0.2,0.2,0.15,2,100000,35112,0.35112,L_independent_error_events_per_trial
L16_q0001_q1020_t015,honest,2026083007,16,0.01,0.2,0.01,0.15,2,100000,99950,0.9995,L_independent_error_events_per_trial
L16_q0001_q1020_t015,attack,2026083007,16,0.01,0.2,0.2,0.15,2,100000,34972,0.34972,L_independent_error_events_per_trial
L16_q0001_q1020_t015,honest,2026083008,16,0.01,0.2,0.01,0.15,2,100000,99950,0.9995,L_independent_error_events_per_trial
L16_q0001_q1020_t015,attack,2026083008,16,0.01,0.2,0.2,0.15,2,100000,34996,0.34996,L_independent_error_events_per_trial
L16_q0001_q1020_t015,honest,2026083009,16,0.01,0.2,0.01,0.15,2,100000,99958,0.99958,L_independent_error_events_per_trial
L16_q0001_q1020_t015,attack,2026083009,16,0.01,0.2,0.2,0.15,2,100000,35060,0.3506,L_independent_error_events_per_trial
L16_q0001_q1020_t015,honest,2026083010,16,0.01,0.2,0.01,0.15,2,100000,99959,0.99959,L_independent_error_events_per_trial
L16_q0001_q1020_t015,attack,2026083010,16,0.01,0.2,0.2,0.15,2,100000,35284,0.35284,L_independent_error_events_per_trial
L16_q0001_q1020_t015,honest,2026083011,16,0.01,0.2,0.01,0.15,2,100000,99961,0.99961,L_independent_error_events_per_trial
L16_q0001_q1020_t015,attack,2026083011,16,0.01,0.2,0.2,0.15,2,100000,35025,0.35025,L_independent_error_events_per_trial
L16_q0001_q1020_t015,honest,2026083012,16,0.01,0.2,0.01,0.15,2,100000,99941,0.99941,L_independent_error_events_per_trial
L16_q0001_q1020_t015,attack,2026083012,16,0.01,0.2,0.2,0.15,2,100000,35230,0.3523,L_independent_error_events_per_trial
L16_q0001_q1020_t015,honest,2026083013,16,0.01,0.2,0.01,0.15,2,100000,99946,0.99946,L_independent_error_events_per_trial
L16_q0001_q1020_t015,attack,2026083013,16,0.01,0.2,0.2,0.15,2,100000,35113,0.35113,L_independent_error_events_per_trial
L16_q0001_q1020_t015,honest,2026083014,16,0.01,0.2,0.01,0.15,2,100000,99946,0.99946,L_independent_error_events_per_trial
L16_q0001_q1020_t015,attack,2026083014,16,0.01,0.2,0.2,0.15,2,100000,35289,0.35289,L_independent_error_events_per_trial
L16_q0001_q1020_t015,honest,2026083015,16,0.01,0.2,0.01,0.15,2,100000,99959,0.99959,L_independent_error_events_per_trial
L16_q0001_q1020_t015,attack,2026083015,16,0.01,0.2,0.2,0.15,2,100000,35282,0.35282,L_independent_error_events_per_trial
L16_q0001_q1020_t015,honest,2026083016,16,0.01,0.2,0.01,0.15,2,100000,99957,0.99957,L_independent_error_events_per_trial
L16_q0001_q1020_t015,attack,2026083016,16,0.01,0.2,0.2,0.15,2,100000,35496,0.35496,L_independent_error_events_per_trial
L16_q0001_q1020_t015,honest,2026083017,16,0.01,0.2,0.01,0.15,2,100000,99936,0.99936,L_independent_error_events_per_trial
L16_q0001_q1020_t015,attack,2026083017,16,0.01,0.2,0.2,0.15,2,100000,35086,0.35086,L_independent_error_events_per_trial
L16_q0001_q1020_t015,honest,2026083018,16,0.01,0.2,0.01,0.15,2,100000,99925,0.99925,L_independent_error_events_per_trial
L16_q0001_q1020_t015,attack,2026083018,16,0.01,0.2,0.2,0.15,2,100000,35132,0.35132,L_independent_error_events_per_trial
L16_q0001_q1020_t015,honest,2026083019,16,0.01,0.2,0.01,0.15,2,100000,99944,0.99944,L_independent_error_events_per_trial
L16_q0001_q1020_t015,attack,2026083019,16,0.01,0.2,0.2,0.15,2,100000,35198,0.35198,L_independent_error_events_per_trial
L16_q0001_q1020_t015,honest,2026083020,16,0.01,0.2,0.01,0.15,2,100000,99958,0.99958,L_independent_error_events_per_trial
L16_q0001_q1020_t015,attack,2026083020,16,0.01,0.2,0.2,0.15,2,100000,35330,0.3533,L_independent_error_events_per_trial
L16_q0001_q1020_t015,honest,2026083021,16,0.01,0.2,0.01,0.15,2,100000,99947,0.99947,L_independent_error_events_per_trial
L16_q0001_q1020_t015,attack,2026083021,16,0.01,0.2,0.2,0.15,2,100000,35170,0.3517,L_independent_error_events_per_trial
L16_q0001_q1020_t015,honest,2026083022,16,0.01,0.2,0.01,0.15,2,100000,99945,0.99945,L_independent_error_events_per_trial
L16_q0001_q1020_t015,attack,2026083022,16,0.01,0.2,0.2,0.15,2,100000,34876,0.34876,L_independent_error_events_per_trial
L16_q0001_q1020_t015,honest,2026083023,16,0.01,0.2,0.01,0.15,2,100000,99939,0.99939,L_independent_error_events_per_trial
L16_q0001_q1020_t015,attack,2026083023,16,0.01,0.2,0.2,0.15,2,100000,35066,0.35066,L_independent_error_events_per_trial
L16_q0001_q1020_t015,honest,2026083024,16,0.01,0.2,0.01,0.15,2,100000,99956,0.99956,L_independent_error_events_per_trial
L16_q0001_q1020_t015,attack,2026083024,16,0.01,0.2,0.2,0.15,2,100000,35281,0.35281,L_independent_error_events_per_trial
L16_q0001_q1020_t015,honest,2026083025,16,0.01,0.2,0.01,0.15,2,100000,99943,0.99943,L_independent_error_events_per_trial
L16_q0001_q1020_t015,attack,2026083025,16,0.01,0.2,0.2,0.15,2,100000,35252,0.35252,L_independent_error_events_per_trial
L16_q0001_q1020_t015,honest,2026083026,16,0.01,0.2,0.01,0.15,2,100000,99947,0.99947,L_independent_error_events_per_trial
L16_q0001_q1020_t015,attack,2026083026,16,0.01,0.2,0.2,0.15,2,100000,35137,0.35137,L_independent_error_events_per_trial
L16_q0001_q1020_t015,honest,2026083027,16,0.01,0.2,0.01,0.15,2,100000,99953,0.99953,L_independent_error_events_per_trial
L16_q0001_q1020_t015,attack,2026083027,16,0.01,0.2,0.2,0.15,2,100000,35265,0.35265,L_independent_error_events_per_trial
L16_q0001_q1020_t015,honest,2026083028,16,0.01,0.2,0.01,0.15,2,100000,99954,0.99954,L_independent_error_events_per_trial
L16_q0001_q1020_t015,attack,2026083028,16,0.01,0.2,0.2,0.15,2,100000,35142,0.35142,L_independent_error_events_per_trial
L16_q0001_q1020_t015,honest,2026083029,16,0.01,0.2,0.01,0.15,2,100000,99957,0.99957,L_independent_error_events_per_trial
L16_q0001_q1020_t015,attack,2026083029,16,0.01,0.2,0.2,0.15,2,100000,35289,0.35289,L_independent_error_events_per_trial
L16_q0001_q1020_t015,honest,2026083030,16,0.01,0.2,0.01,0.15,2,100000,99954,0.99954,L_independent_error_events_per_trial
L16_q0001_q1020_t015,attack,2026083030,16,0.01,0.2,0.2,0.15,2,100000,35306,0.35306,L_independent_error_events_per_trial
L16_q0003_q1020_t005,honest,2026083001,16,0.03,0.2,0.03,0.05,0,100000,61497,0.61497,L_independent_error_events_per_trial
L16_q0003_q1020_t005,attack,2026083001,16,0.03,0.2,0.2,0.05,0,100000,2866,0.02866,L_independent_error_events_per_trial
L16_q0003_q1020_t005,honest,2026083002,16,0.03,0.2,0.03,0.05,0,100000,61575,0.61575,L_independent_error_events_per_trial
L16_q0003_q1020_t005,attack,2026083002,16,0.03,0.2,0.2,0.05,0,100000,2842,0.02842,L_independent_error_events_per_trial
L16_q0003_q1020_t005,honest,2026083003,16,0.03,0.2,0.03,0.05,0,100000,61536,0.61536,L_independent_error_events_per_trial
L16_q0003_q1020_t005,attack,2026083003,16,0.03,0.2,0.2,0.05,0,100000,2861,0.02861,L_independent_error_events_per_trial
L16_q0003_q1020_t005,honest,2026083004,16,0.03,0.2,0.03,0.05,0,100000,61263,0.61263,L_independent_error_events_per_trial
L16_q0003_q1020_t005,attack,2026083004,16,0.03,0.2,0.2,0.05,0,100000,2862,0.02862,L_independent_error_events_per_trial
L16_q0003_q1020_t005,honest,2026083005,16,0.03,0.2,0.03,0.05,0,100000,61607,0.61607,L_independent_error_events_per_trial
L16_q0003_q1020_t005,attack,2026083005,16,0.03,0.2,0.2,0.05,0,100000,2801,0.02801,L_independent_error_events_per_trial
L16_q0003_q1020_t005,honest,2026083006,16,0.03,0.2,0.03,0.05,0,100000,61615,0.61615,L_independent_error_events_per_trial
L16_q0003_q1020_t005,attack,2026083006,16,0.03,0.2,0.2,0.05,0,100000,2844,0.02844,L_independent_error_events_per_trial
L16_q0003_q1020_t005,honest,2026083007,16,0.03,0.2,0.03,0.05,0,100000,61361,0.61361,L_independent_error_events_per_trial
L16_q0003_q1020_t005,attack,2026083007,16,0.03,0.2,0.2,0.05,0,100000,2806,0.02806,L_independent_error_events_per_trial
L16_q0003_q1020_t005,honest,2026083008,16,0.03,0.2,0.03,0.05,0,100000,61179,0.61179,L_independent_error_events_per_trial
L16_q0003_q1020_t005,attack,2026083008,16,0.03,0.2,0.2,0.05,0,100000,2805,0.02805,L_independent_error_events_per_trial
L16_q0003_q1020_t005,honest,2026083009,16,0.03,0.2,0.03,0.05,0,100000,61346,0.61346,L_independent_error_events_per_trial
L16_q0003_q1020_t005,attack,2026083009,16,0.03,0.2,0.2,0.05,0,100000,2808,0.02808,L_independent_error_events_per_trial
L16_q0003_q1020_t005,honest,2026083010,16,0.03,0.2,0.03,0.05,0,100000,61299,0.61299,L_independent_error_events_per_trial
L16_q0003_q1020_t005,attack,2026083010,16,0.03,0.2,0.2,0.05,0,100000,2892,0.02892,L_independent_error_events_per_trial
L16_q0003_q1020_t005,honest,2026083011,16,0.03,0.2,0.03,0.05,0,100000,61282,0.61282,L_independent_error_events_per_trial
L16_q0003_q1020_t005,attack,2026083011,16,0.03,0.2,0.2,0.05,0,100000,2904,0.02904,L_independent_error_events_per_trial
L16_q0003_q1020_t005,honest,2026083012,16,0.03,0.2,0.03,0.05,0,100000,61409,0.61409,L_independent_error_events_per_trial
L16_q0003_q1020_t005,attack,2026083012,16,0.03,0.2,0.2,0.05,0,100000,2805,0.02805,L_independent_error_events_per_trial
L16_q0003_q1020_t005,honest,2026083013,16,0.03,0.2,0.03,0.05,0,100000,61541,0.61541,L_independent_error_events_per_trial
L16_q0003_q1020_t005,attack,2026083013,16,0.03,0.2,0.2,0.05,0,100000,2879,0.02879,L_independent_error_events_per_trial
L16_q0003_q1020_t005,honest,2026083014,16,0.03,0.2,0.03,0.05,0,100000,61636,0.61636,L_independent_error_events_per_trial
L16_q0003_q1020_t005,attack,2026083014,16,0.03,0.2,0.2,0.05,0,100000,2834,0.02834,L_independent_error_events_per_trial
L16_q0003_q1020_t005,honest,2026083015,16,0.03,0.2,0.03,0.05,0,100000,61442,0.61442,L_independent_error_events_per_trial
L16_q0003_q1020_t005,attack,2026083015,16,0.03,0.2,0.2,0.05,0,100000,2822,0.02822,L_independent_error_events_per_trial
L16_q0003_q1020_t005,honest,2026083016,16,0.03,0.2,0.03,0.05,0,100000,61569,0.61569,L_independent_error_events_per_trial
L16_q0003_q1020_t005,attack,2026083016,16,0.03,0.2,0.2,0.05,0,100000,2878,0.02878,L_independent_error_events_per_trial
L16_q0003_q1020_t005,honest,2026083017,16,0.03,0.2,0.03,0.05,0,100000,61330,0.6133,L_independent_error_events_per_trial
L16_q0003_q1020_t005,attack,2026083017,16,0.03,0.2,0.2,0.05,0,100000,2863,0.02863,L_independent_error_events_per_trial
L16_q0003_q1020_t005,honest,2026083018,16,0.03,0.2,0.03,0.05,0,100000,61592,0.61592,L_independent_error_events_per_trial
L16_q0003_q1020_t005,attack,2026083018,16,0.03,0.2,0.2,0.05,0,100000,2824,0.02824,L_independent_error_events_per_trial
L16_q0003_q1020_t005,honest,2026083019,16,0.03,0.2,0.03,0.05,0,100000,61460,0.6146,L_independent_error_events_per_trial
L16_q0003_q1020_t005,attack,2026083019,16,0.03,0.2,0.2,0.05,0,100000,2839,0.02839,L_independent_error_events_per_trial
L16_q0003_q1020_t005,honest,2026083020,16,0.03,0.2,0.03,0.05,0,100000,61536,0.61536,L_independent_error_events_per_trial
L16_q0003_q1020_t005,attack,2026083020,16,0.03,0.2,0.2,0.05,0,100000,2852,0.02852,L_independent_error_events_per_trial
L16_q0003_q1020_t005,honest,2026083021,16,0.03,0.2,0.03,0.05,0,100000,61129,0.61129,L_independent_error_events_per_trial
L16_q0003_q1020_t005,attack,2026083021,16,0.03,0.2,0.2,0.05,0,100000,2843,0.02843,L_independent_error_events_per_trial
L16_q0003_q1020_t005,honest,2026083022,16,0.03,0.2,0.03,0.05,0,100000,61359,0.61359,L_independent_error_events_per_trial
L16_q0003_q1020_t005,attack,2026083022,16,0.03,0.2,0.2,0.05,0,100000,2798,0.02798,L_independent_error_events_per_trial
L16_q0003_q1020_t005,honest,2026083023,16,0.03,0.2,0.03,0.05,0,100000,61314,0.61314,L_independent_error_events_per_trial
L16_q0003_q1020_t005,attack,2026083023,16,0.03,0.2,0.2,0.05,0,100000,2785,0.02785,L_independent_error_events_per_trial
L16_q0003_q1020_t005,honest,2026083024,16,0.03,0.2,0.03,0.05,0,100000,61417,0.61417,L_independent_error_events_per_trial
L16_q0003_q1020_t005,attack,2026083024,16,0.03,0.2,0.2,0.05,0,100000,2886,0.02886,L_independent_error_events_per_trial
L16_q0003_q1020_t005,honest,2026083025,16,0.03,0.2,0.03,0.05,0,100000,61503,0.61503,L_independent_error_events_per_trial
L16_q0003_q1020_t005,attack,2026083025,16,0.03,0.2,0.2,0.05,0,100000,2811,0.02811,L_independent_error_events_per_trial
L16_q0003_q1020_t005,honest,2026083026,16,0.03,0.2,0.03,0.05,0,100000,61474,0.61474,L_independent_error_events_per_trial
L16_q0003_q1020_t005,attack,2026083026,16,0.03,0.2,0.2,0.05,0,100000,2905,0.02905,L_independent_error_events_per_trial
L16_q0003_q1020_t005,honest,2026083027,16,0.03,0.2,0.03,0.05,0,100000,61040,0.6104,L_independent_error_events_per_trial
L16_q0003_q1020_t005,attack,2026083027,16,0.03,0.2,0.2,0.05,0,100000,2827,0.02827,L_independent_error_events_per_trial
L16_q0003_q1020_t005,honest,2026083028,16,0.03,0.2,0.03,0.05,0,100000,61461,0.61461,L_independent_error_events_per_trial
L16_q0003_q1020_t005,attack,2026083028,16,0.03,0.2,0.2,0.05,0,100000,2755,0.02755,L_independent_error_events_per_trial
L16_q0003_q1020_t005,honest,2026083029,16,0.03,0.2,0.03,0.05,0,100000,61509,0.61509,L_independent_error_events_per_trial
L16_q0003_q1020_t005,attack,2026083029,16,0.03,0.2,0.2,0.05,0,100000,2875,0.02875,L_independent_error_events_per_trial
L16_q0003_q1020_t005,honest,2026083030,16,0.03,0.2,0.03,0.05,0,100000,61234,0.61234,L_independent_error_events_per_trial
L16_q0003_q1020_t005,attack,2026083030,16,0.03,0.2,0.2,0.05,0,100000,2898,0.02898,L_independent_error_events_per_trial
L16_q0003_q1020_t010,honest,2026083001,16,0.03,0.2,0.03,0.1,1,100000,91850,0.9185,L_independent_error_events_per_trial
L16_q0003_q1020_t010,attack,2026083001,16,0.03,0.2,0.2,0.1,1,100000,14203,0.14203,L_independent_error_events_per_trial
L16_q0003_q1020_t010,honest,2026083002,16,0.03,0.2,0.03,0.1,1,100000,92048,0.92048,L_independent_error_events_per_trial
L16_q0003_q1020_t010,attack,2026083002,16,0.03,0.2,0.2,0.1,1,100000,14144,0.14144,L_independent_error_events_per_trial
L16_q0003_q1020_t010,honest,2026083003,16,0.03,0.2,0.03,0.1,1,100000,91852,0.91852,L_independent_error_events_per_trial
L16_q0003_q1020_t010,attack,2026083003,16,0.03,0.2,0.2,0.1,1,100000,14022,0.14022,L_independent_error_events_per_trial
L16_q0003_q1020_t010,honest,2026083004,16,0.03,0.2,0.03,0.1,1,100000,91681,0.91681,L_independent_error_events_per_trial
L16_q0003_q1020_t010,attack,2026083004,16,0.03,0.2,0.2,0.1,1,100000,14062,0.14062,L_independent_error_events_per_trial
L16_q0003_q1020_t010,honest,2026083005,16,0.03,0.2,0.03,0.1,1,100000,91850,0.9185,L_independent_error_events_per_trial
L16_q0003_q1020_t010,attack,2026083005,16,0.03,0.2,0.2,0.1,1,100000,14031,0.14031,L_independent_error_events_per_trial
L16_q0003_q1020_t010,honest,2026083006,16,0.03,0.2,0.03,0.1,1,100000,92032,0.92032,L_independent_error_events_per_trial
L16_q0003_q1020_t010,attack,2026083006,16,0.03,0.2,0.2,0.1,1,100000,14111,0.14111,L_independent_error_events_per_trial
L16_q0003_q1020_t010,honest,2026083007,16,0.03,0.2,0.03,0.1,1,100000,91857,0.91857,L_independent_error_events_per_trial
L16_q0003_q1020_t010,attack,2026083007,16,0.03,0.2,0.2,0.1,1,100000,13907,0.13907,L_independent_error_events_per_trial
L16_q0003_q1020_t010,honest,2026083008,16,0.03,0.2,0.03,0.1,1,100000,91781,0.91781,L_independent_error_events_per_trial
L16_q0003_q1020_t010,attack,2026083008,16,0.03,0.2,0.2,0.1,1,100000,14096,0.14096,L_independent_error_events_per_trial
L16_q0003_q1020_t010,honest,2026083009,16,0.03,0.2,0.03,0.1,1,100000,91845,0.91845,L_independent_error_events_per_trial
L16_q0003_q1020_t010,attack,2026083009,16,0.03,0.2,0.2,0.1,1,100000,14082,0.14082,L_independent_error_events_per_trial
L16_q0003_q1020_t010,honest,2026083010,16,0.03,0.2,0.03,0.1,1,100000,91730,0.9173,L_independent_error_events_per_trial
L16_q0003_q1020_t010,attack,2026083010,16,0.03,0.2,0.2,0.1,1,100000,14212,0.14212,L_independent_error_events_per_trial
L16_q0003_q1020_t010,honest,2026083011,16,0.03,0.2,0.03,0.1,1,100000,91753,0.91753,L_independent_error_events_per_trial
L16_q0003_q1020_t010,attack,2026083011,16,0.03,0.2,0.2,0.1,1,100000,14057,0.14057,L_independent_error_events_per_trial
L16_q0003_q1020_t010,honest,2026083012,16,0.03,0.2,0.03,0.1,1,100000,91693,0.91693,L_independent_error_events_per_trial
L16_q0003_q1020_t010,attack,2026083012,16,0.03,0.2,0.2,0.1,1,100000,14036,0.14036,L_independent_error_events_per_trial
L16_q0003_q1020_t010,honest,2026083013,16,0.03,0.2,0.03,0.1,1,100000,91941,0.91941,L_independent_error_events_per_trial
L16_q0003_q1020_t010,attack,2026083013,16,0.03,0.2,0.2,0.1,1,100000,14183,0.14183,L_independent_error_events_per_trial
L16_q0003_q1020_t010,honest,2026083014,16,0.03,0.2,0.03,0.1,1,100000,91921,0.91921,L_independent_error_events_per_trial
L16_q0003_q1020_t010,attack,2026083014,16,0.03,0.2,0.2,0.1,1,100000,14190,0.1419,L_independent_error_events_per_trial
L16_q0003_q1020_t010,honest,2026083015,16,0.03,0.2,0.03,0.1,1,100000,91790,0.9179,L_independent_error_events_per_trial
L16_q0003_q1020_t010,attack,2026083015,16,0.03,0.2,0.2,0.1,1,100000,14072,0.14072,L_independent_error_events_per_trial
L16_q0003_q1020_t010,honest,2026083016,16,0.03,0.2,0.03,0.1,1,100000,91788,0.91788,L_independent_error_events_per_trial
L16_q0003_q1020_t010,attack,2026083016,16,0.03,0.2,0.2,0.1,1,100000,14147,0.14147,L_independent_error_events_per_trial
L16_q0003_q1020_t010,honest,2026083017,16,0.03,0.2,0.03,0.1,1,100000,91826,0.91826,L_independent_error_events_per_trial
L16_q0003_q1020_t010,attack,2026083017,16,0.03,0.2,0.2,0.1,1,100000,14182,0.14182,L_independent_error_events_per_trial
L16_q0003_q1020_t010,honest,2026083018,16,0.03,0.2,0.03,0.1,1,100000,91835,0.91835,L_independent_error_events_per_trial
L16_q0003_q1020_t010,attack,2026083018,16,0.03,0.2,0.2,0.1,1,100000,14034,0.14034,L_independent_error_events_per_trial
L16_q0003_q1020_t010,honest,2026083019,16,0.03,0.2,0.03,0.1,1,100000,91762,0.91762,L_independent_error_events_per_trial
L16_q0003_q1020_t010,attack,2026083019,16,0.03,0.2,0.2,0.1,1,100000,14125,0.14125,L_independent_error_events_per_trial
L16_q0003_q1020_t010,honest,2026083020,16,0.03,0.2,0.03,0.1,1,100000,91930,0.9193,L_independent_error_events_per_trial
L16_q0003_q1020_t010,attack,2026083020,16,0.03,0.2,0.2,0.1,1,100000,14052,0.14052,L_independent_error_events_per_trial
L16_q0003_q1020_t010,honest,2026083021,16,0.03,0.2,0.03,0.1,1,100000,91756,0.91756,L_independent_error_events_per_trial
L16_q0003_q1020_t010,attack,2026083021,16,0.03,0.2,0.2,0.1,1,100000,13997,0.13997,L_independent_error_events_per_trial
L16_q0003_q1020_t010,honest,2026083022,16,0.03,0.2,0.03,0.1,1,100000,91875,0.91875,L_independent_error_events_per_trial
L16_q0003_q1020_t010,attack,2026083022,16,0.03,0.2,0.2,0.1,1,100000,13976,0.13976,L_independent_error_events_per_trial
L16_q0003_q1020_t010,honest,2026083023,16,0.03,0.2,0.03,0.1,1,100000,91696,0.91696,L_independent_error_events_per_trial
L16_q0003_q1020_t010,attack,2026083023,16,0.03,0.2,0.2,0.1,1,100000,14022,0.14022,L_independent_error_events_per_trial
L16_q0003_q1020_t010,honest,2026083024,16,0.03,0.2,0.03,0.1,1,100000,91841,0.91841,L_independent_error_events_per_trial
L16_q0003_q1020_t010,attack,2026083024,16,0.03,0.2,0.2,0.1,1,100000,14130,0.1413,L_independent_error_events_per_trial
L16_q0003_q1020_t010,honest,2026083025,16,0.03,0.2,0.03,0.1,1,100000,91778,0.91778,L_independent_error_events_per_trial
L16_q0003_q1020_t010,attack,2026083025,16,0.03,0.2,0.2,0.1,1,100000,14171,0.14171,L_independent_error_events_per_trial
L16_q0003_q1020_t010,honest,2026083026,16,0.03,0.2,0.03,0.1,1,100000,91856,0.91856,L_independent_error_events_per_trial
L16_q0003_q1020_t010,attack,2026083026,16,0.03,0.2,0.2,0.1,1,100000,14205,0.14205,L_independent_error_events_per_trial
L16_q0003_q1020_t010,honest,2026083027,16,0.03,0.2,0.03,0.1,1,100000,91771,0.91771,L_independent_error_events_per_trial
L16_q0003_q1020_t010,attack,2026083027,16,0.03,0.2,0.2,0.1,1,100000,14019,0.14019,L_independent_error_events_per_trial
L16_q0003_q1020_t010,honest,2026083028,16,0.03,0.2,0.03,0.1,1,100000,91839,0.91839,L_independent_error_events_per_trial
L16_q0003_q1020_t010,attack,2026083028,16,0.03,0.2,0.2,0.1,1,100000,13974,0.13974,L_independent_error_events_per_trial
L16_q0003_q1020_t010,honest,2026083029,16,0.03,0.2,0.03,0.1,1,100000,91879,0.91879,L_independent_error_events_per_trial
L16_q0003_q1020_t010,attack,2026083029,16,0.03,0.2,0.2,0.1,1,100000,14157,0.14157,L_independent_error_events_per_trial
L16_q0003_q1020_t010,honest,2026083030,16,0.03,0.2,0.03,0.1,1,100000,91680,0.9168,L_independent_error_events_per_trial
L16_q0003_q1020_t010,attack,2026083030,16,0.03,0.2,0.2,0.1,1,100000,14219,0.14219,L_independent_error_events_per_trial
L16_q0003_q1020_t015,honest,2026083001,16,0.03,0.2,0.03,0.15,2,100000,98851,0.98851,L_independent_error_events_per_trial
L16_q0003_q1020_t015,attack,2026083001,16,0.03,0.2,0.2,0.15,2,100000,35569,0.35569,L_independent_error_events_per_trial
L16_q0003_q1020_t015,honest,2026083002,16,0.03,0.2,0.03,0.15,2,100000,98958,0.98958,L_independent_error_events_per_trial
L16_q0003_q1020_t015,attack,2026083002,16,0.03,0.2,0.2,0.15,2,100000,35213,0.35213,L_independent_error_events_per_trial
L16_q0003_q1020_t015,honest,2026083003,16,0.03,0.2,0.03,0.15,2,100000,98843,0.98843,L_independent_error_events_per_trial
L16_q0003_q1020_t015,attack,2026083003,16,0.03,0.2,0.2,0.15,2,100000,35185,0.35185,L_independent_error_events_per_trial
L16_q0003_q1020_t015,honest,2026083004,16,0.03,0.2,0.03,0.15,2,100000,98824,0.98824,L_independent_error_events_per_trial
L16_q0003_q1020_t015,attack,2026083004,16,0.03,0.2,0.2,0.15,2,100000,35196,0.35196,L_independent_error_events_per_trial
L16_q0003_q1020_t015,honest,2026083005,16,0.03,0.2,0.03,0.15,2,100000,98937,0.98937,L_independent_error_events_per_trial
L16_q0003_q1020_t015,attack,2026083005,16,0.03,0.2,0.2,0.15,2,100000,35138,0.35138,L_independent_error_events_per_trial
L16_q0003_q1020_t015,honest,2026083006,16,0.03,0.2,0.03,0.15,2,100000,98904,0.98904,L_independent_error_events_per_trial
L16_q0003_q1020_t015,attack,2026083006,16,0.03,0.2,0.2,0.15,2,100000,35112,0.35112,L_independent_error_events_per_trial
L16_q0003_q1020_t015,honest,2026083007,16,0.03,0.2,0.03,0.15,2,100000,98877,0.98877,L_independent_error_events_per_trial
L16_q0003_q1020_t015,attack,2026083007,16,0.03,0.2,0.2,0.15,2,100000,34972,0.34972,L_independent_error_events_per_trial
L16_q0003_q1020_t015,honest,2026083008,16,0.03,0.2,0.03,0.15,2,100000,98853,0.98853,L_independent_error_events_per_trial
L16_q0003_q1020_t015,attack,2026083008,16,0.03,0.2,0.2,0.15,2,100000,34996,0.34996,L_independent_error_events_per_trial
L16_q0003_q1020_t015,honest,2026083009,16,0.03,0.2,0.03,0.15,2,100000,98885,0.98885,L_independent_error_events_per_trial
L16_q0003_q1020_t015,attack,2026083009,16,0.03,0.2,0.2,0.15,2,100000,35060,0.3506,L_independent_error_events_per_trial
L16_q0003_q1020_t015,honest,2026083010,16,0.03,0.2,0.03,0.15,2,100000,98886,0.98886,L_independent_error_events_per_trial
L16_q0003_q1020_t015,attack,2026083010,16,0.03,0.2,0.2,0.15,2,100000,35284,0.35284,L_independent_error_events_per_trial
L16_q0003_q1020_t015,honest,2026083011,16,0.03,0.2,0.03,0.15,2,100000,98861,0.98861,L_independent_error_events_per_trial
L16_q0003_q1020_t015,attack,2026083011,16,0.03,0.2,0.2,0.15,2,100000,35025,0.35025,L_independent_error_events_per_trial
L16_q0003_q1020_t015,honest,2026083012,16,0.03,0.2,0.03,0.15,2,100000,98864,0.98864,L_independent_error_events_per_trial
L16_q0003_q1020_t015,attack,2026083012,16,0.03,0.2,0.2,0.15,2,100000,35230,0.3523,L_independent_error_events_per_trial
L16_q0003_q1020_t015,honest,2026083013,16,0.03,0.2,0.03,0.15,2,100000,98902,0.98902,L_independent_error_events_per_trial
L16_q0003_q1020_t015,attack,2026083013,16,0.03,0.2,0.2,0.15,2,100000,35113,0.35113,L_independent_error_events_per_trial
L16_q0003_q1020_t015,honest,2026083014,16,0.03,0.2,0.03,0.15,2,100000,98853,0.98853,L_independent_error_events_per_trial
L16_q0003_q1020_t015,attack,2026083014,16,0.03,0.2,0.2,0.15,2,100000,35289,0.35289,L_independent_error_events_per_trial
L16_q0003_q1020_t015,honest,2026083015,16,0.03,0.2,0.03,0.15,2,100000,98851,0.98851,L_independent_error_events_per_trial
L16_q0003_q1020_t015,attack,2026083015,16,0.03,0.2,0.2,0.15,2,100000,35282,0.35282,L_independent_error_events_per_trial
L16_q0003_q1020_t015,honest,2026083016,16,0.03,0.2,0.03,0.15,2,100000,98855,0.98855,L_independent_error_events_per_trial
L16_q0003_q1020_t015,attack,2026083016,16,0.03,0.2,0.2,0.15,2,100000,35496,0.35496,L_independent_error_events_per_trial
L16_q0003_q1020_t015,honest,2026083017,16,0.03,0.2,0.03,0.15,2,100000,98923,0.98923,L_independent_error_events_per_trial
L16_q0003_q1020_t015,attack,2026083017,16,0.03,0.2,0.2,0.15,2,100000,35086,0.35086,L_independent_error_events_per_trial
L16_q0003_q1020_t015,honest,2026083018,16,0.03,0.2,0.03,0.15,2,100000,98937,0.98937,L_independent_error_events_per_trial
L16_q0003_q1020_t015,attack,2026083018,16,0.03,0.2,0.2,0.15,2,100000,35132,0.35132,L_independent_error_events_per_trial
L16_q0003_q1020_t015,honest,2026083019,16,0.03,0.2,0.03,0.15,2,100000,98865,0.98865,L_independent_error_events_per_trial
L16_q0003_q1020_t015,attack,2026083019,16,0.03,0.2,0.2,0.15,2,100000,35198,0.35198,L_independent_error_events_per_trial
L16_q0003_q1020_t015,honest,2026083020,16,0.03,0.2,0.03,0.15,2,100000,98919,0.98919,L_independent_error_events_per_trial
L16_q0003_q1020_t015,attack,2026083020,16,0.03,0.2,0.2,0.15,2,100000,35330,0.3533,L_independent_error_events_per_trial
L16_q0003_q1020_t015,honest,2026083021,16,0.03,0.2,0.03,0.15,2,100000,98822,0.98822,L_independent_error_events_per_trial
L16_q0003_q1020_t015,attack,2026083021,16,0.03,0.2,0.2,0.15,2,100000,35170,0.3517,L_independent_error_events_per_trial
L16_q0003_q1020_t015,honest,2026083022,16,0.03,0.2,0.03,0.15,2,100000,98903,0.98903,L_independent_error_events_per_trial
L16_q0003_q1020_t015,attack,2026083022,16,0.03,0.2,0.2,0.15,2,100000,34876,0.34876,L_independent_error_events_per_trial
L16_q0003_q1020_t015,honest,2026083023,16,0.03,0.2,0.03,0.15,2,100000,98839,0.98839,L_independent_error_events_per_trial
L16_q0003_q1020_t015,attack,2026083023,16,0.03,0.2,0.2,0.15,2,100000,35066,0.35066,L_independent_error_events_per_trial
L16_q0003_q1020_t015,honest,2026083024,16,0.03,0.2,0.03,0.15,2,100000,98881,0.98881,L_independent_error_events_per_trial
L16_q0003_q1020_t015,attack,2026083024,16,0.03,0.2,0.2,0.15,2,100000,35281,0.35281,L_independent_error_events_per_trial
L16_q0003_q1020_t015,honest,2026083025,16,0.03,0.2,0.03,0.15,2,100000,98851,0.98851,L_independent_error_events_per_trial
L16_q0003_q1020_t015,attack,2026083025,16,0.03,0.2,0.2,0.15,2,100000,35252,0.35252,L_independent_error_events_per_trial
L16_q0003_q1020_t015,honest,2026083026,16,0.03,0.2,0.03,0.15,2,100000,98879,0.98879,L_independent_error_events_per_trial
L16_q0003_q1020_t015,attack,2026083026,16,0.03,0.2,0.2,0.15,2,100000,35137,0.35137,L_independent_error_events_per_trial
L16_q0003_q1020_t015,honest,2026083027,16,0.03,0.2,0.03,0.15,2,100000,98815,0.98815,L_independent_error_events_per_trial
L16_q0003_q1020_t015,attack,2026083027,16,0.03,0.2,0.2,0.15,2,100000,35265,0.35265,L_independent_error_events_per_trial
L16_q0003_q1020_t015,honest,2026083028,16,0.03,0.2,0.03,0.15,2,100000,98860,0.9886,L_independent_error_events_per_trial
L16_q0003_q1020_t015,attack,2026083028,16,0.03,0.2,0.2,0.15,2,100000,35142,0.35142,L_independent_error_events_per_trial
L16_q0003_q1020_t015,honest,2026083029,16,0.03,0.2,0.03,0.15,2,100000,98895,0.98895,L_independent_error_events_per_trial
L16_q0003_q1020_t015,attack,2026083029,16,0.03,0.2,0.2,0.15,2,100000,35289,0.35289,L_independent_error_events_per_trial
L16_q0003_q1020_t015,honest,2026083030,16,0.03,0.2,0.03,0.15,2,100000,98840,0.9884,L_independent_error_events_per_trial
L16_q0003_q1020_t015,attack,2026083030,16,0.03,0.2,0.2,0.15,2,100000,35306,0.35306,L_independent_error_events_per_trial
L16_q0005_q1020_t005,honest,2026083001,16,0.05,0.2,0.05,0.05,0,100000,43848,0.43848,L_independent_error_events_per_trial
L16_q0005_q1020_t005,attack,2026083001,16,0.05,0.2,0.2,0.05,0,100000,2866,0.02866,L_independent_error_events_per_trial
L16_q0005_q1020_t005,honest,2026083002,16,0.05,0.2,0.05,0.05,0,100000,43948,0.43948,L_independent_error_events_per_trial
L16_q0005_q1020_t005,attack,2026083002,16,0.05,0.2,0.2,0.05,0,100000,2842,0.02842,L_independent_error_events_per_trial
L16_q0005_q1020_t005,honest,2026083003,16,0.05,0.2,0.05,0.05,0,100000,43968,0.43968,L_independent_error_events_per_trial
L16_q0005_q1020_t005,attack,2026083003,16,0.05,0.2,0.2,0.05,0,100000,2861,0.02861,L_independent_error_events_per_trial
L16_q0005_q1020_t005,honest,2026083004,16,0.05,0.2,0.05,0.05,0,100000,43933,0.43933,L_independent_error_events_per_trial
L16_q0005_q1020_t005,attack,2026083004,16,0.05,0.2,0.2,0.05,0,100000,2862,0.02862,L_independent_error_events_per_trial
L16_q0005_q1020_t005,honest,2026083005,16,0.05,0.2,0.05,0.05,0,100000,44010,0.4401,L_independent_error_events_per_trial
L16_q0005_q1020_t005,attack,2026083005,16,0.05,0.2,0.2,0.05,0,100000,2801,0.02801,L_independent_error_events_per_trial
L16_q0005_q1020_t005,honest,2026083006,16,0.05,0.2,0.05,0.05,0,100000,43885,0.43885,L_independent_error_events_per_trial
L16_q0005_q1020_t005,attack,2026083006,16,0.05,0.2,0.2,0.05,0,100000,2844,0.02844,L_independent_error_events_per_trial
L16_q0005_q1020_t005,honest,2026083007,16,0.05,0.2,0.05,0.05,0,100000,43964,0.43964,L_independent_error_events_per_trial
L16_q0005_q1020_t005,attack,2026083007,16,0.05,0.2,0.2,0.05,0,100000,2806,0.02806,L_independent_error_events_per_trial
L16_q0005_q1020_t005,honest,2026083008,16,0.05,0.2,0.05,0.05,0,100000,43863,0.43863,L_independent_error_events_per_trial
L16_q0005_q1020_t005,attack,2026083008,16,0.05,0.2,0.2,0.05,0,100000,2805,0.02805,L_independent_error_events_per_trial
L16_q0005_q1020_t005,honest,2026083009,16,0.05,0.2,0.05,0.05,0,100000,44144,0.44144,L_independent_error_events_per_trial
L16_q0005_q1020_t005,attack,2026083009,16,0.05,0.2,0.2,0.05,0,100000,2808,0.02808,L_independent_error_events_per_trial
L16_q0005_q1020_t005,honest,2026083010,16,0.05,0.2,0.05,0.05,0,100000,44062,0.44062,L_independent_error_events_per_trial
L16_q0005_q1020_t005,attack,2026083010,16,0.05,0.2,0.2,0.05,0,100000,2892,0.02892,L_independent_error_events_per_trial
L16_q0005_q1020_t005,honest,2026083011,16,0.05,0.2,0.05,0.05,0,100000,44260,0.4426,L_independent_error_events_per_trial
L16_q0005_q1020_t005,attack,2026083011,16,0.05,0.2,0.2,0.05,0,100000,2904,0.02904,L_independent_error_events_per_trial
L16_q0005_q1020_t005,honest,2026083012,16,0.05,0.2,0.05,0.05,0,100000,43795,0.43795,L_independent_error_events_per_trial
L16_q0005_q1020_t005,attack,2026083012,16,0.05,0.2,0.2,0.05,0,100000,2805,0.02805,L_independent_error_events_per_trial
L16_q0005_q1020_t005,honest,2026083013,16,0.05,0.2,0.05,0.05,0,100000,44238,0.44238,L_independent_error_events_per_trial
L16_q0005_q1020_t005,attack,2026083013,16,0.05,0.2,0.2,0.05,0,100000,2879,0.02879,L_independent_error_events_per_trial
L16_q0005_q1020_t005,honest,2026083014,16,0.05,0.2,0.05,0.05,0,100000,43962,0.43962,L_independent_error_events_per_trial
L16_q0005_q1020_t005,attack,2026083014,16,0.05,0.2,0.2,0.05,0,100000,2834,0.02834,L_independent_error_events_per_trial
L16_q0005_q1020_t005,honest,2026083015,16,0.05,0.2,0.05,0.05,0,100000,44282,0.44282,L_independent_error_events_per_trial
L16_q0005_q1020_t005,attack,2026083015,16,0.05,0.2,0.2,0.05,0,100000,2822,0.02822,L_independent_error_events_per_trial
L16_q0005_q1020_t005,honest,2026083016,16,0.05,0.2,0.05,0.05,0,100000,44066,0.44066,L_independent_error_events_per_trial
L16_q0005_q1020_t005,attack,2026083016,16,0.05,0.2,0.2,0.05,0,100000,2878,0.02878,L_independent_error_events_per_trial
L16_q0005_q1020_t005,honest,2026083017,16,0.05,0.2,0.05,0.05,0,100000,43957,0.43957,L_independent_error_events_per_trial
L16_q0005_q1020_t005,attack,2026083017,16,0.05,0.2,0.2,0.05,0,100000,2863,0.02863,L_independent_error_events_per_trial
L16_q0005_q1020_t005,honest,2026083018,16,0.05,0.2,0.05,0.05,0,100000,44066,0.44066,L_independent_error_events_per_trial
L16_q0005_q1020_t005,attack,2026083018,16,0.05,0.2,0.2,0.05,0,100000,2824,0.02824,L_independent_error_events_per_trial
L16_q0005_q1020_t005,honest,2026083019,16,0.05,0.2,0.05,0.05,0,100000,43973,0.43973,L_independent_error_events_per_trial
L16_q0005_q1020_t005,attack,2026083019,16,0.05,0.2,0.2,0.05,0,100000,2839,0.02839,L_independent_error_events_per_trial
L16_q0005_q1020_t005,honest,2026083020,16,0.05,0.2,0.05,0.05,0,100000,44120,0.4412,L_independent_error_events_per_trial
L16_q0005_q1020_t005,attack,2026083020,16,0.05,0.2,0.2,0.05,0,100000,2852,0.02852,L_independent_error_events_per_trial
L16_q0005_q1020_t005,honest,2026083021,16,0.05,0.2,0.05,0.05,0,100000,44125,0.44125,L_independent_error_events_per_trial
L16_q0005_q1020_t005,attack,2026083021,16,0.05,0.2,0.2,0.05,0,100000,2843,0.02843,L_independent_error_events_per_trial
L16_q0005_q1020_t005,honest,2026083022,16,0.05,0.2,0.05,0.05,0,100000,43974,0.43974,L_independent_error_events_per_trial
L16_q0005_q1020_t005,attack,2026083022,16,0.05,0.2,0.2,0.05,0,100000,2798,0.02798,L_independent_error_events_per_trial
L16_q0005_q1020_t005,honest,2026083023,16,0.05,0.2,0.05,0.05,0,100000,43964,0.43964,L_independent_error_events_per_trial
L16_q0005_q1020_t005,attack,2026083023,16,0.05,0.2,0.2,0.05,0,100000,2785,0.02785,L_independent_error_events_per_trial
L16_q0005_q1020_t005,honest,2026083024,16,0.05,0.2,0.05,0.05,0,100000,44169,0.44169,L_independent_error_events_per_trial
L16_q0005_q1020_t005,attack,2026083024,16,0.05,0.2,0.2,0.05,0,100000,2886,0.02886,L_independent_error_events_per_trial
L16_q0005_q1020_t005,honest,2026083025,16,0.05,0.2,0.05,0.05,0,100000,43766,0.43766,L_independent_error_events_per_trial
L16_q0005_q1020_t005,attack,2026083025,16,0.05,0.2,0.2,0.05,0,100000,2811,0.02811,L_independent_error_events_per_trial
L16_q0005_q1020_t005,honest,2026083026,16,0.05,0.2,0.05,0.05,0,100000,43979,0.43979,L_independent_error_events_per_trial
L16_q0005_q1020_t005,attack,2026083026,16,0.05,0.2,0.2,0.05,0,100000,2905,0.02905,L_independent_error_events_per_trial
L16_q0005_q1020_t005,honest,2026083027,16,0.05,0.2,0.05,0.05,0,100000,43832,0.43832,L_independent_error_events_per_trial
L16_q0005_q1020_t005,attack,2026083027,16,0.05,0.2,0.2,0.05,0,100000,2827,0.02827,L_independent_error_events_per_trial
L16_q0005_q1020_t005,honest,2026083028,16,0.05,0.2,0.05,0.05,0,100000,44004,0.44004,L_independent_error_events_per_trial
L16_q0005_q1020_t005,attack,2026083028,16,0.05,0.2,0.2,0.05,0,100000,2755,0.02755,L_independent_error_events_per_trial
L16_q0005_q1020_t005,honest,2026083029,16,0.05,0.2,0.05,0.05,0,100000,44002,0.44002,L_independent_error_events_per_trial
L16_q0005_q1020_t005,attack,2026083029,16,0.05,0.2,0.2,0.05,0,100000,2875,0.02875,L_independent_error_events_per_trial
L16_q0005_q1020_t005,honest,2026083030,16,0.05,0.2,0.05,0.05,0,100000,44107,0.44107,L_independent_error_events_per_trial
L16_q0005_q1020_t005,attack,2026083030,16,0.05,0.2,0.2,0.05,0,100000,2898,0.02898,L_independent_error_events_per_trial
L16_q0005_q1020_t010,honest,2026083001,16,0.05,0.2,0.05,0.1,1,100000,81017,0.81017,L_independent_error_events_per_trial
L16_q0005_q1020_t010,attack,2026083001,16,0.05,0.2,0.2,0.1,1,100000,14203,0.14203,L_independent_error_events_per_trial
L16_q0005_q1020_t010,honest,2026083002,16,0.05,0.2,0.05,0.1,1,100000,81013,0.81013,L_independent_error_events_per_trial
L16_q0005_q1020_t010,attack,2026083002,16,0.05,0.2,0.2,0.1,1,100000,14144,0.14144,L_independent_error_events_per_trial
L16_q0005_q1020_t010,honest,2026083003,16,0.05,0.2,0.05,0.1,1,100000,81049,0.81049,L_independent_error_events_per_trial
L16_q0005_q1020_t010,attack,2026083003,16,0.05,0.2,0.2,0.1,1,100000,14022,0.14022,L_independent_error_events_per_trial
L16_q0005_q1020_t010,honest,2026083004,16,0.05,0.2,0.05,0.1,1,100000,81026,0.81026,L_independent_error_events_per_trial
L16_q0005_q1020_t010,attack,2026083004,16,0.05,0.2,0.2,0.1,1,100000,14062,0.14062,L_independent_error_events_per_trial
L16_q0005_q1020_t010,honest,2026083005,16,0.05,0.2,0.05,0.1,1,100000,81155,0.81155,L_independent_error_events_per_trial
L16_q0005_q1020_t010,attack,2026083005,16,0.05,0.2,0.2,0.1,1,100000,14031,0.14031,L_independent_error_events_per_trial
L16_q0005_q1020_t010,honest,2026083006,16,0.05,0.2,0.05,0.1,1,100000,81045,0.81045,L_independent_error_events_per_trial
L16_q0005_q1020_t010,attack,2026083006,16,0.05,0.2,0.2,0.1,1,100000,14111,0.14111,L_independent_error_events_per_trial
L16_q0005_q1020_t010,honest,2026083007,16,0.05,0.2,0.05,0.1,1,100000,80946,0.80946,L_independent_error_events_per_trial
L16_q0005_q1020_t010,attack,2026083007,16,0.05,0.2,0.2,0.1,1,100000,13907,0.13907,L_independent_error_events_per_trial
L16_q0005_q1020_t010,honest,2026083008,16,0.05,0.2,0.05,0.1,1,100000,81001,0.81001,L_independent_error_events_per_trial
L16_q0005_q1020_t010,attack,2026083008,16,0.05,0.2,0.2,0.1,1,100000,14096,0.14096,L_independent_error_events_per_trial
L16_q0005_q1020_t010,honest,2026083009,16,0.05,0.2,0.05,0.1,1,100000,80978,0.80978,L_independent_error_events_per_trial
L16_q0005_q1020_t010,attack,2026083009,16,0.05,0.2,0.2,0.1,1,100000,14082,0.14082,L_independent_error_events_per_trial
L16_q0005_q1020_t010,honest,2026083010,16,0.05,0.2,0.05,0.1,1,100000,81175,0.81175,L_independent_error_events_per_trial
L16_q0005_q1020_t010,attack,2026083010,16,0.05,0.2,0.2,0.1,1,100000,14212,0.14212,L_independent_error_events_per_trial
L16_q0005_q1020_t010,honest,2026083011,16,0.05,0.2,0.05,0.1,1,100000,81231,0.81231,L_independent_error_events_per_trial
L16_q0005_q1020_t010,attack,2026083011,16,0.05,0.2,0.2,0.1,1,100000,14057,0.14057,L_independent_error_events_per_trial
L16_q0005_q1020_t010,honest,2026083012,16,0.05,0.2,0.05,0.1,1,100000,80872,0.80872,L_independent_error_events_per_trial
L16_q0005_q1020_t010,attack,2026083012,16,0.05,0.2,0.2,0.1,1,100000,14036,0.14036,L_independent_error_events_per_trial
L16_q0005_q1020_t010,honest,2026083013,16,0.05,0.2,0.05,0.1,1,100000,81139,0.81139,L_independent_error_events_per_trial
L16_q0005_q1020_t010,attack,2026083013,16,0.05,0.2,0.2,0.1,1,100000,14183,0.14183,L_independent_error_events_per_trial
L16_q0005_q1020_t010,honest,2026083014,16,0.05,0.2,0.05,0.1,1,100000,81060,0.8106,L_independent_error_events_per_trial
L16_q0005_q1020_t010,attack,2026083014,16,0.05,0.2,0.2,0.1,1,100000,14190,0.1419,L_independent_error_events_per_trial
L16_q0005_q1020_t010,honest,2026083015,16,0.05,0.2,0.05,0.1,1,100000,81199,0.81199,L_independent_error_events_per_trial
L16_q0005_q1020_t010,attack,2026083015,16,0.05,0.2,0.2,0.1,1,100000,14072,0.14072,L_independent_error_events_per_trial
L16_q0005_q1020_t010,honest,2026083016,16,0.05,0.2,0.05,0.1,1,100000,81143,0.81143,L_independent_error_events_per_trial
L16_q0005_q1020_t010,attack,2026083016,16,0.05,0.2,0.2,0.1,1,100000,14147,0.14147,L_independent_error_events_per_trial
L16_q0005_q1020_t010,honest,2026083017,16,0.05,0.2,0.05,0.1,1,100000,80940,0.8094,L_independent_error_events_per_trial
L16_q0005_q1020_t010,attack,2026083017,16,0.05,0.2,0.2,0.1,1,100000,14182,0.14182,L_independent_error_events_per_trial
L16_q0005_q1020_t010,honest,2026083018,16,0.05,0.2,0.05,0.1,1,100000,81127,0.81127,L_independent_error_events_per_trial
L16_q0005_q1020_t010,attack,2026083018,16,0.05,0.2,0.2,0.1,1,100000,14034,0.14034,L_independent_error_events_per_trial
L16_q0005_q1020_t010,honest,2026083019,16,0.05,0.2,0.05,0.1,1,100000,81224,0.81224,L_independent_error_events_per_trial
L16_q0005_q1020_t010,attack,2026083019,16,0.05,0.2,0.2,0.1,1,100000,14125,0.14125,L_independent_error_events_per_trial
L16_q0005_q1020_t010,honest,2026083020,16,0.05,0.2,0.05,0.1,1,100000,81060,0.8106,L_independent_error_events_per_trial
L16_q0005_q1020_t010,attack,2026083020,16,0.05,0.2,0.2,0.1,1,100000,14052,0.14052,L_independent_error_events_per_trial
L16_q0005_q1020_t010,honest,2026083021,16,0.05,0.2,0.05,0.1,1,100000,81283,0.81283,L_independent_error_events_per_trial
L16_q0005_q1020_t010,attack,2026083021,16,0.05,0.2,0.2,0.1,1,100000,13997,0.13997,L_independent_error_events_per_trial
L16_q0005_q1020_t010,honest,2026083022,16,0.05,0.2,0.05,0.1,1,100000,81093,0.81093,L_independent_error_events_per_trial
L16_q0005_q1020_t010,attack,2026083022,16,0.05,0.2,0.2,0.1,1,100000,13976,0.13976,L_independent_error_events_per_trial
L16_q0005_q1020_t010,honest,2026083023,16,0.05,0.2,0.05,0.1,1,100000,81012,0.81012,L_independent_error_events_per_trial
L16_q0005_q1020_t010,attack,2026083023,16,0.05,0.2,0.2,0.1,1,100000,14022,0.14022,L_independent_error_events_per_trial
L16_q0005_q1020_t010,honest,2026083024,16,0.05,0.2,0.05,0.1,1,100000,81463,0.81463,L_independent_error_events_per_trial
L16_q0005_q1020_t010,attack,2026083024,16,0.05,0.2,0.2,0.1,1,100000,14130,0.1413,L_independent_error_events_per_trial
L16_q0005_q1020_t010,honest,2026083025,16,0.05,0.2,0.05,0.1,1,100000,80929,0.80929,L_independent_error_events_per_trial
L16_q0005_q1020_t010,attack,2026083025,16,0.05,0.2,0.2,0.1,1,100000,14171,0.14171,L_independent_error_events_per_trial
L16_q0005_q1020_t010,honest,2026083026,16,0.05,0.2,0.05,0.1,1,100000,81038,0.81038,L_independent_error_events_per_trial
L16_q0005_q1020_t010,attack,2026083026,16,0.05,0.2,0.2,0.1,1,100000,14205,0.14205,L_independent_error_events_per_trial
L16_q0005_q1020_t010,honest,2026083027,16,0.05,0.2,0.05,0.1,1,100000,81067,0.81067,L_independent_error_events_per_trial
L16_q0005_q1020_t010,attack,2026083027,16,0.05,0.2,0.2,0.1,1,100000,14019,0.14019,L_independent_error_events_per_trial
L16_q0005_q1020_t010,honest,2026083028,16,0.05,0.2,0.05,0.1,1,100000,80823,0.80823,L_independent_error_events_per_trial
L16_q0005_q1020_t010,attack,2026083028,16,0.05,0.2,0.2,0.1,1,100000,13974,0.13974,L_independent_error_events_per_trial
L16_q0005_q1020_t010,honest,2026083029,16,0.05,0.2,0.05,0.1,1,100000,81130,0.8113,L_independent_error_events_per_trial
L16_q0005_q1020_t010,attack,2026083029,16,0.05,0.2,0.2,0.1,1,100000,14157,0.14157,L_independent_error_events_per_trial
L16_q0005_q1020_t010,honest,2026083030,16,0.05,0.2,0.05,0.1,1,100000,81144,0.81144,L_independent_error_events_per_trial
L16_q0005_q1020_t010,attack,2026083030,16,0.05,0.2,0.2,0.1,1,100000,14219,0.14219,L_independent_error_events_per_trial
L16_q0005_q1020_t015,honest,2026083001,16,0.05,0.2,0.05,0.15,2,100000,95662,0.95662,L_independent_error_events_per_trial
L16_q0005_q1020_t015,attack,2026083001,16,0.05,0.2,0.2,0.15,2,100000,35569,0.35569,L_independent_error_events_per_trial
L16_q0005_q1020_t015,honest,2026083002,16,0.05,0.2,0.05,0.15,2,100000,95573,0.95573,L_independent_error_events_per_trial
L16_q0005_q1020_t015,attack,2026083002,16,0.05,0.2,0.2,0.15,2,100000,35213,0.35213,L_independent_error_events_per_trial
L16_q0005_q1020_t015,honest,2026083003,16,0.05,0.2,0.05,0.15,2,100000,95693,0.95693,L_independent_error_events_per_trial
L16_q0005_q1020_t015,attack,2026083003,16,0.05,0.2,0.2,0.15,2,100000,35185,0.35185,L_independent_error_events_per_trial
L16_q0005_q1020_t015,honest,2026083004,16,0.05,0.2,0.05,0.15,2,100000,95668,0.95668,L_independent_error_events_per_trial
L16_q0005_q1020_t015,attack,2026083004,16,0.05,0.2,0.2,0.15,2,100000,35196,0.35196,L_independent_error_events_per_trial
L16_q0005_q1020_t015,honest,2026083005,16,0.05,0.2,0.05,0.15,2,100000,95752,0.95752,L_independent_error_events_per_trial
L16_q0005_q1020_t015,attack,2026083005,16,0.05,0.2,0.2,0.15,2,100000,35138,0.35138,L_independent_error_events_per_trial
L16_q0005_q1020_t015,honest,2026083006,16,0.05,0.2,0.05,0.15,2,100000,95707,0.95707,L_independent_error_events_per_trial
L16_q0005_q1020_t015,attack,2026083006,16,0.05,0.2,0.2,0.15,2,100000,35112,0.35112,L_independent_error_events_per_trial
L16_q0005_q1020_t015,honest,2026083007,16,0.05,0.2,0.05,0.15,2,100000,95704,0.95704,L_independent_error_events_per_trial
L16_q0005_q1020_t015,attack,2026083007,16,0.05,0.2,0.2,0.15,2,100000,34972,0.34972,L_independent_error_events_per_trial
L16_q0005_q1020_t015,honest,2026083008,16,0.05,0.2,0.05,0.15,2,100000,95710,0.9571,L_independent_error_events_per_trial
L16_q0005_q1020_t015,attack,2026083008,16,0.05,0.2,0.2,0.15,2,100000,34996,0.34996,L_independent_error_events_per_trial
L16_q0005_q1020_t015,honest,2026083009,16,0.05,0.2,0.05,0.15,2,100000,95661,0.95661,L_independent_error_events_per_trial
L16_q0005_q1020_t015,attack,2026083009,16,0.05,0.2,0.2,0.15,2,100000,35060,0.3506,L_independent_error_events_per_trial
L16_q0005_q1020_t015,honest,2026083010,16,0.05,0.2,0.05,0.15,2,100000,95790,0.9579,L_independent_error_events_per_trial
L16_q0005_q1020_t015,attack,2026083010,16,0.05,0.2,0.2,0.15,2,100000,35284,0.35284,L_independent_error_events_per_trial
L16_q0005_q1020_t015,honest,2026083011,16,0.05,0.2,0.05,0.15,2,100000,95730,0.9573,L_independent_error_events_per_trial
L16_q0005_q1020_t015,attack,2026083011,16,0.05,0.2,0.2,0.15,2,100000,35025,0.35025,L_independent_error_events_per_trial
L16_q0005_q1020_t015,honest,2026083012,16,0.05,0.2,0.05,0.15,2,100000,95612,0.95612,L_independent_error_events_per_trial
L16_q0005_q1020_t015,attack,2026083012,16,0.05,0.2,0.2,0.15,2,100000,35230,0.3523,L_independent_error_events_per_trial
L16_q0005_q1020_t015,honest,2026083013,16,0.05,0.2,0.05,0.15,2,100000,95662,0.95662,L_independent_error_events_per_trial
L16_q0005_q1020_t015,attack,2026083013,16,0.05,0.2,0.2,0.15,2,100000,35113,0.35113,L_independent_error_events_per_trial
L16_q0005_q1020_t015,honest,2026083014,16,0.05,0.2,0.05,0.15,2,100000,95739,0.95739,L_independent_error_events_per_trial
L16_q0005_q1020_t015,attack,2026083014,16,0.05,0.2,0.2,0.15,2,100000,35289,0.35289,L_independent_error_events_per_trial
L16_q0005_q1020_t015,honest,2026083015,16,0.05,0.2,0.05,0.15,2,100000,95665,0.95665,L_independent_error_events_per_trial
L16_q0005_q1020_t015,attack,2026083015,16,0.05,0.2,0.2,0.15,2,100000,35282,0.35282,L_independent_error_events_per_trial
L16_q0005_q1020_t015,honest,2026083016,16,0.05,0.2,0.05,0.15,2,100000,95597,0.95597,L_independent_error_events_per_trial
L16_q0005_q1020_t015,attack,2026083016,16,0.05,0.2,0.2,0.15,2,100000,35496,0.35496,L_independent_error_events_per_trial
L16_q0005_q1020_t015,honest,2026083017,16,0.05,0.2,0.05,0.15,2,100000,95672,0.95672,L_independent_error_events_per_trial
L16_q0005_q1020_t015,attack,2026083017,16,0.05,0.2,0.2,0.15,2,100000,35086,0.35086,L_independent_error_events_per_trial
L16_q0005_q1020_t015,honest,2026083018,16,0.05,0.2,0.05,0.15,2,100000,95724,0.95724,L_independent_error_events_per_trial
L16_q0005_q1020_t015,attack,2026083018,16,0.05,0.2,0.2,0.15,2,100000,35132,0.35132,L_independent_error_events_per_trial
L16_q0005_q1020_t015,honest,2026083019,16,0.05,0.2,0.05,0.15,2,100000,95674,0.95674,L_independent_error_events_per_trial
L16_q0005_q1020_t015,attack,2026083019,16,0.05,0.2,0.2,0.15,2,100000,35198,0.35198,L_independent_error_events_per_trial
L16_q0005_q1020_t015,honest,2026083020,16,0.05,0.2,0.05,0.15,2,100000,95680,0.9568,L_independent_error_events_per_trial
L16_q0005_q1020_t015,attack,2026083020,16,0.05,0.2,0.2,0.15,2,100000,35330,0.3533,L_independent_error_events_per_trial
L16_q0005_q1020_t015,honest,2026083021,16,0.05,0.2,0.05,0.15,2,100000,95760,0.9576,L_independent_error_events_per_trial
L16_q0005_q1020_t015,attack,2026083021,16,0.05,0.2,0.2,0.15,2,100000,35170,0.3517,L_independent_error_events_per_trial
L16_q0005_q1020_t015,honest,2026083022,16,0.05,0.2,0.05,0.15,2,100000,95796,0.95796,L_independent_error_events_per_trial
L16_q0005_q1020_t015,attack,2026083022,16,0.05,0.2,0.2,0.15,2,100000,34876,0.34876,L_independent_error_events_per_trial
L16_q0005_q1020_t015,honest,2026083023,16,0.05,0.2,0.05,0.15,2,100000,95658,0.95658,L_independent_error_events_per_trial
L16_q0005_q1020_t015,attack,2026083023,16,0.05,0.2,0.2,0.15,2,100000,35066,0.35066,L_independent_error_events_per_trial
L16_q0005_q1020_t015,honest,2026083024,16,0.05,0.2,0.05,0.15,2,100000,95808,0.95808,L_independent_error_events_per_trial
L16_q0005_q1020_t015,attack,2026083024,16,0.05,0.2,0.2,0.15,2,100000,35281,0.35281,L_independent_error_events_per_trial
L16_q0005_q1020_t015,honest,2026083025,16,0.05,0.2,0.05,0.15,2,100000,95749,0.95749,L_independent_error_events_per_trial
L16_q0005_q1020_t015,attack,2026083025,16,0.05,0.2,0.2,0.15,2,100000,35252,0.35252,L_independent_error_events_per_trial
L16_q0005_q1020_t015,honest,2026083026,16,0.05,0.2,0.05,0.15,2,100000,95649,0.95649,L_independent_error_events_per_trial
L16_q0005_q1020_t015,attack,2026083026,16,0.05,0.2,0.2,0.15,2,100000,35137,0.35137,L_independent_error_events_per_trial
L16_q0005_q1020_t015,honest,2026083027,16,0.05,0.2,0.05,0.15,2,100000,95743,0.95743,L_independent_error_events_per_trial
L16_q0005_q1020_t015,attack,2026083027,16,0.05,0.2,0.2,0.15,2,100000,35265,0.35265,L_independent_error_events_per_trial
L16_q0005_q1020_t015,honest,2026083028,16,0.05,0.2,0.05,0.15,2,100000,95639,0.95639,L_independent_error_events_per_trial
L16_q0005_q1020_t015,attack,2026083028,16,0.05,0.2,0.2,0.15,2,100000,35142,0.35142,L_independent_error_events_per_trial
L16_q0005_q1020_t015,honest,2026083029,16,0.05,0.2,0.05,0.15,2,100000,95784,0.95784,L_independent_error_events_per_trial
L16_q0005_q1020_t015,attack,2026083029,16,0.05,0.2,0.2,0.15,2,100000,35289,0.35289,L_independent_error_events_per_trial
L16_q0005_q1020_t015,honest,2026083030,16,0.05,0.2,0.05,0.15,2,100000,95617,0.95617,L_independent_error_events_per_trial
L16_q0005_q1020_t015,attack,2026083030,16,0.05,0.2,0.2,0.15,2,100000,35306,0.35306,L_independent_error_events_per_trial
L32_q0000_q1020_t005,honest,2026083001,32,0.0,0.2,0.0,0.05,1,100000,100000,1.0,L_independent_error_events_per_trial
L32_q0000_q1020_t005,attack,2026083001,32,0.0,0.2,0.2,0.05,1,100000,770,0.0077,L_independent_error_events_per_trial
L32_q0000_q1020_t005,honest,2026083002,32,0.0,0.2,0.0,0.05,1,100000,100000,1.0,L_independent_error_events_per_trial
L32_q0000_q1020_t005,attack,2026083002,32,0.0,0.2,0.2,0.05,1,100000,725,0.00725,L_independent_error_events_per_trial
L32_q0000_q1020_t005,honest,2026083003,32,0.0,0.2,0.0,0.05,1,100000,100000,1.0,L_independent_error_events_per_trial
L32_q0000_q1020_t005,attack,2026083003,32,0.0,0.2,0.2,0.05,1,100000,664,0.00664,L_independent_error_events_per_trial
L32_q0000_q1020_t005,honest,2026083004,32,0.0,0.2,0.0,0.05,1,100000,100000,1.0,L_independent_error_events_per_trial
L32_q0000_q1020_t005,attack,2026083004,32,0.0,0.2,0.2,0.05,1,100000,713,0.00713,L_independent_error_events_per_trial
L32_q0000_q1020_t005,honest,2026083005,32,0.0,0.2,0.0,0.05,1,100000,100000,1.0,L_independent_error_events_per_trial
L32_q0000_q1020_t005,attack,2026083005,32,0.0,0.2,0.2,0.05,1,100000,736,0.00736,L_independent_error_events_per_trial
L32_q0000_q1020_t005,honest,2026083006,32,0.0,0.2,0.0,0.05,1,100000,100000,1.0,L_independent_error_events_per_trial
L32_q0000_q1020_t005,attack,2026083006,32,0.0,0.2,0.2,0.05,1,100000,687,0.00687,L_independent_error_events_per_trial
L32_q0000_q1020_t005,honest,2026083007,32,0.0,0.2,0.0,0.05,1,100000,100000,1.0,L_independent_error_events_per_trial
L32_q0000_q1020_t005,attack,2026083007,32,0.0,0.2,0.2,0.05,1,100000,682,0.00682,L_independent_error_events_per_trial
L32_q0000_q1020_t005,honest,2026083008,32,0.0,0.2,0.0,0.05,1,100000,100000,1.0,L_independent_error_events_per_trial
L32_q0000_q1020_t005,attack,2026083008,32,0.0,0.2,0.2,0.05,1,100000,721,0.00721,L_independent_error_events_per_trial
L32_q0000_q1020_t005,honest,2026083009,32,0.0,0.2,0.0,0.05,1,100000,100000,1.0,L_independent_error_events_per_trial
L32_q0000_q1020_t005,attack,2026083009,32,0.0,0.2,0.2,0.05,1,100000,699,0.00699,L_independent_error_events_per_trial
L32_q0000_q1020_t005,honest,2026083010,32,0.0,0.2,0.0,0.05,1,100000,100000,1.0,L_independent_error_events_per_trial
L32_q0000_q1020_t005,attack,2026083010,32,0.0,0.2,0.2,0.05,1,100000,727,0.00727,L_independent_error_events_per_trial
L32_q0000_q1020_t005,honest,2026083011,32,0.0,0.2,0.0,0.05,1,100000,100000,1.0,L_independent_error_events_per_trial
L32_q0000_q1020_t005,attack,2026083011,32,0.0,0.2,0.2,0.05,1,100000,735,0.00735,L_independent_error_events_per_trial
L32_q0000_q1020_t005,honest,2026083012,32,0.0,0.2,0.0,0.05,1,100000,100000,1.0,L_independent_error_events_per_trial
L32_q0000_q1020_t005,attack,2026083012,32,0.0,0.2,0.2,0.05,1,100000,744,0.00744,L_independent_error_events_per_trial
L32_q0000_q1020_t005,honest,2026083013,32,0.0,0.2,0.0,0.05,1,100000,100000,1.0,L_independent_error_events_per_trial
L32_q0000_q1020_t005,attack,2026083013,32,0.0,0.2,0.2,0.05,1,100000,718,0.00718,L_independent_error_events_per_trial
L32_q0000_q1020_t005,honest,2026083014,32,0.0,0.2,0.0,0.05,1,100000,100000,1.0,L_independent_error_events_per_trial
L32_q0000_q1020_t005,attack,2026083014,32,0.0,0.2,0.2,0.05,1,100000,729,0.00729,L_independent_error_events_per_trial
L32_q0000_q1020_t005,honest,2026083015,32,0.0,0.2,0.0,0.05,1,100000,100000,1.0,L_independent_error_events_per_trial
L32_q0000_q1020_t005,attack,2026083015,32,0.0,0.2,0.2,0.05,1,100000,722,0.00722,L_independent_error_events_per_trial
L32_q0000_q1020_t005,honest,2026083016,32,0.0,0.2,0.0,0.05,1,100000,100000,1.0,L_independent_error_events_per_trial
L32_q0000_q1020_t005,attack,2026083016,32,0.0,0.2,0.2,0.05,1,100000,731,0.00731,L_independent_error_events_per_trial
L32_q0000_q1020_t005,honest,2026083017,32,0.0,0.2,0.0,0.05,1,100000,100000,1.0,L_independent_error_events_per_trial
L32_q0000_q1020_t005,attack,2026083017,32,0.0,0.2,0.2,0.05,1,100000,689,0.00689,L_independent_error_events_per_trial
L32_q0000_q1020_t005,honest,2026083018,32,0.0,0.2,0.0,0.05,1,100000,100000,1.0,L_independent_error_events_per_trial
L32_q0000_q1020_t005,attack,2026083018,32,0.0,0.2,0.2,0.05,1,100000,708,0.00708,L_independent_error_events_per_trial
L32_q0000_q1020_t005,honest,2026083019,32,0.0,0.2,0.0,0.05,1,100000,100000,1.0,L_independent_error_events_per_trial
L32_q0000_q1020_t005,attack,2026083019,32,0.0,0.2,0.2,0.05,1,100000,719,0.00719,L_independent_error_events_per_trial
L32_q0000_q1020_t005,honest,2026083020,32,0.0,0.2,0.0,0.05,1,100000,100000,1.0,L_independent_error_events_per_trial
L32_q0000_q1020_t005,attack,2026083020,32,0.0,0.2,0.2,0.05,1,100000,710,0.0071,L_independent_error_events_per_trial
L32_q0000_q1020_t005,honest,2026083021,32,0.0,0.2,0.0,0.05,1,100000,100000,1.0,L_independent_error_events_per_trial
L32_q0000_q1020_t005,attack,2026083021,32,0.0,0.2,0.2,0.05,1,100000,685,0.00685,L_independent_error_events_per_trial
L32_q0000_q1020_t005,honest,2026083022,32,0.0,0.2,0.0,0.05,1,100000,100000,1.0,L_independent_error_events_per_trial
L32_q0000_q1020_t005,attack,2026083022,32,0.0,0.2,0.2,0.05,1,100000,748,0.00748,L_independent_error_events_per_trial
L32_q0000_q1020_t005,honest,2026083023,32,0.0,0.2,0.0,0.05,1,100000,100000,1.0,L_independent_error_events_per_trial
L32_q0000_q1020_t005,attack,2026083023,32,0.0,0.2,0.2,0.05,1,100000,742,0.00742,L_independent_error_events_per_trial
L32_q0000_q1020_t005,honest,2026083024,32,0.0,0.2,0.0,0.05,1,100000,100000,1.0,L_independent_error_events_per_trial
L32_q0000_q1020_t005,attack,2026083024,32,0.0,0.2,0.2,0.05,1,100000,713,0.00713,L_independent_error_events_per_trial
L32_q0000_q1020_t005,honest,2026083025,32,0.0,0.2,0.0,0.05,1,100000,100000,1.0,L_independent_error_events_per_trial
L32_q0000_q1020_t005,attack,2026083025,32,0.0,0.2,0.2,0.05,1,100000,690,0.0069,L_independent_error_events_per_trial
L32_q0000_q1020_t005,honest,2026083026,32,0.0,0.2,0.0,0.05,1,100000,100000,1.0,L_independent_error_events_per_trial
L32_q0000_q1020_t005,attack,2026083026,32,0.0,0.2,0.2,0.05,1,100000,719,0.00719,L_independent_error_events_per_trial
L32_q0000_q1020_t005,honest,2026083027,32,0.0,0.2,0.0,0.05,1,100000,100000,1.0,L_independent_error_events_per_trial
L32_q0000_q1020_t005,attack,2026083027,32,0.0,0.2,0.2,0.05,1,100000,727,0.00727,L_independent_error_events_per_trial
L32_q0000_q1020_t005,honest,2026083028,32,0.0,0.2,0.0,0.05,1,100000,100000,1.0,L_independent_error_events_per_trial
L32_q0000_q1020_t005,attack,2026083028,32,0.0,0.2,0.2,0.05,1,100000,693,0.00693,L_independent_error_events_per_trial
L32_q0000_q1020_t005,honest,2026083029,32,0.0,0.2,0.0,0.05,1,100000,100000,1.0,L_independent_error_events_per_trial
L32_q0000_q1020_t005,attack,2026083029,32,0.0,0.2,0.2,0.05,1,100000,708,0.00708,L_independent_error_events_per_trial
L32_q0000_q1020_t005,honest,2026083030,32,0.0,0.2,0.0,0.05,1,100000,100000,1.0,L_independent_error_events_per_trial
L32_q0000_q1020_t005,attack,2026083030,32,0.0,0.2,0.2,0.05,1,100000,747,0.00747,L_independent_error_events_per_trial
L32_q0000_q1020_t010,honest,2026083001,32,0.0,0.2,0.0,0.1,3,100000,100000,1.0,L_independent_error_events_per_trial
L32_q0000_q1020_t010,attack,2026083001,32,0.0,0.2,0.2,0.1,3,100000,9304,0.09304,L_independent_error_events_per_trial
L32_q0000_q1020_t010,honest,2026083002,32,0.0,0.2,0.0,0.1,3,100000,100000,1.0,L_independent_error_events_per_trial
L32_q0000_q1020_t010,attack,2026083002,32,0.0,0.2,0.2,0.1,3,100000,9203,0.09203,L_independent_error_events_per_trial
L32_q0000_q1020_t010,honest,2026083003,32,0.0,0.2,0.0,0.1,3,100000,100000,1.0,L_independent_error_events_per_trial
L32_q0000_q1020_t010,attack,2026083003,32,0.0,0.2,0.2,0.1,3,100000,9189,0.09189,L_independent_error_events_per_trial
L32_q0000_q1020_t010,honest,2026083004,32,0.0,0.2,0.0,0.1,3,100000,100000,1.0,L_independent_error_events_per_trial
L32_q0000_q1020_t010,attack,2026083004,32,0.0,0.2,0.2,0.1,3,100000,9224,0.09224,L_independent_error_events_per_trial
L32_q0000_q1020_t010,honest,2026083005,32,0.0,0.2,0.0,0.1,3,100000,100000,1.0,L_independent_error_events_per_trial
L32_q0000_q1020_t010,attack,2026083005,32,0.0,0.2,0.2,0.1,3,100000,9361,0.09361,L_independent_error_events_per_trial
L32_q0000_q1020_t010,honest,2026083006,32,0.0,0.2,0.0,0.1,3,100000,100000,1.0,L_independent_error_events_per_trial
L32_q0000_q1020_t010,attack,2026083006,32,0.0,0.2,0.2,0.1,3,100000,9322,0.09322,L_independent_error_events_per_trial
L32_q0000_q1020_t010,honest,2026083007,32,0.0,0.2,0.0,0.1,3,100000,100000,1.0,L_independent_error_events_per_trial
L32_q0000_q1020_t010,attack,2026083007,32,0.0,0.2,0.2,0.1,3,100000,9318,0.09318,L_independent_error_events_per_trial
L32_q0000_q1020_t010,honest,2026083008,32,0.0,0.2,0.0,0.1,3,100000,100000,1.0,L_independent_error_events_per_trial
L32_q0000_q1020_t010,attack,2026083008,32,0.0,0.2,0.2,0.1,3,100000,9335,0.09335,L_independent_error_events_per_trial
L32_q0000_q1020_t010,honest,2026083009,32,0.0,0.2,0.0,0.1,3,100000,100000,1.0,L_independent_error_events_per_trial
L32_q0000_q1020_t010,attack,2026083009,32,0.0,0.2,0.2,0.1,3,100000,9456,0.09456,L_independent_error_events_per_trial
L32_q0000_q1020_t010,honest,2026083010,32,0.0,0.2,0.0,0.1,3,100000,100000,1.0,L_independent_error_events_per_trial
L32_q0000_q1020_t010,attack,2026083010,32,0.0,0.2,0.2,0.1,3,100000,9246,0.09246,L_independent_error_events_per_trial
L32_q0000_q1020_t010,honest,2026083011,32,0.0,0.2,0.0,0.1,3,100000,100000,1.0,L_independent_error_events_per_trial
L32_q0000_q1020_t010,attack,2026083011,32,0.0,0.2,0.2,0.1,3,100000,9239,0.09239,L_independent_error_events_per_trial
L32_q0000_q1020_t010,honest,2026083012,32,0.0,0.2,0.0,0.1,3,100000,100000,1.0,L_independent_error_events_per_trial
L32_q0000_q1020_t010,attack,2026083012,32,0.0,0.2,0.2,0.1,3,100000,9240,0.0924,L_independent_error_events_per_trial
L32_q0000_q1020_t010,honest,2026083013,32,0.0,0.2,0.0,0.1,3,100000,100000,1.0,L_independent_error_events_per_trial
L32_q0000_q1020_t010,attack,2026083013,32,0.0,0.2,0.2,0.1,3,100000,9396,0.09396,L_independent_error_events_per_trial
L32_q0000_q1020_t010,honest,2026083014,32,0.0,0.2,0.0,0.1,3,100000,100000,1.0,L_independent_error_events_per_trial
L32_q0000_q1020_t010,attack,2026083014,32,0.0,0.2,0.2,0.1,3,100000,9399,0.09399,L_independent_error_events_per_trial
L32_q0000_q1020_t010,honest,2026083015,32,0.0,0.2,0.0,0.1,3,100000,100000,1.0,L_independent_error_events_per_trial
L32_q0000_q1020_t010,attack,2026083015,32,0.0,0.2,0.2,0.1,3,100000,9514,0.09514,L_independent_error_events_per_trial
L32_q0000_q1020_t010,honest,2026083016,32,0.0,0.2,0.0,0.1,3,100000,100000,1.0,L_independent_error_events_per_trial
L32_q0000_q1020_t010,attack,2026083016,32,0.0,0.2,0.2,0.1,3,100000,9281,0.09281,L_independent_error_events_per_trial
L32_q0000_q1020_t010,honest,2026083017,32,0.0,0.2,0.0,0.1,3,100000,100000,1.0,L_independent_error_events_per_trial
L32_q0000_q1020_t010,attack,2026083017,32,0.0,0.2,0.2,0.1,3,100000,9414,0.09414,L_independent_error_events_per_trial
L32_q0000_q1020_t010,honest,2026083018,32,0.0,0.2,0.0,0.1,3,100000,100000,1.0,L_independent_error_events_per_trial
L32_q0000_q1020_t010,attack,2026083018,32,0.0,0.2,0.2,0.1,3,100000,9380,0.0938,L_independent_error_events_per_trial
L32_q0000_q1020_t010,honest,2026083019,32,0.0,0.2,0.0,0.1,3,100000,100000,1.0,L_independent_error_events_per_trial
L32_q0000_q1020_t010,attack,2026083019,32,0.0,0.2,0.2,0.1,3,100000,9354,0.09354,L_independent_error_events_per_trial
L32_q0000_q1020_t010,honest,2026083020,32,0.0,0.2,0.0,0.1,3,100000,100000,1.0,L_independent_error_events_per_trial
L32_q0000_q1020_t010,attack,2026083020,32,0.0,0.2,0.2,0.1,3,100000,9346,0.09346,L_independent_error_events_per_trial
L32_q0000_q1020_t010,honest,2026083021,32,0.0,0.2,0.0,0.1,3,100000,100000,1.0,L_independent_error_events_per_trial
L32_q0000_q1020_t010,attack,2026083021,32,0.0,0.2,0.2,0.1,3,100000,9236,0.09236,L_independent_error_events_per_trial
L32_q0000_q1020_t010,honest,2026083022,32,0.0,0.2,0.0,0.1,3,100000,100000,1.0,L_independent_error_events_per_trial
L32_q0000_q1020_t010,attack,2026083022,32,0.0,0.2,0.2,0.1,3,100000,9320,0.0932,L_independent_error_events_per_trial
L32_q0000_q1020_t010,honest,2026083023,32,0.0,0.2,0.0,0.1,3,100000,100000,1.0,L_independent_error_events_per_trial
L32_q0000_q1020_t010,attack,2026083023,32,0.0,0.2,0.2,0.1,3,100000,9281,0.09281,L_independent_error_events_per_trial
L32_q0000_q1020_t010,honest,2026083024,32,0.0,0.2,0.0,0.1,3,100000,100000,1.0,L_independent_error_events_per_trial
L32_q0000_q1020_t010,attack,2026083024,32,0.0,0.2,0.2,0.1,3,100000,9256,0.09256,L_independent_error_events_per_trial
L32_q0000_q1020_t010,honest,2026083025,32,0.0,0.2,0.0,0.1,3,100000,100000,1.0,L_independent_error_events_per_trial
L32_q0000_q1020_t010,attack,2026083025,32,0.0,0.2,0.2,0.1,3,100000,9235,0.09235,L_independent_error_events_per_trial
L32_q0000_q1020_t010,honest,2026083026,32,0.0,0.2,0.0,0.1,3,100000,100000,1.0,L_independent_error_events_per_trial
L32_q0000_q1020_t010,attack,2026083026,32,0.0,0.2,0.2,0.1,3,100000,9442,0.09442,L_independent_error_events_per_trial
L32_q0000_q1020_t010,honest,2026083027,32,0.0,0.2,0.0,0.1,3,100000,100000,1.0,L_independent_error_events_per_trial
L32_q0000_q1020_t010,attack,2026083027,32,0.0,0.2,0.2,0.1,3,100000,9336,0.09336,L_independent_error_events_per_trial
L32_q0000_q1020_t010,honest,2026083028,32,0.0,0.2,0.0,0.1,3,100000,100000,1.0,L_independent_error_events_per_trial
L32_q0000_q1020_t010,attack,2026083028,32,0.0,0.2,0.2,0.1,3,100000,9268,0.09268,L_independent_error_events_per_trial
L32_q0000_q1020_t010,honest,2026083029,32,0.0,0.2,0.0,0.1,3,100000,100000,1.0,L_independent_error_events_per_trial
L32_q0000_q1020_t010,attack,2026083029,32,0.0,0.2,0.2,0.1,3,100000,9291,0.09291,L_independent_error_events_per_trial
L32_q0000_q1020_t010,honest,2026083030,32,0.0,0.2,0.0,0.1,3,100000,100000,1.0,L_independent_error_events_per_trial
L32_q0000_q1020_t010,attack,2026083030,32,0.0,0.2,0.2,0.1,3,100000,9387,0.09387,L_independent_error_events_per_trial
L32_q0000_q1020_t015,honest,2026083001,32,0.0,0.2,0.0,0.15,4,100000,100000,1.0,L_independent_error_events_per_trial
L32_q0000_q1020_t015,attack,2026083001,32,0.0,0.2,0.2,0.15,4,100000,20382,0.20382,L_independent_error_events_per_trial
L32_q0000_q1020_t015,honest,2026083002,32,0.0,0.2,0.0,0.15,4,100000,100000,1.0,L_independent_error_events_per_trial
L32_q0000_q1020_t015,attack,2026083002,32,0.0,0.2,0.2,0.15,4,100000,20383,0.20383,L_independent_error_events_per_trial
L32_q0000_q1020_t015,honest,2026083003,32,0.0,0.2,0.0,0.15,4,100000,100000,1.0,L_independent_error_events_per_trial
L32_q0000_q1020_t015,attack,2026083003,32,0.0,0.2,0.2,0.15,4,100000,20548,0.20548,L_independent_error_events_per_trial
L32_q0000_q1020_t015,honest,2026083004,32,0.0,0.2,0.0,0.15,4,100000,100000,1.0,L_independent_error_events_per_trial
L32_q0000_q1020_t015,attack,2026083004,32,0.0,0.2,0.2,0.15,4,100000,20357,0.20357,L_independent_error_events_per_trial
L32_q0000_q1020_t015,honest,2026083005,32,0.0,0.2,0.0,0.15,4,100000,100000,1.0,L_independent_error_events_per_trial
L32_q0000_q1020_t015,attack,2026083005,32,0.0,0.2,0.2,0.15,4,100000,20560,0.2056,L_independent_error_events_per_trial
L32_q0000_q1020_t015,honest,2026083006,32,0.0,0.2,0.0,0.15,4,100000,100000,1.0,L_independent_error_events_per_trial
L32_q0000_q1020_t015,attack,2026083006,32,0.0,0.2,0.2,0.15,4,100000,20365,0.20365,L_independent_error_events_per_trial
L32_q0000_q1020_t015,honest,2026083007,32,0.0,0.2,0.0,0.15,4,100000,100000,1.0,L_independent_error_events_per_trial
L32_q0000_q1020_t015,attack,2026083007,32,0.0,0.2,0.2,0.15,4,100000,20573,0.20573,L_independent_error_events_per_trial
L32_q0000_q1020_t015,honest,2026083008,32,0.0,0.2,0.0,0.15,4,100000,100000,1.0,L_independent_error_events_per_trial
L32_q0000_q1020_t015,attack,2026083008,32,0.0,0.2,0.2,0.15,4,100000,20495,0.20495,L_independent_error_events_per_trial
L32_q0000_q1020_t015,honest,2026083009,32,0.0,0.2,0.0,0.15,4,100000,100000,1.0,L_independent_error_events_per_trial
L32_q0000_q1020_t015,attack,2026083009,32,0.0,0.2,0.2,0.15,4,100000,20508,0.20508,L_independent_error_events_per_trial
L32_q0000_q1020_t015,honest,2026083010,32,0.0,0.2,0.0,0.15,4,100000,100000,1.0,L_independent_error_events_per_trial
L32_q0000_q1020_t015,attack,2026083010,32,0.0,0.2,0.2,0.15,4,100000,20316,0.20316,L_independent_error_events_per_trial
L32_q0000_q1020_t015,honest,2026083011,32,0.0,0.2,0.0,0.15,4,100000,100000,1.0,L_independent_error_events_per_trial
L32_q0000_q1020_t015,attack,2026083011,32,0.0,0.2,0.2,0.15,4,100000,20452,0.20452,L_independent_error_events_per_trial
L32_q0000_q1020_t015,honest,2026083012,32,0.0,0.2,0.0,0.15,4,100000,100000,1.0,L_independent_error_events_per_trial
L32_q0000_q1020_t015,attack,2026083012,32,0.0,0.2,0.2,0.15,4,100000,20386,0.20386,L_independent_error_events_per_trial
L32_q0000_q1020_t015,honest,2026083013,32,0.0,0.2,0.0,0.15,4,100000,100000,1.0,L_independent_error_events_per_trial
L32_q0000_q1020_t015,attack,2026083013,32,0.0,0.2,0.2,0.15,4,100000,20650,0.2065,L_independent_error_events_per_trial
L32_q0000_q1020_t015,honest,2026083014,32,0.0,0.2,0.0,0.15,4,100000,100000,1.0,L_independent_error_events_per_trial
L32_q0000_q1020_t015,attack,2026083014,32,0.0,0.2,0.2,0.15,4,100000,20702,0.20702,L_independent_error_events_per_trial
L32_q0000_q1020_t015,honest,2026083015,32,0.0,0.2,0.0,0.15,4,100000,100000,1.0,L_independent_error_events_per_trial
L32_q0000_q1020_t015,attack,2026083015,32,0.0,0.2,0.2,0.15,4,100000,20435,0.20435,L_independent_error_events_per_trial
L32_q0000_q1020_t015,honest,2026083016,32,0.0,0.2,0.0,0.15,4,100000,100000,1.0,L_independent_error_events_per_trial
L32_q0000_q1020_t015,attack,2026083016,32,0.0,0.2,0.2,0.15,4,100000,20433,0.20433,L_independent_error_events_per_trial
L32_q0000_q1020_t015,honest,2026083017,32,0.0,0.2,0.0,0.15,4,100000,100000,1.0,L_independent_error_events_per_trial
L32_q0000_q1020_t015,attack,2026083017,32,0.0,0.2,0.2,0.15,4,100000,20488,0.20488,L_independent_error_events_per_trial
L32_q0000_q1020_t015,honest,2026083018,32,0.0,0.2,0.0,0.15,4,100000,100000,1.0,L_independent_error_events_per_trial
L32_q0000_q1020_t015,attack,2026083018,32,0.0,0.2,0.2,0.15,4,100000,20500,0.205,L_independent_error_events_per_trial
L32_q0000_q1020_t015,honest,2026083019,32,0.0,0.2,0.0,0.15,4,100000,100000,1.0,L_independent_error_events_per_trial
L32_q0000_q1020_t015,attack,2026083019,32,0.0,0.2,0.2,0.15,4,100000,20231,0.20231,L_independent_error_events_per_trial
L32_q0000_q1020_t015,honest,2026083020,32,0.0,0.2,0.0,0.15,4,100000,100000,1.0,L_independent_error_events_per_trial
L32_q0000_q1020_t015,attack,2026083020,32,0.0,0.2,0.2,0.15,4,100000,20495,0.20495,L_independent_error_events_per_trial
L32_q0000_q1020_t015,honest,2026083021,32,0.0,0.2,0.0,0.15,4,100000,100000,1.0,L_independent_error_events_per_trial
L32_q0000_q1020_t015,attack,2026083021,32,0.0,0.2,0.2,0.15,4,100000,20283,0.20283,L_independent_error_events_per_trial
L32_q0000_q1020_t015,honest,2026083022,32,0.0,0.2,0.0,0.15,4,100000,100000,1.0,L_independent_error_events_per_trial
L32_q0000_q1020_t015,attack,2026083022,32,0.0,0.2,0.2,0.15,4,100000,20360,0.2036,L_independent_error_events_per_trial
L32_q0000_q1020_t015,honest,2026083023,32,0.0,0.2,0.0,0.15,4,100000,100000,1.0,L_independent_error_events_per_trial
L32_q0000_q1020_t015,attack,2026083023,32,0.0,0.2,0.2,0.15,4,100000,20557,0.20557,L_independent_error_events_per_trial
L32_q0000_q1020_t015,honest,2026083024,32,0.0,0.2,0.0,0.15,4,100000,100000,1.0,L_independent_error_events_per_trial
L32_q0000_q1020_t015,attack,2026083024,32,0.0,0.2,0.2,0.15,4,100000,20484,0.20484,L_independent_error_events_per_trial
L32_q0000_q1020_t015,honest,2026083025,32,0.0,0.2,0.0,0.15,4,100000,100000,1.0,L_independent_error_events_per_trial
L32_q0000_q1020_t015,attack,2026083025,32,0.0,0.2,0.2,0.15,4,100000,20497,0.20497,L_independent_error_events_per_trial
L32_q0000_q1020_t015,honest,2026083026,32,0.0,0.2,0.0,0.15,4,100000,100000,1.0,L_independent_error_events_per_trial
L32_q0000_q1020_t015,attack,2026083026,32,0.0,0.2,0.2,0.15,4,100000,20562,0.20562,L_independent_error_events_per_trial
L32_q0000_q1020_t015,honest,2026083027,32,0.0,0.2,0.0,0.15,4,100000,100000,1.0,L_independent_error_events_per_trial
L32_q0000_q1020_t015,attack,2026083027,32,0.0,0.2,0.2,0.15,4,100000,20551,0.20551,L_independent_error_events_per_trial
L32_q0000_q1020_t015,honest,2026083028,32,0.0,0.2,0.0,0.15,4,100000,100000,1.0,L_independent_error_events_per_trial
L32_q0000_q1020_t015,attack,2026083028,32,0.0,0.2,0.2,0.15,4,100000,20290,0.2029,L_independent_error_events_per_trial
L32_q0000_q1020_t015,honest,2026083029,32,0.0,0.2,0.0,0.15,4,100000,100000,1.0,L_independent_error_events_per_trial
L32_q0000_q1020_t015,attack,2026083029,32,0.0,0.2,0.2,0.15,4,100000,20489,0.20489,L_independent_error_events_per_trial
L32_q0000_q1020_t015,honest,2026083030,32,0.0,0.2,0.0,0.15,4,100000,100000,1.0,L_independent_error_events_per_trial
L32_q0000_q1020_t015,attack,2026083030,32,0.0,0.2,0.2,0.15,4,100000,20471,0.20471,L_independent_error_events_per_trial
L32_q0001_q1020_t005,honest,2026083001,32,0.01,0.2,0.01,0.05,1,100000,95948,0.95948,L_independent_error_events_per_trial
L32_q0001_q1020_t005,attack,2026083001,32,0.01,0.2,0.2,0.05,1,100000,770,0.0077,L_independent_error_events_per_trial
L32_q0001_q1020_t005,honest,2026083002,32,0.01,0.2,0.01,0.05,1,100000,95876,0.95876,L_independent_error_events_per_trial
L32_q0001_q1020_t005,attack,2026083002,32,0.01,0.2,0.2,0.05,1,100000,725,0.00725,L_independent_error_events_per_trial
L32_q0001_q1020_t005,honest,2026083003,32,0.01,0.2,0.01,0.05,1,100000,95876,0.95876,L_independent_error_events_per_trial
L32_q0001_q1020_t005,attack,2026083003,32,0.01,0.2,0.2,0.05,1,100000,664,0.00664,L_independent_error_events_per_trial
L32_q0001_q1020_t005,honest,2026083004,32,0.01,0.2,0.01,0.05,1,100000,96011,0.96011,L_independent_error_events_per_trial
L32_q0001_q1020_t005,attack,2026083004,32,0.01,0.2,0.2,0.05,1,100000,713,0.00713,L_independent_error_events_per_trial
L32_q0001_q1020_t005,honest,2026083005,32,0.01,0.2,0.01,0.05,1,100000,95878,0.95878,L_independent_error_events_per_trial
L32_q0001_q1020_t005,attack,2026083005,32,0.01,0.2,0.2,0.05,1,100000,736,0.00736,L_independent_error_events_per_trial
L32_q0001_q1020_t005,honest,2026083006,32,0.01,0.2,0.01,0.05,1,100000,95957,0.95957,L_independent_error_events_per_trial
L32_q0001_q1020_t005,attack,2026083006,32,0.01,0.2,0.2,0.05,1,100000,687,0.00687,L_independent_error_events_per_trial
L32_q0001_q1020_t005,honest,2026083007,32,0.01,0.2,0.01,0.05,1,100000,95976,0.95976,L_independent_error_events_per_trial
L32_q0001_q1020_t005,attack,2026083007,32,0.01,0.2,0.2,0.05,1,100000,682,0.00682,L_independent_error_events_per_trial
L32_q0001_q1020_t005,honest,2026083008,32,0.01,0.2,0.01,0.05,1,100000,95929,0.95929,L_independent_error_events_per_trial
L32_q0001_q1020_t005,attack,2026083008,32,0.01,0.2,0.2,0.05,1,100000,721,0.00721,L_independent_error_events_per_trial
L32_q0001_q1020_t005,honest,2026083009,32,0.01,0.2,0.01,0.05,1,100000,95968,0.95968,L_independent_error_events_per_trial
L32_q0001_q1020_t005,attack,2026083009,32,0.01,0.2,0.2,0.05,1,100000,699,0.00699,L_independent_error_events_per_trial
L32_q0001_q1020_t005,honest,2026083010,32,0.01,0.2,0.01,0.05,1,100000,95941,0.95941,L_independent_error_events_per_trial
L32_q0001_q1020_t005,attack,2026083010,32,0.01,0.2,0.2,0.05,1,100000,727,0.00727,L_independent_error_events_per_trial
L32_q0001_q1020_t005,honest,2026083011,32,0.01,0.2,0.01,0.05,1,100000,95884,0.95884,L_independent_error_events_per_trial
L32_q0001_q1020_t005,attack,2026083011,32,0.01,0.2,0.2,0.05,1,100000,735,0.00735,L_independent_error_events_per_trial
L32_q0001_q1020_t005,honest,2026083012,32,0.01,0.2,0.01,0.05,1,100000,95938,0.95938,L_independent_error_events_per_trial
L32_q0001_q1020_t005,attack,2026083012,32,0.01,0.2,0.2,0.05,1,100000,744,0.00744,L_independent_error_events_per_trial
L32_q0001_q1020_t005,honest,2026083013,32,0.01,0.2,0.01,0.05,1,100000,95935,0.95935,L_independent_error_events_per_trial
L32_q0001_q1020_t005,attack,2026083013,32,0.01,0.2,0.2,0.05,1,100000,718,0.00718,L_independent_error_events_per_trial
L32_q0001_q1020_t005,honest,2026083014,32,0.01,0.2,0.01,0.05,1,100000,95878,0.95878,L_independent_error_events_per_trial
L32_q0001_q1020_t005,attack,2026083014,32,0.01,0.2,0.2,0.05,1,100000,729,0.00729,L_independent_error_events_per_trial
L32_q0001_q1020_t005,honest,2026083015,32,0.01,0.2,0.01,0.05,1,100000,95970,0.9597,L_independent_error_events_per_trial
L32_q0001_q1020_t005,attack,2026083015,32,0.01,0.2,0.2,0.05,1,100000,722,0.00722,L_independent_error_events_per_trial
L32_q0001_q1020_t005,honest,2026083016,32,0.01,0.2,0.01,0.05,1,100000,96004,0.96004,L_independent_error_events_per_trial
L32_q0001_q1020_t005,attack,2026083016,32,0.01,0.2,0.2,0.05,1,100000,731,0.00731,L_independent_error_events_per_trial
L32_q0001_q1020_t005,honest,2026083017,32,0.01,0.2,0.01,0.05,1,100000,95921,0.95921,L_independent_error_events_per_trial
L32_q0001_q1020_t005,attack,2026083017,32,0.01,0.2,0.2,0.05,1,100000,689,0.00689,L_independent_error_events_per_trial
L32_q0001_q1020_t005,honest,2026083018,32,0.01,0.2,0.01,0.05,1,100000,95859,0.95859,L_independent_error_events_per_trial
L32_q0001_q1020_t005,attack,2026083018,32,0.01,0.2,0.2,0.05,1,100000,708,0.00708,L_independent_error_events_per_trial
L32_q0001_q1020_t005,honest,2026083019,32,0.01,0.2,0.01,0.05,1,100000,95840,0.9584,L_independent_error_events_per_trial
L32_q0001_q1020_t005,attack,2026083019,32,0.01,0.2,0.2,0.05,1,100000,719,0.00719,L_independent_error_events_per_trial
L32_q0001_q1020_t005,honest,2026083020,32,0.01,0.2,0.01,0.05,1,100000,95855,0.95855,L_independent_error_events_per_trial
L32_q0001_q1020_t005,attack,2026083020,32,0.01,0.2,0.2,0.05,1,100000,710,0.0071,L_independent_error_events_per_trial
L32_q0001_q1020_t005,honest,2026083021,32,0.01,0.2,0.01,0.05,1,100000,95905,0.95905,L_independent_error_events_per_trial
L32_q0001_q1020_t005,attack,2026083021,32,0.01,0.2,0.2,0.05,1,100000,685,0.00685,L_independent_error_events_per_trial
L32_q0001_q1020_t005,honest,2026083022,32,0.01,0.2,0.01,0.05,1,100000,95973,0.95973,L_independent_error_events_per_trial
L32_q0001_q1020_t005,attack,2026083022,32,0.01,0.2,0.2,0.05,1,100000,748,0.00748,L_independent_error_events_per_trial
L32_q0001_q1020_t005,honest,2026083023,32,0.01,0.2,0.01,0.05,1,100000,95895,0.95895,L_independent_error_events_per_trial
L32_q0001_q1020_t005,attack,2026083023,32,0.01,0.2,0.2,0.05,1,100000,742,0.00742,L_independent_error_events_per_trial
L32_q0001_q1020_t005,honest,2026083024,32,0.01,0.2,0.01,0.05,1,100000,95940,0.9594,L_independent_error_events_per_trial
L32_q0001_q1020_t005,attack,2026083024,32,0.01,0.2,0.2,0.05,1,100000,713,0.00713,L_independent_error_events_per_trial
L32_q0001_q1020_t005,honest,2026083025,32,0.01,0.2,0.01,0.05,1,100000,96074,0.96074,L_independent_error_events_per_trial
L32_q0001_q1020_t005,attack,2026083025,32,0.01,0.2,0.2,0.05,1,100000,690,0.0069,L_independent_error_events_per_trial
L32_q0001_q1020_t005,honest,2026083026,32,0.01,0.2,0.01,0.05,1,100000,96021,0.96021,L_independent_error_events_per_trial
L32_q0001_q1020_t005,attack,2026083026,32,0.01,0.2,0.2,0.05,1,100000,719,0.00719,L_independent_error_events_per_trial
L32_q0001_q1020_t005,honest,2026083027,32,0.01,0.2,0.01,0.05,1,100000,95963,0.95963,L_independent_error_events_per_trial
L32_q0001_q1020_t005,attack,2026083027,32,0.01,0.2,0.2,0.05,1,100000,727,0.00727,L_independent_error_events_per_trial
L32_q0001_q1020_t005,honest,2026083028,32,0.01,0.2,0.01,0.05,1,100000,96019,0.96019,L_independent_error_events_per_trial
L32_q0001_q1020_t005,attack,2026083028,32,0.01,0.2,0.2,0.05,1,100000,693,0.00693,L_independent_error_events_per_trial
L32_q0001_q1020_t005,honest,2026083029,32,0.01,0.2,0.01,0.05,1,100000,95969,0.95969,L_independent_error_events_per_trial
L32_q0001_q1020_t005,attack,2026083029,32,0.01,0.2,0.2,0.05,1,100000,708,0.00708,L_independent_error_events_per_trial
L32_q0001_q1020_t005,honest,2026083030,32,0.01,0.2,0.01,0.05,1,100000,95913,0.95913,L_independent_error_events_per_trial
L32_q0001_q1020_t005,attack,2026083030,32,0.01,0.2,0.2,0.05,1,100000,747,0.00747,L_independent_error_events_per_trial
L32_q0001_q1020_t010,honest,2026083001,32,0.01,0.2,0.01,0.1,3,100000,99957,0.99957,L_independent_error_events_per_trial
L32_q0001_q1020_t010,attack,2026083001,32,0.01,0.2,0.2,0.1,3,100000,9304,0.09304,L_independent_error_events_per_trial
L32_q0001_q1020_t010,honest,2026083002,32,0.01,0.2,0.01,0.1,3,100000,99976,0.99976,L_independent_error_events_per_trial
L32_q0001_q1020_t010,attack,2026083002,32,0.01,0.2,0.2,0.1,3,100000,9203,0.09203,L_independent_error_events_per_trial
L32_q0001_q1020_t010,honest,2026083003,32,0.01,0.2,0.01,0.1,3,100000,99964,0.99964,L_independent_error_events_per_trial
L32_q0001_q1020_t010,attack,2026083003,32,0.01,0.2,0.2,0.1,3,100000,9189,0.09189,L_independent_error_events_per_trial
L32_q0001_q1020_t010,honest,2026083004,32,0.01,0.2,0.01,0.1,3,100000,99975,0.99975,L_independent_error_events_per_trial
L32_q0001_q1020_t010,attack,2026083004,32,0.01,0.2,0.2,0.1,3,100000,9224,0.09224,L_independent_error_events_per_trial
L32_q0001_q1020_t010,honest,2026083005,32,0.01,0.2,0.01,0.1,3,100000,99963,0.99963,L_independent_error_events_per_trial
L32_q0001_q1020_t010,attack,2026083005,32,0.01,0.2,0.2,0.1,3,100000,9361,0.09361,L_independent_error_events_per_trial
L32_q0001_q1020_t010,honest,2026083006,32,0.01,0.2,0.01,0.1,3,100000,99978,0.99978,L_independent_error_events_per_trial
L32_q0001_q1020_t010,attack,2026083006,32,0.01,0.2,0.2,0.1,3,100000,9322,0.09322,L_independent_error_events_per_trial
L32_q0001_q1020_t010,honest,2026083007,32,0.01,0.2,0.01,0.1,3,100000,99964,0.99964,L_independent_error_events_per_trial
L32_q0001_q1020_t010,attack,2026083007,32,0.01,0.2,0.2,0.1,3,100000,9318,0.09318,L_independent_error_events_per_trial
L32_q0001_q1020_t010,honest,2026083008,32,0.01,0.2,0.01,0.1,3,100000,99969,0.99969,L_independent_error_events_per_trial
L32_q0001_q1020_t010,attack,2026083008,32,0.01,0.2,0.2,0.1,3,100000,9335,0.09335,L_independent_error_events_per_trial
L32_q0001_q1020_t010,honest,2026083009,32,0.01,0.2,0.01,0.1,3,100000,99972,0.99972,L_independent_error_events_per_trial
L32_q0001_q1020_t010,attack,2026083009,32,0.01,0.2,0.2,0.1,3,100000,9456,0.09456,L_independent_error_events_per_trial
L32_q0001_q1020_t010,honest,2026083010,32,0.01,0.2,0.01,0.1,3,100000,99979,0.99979,L_independent_error_events_per_trial
L32_q0001_q1020_t010,attack,2026083010,32,0.01,0.2,0.2,0.1,3,100000,9246,0.09246,L_independent_error_events_per_trial
L32_q0001_q1020_t010,honest,2026083011,32,0.01,0.2,0.01,0.1,3,100000,99966,0.99966,L_independent_error_events_per_trial
L32_q0001_q1020_t010,attack,2026083011,32,0.01,0.2,0.2,0.1,3,100000,9239,0.09239,L_independent_error_events_per_trial
L32_q0001_q1020_t010,honest,2026083012,32,0.01,0.2,0.01,0.1,3,100000,99981,0.99981,L_independent_error_events_per_trial
L32_q0001_q1020_t010,attack,2026083012,32,0.01,0.2,0.2,0.1,3,100000,9240,0.0924,L_independent_error_events_per_trial
L32_q0001_q1020_t010,honest,2026083013,32,0.01,0.2,0.01,0.1,3,100000,99966,0.99966,L_independent_error_events_per_trial
L32_q0001_q1020_t010,attack,2026083013,32,0.01,0.2,0.2,0.1,3,100000,9396,0.09396,L_independent_error_events_per_trial
L32_q0001_q1020_t010,honest,2026083014,32,0.01,0.2,0.01,0.1,3,100000,99974,0.99974,L_independent_error_events_per_trial
L32_q0001_q1020_t010,attack,2026083014,32,0.01,0.2,0.2,0.1,3,100000,9399,0.09399,L_independent_error_events_per_trial
L32_q0001_q1020_t010,honest,2026083015,32,0.01,0.2,0.01,0.1,3,100000,99977,0.99977,L_independent_error_events_per_trial
L32_q0001_q1020_t010,attack,2026083015,32,0.01,0.2,0.2,0.1,3,100000,9514,0.09514,L_independent_error_events_per_trial
L32_q0001_q1020_t010,honest,2026083016,32,0.01,0.2,0.01,0.1,3,100000,99975,0.99975,L_independent_error_events_per_trial
L32_q0001_q1020_t010,attack,2026083016,32,0.01,0.2,0.2,0.1,3,100000,9281,0.09281,L_independent_error_events_per_trial
L32_q0001_q1020_t010,honest,2026083017,32,0.01,0.2,0.01,0.1,3,100000,99972,0.99972,L_independent_error_events_per_trial
L32_q0001_q1020_t010,attack,2026083017,32,0.01,0.2,0.2,0.1,3,100000,9414,0.09414,L_independent_error_events_per_trial
L32_q0001_q1020_t010,honest,2026083018,32,0.01,0.2,0.01,0.1,3,100000,99974,0.99974,L_independent_error_events_per_trial
L32_q0001_q1020_t010,attack,2026083018,32,0.01,0.2,0.2,0.1,3,100000,9380,0.0938,L_independent_error_events_per_trial
L32_q0001_q1020_t010,honest,2026083019,32,0.01,0.2,0.01,0.1,3,100000,99977,0.99977,L_independent_error_events_per_trial
L32_q0001_q1020_t010,attack,2026083019,32,0.01,0.2,0.2,0.1,3,100000,9354,0.09354,L_independent_error_events_per_trial
L32_q0001_q1020_t010,honest,2026083020,32,0.01,0.2,0.01,0.1,3,100000,99969,0.99969,L_independent_error_events_per_trial
L32_q0001_q1020_t010,attack,2026083020,32,0.01,0.2,0.2,0.1,3,100000,9346,0.09346,L_independent_error_events_per_trial
L32_q0001_q1020_t010,honest,2026083021,32,0.01,0.2,0.01,0.1,3,100000,99969,0.99969,L_independent_error_events_per_trial
L32_q0001_q1020_t010,attack,2026083021,32,0.01,0.2,0.2,0.1,3,100000,9236,0.09236,L_independent_error_events_per_trial
L32_q0001_q1020_t010,honest,2026083022,32,0.01,0.2,0.01,0.1,3,100000,99971,0.99971,L_independent_error_events_per_trial
L32_q0001_q1020_t010,attack,2026083022,32,0.01,0.2,0.2,0.1,3,100000,9320,0.0932,L_independent_error_events_per_trial
L32_q0001_q1020_t010,honest,2026083023,32,0.01,0.2,0.01,0.1,3,100000,99976,0.99976,L_independent_error_events_per_trial
L32_q0001_q1020_t010,attack,2026083023,32,0.01,0.2,0.2,0.1,3,100000,9281,0.09281,L_independent_error_events_per_trial
L32_q0001_q1020_t010,honest,2026083024,32,0.01,0.2,0.01,0.1,3,100000,99973,0.99973,L_independent_error_events_per_trial
L32_q0001_q1020_t010,attack,2026083024,32,0.01,0.2,0.2,0.1,3,100000,9256,0.09256,L_independent_error_events_per_trial
L32_q0001_q1020_t010,honest,2026083025,32,0.01,0.2,0.01,0.1,3,100000,99973,0.99973,L_independent_error_events_per_trial
L32_q0001_q1020_t010,attack,2026083025,32,0.01,0.2,0.2,0.1,3,100000,9235,0.09235,L_independent_error_events_per_trial
L32_q0001_q1020_t010,honest,2026083026,32,0.01,0.2,0.01,0.1,3,100000,99968,0.99968,L_independent_error_events_per_trial
L32_q0001_q1020_t010,attack,2026083026,32,0.01,0.2,0.2,0.1,3,100000,9442,0.09442,L_independent_error_events_per_trial
L32_q0001_q1020_t010,honest,2026083027,32,0.01,0.2,0.01,0.1,3,100000,99976,0.99976,L_independent_error_events_per_trial
L32_q0001_q1020_t010,attack,2026083027,32,0.01,0.2,0.2,0.1,3,100000,9336,0.09336,L_independent_error_events_per_trial
L32_q0001_q1020_t010,honest,2026083028,32,0.01,0.2,0.01,0.1,3,100000,99968,0.99968,L_independent_error_events_per_trial
L32_q0001_q1020_t010,attack,2026083028,32,0.01,0.2,0.2,0.1,3,100000,9268,0.09268,L_independent_error_events_per_trial
L32_q0001_q1020_t010,honest,2026083029,32,0.01,0.2,0.01,0.1,3,100000,99958,0.99958,L_independent_error_events_per_trial
L32_q0001_q1020_t010,attack,2026083029,32,0.01,0.2,0.2,0.1,3,100000,9291,0.09291,L_independent_error_events_per_trial
L32_q0001_q1020_t010,honest,2026083030,32,0.01,0.2,0.01,0.1,3,100000,99963,0.99963,L_independent_error_events_per_trial
L32_q0001_q1020_t010,attack,2026083030,32,0.01,0.2,0.2,0.1,3,100000,9387,0.09387,L_independent_error_events_per_trial
L32_q0001_q1020_t015,honest,2026083001,32,0.01,0.2,0.01,0.15,4,100000,99998,0.99998,L_independent_error_events_per_trial
L32_q0001_q1020_t015,attack,2026083001,32,0.01,0.2,0.2,0.15,4,100000,20382,0.20382,L_independent_error_events_per_trial
L32_q0001_q1020_t015,honest,2026083002,32,0.01,0.2,0.01,0.15,4,100000,99998,0.99998,L_independent_error_events_per_trial
L32_q0001_q1020_t015,attack,2026083002,32,0.01,0.2,0.2,0.15,4,100000,20383,0.20383,L_independent_error_events_per_trial
L32_q0001_q1020_t015,honest,2026083003,32,0.01,0.2,0.01,0.15,4,100000,99998,0.99998,L_independent_error_events_per_trial
L32_q0001_q1020_t015,attack,2026083003,32,0.01,0.2,0.2,0.15,4,100000,20548,0.20548,L_independent_error_events_per_trial
L32_q0001_q1020_t015,honest,2026083004,32,0.01,0.2,0.01,0.15,4,100000,100000,1.0,L_independent_error_events_per_trial
L32_q0001_q1020_t015,attack,2026083004,32,0.01,0.2,0.2,0.15,4,100000,20357,0.20357,L_independent_error_events_per_trial
L32_q0001_q1020_t015,honest,2026083005,32,0.01,0.2,0.01,0.15,4,100000,99996,0.99996,L_independent_error_events_per_trial
L32_q0001_q1020_t015,attack,2026083005,32,0.01,0.2,0.2,0.15,4,100000,20560,0.2056,L_independent_error_events_per_trial
L32_q0001_q1020_t015,honest,2026083006,32,0.01,0.2,0.01,0.15,4,100000,99997,0.99997,L_independent_error_events_per_trial
L32_q0001_q1020_t015,attack,2026083006,32,0.01,0.2,0.2,0.15,4,100000,20365,0.20365,L_independent_error_events_per_trial
L32_q0001_q1020_t015,honest,2026083007,32,0.01,0.2,0.01,0.15,4,100000,99996,0.99996,L_independent_error_events_per_trial
L32_q0001_q1020_t015,attack,2026083007,32,0.01,0.2,0.2,0.15,4,100000,20573,0.20573,L_independent_error_events_per_trial
L32_q0001_q1020_t015,honest,2026083008,32,0.01,0.2,0.01,0.15,4,100000,99997,0.99997,L_independent_error_events_per_trial
L32_q0001_q1020_t015,attack,2026083008,32,0.01,0.2,0.2,0.15,4,100000,20495,0.20495,L_independent_error_events_per_trial
L32_q0001_q1020_t015,honest,2026083009,32,0.01,0.2,0.01,0.15,4,100000,99999,0.99999,L_independent_error_events_per_trial
L32_q0001_q1020_t015,attack,2026083009,32,0.01,0.2,0.2,0.15,4,100000,20508,0.20508,L_independent_error_events_per_trial
L32_q0001_q1020_t015,honest,2026083010,32,0.01,0.2,0.01,0.15,4,100000,99996,0.99996,L_independent_error_events_per_trial
L32_q0001_q1020_t015,attack,2026083010,32,0.01,0.2,0.2,0.15,4,100000,20316,0.20316,L_independent_error_events_per_trial
L32_q0001_q1020_t015,honest,2026083011,32,0.01,0.2,0.01,0.15,4,100000,99998,0.99998,L_independent_error_events_per_trial
L32_q0001_q1020_t015,attack,2026083011,32,0.01,0.2,0.2,0.15,4,100000,20452,0.20452,L_independent_error_events_per_trial
L32_q0001_q1020_t015,honest,2026083012,32,0.01,0.2,0.01,0.15,4,100000,100000,1.0,L_independent_error_events_per_trial
L32_q0001_q1020_t015,attack,2026083012,32,0.01,0.2,0.2,0.15,4,100000,20386,0.20386,L_independent_error_events_per_trial
L32_q0001_q1020_t015,honest,2026083013,32,0.01,0.2,0.01,0.15,4,100000,99995,0.99995,L_independent_error_events_per_trial
L32_q0001_q1020_t015,attack,2026083013,32,0.01,0.2,0.2,0.15,4,100000,20650,0.2065,L_independent_error_events_per_trial
L32_q0001_q1020_t015,honest,2026083014,32,0.01,0.2,0.01,0.15,4,100000,99998,0.99998,L_independent_error_events_per_trial
L32_q0001_q1020_t015,attack,2026083014,32,0.01,0.2,0.2,0.15,4,100000,20702,0.20702,L_independent_error_events_per_trial
L32_q0001_q1020_t015,honest,2026083015,32,0.01,0.2,0.01,0.15,4,100000,100000,1.0,L_independent_error_events_per_trial
L32_q0001_q1020_t015,attack,2026083015,32,0.01,0.2,0.2,0.15,4,100000,20435,0.20435,L_independent_error_events_per_trial
L32_q0001_q1020_t015,honest,2026083016,32,0.01,0.2,0.01,0.15,4,100000,99999,0.99999,L_independent_error_events_per_trial
L32_q0001_q1020_t015,attack,2026083016,32,0.01,0.2,0.2,0.15,4,100000,20433,0.20433,L_independent_error_events_per_trial
L32_q0001_q1020_t015,honest,2026083017,32,0.01,0.2,0.01,0.15,4,100000,99999,0.99999,L_independent_error_events_per_trial
L32_q0001_q1020_t015,attack,2026083017,32,0.01,0.2,0.2,0.15,4,100000,20488,0.20488,L_independent_error_events_per_trial
L32_q0001_q1020_t015,honest,2026083018,32,0.01,0.2,0.01,0.15,4,100000,99999,0.99999,L_independent_error_events_per_trial
L32_q0001_q1020_t015,attack,2026083018,32,0.01,0.2,0.2,0.15,4,100000,20500,0.205,L_independent_error_events_per_trial
L32_q0001_q1020_t015,honest,2026083019,32,0.01,0.2,0.01,0.15,4,100000,99998,0.99998,L_independent_error_events_per_trial
L32_q0001_q1020_t015,attack,2026083019,32,0.01,0.2,0.2,0.15,4,100000,20231,0.20231,L_independent_error_events_per_trial
L32_q0001_q1020_t015,honest,2026083020,32,0.01,0.2,0.01,0.15,4,100000,100000,1.0,L_independent_error_events_per_trial
L32_q0001_q1020_t015,attack,2026083020,32,0.01,0.2,0.2,0.15,4,100000,20495,0.20495,L_independent_error_events_per_trial
L32_q0001_q1020_t015,honest,2026083021,32,0.01,0.2,0.01,0.15,4,100000,99998,0.99998,L_independent_error_events_per_trial
L32_q0001_q1020_t015,attack,2026083021,32,0.01,0.2,0.2,0.15,4,100000,20283,0.20283,L_independent_error_events_per_trial
L32_q0001_q1020_t015,honest,2026083022,32,0.01,0.2,0.01,0.15,4,100000,100000,1.0,L_independent_error_events_per_trial
L32_q0001_q1020_t015,attack,2026083022,32,0.01,0.2,0.2,0.15,4,100000,20360,0.2036,L_independent_error_events_per_trial
L32_q0001_q1020_t015,honest,2026083023,32,0.01,0.2,0.01,0.15,4,100000,99999,0.99999,L_independent_error_events_per_trial
L32_q0001_q1020_t015,attack,2026083023,32,0.01,0.2,0.2,0.15,4,100000,20557,0.20557,L_independent_error_events_per_trial
L32_q0001_q1020_t015,honest,2026083024,32,0.01,0.2,0.01,0.15,4,100000,99997,0.99997,L_independent_error_events_per_trial
L32_q0001_q1020_t015,attack,2026083024,32,0.01,0.2,0.2,0.15,4,100000,20484,0.20484,L_independent_error_events_per_trial
L32_q0001_q1020_t015,honest,2026083025,32,0.01,0.2,0.01,0.15,4,100000,99999,0.99999,L_independent_error_events_per_trial
L32_q0001_q1020_t015,attack,2026083025,32,0.01,0.2,0.2,0.15,4,100000,20497,0.20497,L_independent_error_events_per_trial
L32_q0001_q1020_t015,honest,2026083026,32,0.01,0.2,0.01,0.15,4,100000,99999,0.99999,L_independent_error_events_per_trial
L32_q0001_q1020_t015,attack,2026083026,32,0.01,0.2,0.2,0.15,4,100000,20562,0.20562,L_independent_error_events_per_trial
L32_q0001_q1020_t015,honest,2026083027,32,0.01,0.2,0.01,0.15,4,100000,99999,0.99999,L_independent_error_events_per_trial
L32_q0001_q1020_t015,attack,2026083027,32,0.01,0.2,0.2,0.15,4,100000,20551,0.20551,L_independent_error_events_per_trial
L32_q0001_q1020_t015,honest,2026083028,32,0.01,0.2,0.01,0.15,4,100000,99998,0.99998,L_independent_error_events_per_trial
L32_q0001_q1020_t015,attack,2026083028,32,0.01,0.2,0.2,0.15,4,100000,20290,0.2029,L_independent_error_events_per_trial
L32_q0001_q1020_t015,honest,2026083029,32,0.01,0.2,0.01,0.15,4,100000,99997,0.99997,L_independent_error_events_per_trial
L32_q0001_q1020_t015,attack,2026083029,32,0.01,0.2,0.2,0.15,4,100000,20489,0.20489,L_independent_error_events_per_trial
L32_q0001_q1020_t015,honest,2026083030,32,0.01,0.2,0.01,0.15,4,100000,99995,0.99995,L_independent_error_events_per_trial
L32_q0001_q1020_t015,attack,2026083030,32,0.01,0.2,0.2,0.15,4,100000,20471,0.20471,L_independent_error_events_per_trial
L32_q0003_q1020_t005,honest,2026083001,32,0.03,0.2,0.03,0.05,1,100000,75050,0.7505,L_independent_error_events_per_trial
L32_q0003_q1020_t005,attack,2026083001,32,0.03,0.2,0.2,0.05,1,100000,770,0.0077,L_independent_error_events_per_trial
L32_q0003_q1020_t005,honest,2026083002,32,0.03,0.2,0.03,0.05,1,100000,75327,0.75327,L_independent_error_events_per_trial
L32_q0003_q1020_t005,attack,2026083002,32,0.03,0.2,0.2,0.05,1,100000,725,0.00725,L_independent_error_events_per_trial
L32_q0003_q1020_t005,honest,2026083003,32,0.03,0.2,0.03,0.05,1,100000,74856,0.74856,L_independent_error_events_per_trial
L32_q0003_q1020_t005,attack,2026083003,32,0.03,0.2,0.2,0.05,1,100000,664,0.00664,L_independent_error_events_per_trial
L32_q0003_q1020_t005,honest,2026083004,32,0.03,0.2,0.03,0.05,1,100000,75190,0.7519,L_independent_error_events_per_trial
L32_q0003_q1020_t005,attack,2026083004,32,0.03,0.2,0.2,0.05,1,100000,713,0.00713,L_independent_error_events_per_trial
L32_q0003_q1020_t005,honest,2026083005,32,0.03,0.2,0.03,0.05,1,100000,75107,0.75107,L_independent_error_events_per_trial
L32_q0003_q1020_t005,attack,2026083005,32,0.03,0.2,0.2,0.05,1,100000,736,0.00736,L_independent_error_events_per_trial
L32_q0003_q1020_t005,honest,2026083006,32,0.03,0.2,0.03,0.05,1,100000,74715,0.74715,L_independent_error_events_per_trial
L32_q0003_q1020_t005,attack,2026083006,32,0.03,0.2,0.2,0.05,1,100000,687,0.00687,L_independent_error_events_per_trial
L32_q0003_q1020_t005,honest,2026083007,32,0.03,0.2,0.03,0.05,1,100000,74834,0.74834,L_independent_error_events_per_trial
L32_q0003_q1020_t005,attack,2026083007,32,0.03,0.2,0.2,0.05,1,100000,682,0.00682,L_independent_error_events_per_trial
L32_q0003_q1020_t005,honest,2026083008,32,0.03,0.2,0.03,0.05,1,100000,75178,0.75178,L_independent_error_events_per_trial
L32_q0003_q1020_t005,attack,2026083008,32,0.03,0.2,0.2,0.05,1,100000,721,0.00721,L_independent_error_events_per_trial
L32_q0003_q1020_t005,honest,2026083009,32,0.03,0.2,0.03,0.05,1,100000,75077,0.75077,L_independent_error_events_per_trial
L32_q0003_q1020_t005,attack,2026083009,32,0.03,0.2,0.2,0.05,1,100000,699,0.00699,L_independent_error_events_per_trial
L32_q0003_q1020_t005,honest,2026083010,32,0.03,0.2,0.03,0.05,1,100000,75138,0.75138,L_independent_error_events_per_trial
L32_q0003_q1020_t005,attack,2026083010,32,0.03,0.2,0.2,0.05,1,100000,727,0.00727,L_independent_error_events_per_trial
L32_q0003_q1020_t005,honest,2026083011,32,0.03,0.2,0.03,0.05,1,100000,74944,0.74944,L_independent_error_events_per_trial
L32_q0003_q1020_t005,attack,2026083011,32,0.03,0.2,0.2,0.05,1,100000,735,0.00735,L_independent_error_events_per_trial
L32_q0003_q1020_t005,honest,2026083012,32,0.03,0.2,0.03,0.05,1,100000,74822,0.74822,L_independent_error_events_per_trial
L32_q0003_q1020_t005,attack,2026083012,32,0.03,0.2,0.2,0.05,1,100000,744,0.00744,L_independent_error_events_per_trial
L32_q0003_q1020_t005,honest,2026083013,32,0.03,0.2,0.03,0.05,1,100000,75244,0.75244,L_independent_error_events_per_trial
L32_q0003_q1020_t005,attack,2026083013,32,0.03,0.2,0.2,0.05,1,100000,718,0.00718,L_independent_error_events_per_trial
L32_q0003_q1020_t005,honest,2026083014,32,0.03,0.2,0.03,0.05,1,100000,74890,0.7489,L_independent_error_events_per_trial
L32_q0003_q1020_t005,attack,2026083014,32,0.03,0.2,0.2,0.05,1,100000,729,0.00729,L_independent_error_events_per_trial
L32_q0003_q1020_t005,honest,2026083015,32,0.03,0.2,0.03,0.05,1,100000,75013,0.75013,L_independent_error_events_per_trial
L32_q0003_q1020_t005,attack,2026083015,32,0.03,0.2,0.2,0.05,1,100000,722,0.00722,L_independent_error_events_per_trial
L32_q0003_q1020_t005,honest,2026083016,32,0.03,0.2,0.03,0.05,1,100000,75018,0.75018,L_independent_error_events_per_trial
L32_q0003_q1020_t005,attack,2026083016,32,0.03,0.2,0.2,0.05,1,100000,731,0.00731,L_independent_error_events_per_trial
L32_q0003_q1020_t005,honest,2026083017,32,0.03,0.2,0.03,0.05,1,100000,74878,0.74878,L_independent_error_events_per_trial
L32_q0003_q1020_t005,attack,2026083017,32,0.03,0.2,0.2,0.05,1,100000,689,0.00689,L_independent_error_events_per_trial
L32_q0003_q1020_t005,honest,2026083018,32,0.03,0.2,0.03,0.05,1,100000,75036,0.75036,L_independent_error_events_per_trial
L32_q0003_q1020_t005,attack,2026083018,32,0.03,0.2,0.2,0.05,1,100000,708,0.00708,L_independent_error_events_per_trial
L32_q0003_q1020_t005,honest,2026083019,32,0.03,0.2,0.03,0.05,1,100000,75296,0.75296,L_independent_error_events_per_trial
L32_q0003_q1020_t005,attack,2026083019,32,0.03,0.2,0.2,0.05,1,100000,719,0.00719,L_independent_error_events_per_trial
L32_q0003_q1020_t005,honest,2026083020,32,0.03,0.2,0.03,0.05,1,100000,75065,0.75065,L_independent_error_events_per_trial
L32_q0003_q1020_t005,attack,2026083020,32,0.03,0.2,0.2,0.05,1,100000,710,0.0071,L_independent_error_events_per_trial
L32_q0003_q1020_t005,honest,2026083021,32,0.03,0.2,0.03,0.05,1,100000,75127,0.75127,L_independent_error_events_per_trial
L32_q0003_q1020_t005,attack,2026083021,32,0.03,0.2,0.2,0.05,1,100000,685,0.00685,L_independent_error_events_per_trial
L32_q0003_q1020_t005,honest,2026083022,32,0.03,0.2,0.03,0.05,1,100000,75010,0.7501,L_independent_error_events_per_trial
L32_q0003_q1020_t005,attack,2026083022,32,0.03,0.2,0.2,0.05,1,100000,748,0.00748,L_independent_error_events_per_trial
L32_q0003_q1020_t005,honest,2026083023,32,0.03,0.2,0.03,0.05,1,100000,74927,0.74927,L_independent_error_events_per_trial
L32_q0003_q1020_t005,attack,2026083023,32,0.03,0.2,0.2,0.05,1,100000,742,0.00742,L_independent_error_events_per_trial
L32_q0003_q1020_t005,honest,2026083024,32,0.03,0.2,0.03,0.05,1,100000,75094,0.75094,L_independent_error_events_per_trial
L32_q0003_q1020_t005,attack,2026083024,32,0.03,0.2,0.2,0.05,1,100000,713,0.00713,L_independent_error_events_per_trial
L32_q0003_q1020_t005,honest,2026083025,32,0.03,0.2,0.03,0.05,1,100000,75186,0.75186,L_independent_error_events_per_trial
L32_q0003_q1020_t005,attack,2026083025,32,0.03,0.2,0.2,0.05,1,100000,690,0.0069,L_independent_error_events_per_trial
L32_q0003_q1020_t005,honest,2026083026,32,0.03,0.2,0.03,0.05,1,100000,74979,0.74979,L_independent_error_events_per_trial
L32_q0003_q1020_t005,attack,2026083026,32,0.03,0.2,0.2,0.05,1,100000,719,0.00719,L_independent_error_events_per_trial
L32_q0003_q1020_t005,honest,2026083027,32,0.03,0.2,0.03,0.05,1,100000,75348,0.75348,L_independent_error_events_per_trial
L32_q0003_q1020_t005,attack,2026083027,32,0.03,0.2,0.2,0.05,1,100000,727,0.00727,L_independent_error_events_per_trial
L32_q0003_q1020_t005,honest,2026083028,32,0.03,0.2,0.03,0.05,1,100000,75292,0.75292,L_independent_error_events_per_trial
L32_q0003_q1020_t005,attack,2026083028,32,0.03,0.2,0.2,0.05,1,100000,693,0.00693,L_independent_error_events_per_trial
L32_q0003_q1020_t005,honest,2026083029,32,0.03,0.2,0.03,0.05,1,100000,75064,0.75064,L_independent_error_events_per_trial
L32_q0003_q1020_t005,attack,2026083029,32,0.03,0.2,0.2,0.05,1,100000,708,0.00708,L_independent_error_events_per_trial
L32_q0003_q1020_t005,honest,2026083030,32,0.03,0.2,0.03,0.05,1,100000,75130,0.7513,L_independent_error_events_per_trial
L32_q0003_q1020_t005,attack,2026083030,32,0.03,0.2,0.2,0.05,1,100000,747,0.00747,L_independent_error_events_per_trial
L32_q0003_q1020_t010,honest,2026083001,32,0.03,0.2,0.03,0.1,3,100000,98555,0.98555,L_independent_error_events_per_trial
L32_q0003_q1020_t010,attack,2026083001,32,0.03,0.2,0.2,0.1,3,100000,9304,0.09304,L_independent_error_events_per_trial
L32_q0003_q1020_t010,honest,2026083002,32,0.03,0.2,0.03,0.1,3,100000,98480,0.9848,L_independent_error_events_per_trial
L32_q0003_q1020_t010,attack,2026083002,32,0.03,0.2,0.2,0.1,3,100000,9203,0.09203,L_independent_error_events_per_trial
L32_q0003_q1020_t010,honest,2026083003,32,0.03,0.2,0.03,0.1,3,100000,98578,0.98578,L_independent_error_events_per_trial
L32_q0003_q1020_t010,attack,2026083003,32,0.03,0.2,0.2,0.1,3,100000,9189,0.09189,L_independent_error_events_per_trial
L32_q0003_q1020_t010,honest,2026083004,32,0.03,0.2,0.03,0.1,3,100000,98532,0.98532,L_independent_error_events_per_trial
L32_q0003_q1020_t010,attack,2026083004,32,0.03,0.2,0.2,0.1,3,100000,9224,0.09224,L_independent_error_events_per_trial
L32_q0003_q1020_t010,honest,2026083005,32,0.03,0.2,0.03,0.1,3,100000,98467,0.98467,L_independent_error_events_per_trial
L32_q0003_q1020_t010,attack,2026083005,32,0.03,0.2,0.2,0.1,3,100000,9361,0.09361,L_independent_error_events_per_trial
L32_q0003_q1020_t010,honest,2026083006,32,0.03,0.2,0.03,0.1,3,100000,98546,0.98546,L_independent_error_events_per_trial
L32_q0003_q1020_t010,attack,2026083006,32,0.03,0.2,0.2,0.1,3,100000,9322,0.09322,L_independent_error_events_per_trial
L32_q0003_q1020_t010,honest,2026083007,32,0.03,0.2,0.03,0.1,3,100000,98546,0.98546,L_independent_error_events_per_trial
L32_q0003_q1020_t010,attack,2026083007,32,0.03,0.2,0.2,0.1,3,100000,9318,0.09318,L_independent_error_events_per_trial
L32_q0003_q1020_t010,honest,2026083008,32,0.03,0.2,0.03,0.1,3,100000,98562,0.98562,L_independent_error_events_per_trial
L32_q0003_q1020_t010,attack,2026083008,32,0.03,0.2,0.2,0.1,3,100000,9335,0.09335,L_independent_error_events_per_trial
L32_q0003_q1020_t010,honest,2026083009,32,0.03,0.2,0.03,0.1,3,100000,98503,0.98503,L_independent_error_events_per_trial
L32_q0003_q1020_t010,attack,2026083009,32,0.03,0.2,0.2,0.1,3,100000,9456,0.09456,L_independent_error_events_per_trial
L32_q0003_q1020_t010,honest,2026083010,32,0.03,0.2,0.03,0.1,3,100000,98540,0.9854,L_independent_error_events_per_trial
L32_q0003_q1020_t010,attack,2026083010,32,0.03,0.2,0.2,0.1,3,100000,9246,0.09246,L_independent_error_events_per_trial
L32_q0003_q1020_t010,honest,2026083011,32,0.03,0.2,0.03,0.1,3,100000,98479,0.98479,L_independent_error_events_per_trial
L32_q0003_q1020_t010,attack,2026083011,32,0.03,0.2,0.2,0.1,3,100000,9239,0.09239,L_independent_error_events_per_trial
L32_q0003_q1020_t010,honest,2026083012,32,0.03,0.2,0.03,0.1,3,100000,98487,0.98487,L_independent_error_events_per_trial
L32_q0003_q1020_t010,attack,2026083012,32,0.03,0.2,0.2,0.1,3,100000,9240,0.0924,L_independent_error_events_per_trial
L32_q0003_q1020_t010,honest,2026083013,32,0.03,0.2,0.03,0.1,3,100000,98633,0.98633,L_independent_error_events_per_trial
L32_q0003_q1020_t010,attack,2026083013,32,0.03,0.2,0.2,0.1,3,100000,9396,0.09396,L_independent_error_events_per_trial
L32_q0003_q1020_t010,honest,2026083014,32,0.03,0.2,0.03,0.1,3,100000,98406,0.98406,L_independent_error_events_per_trial
L32_q0003_q1020_t010,attack,2026083014,32,0.03,0.2,0.2,0.1,3,100000,9399,0.09399,L_independent_error_events_per_trial
L32_q0003_q1020_t010,honest,2026083015,32,0.03,0.2,0.03,0.1,3,100000,98413,0.98413,L_independent_error_events_per_trial
L32_q0003_q1020_t010,attack,2026083015,32,0.03,0.2,0.2,0.1,3,100000,9514,0.09514,L_independent_error_events_per_trial
L32_q0003_q1020_t010,honest,2026083016,32,0.03,0.2,0.03,0.1,3,100000,98486,0.98486,L_independent_error_events_per_trial
L32_q0003_q1020_t010,attack,2026083016,32,0.03,0.2,0.2,0.1,3,100000,9281,0.09281,L_independent_error_events_per_trial
L32_q0003_q1020_t010,honest,2026083017,32,0.03,0.2,0.03,0.1,3,100000,98539,0.98539,L_independent_error_events_per_trial
L32_q0003_q1020_t010,attack,2026083017,32,0.03,0.2,0.2,0.1,3,100000,9414,0.09414,L_independent_error_events_per_trial
L32_q0003_q1020_t010,honest,2026083018,32,0.03,0.2,0.03,0.1,3,100000,98513,0.98513,L_independent_error_events_per_trial
L32_q0003_q1020_t010,attack,2026083018,32,0.03,0.2,0.2,0.1,3,100000,9380,0.0938,L_independent_error_events_per_trial
L32_q0003_q1020_t010,honest,2026083019,32,0.03,0.2,0.03,0.1,3,100000,98454,0.98454,L_independent_error_events_per_trial
L32_q0003_q1020_t010,attack,2026083019,32,0.03,0.2,0.2,0.1,3,100000,9354,0.09354,L_independent_error_events_per_trial
L32_q0003_q1020_t010,honest,2026083020,32,0.03,0.2,0.03,0.1,3,100000,98464,0.98464,L_independent_error_events_per_trial
L32_q0003_q1020_t010,attack,2026083020,32,0.03,0.2,0.2,0.1,3,100000,9346,0.09346,L_independent_error_events_per_trial
L32_q0003_q1020_t010,honest,2026083021,32,0.03,0.2,0.03,0.1,3,100000,98526,0.98526,L_independent_error_events_per_trial
L32_q0003_q1020_t010,attack,2026083021,32,0.03,0.2,0.2,0.1,3,100000,9236,0.09236,L_independent_error_events_per_trial
L32_q0003_q1020_t010,honest,2026083022,32,0.03,0.2,0.03,0.1,3,100000,98479,0.98479,L_independent_error_events_per_trial
L32_q0003_q1020_t010,attack,2026083022,32,0.03,0.2,0.2,0.1,3,100000,9320,0.0932,L_independent_error_events_per_trial
L32_q0003_q1020_t010,honest,2026083023,32,0.03,0.2,0.03,0.1,3,100000,98477,0.98477,L_independent_error_events_per_trial
L32_q0003_q1020_t010,attack,2026083023,32,0.03,0.2,0.2,0.1,3,100000,9281,0.09281,L_independent_error_events_per_trial
L32_q0003_q1020_t010,honest,2026083024,32,0.03,0.2,0.03,0.1,3,100000,98517,0.98517,L_independent_error_events_per_trial
L32_q0003_q1020_t010,attack,2026083024,32,0.03,0.2,0.2,0.1,3,100000,9256,0.09256,L_independent_error_events_per_trial
L32_q0003_q1020_t010,honest,2026083025,32,0.03,0.2,0.03,0.1,3,100000,98511,0.98511,L_independent_error_events_per_trial
L32_q0003_q1020_t010,attack,2026083025,32,0.03,0.2,0.2,0.1,3,100000,9235,0.09235,L_independent_error_events_per_trial
L32_q0003_q1020_t010,honest,2026083026,32,0.03,0.2,0.03,0.1,3,100000,98464,0.98464,L_independent_error_events_per_trial
L32_q0003_q1020_t010,attack,2026083026,32,0.03,0.2,0.2,0.1,3,100000,9442,0.09442,L_independent_error_events_per_trial
L32_q0003_q1020_t010,honest,2026083027,32,0.03,0.2,0.03,0.1,3,100000,98537,0.98537,L_independent_error_events_per_trial
L32_q0003_q1020_t010,attack,2026083027,32,0.03,0.2,0.2,0.1,3,100000,9336,0.09336,L_independent_error_events_per_trial
L32_q0003_q1020_t010,honest,2026083028,32,0.03,0.2,0.03,0.1,3,100000,98546,0.98546,L_independent_error_events_per_trial
L32_q0003_q1020_t010,attack,2026083028,32,0.03,0.2,0.2,0.1,3,100000,9268,0.09268,L_independent_error_events_per_trial
L32_q0003_q1020_t010,honest,2026083029,32,0.03,0.2,0.03,0.1,3,100000,98516,0.98516,L_independent_error_events_per_trial
L32_q0003_q1020_t010,attack,2026083029,32,0.03,0.2,0.2,0.1,3,100000,9291,0.09291,L_independent_error_events_per_trial
L32_q0003_q1020_t010,honest,2026083030,32,0.03,0.2,0.03,0.1,3,100000,98478,0.98478,L_independent_error_events_per_trial
L32_q0003_q1020_t010,attack,2026083030,32,0.03,0.2,0.2,0.1,3,100000,9387,0.09387,L_independent_error_events_per_trial
L32_q0003_q1020_t015,honest,2026083001,32,0.03,0.2,0.03,0.15,4,100000,99773,0.99773,L_independent_error_events_per_trial
L32_q0003_q1020_t015,attack,2026083001,32,0.03,0.2,0.2,0.15,4,100000,20382,0.20382,L_independent_error_events_per_trial
L32_q0003_q1020_t015,honest,2026083002,32,0.03,0.2,0.03,0.15,4,100000,99772,0.99772,L_independent_error_events_per_trial
L32_q0003_q1020_t015,attack,2026083002,32,0.03,0.2,0.2,0.15,4,100000,20383,0.20383,L_independent_error_events_per_trial
L32_q0003_q1020_t015,honest,2026083003,32,0.03,0.2,0.03,0.15,4,100000,99749,0.99749,L_independent_error_events_per_trial
L32_q0003_q1020_t015,attack,2026083003,32,0.03,0.2,0.2,0.15,4,100000,20548,0.20548,L_independent_error_events_per_trial
L32_q0003_q1020_t015,honest,2026083004,32,0.03,0.2,0.03,0.15,4,100000,99765,0.99765,L_independent_error_events_per_trial
L32_q0003_q1020_t015,attack,2026083004,32,0.03,0.2,0.2,0.15,4,100000,20357,0.20357,L_independent_error_events_per_trial
L32_q0003_q1020_t015,honest,2026083005,32,0.03,0.2,0.03,0.15,4,100000,99743,0.99743,L_independent_error_events_per_trial
L32_q0003_q1020_t015,attack,2026083005,32,0.03,0.2,0.2,0.15,4,100000,20560,0.2056,L_independent_error_events_per_trial
L32_q0003_q1020_t015,honest,2026083006,32,0.03,0.2,0.03,0.15,4,100000,99762,0.99762,L_independent_error_events_per_trial
L32_q0003_q1020_t015,attack,2026083006,32,0.03,0.2,0.2,0.15,4,100000,20365,0.20365,L_independent_error_events_per_trial
L32_q0003_q1020_t015,honest,2026083007,32,0.03,0.2,0.03,0.15,4,100000,99763,0.99763,L_independent_error_events_per_trial
L32_q0003_q1020_t015,attack,2026083007,32,0.03,0.2,0.2,0.15,4,100000,20573,0.20573,L_independent_error_events_per_trial
L32_q0003_q1020_t015,honest,2026083008,32,0.03,0.2,0.03,0.15,4,100000,99752,0.99752,L_independent_error_events_per_trial
L32_q0003_q1020_t015,attack,2026083008,32,0.03,0.2,0.2,0.15,4,100000,20495,0.20495,L_independent_error_events_per_trial
L32_q0003_q1020_t015,honest,2026083009,32,0.03,0.2,0.03,0.15,4,100000,99768,0.99768,L_independent_error_events_per_trial
L32_q0003_q1020_t015,attack,2026083009,32,0.03,0.2,0.2,0.15,4,100000,20508,0.20508,L_independent_error_events_per_trial
L32_q0003_q1020_t015,honest,2026083010,32,0.03,0.2,0.03,0.15,4,100000,99756,0.99756,L_independent_error_events_per_trial
L32_q0003_q1020_t015,attack,2026083010,32,0.03,0.2,0.2,0.15,4,100000,20316,0.20316,L_independent_error_events_per_trial
L32_q0003_q1020_t015,honest,2026083011,32,0.03,0.2,0.03,0.15,4,100000,99749,0.99749,L_independent_error_events_per_trial
L32_q0003_q1020_t015,attack,2026083011,32,0.03,0.2,0.2,0.15,4,100000,20452,0.20452,L_independent_error_events_per_trial
L32_q0003_q1020_t015,honest,2026083012,32,0.03,0.2,0.03,0.15,4,100000,99749,0.99749,L_independent_error_events_per_trial
L32_q0003_q1020_t015,attack,2026083012,32,0.03,0.2,0.2,0.15,4,100000,20386,0.20386,L_independent_error_events_per_trial
L32_q0003_q1020_t015,honest,2026083013,32,0.03,0.2,0.03,0.15,4,100000,99763,0.99763,L_independent_error_events_per_trial
L32_q0003_q1020_t015,attack,2026083013,32,0.03,0.2,0.2,0.15,4,100000,20650,0.2065,L_independent_error_events_per_trial
L32_q0003_q1020_t015,honest,2026083014,32,0.03,0.2,0.03,0.15,4,100000,99735,0.99735,L_independent_error_events_per_trial
L32_q0003_q1020_t015,attack,2026083014,32,0.03,0.2,0.2,0.15,4,100000,20702,0.20702,L_independent_error_events_per_trial
L32_q0003_q1020_t015,honest,2026083015,32,0.03,0.2,0.03,0.15,4,100000,99722,0.99722,L_independent_error_events_per_trial
L32_q0003_q1020_t015,attack,2026083015,32,0.03,0.2,0.2,0.15,4,100000,20435,0.20435,L_independent_error_events_per_trial
L32_q0003_q1020_t015,honest,2026083016,32,0.03,0.2,0.03,0.15,4,100000,99742,0.99742,L_independent_error_events_per_trial
L32_q0003_q1020_t015,attack,2026083016,32,0.03,0.2,0.2,0.15,4,100000,20433,0.20433,L_independent_error_events_per_trial
L32_q0003_q1020_t015,honest,2026083017,32,0.03,0.2,0.03,0.15,4,100000,99735,0.99735,L_independent_error_events_per_trial
L32_q0003_q1020_t015,attack,2026083017,32,0.03,0.2,0.2,0.15,4,100000,20488,0.20488,L_independent_error_events_per_trial
L32_q0003_q1020_t015,honest,2026083018,32,0.03,0.2,0.03,0.15,4,100000,99748,0.99748,L_independent_error_events_per_trial
L32_q0003_q1020_t015,attack,2026083018,32,0.03,0.2,0.2,0.15,4,100000,20500,0.205,L_independent_error_events_per_trial
L32_q0003_q1020_t015,honest,2026083019,32,0.03,0.2,0.03,0.15,4,100000,99756,0.99756,L_independent_error_events_per_trial
L32_q0003_q1020_t015,attack,2026083019,32,0.03,0.2,0.2,0.15,4,100000,20231,0.20231,L_independent_error_events_per_trial
L32_q0003_q1020_t015,honest,2026083020,32,0.03,0.2,0.03,0.15,4,100000,99740,0.9974,L_independent_error_events_per_trial
L32_q0003_q1020_t015,attack,2026083020,32,0.03,0.2,0.2,0.15,4,100000,20495,0.20495,L_independent_error_events_per_trial
L32_q0003_q1020_t015,honest,2026083021,32,0.03,0.2,0.03,0.15,4,100000,99750,0.9975,L_independent_error_events_per_trial
L32_q0003_q1020_t015,attack,2026083021,32,0.03,0.2,0.2,0.15,4,100000,20283,0.20283,L_independent_error_events_per_trial
L32_q0003_q1020_t015,honest,2026083022,32,0.03,0.2,0.03,0.15,4,100000,99735,0.99735,L_independent_error_events_per_trial
L32_q0003_q1020_t015,attack,2026083022,32,0.03,0.2,0.2,0.15,4,100000,20360,0.2036,L_independent_error_events_per_trial
L32_q0003_q1020_t015,honest,2026083023,32,0.03,0.2,0.03,0.15,4,100000,99738,0.99738,L_independent_error_events_per_trial
L32_q0003_q1020_t015,attack,2026083023,32,0.03,0.2,0.2,0.15,4,100000,20557,0.20557,L_independent_error_events_per_trial
L32_q0003_q1020_t015,honest,2026083024,32,0.03,0.2,0.03,0.15,4,100000,99736,0.99736,L_independent_error_events_per_trial
L32_q0003_q1020_t015,attack,2026083024,32,0.03,0.2,0.2,0.15,4,100000,20484,0.20484,L_independent_error_events_per_trial
L32_q0003_q1020_t015,honest,2026083025,32,0.03,0.2,0.03,0.15,4,100000,99720,0.9972,L_independent_error_events_per_trial
L32_q0003_q1020_t015,attack,2026083025,32,0.03,0.2,0.2,0.15,4,100000,20497,0.20497,L_independent_error_events_per_trial
L32_q0003_q1020_t015,honest,2026083026,32,0.03,0.2,0.03,0.15,4,100000,99709,0.99709,L_independent_error_events_per_trial
L32_q0003_q1020_t015,attack,2026083026,32,0.03,0.2,0.2,0.15,4,100000,20562,0.20562,L_independent_error_events_per_trial
L32_q0003_q1020_t015,honest,2026083027,32,0.03,0.2,0.03,0.15,4,100000,99751,0.99751,L_independent_error_events_per_trial
L32_q0003_q1020_t015,attack,2026083027,32,0.03,0.2,0.2,0.15,4,100000,20551,0.20551,L_independent_error_events_per_trial
L32_q0003_q1020_t015,honest,2026083028,32,0.03,0.2,0.03,0.15,4,100000,99736,0.99736,L_independent_error_events_per_trial
L32_q0003_q1020_t015,attack,2026083028,32,0.03,0.2,0.2,0.15,4,100000,20290,0.2029,L_independent_error_events_per_trial
L32_q0003_q1020_t015,honest,2026083029,32,0.03,0.2,0.03,0.15,4,100000,99735,0.99735,L_independent_error_events_per_trial
L32_q0003_q1020_t015,attack,2026083029,32,0.03,0.2,0.2,0.15,4,100000,20489,0.20489,L_independent_error_events_per_trial
L32_q0003_q1020_t015,honest,2026083030,32,0.03,0.2,0.03,0.15,4,100000,99742,0.99742,L_independent_error_events_per_trial
L32_q0003_q1020_t015,attack,2026083030,32,0.03,0.2,0.2,0.15,4,100000,20471,0.20471,L_independent_error_events_per_trial
L32_q0005_q1020_t005,honest,2026083001,32,0.05,0.2,0.05,0.05,1,100000,51966,0.51966,L_independent_error_events_per_trial
L32_q0005_q1020_t005,attack,2026083001,32,0.05,0.2,0.2,0.05,1,100000,770,0.0077,L_independent_error_events_per_trial
L32_q0005_q1020_t005,honest,2026083002,32,0.05,0.2,0.05,0.05,1,100000,51961,0.51961,L_independent_error_events_per_trial
L32_q0005_q1020_t005,attack,2026083002,32,0.05,0.2,0.2,0.05,1,100000,725,0.00725,L_independent_error_events_per_trial
L32_q0005_q1020_t005,honest,2026083003,32,0.05,0.2,0.05,0.05,1,100000,51980,0.5198,L_independent_error_events_per_trial
L32_q0005_q1020_t005,attack,2026083003,32,0.05,0.2,0.2,0.05,1,100000,664,0.00664,L_independent_error_events_per_trial
L32_q0005_q1020_t005,honest,2026083004,32,0.05,0.2,0.05,0.05,1,100000,51924,0.51924,L_independent_error_events_per_trial
L32_q0005_q1020_t005,attack,2026083004,32,0.05,0.2,0.2,0.05,1,100000,713,0.00713,L_independent_error_events_per_trial
L32_q0005_q1020_t005,honest,2026083005,32,0.05,0.2,0.05,0.05,1,100000,52136,0.52136,L_independent_error_events_per_trial
L32_q0005_q1020_t005,attack,2026083005,32,0.05,0.2,0.2,0.05,1,100000,736,0.00736,L_independent_error_events_per_trial
L32_q0005_q1020_t005,honest,2026083006,32,0.05,0.2,0.05,0.05,1,100000,52045,0.52045,L_independent_error_events_per_trial
L32_q0005_q1020_t005,attack,2026083006,32,0.05,0.2,0.2,0.05,1,100000,687,0.00687,L_independent_error_events_per_trial
L32_q0005_q1020_t005,honest,2026083007,32,0.05,0.2,0.05,0.05,1,100000,51881,0.51881,L_independent_error_events_per_trial
L32_q0005_q1020_t005,attack,2026083007,32,0.05,0.2,0.2,0.05,1,100000,682,0.00682,L_independent_error_events_per_trial
L32_q0005_q1020_t005,honest,2026083008,32,0.05,0.2,0.05,0.05,1,100000,52451,0.52451,L_independent_error_events_per_trial
L32_q0005_q1020_t005,attack,2026083008,32,0.05,0.2,0.2,0.05,1,100000,721,0.00721,L_independent_error_events_per_trial
L32_q0005_q1020_t005,honest,2026083009,32,0.05,0.2,0.05,0.05,1,100000,51888,0.51888,L_independent_error_events_per_trial
L32_q0005_q1020_t005,attack,2026083009,32,0.05,0.2,0.2,0.05,1,100000,699,0.00699,L_independent_error_events_per_trial
L32_q0005_q1020_t005,honest,2026083010,32,0.05,0.2,0.05,0.05,1,100000,52155,0.52155,L_independent_error_events_per_trial
L32_q0005_q1020_t005,attack,2026083010,32,0.05,0.2,0.2,0.05,1,100000,727,0.00727,L_independent_error_events_per_trial
L32_q0005_q1020_t005,honest,2026083011,32,0.05,0.2,0.05,0.05,1,100000,51902,0.51902,L_independent_error_events_per_trial
L32_q0005_q1020_t005,attack,2026083011,32,0.05,0.2,0.2,0.05,1,100000,735,0.00735,L_independent_error_events_per_trial
L32_q0005_q1020_t005,honest,2026083012,32,0.05,0.2,0.05,0.05,1,100000,51738,0.51738,L_independent_error_events_per_trial
L32_q0005_q1020_t005,attack,2026083012,32,0.05,0.2,0.2,0.05,1,100000,744,0.00744,L_independent_error_events_per_trial
L32_q0005_q1020_t005,honest,2026083013,32,0.05,0.2,0.05,0.05,1,100000,52066,0.52066,L_independent_error_events_per_trial
L32_q0005_q1020_t005,attack,2026083013,32,0.05,0.2,0.2,0.05,1,100000,718,0.00718,L_independent_error_events_per_trial
L32_q0005_q1020_t005,honest,2026083014,32,0.05,0.2,0.05,0.05,1,100000,52220,0.5222,L_independent_error_events_per_trial
L32_q0005_q1020_t005,attack,2026083014,32,0.05,0.2,0.2,0.05,1,100000,729,0.00729,L_independent_error_events_per_trial
L32_q0005_q1020_t005,honest,2026083015,32,0.05,0.2,0.05,0.05,1,100000,52005,0.52005,L_independent_error_events_per_trial
L32_q0005_q1020_t005,attack,2026083015,32,0.05,0.2,0.2,0.05,1,100000,722,0.00722,L_independent_error_events_per_trial
L32_q0005_q1020_t005,honest,2026083016,32,0.05,0.2,0.05,0.05,1,100000,51666,0.51666,L_independent_error_events_per_trial
L32_q0005_q1020_t005,attack,2026083016,32,0.05,0.2,0.2,0.05,1,100000,731,0.00731,L_independent_error_events_per_trial
L32_q0005_q1020_t005,honest,2026083017,32,0.05,0.2,0.05,0.05,1,100000,51943,0.51943,L_independent_error_events_per_trial
L32_q0005_q1020_t005,attack,2026083017,32,0.05,0.2,0.2,0.05,1,100000,689,0.00689,L_independent_error_events_per_trial
L32_q0005_q1020_t005,honest,2026083018,32,0.05,0.2,0.05,0.05,1,100000,52209,0.52209,L_independent_error_events_per_trial
L32_q0005_q1020_t005,attack,2026083018,32,0.05,0.2,0.2,0.05,1,100000,708,0.00708,L_independent_error_events_per_trial
L32_q0005_q1020_t005,honest,2026083019,32,0.05,0.2,0.05,0.05,1,100000,52129,0.52129,L_independent_error_events_per_trial
L32_q0005_q1020_t005,attack,2026083019,32,0.05,0.2,0.2,0.05,1,100000,719,0.00719,L_independent_error_events_per_trial
L32_q0005_q1020_t005,honest,2026083020,32,0.05,0.2,0.05,0.05,1,100000,52079,0.52079,L_independent_error_events_per_trial
L32_q0005_q1020_t005,attack,2026083020,32,0.05,0.2,0.2,0.05,1,100000,710,0.0071,L_independent_error_events_per_trial
L32_q0005_q1020_t005,honest,2026083021,32,0.05,0.2,0.05,0.05,1,100000,52122,0.52122,L_independent_error_events_per_trial
L32_q0005_q1020_t005,attack,2026083021,32,0.05,0.2,0.2,0.05,1,100000,685,0.00685,L_independent_error_events_per_trial
L32_q0005_q1020_t005,honest,2026083022,32,0.05,0.2,0.05,0.05,1,100000,52189,0.52189,L_independent_error_events_per_trial
L32_q0005_q1020_t005,attack,2026083022,32,0.05,0.2,0.2,0.05,1,100000,748,0.00748,L_independent_error_events_per_trial
L32_q0005_q1020_t005,honest,2026083023,32,0.05,0.2,0.05,0.05,1,100000,51877,0.51877,L_independent_error_events_per_trial
L32_q0005_q1020_t005,attack,2026083023,32,0.05,0.2,0.2,0.05,1,100000,742,0.00742,L_independent_error_events_per_trial
L32_q0005_q1020_t005,honest,2026083024,32,0.05,0.2,0.05,0.05,1,100000,51628,0.51628,L_independent_error_events_per_trial
L32_q0005_q1020_t005,attack,2026083024,32,0.05,0.2,0.2,0.05,1,100000,713,0.00713,L_independent_error_events_per_trial
L32_q0005_q1020_t005,honest,2026083025,32,0.05,0.2,0.05,0.05,1,100000,52034,0.52034,L_independent_error_events_per_trial
L32_q0005_q1020_t005,attack,2026083025,32,0.05,0.2,0.2,0.05,1,100000,690,0.0069,L_independent_error_events_per_trial
L32_q0005_q1020_t005,honest,2026083026,32,0.05,0.2,0.05,0.05,1,100000,51981,0.51981,L_independent_error_events_per_trial
L32_q0005_q1020_t005,attack,2026083026,32,0.05,0.2,0.2,0.05,1,100000,719,0.00719,L_independent_error_events_per_trial
L32_q0005_q1020_t005,honest,2026083027,32,0.05,0.2,0.05,0.05,1,100000,52174,0.52174,L_independent_error_events_per_trial
L32_q0005_q1020_t005,attack,2026083027,32,0.05,0.2,0.2,0.05,1,100000,727,0.00727,L_independent_error_events_per_trial
L32_q0005_q1020_t005,honest,2026083028,32,0.05,0.2,0.05,0.05,1,100000,52135,0.52135,L_independent_error_events_per_trial
L32_q0005_q1020_t005,attack,2026083028,32,0.05,0.2,0.2,0.05,1,100000,693,0.00693,L_independent_error_events_per_trial
L32_q0005_q1020_t005,honest,2026083029,32,0.05,0.2,0.05,0.05,1,100000,52051,0.52051,L_independent_error_events_per_trial
L32_q0005_q1020_t005,attack,2026083029,32,0.05,0.2,0.2,0.05,1,100000,708,0.00708,L_independent_error_events_per_trial
L32_q0005_q1020_t005,honest,2026083030,32,0.05,0.2,0.05,0.05,1,100000,52205,0.52205,L_independent_error_events_per_trial
L32_q0005_q1020_t005,attack,2026083030,32,0.05,0.2,0.2,0.05,1,100000,747,0.00747,L_independent_error_events_per_trial
L32_q0005_q1020_t010,honest,2026083001,32,0.05,0.2,0.05,0.1,3,100000,92565,0.92565,L_independent_error_events_per_trial
L32_q0005_q1020_t010,attack,2026083001,32,0.05,0.2,0.2,0.1,3,100000,9304,0.09304,L_independent_error_events_per_trial
L32_q0005_q1020_t010,honest,2026083002,32,0.05,0.2,0.05,0.1,3,100000,92610,0.9261,L_independent_error_events_per_trial
L32_q0005_q1020_t010,attack,2026083002,32,0.05,0.2,0.2,0.1,3,100000,9203,0.09203,L_independent_error_events_per_trial
L32_q0005_q1020_t010,honest,2026083003,32,0.05,0.2,0.05,0.1,3,100000,92601,0.92601,L_independent_error_events_per_trial
L32_q0005_q1020_t010,attack,2026083003,32,0.05,0.2,0.2,0.1,3,100000,9189,0.09189,L_independent_error_events_per_trial
L32_q0005_q1020_t010,honest,2026083004,32,0.05,0.2,0.05,0.1,3,100000,92596,0.92596,L_independent_error_events_per_trial
L32_q0005_q1020_t010,attack,2026083004,32,0.05,0.2,0.2,0.1,3,100000,9224,0.09224,L_independent_error_events_per_trial
L32_q0005_q1020_t010,honest,2026083005,32,0.05,0.2,0.05,0.1,3,100000,92786,0.92786,L_independent_error_events_per_trial
L32_q0005_q1020_t010,attack,2026083005,32,0.05,0.2,0.2,0.1,3,100000,9361,0.09361,L_independent_error_events_per_trial
L32_q0005_q1020_t010,honest,2026083006,32,0.05,0.2,0.05,0.1,3,100000,92649,0.92649,L_independent_error_events_per_trial
L32_q0005_q1020_t010,attack,2026083006,32,0.05,0.2,0.2,0.1,3,100000,9322,0.09322,L_independent_error_events_per_trial
L32_q0005_q1020_t010,honest,2026083007,32,0.05,0.2,0.05,0.1,3,100000,92655,0.92655,L_independent_error_events_per_trial
L32_q0005_q1020_t010,attack,2026083007,32,0.05,0.2,0.2,0.1,3,100000,9318,0.09318,L_independent_error_events_per_trial
L32_q0005_q1020_t010,honest,2026083008,32,0.05,0.2,0.05,0.1,3,100000,92724,0.92724,L_independent_error_events_per_trial
L32_q0005_q1020_t010,attack,2026083008,32,0.05,0.2,0.2,0.1,3,100000,9335,0.09335,L_independent_error_events_per_trial
L32_q0005_q1020_t010,honest,2026083009,32,0.05,0.2,0.05,0.1,3,100000,92592,0.92592,L_independent_error_events_per_trial
L32_q0005_q1020_t010,attack,2026083009,32,0.05,0.2,0.2,0.1,3,100000,9456,0.09456,L_independent_error_events_per_trial
L32_q0005_q1020_t010,honest,2026083010,32,0.05,0.2,0.05,0.1,3,100000,92677,0.92677,L_independent_error_events_per_trial
L32_q0005_q1020_t010,attack,2026083010,32,0.05,0.2,0.2,0.1,3,100000,9246,0.09246,L_independent_error_events_per_trial
L32_q0005_q1020_t010,honest,2026083011,32,0.05,0.2,0.05,0.1,3,100000,92442,0.92442,L_independent_error_events_per_trial
L32_q0005_q1020_t010,attack,2026083011,32,0.05,0.2,0.2,0.1,3,100000,9239,0.09239,L_independent_error_events_per_trial
L32_q0005_q1020_t010,honest,2026083012,32,0.05,0.2,0.05,0.1,3,100000,92594,0.92594,L_independent_error_events_per_trial
L32_q0005_q1020_t010,attack,2026083012,32,0.05,0.2,0.2,0.1,3,100000,9240,0.0924,L_independent_error_events_per_trial
L32_q0005_q1020_t010,honest,2026083013,32,0.05,0.2,0.05,0.1,3,100000,92769,0.92769,L_independent_error_events_per_trial
L32_q0005_q1020_t010,attack,2026083013,32,0.05,0.2,0.2,0.1,3,100000,9396,0.09396,L_independent_error_events_per_trial
L32_q0005_q1020_t010,honest,2026083014,32,0.05,0.2,0.05,0.1,3,100000,92634,0.92634,L_independent_error_events_per_trial
L32_q0005_q1020_t010,attack,2026083014,32,0.05,0.2,0.2,0.1,3,100000,9399,0.09399,L_independent_error_events_per_trial
L32_q0005_q1020_t010,honest,2026083015,32,0.05,0.2,0.05,0.1,3,100000,92611,0.92611,L_independent_error_events_per_trial
L32_q0005_q1020_t010,attack,2026083015,32,0.05,0.2,0.2,0.1,3,100000,9514,0.09514,L_independent_error_events_per_trial
L32_q0005_q1020_t010,honest,2026083016,32,0.05,0.2,0.05,0.1,3,100000,92636,0.92636,L_independent_error_events_per_trial
L32_q0005_q1020_t010,attack,2026083016,32,0.05,0.2,0.2,0.1,3,100000,9281,0.09281,L_independent_error_events_per_trial
L32_q0005_q1020_t010,honest,2026083017,32,0.05,0.2,0.05,0.1,3,100000,92620,0.9262,L_independent_error_events_per_trial
L32_q0005_q1020_t010,attack,2026083017,32,0.05,0.2,0.2,0.1,3,100000,9414,0.09414,L_independent_error_events_per_trial
L32_q0005_q1020_t010,honest,2026083018,32,0.05,0.2,0.05,0.1,3,100000,92616,0.92616,L_independent_error_events_per_trial
L32_q0005_q1020_t010,attack,2026083018,32,0.05,0.2,0.2,0.1,3,100000,9380,0.0938,L_independent_error_events_per_trial
L32_q0005_q1020_t010,honest,2026083019,32,0.05,0.2,0.05,0.1,3,100000,92530,0.9253,L_independent_error_events_per_trial
L32_q0005_q1020_t010,attack,2026083019,32,0.05,0.2,0.2,0.1,3,100000,9354,0.09354,L_independent_error_events_per_trial
L32_q0005_q1020_t010,honest,2026083020,32,0.05,0.2,0.05,0.1,3,100000,92605,0.92605,L_independent_error_events_per_trial
L32_q0005_q1020_t010,attack,2026083020,32,0.05,0.2,0.2,0.1,3,100000,9346,0.09346,L_independent_error_events_per_trial
L32_q0005_q1020_t010,honest,2026083021,32,0.05,0.2,0.05,0.1,3,100000,92763,0.92763,L_independent_error_events_per_trial
L32_q0005_q1020_t010,attack,2026083021,32,0.05,0.2,0.2,0.1,3,100000,9236,0.09236,L_independent_error_events_per_trial
L32_q0005_q1020_t010,honest,2026083022,32,0.05,0.2,0.05,0.1,3,100000,92749,0.92749,L_independent_error_events_per_trial
L32_q0005_q1020_t010,attack,2026083022,32,0.05,0.2,0.2,0.1,3,100000,9320,0.0932,L_independent_error_events_per_trial
L32_q0005_q1020_t010,honest,2026083023,32,0.05,0.2,0.05,0.1,3,100000,92657,0.92657,L_independent_error_events_per_trial
L32_q0005_q1020_t010,attack,2026083023,32,0.05,0.2,0.2,0.1,3,100000,9281,0.09281,L_independent_error_events_per_trial
L32_q0005_q1020_t010,honest,2026083024,32,0.05,0.2,0.05,0.1,3,100000,92545,0.92545,L_independent_error_events_per_trial
L32_q0005_q1020_t010,attack,2026083024,32,0.05,0.2,0.2,0.1,3,100000,9256,0.09256,L_independent_error_events_per_trial
L32_q0005_q1020_t010,honest,2026083025,32,0.05,0.2,0.05,0.1,3,100000,92571,0.92571,L_independent_error_events_per_trial
L32_q0005_q1020_t010,attack,2026083025,32,0.05,0.2,0.2,0.1,3,100000,9235,0.09235,L_independent_error_events_per_trial
L32_q0005_q1020_t010,honest,2026083026,32,0.05,0.2,0.05,0.1,3,100000,92640,0.9264,L_independent_error_events_per_trial
L32_q0005_q1020_t010,attack,2026083026,32,0.05,0.2,0.2,0.1,3,100000,9442,0.09442,L_independent_error_events_per_trial
L32_q0005_q1020_t010,honest,2026083027,32,0.05,0.2,0.05,0.1,3,100000,92733,0.92733,L_independent_error_events_per_trial
L32_q0005_q1020_t010,attack,2026083027,32,0.05,0.2,0.2,0.1,3,100000,9336,0.09336,L_independent_error_events_per_trial
L32_q0005_q1020_t010,honest,2026083028,32,0.05,0.2,0.05,0.1,3,100000,92820,0.9282,L_independent_error_events_per_trial
L32_q0005_q1020_t010,attack,2026083028,32,0.05,0.2,0.2,0.1,3,100000,9268,0.09268,L_independent_error_events_per_trial
L32_q0005_q1020_t010,honest,2026083029,32,0.05,0.2,0.05,0.1,3,100000,92626,0.92626,L_independent_error_events_per_trial
L32_q0005_q1020_t010,attack,2026083029,32,0.05,0.2,0.2,0.1,3,100000,9291,0.09291,L_independent_error_events_per_trial
L32_q0005_q1020_t010,honest,2026083030,32,0.05,0.2,0.05,0.1,3,100000,92531,0.92531,L_independent_error_events_per_trial
L32_q0005_q1020_t010,attack,2026083030,32,0.05,0.2,0.2,0.1,3,100000,9387,0.09387,L_independent_error_events_per_trial
L32_q0005_q1020_t015,honest,2026083001,32,0.05,0.2,0.05,0.15,4,100000,97922,0.97922,L_independent_error_events_per_trial
L32_q0005_q1020_t015,attack,2026083001,32,0.05,0.2,0.2,0.15,4,100000,20382,0.20382,L_independent_error_events_per_trial
L32_q0005_q1020_t015,honest,2026083002,32,0.05,0.2,0.05,0.15,4,100000,97983,0.97983,L_independent_error_events_per_trial
L32_q0005_q1020_t015,attack,2026083002,32,0.05,0.2,0.2,0.15,4,100000,20383,0.20383,L_independent_error_events_per_trial
L32_q0005_q1020_t015,honest,2026083003,32,0.05,0.2,0.05,0.15,4,100000,97971,0.97971,L_independent_error_events_per_trial
L32_q0005_q1020_t015,attack,2026083003,32,0.05,0.2,0.2,0.15,4,100000,20548,0.20548,L_independent_error_events_per_trial
L32_q0005_q1020_t015,honest,2026083004,32,0.05,0.2,0.05,0.15,4,100000,97949,0.97949,L_independent_error_events_per_trial
L32_q0005_q1020_t015,attack,2026083004,32,0.05,0.2,0.2,0.15,4,100000,20357,0.20357,L_independent_error_events_per_trial
L32_q0005_q1020_t015,honest,2026083005,32,0.05,0.2,0.05,0.15,4,100000,98035,0.98035,L_independent_error_events_per_trial
L32_q0005_q1020_t015,attack,2026083005,32,0.05,0.2,0.2,0.15,4,100000,20560,0.2056,L_independent_error_events_per_trial
L32_q0005_q1020_t015,honest,2026083006,32,0.05,0.2,0.05,0.15,4,100000,98009,0.98009,L_independent_error_events_per_trial
L32_q0005_q1020_t015,attack,2026083006,32,0.05,0.2,0.2,0.15,4,100000,20365,0.20365,L_independent_error_events_per_trial
L32_q0005_q1020_t015,honest,2026083007,32,0.05,0.2,0.05,0.15,4,100000,97997,0.97997,L_independent_error_events_per_trial
L32_q0005_q1020_t015,attack,2026083007,32,0.05,0.2,0.2,0.15,4,100000,20573,0.20573,L_independent_error_events_per_trial
L32_q0005_q1020_t015,honest,2026083008,32,0.05,0.2,0.05,0.15,4,100000,98050,0.9805,L_independent_error_events_per_trial
L32_q0005_q1020_t015,attack,2026083008,32,0.05,0.2,0.2,0.15,4,100000,20495,0.20495,L_independent_error_events_per_trial
L32_q0005_q1020_t015,honest,2026083009,32,0.05,0.2,0.05,0.15,4,100000,97917,0.97917,L_independent_error_events_per_trial
L32_q0005_q1020_t015,attack,2026083009,32,0.05,0.2,0.2,0.15,4,100000,20508,0.20508,L_independent_error_events_per_trial
L32_q0005_q1020_t015,honest,2026083010,32,0.05,0.2,0.05,0.15,4,100000,97969,0.97969,L_independent_error_events_per_trial
L32_q0005_q1020_t015,attack,2026083010,32,0.05,0.2,0.2,0.15,4,100000,20316,0.20316,L_independent_error_events_per_trial
L32_q0005_q1020_t015,honest,2026083011,32,0.05,0.2,0.05,0.15,4,100000,97928,0.97928,L_independent_error_events_per_trial
L32_q0005_q1020_t015,attack,2026083011,32,0.05,0.2,0.2,0.15,4,100000,20452,0.20452,L_independent_error_events_per_trial
L32_q0005_q1020_t015,honest,2026083012,32,0.05,0.2,0.05,0.15,4,100000,97999,0.97999,L_independent_error_events_per_trial
L32_q0005_q1020_t015,attack,2026083012,32,0.05,0.2,0.2,0.15,4,100000,20386,0.20386,L_independent_error_events_per_trial
L32_q0005_q1020_t015,honest,2026083013,32,0.05,0.2,0.05,0.15,4,100000,98041,0.98041,L_independent_error_events_per_trial
L32_q0005_q1020_t015,attack,2026083013,32,0.05,0.2,0.2,0.15,4,100000,20650,0.2065,L_independent_error_events_per_trial
L32_q0005_q1020_t015,honest,2026083014,32,0.05,0.2,0.05,0.15,4,100000,98035,0.98035,L_independent_error_events_per_trial
L32_q0005_q1020_t015,attack,2026083014,32,0.05,0.2,0.2,0.15,4,100000,20702,0.20702,L_independent_error_events_per_trial
L32_q0005_q1020_t015,honest,2026083015,32,0.05,0.2,0.05,0.15,4,100000,97978,0.97978,L_independent_error_events_per_trial
L32_q0005_q1020_t015,attack,2026083015,32,0.05,0.2,0.2,0.15,4,100000,20435,0.20435,L_independent_error_events_per_trial
L32_q0005_q1020_t015,honest,2026083016,32,0.05,0.2,0.05,0.15,4,100000,97919,0.97919,L_independent_error_events_per_trial
L32_q0005_q1020_t015,attack,2026083016,32,0.05,0.2,0.2,0.15,4,100000,20433,0.20433,L_independent_error_events_per_trial
L32_q0005_q1020_t015,honest,2026083017,32,0.05,0.2,0.05,0.15,4,100000,97970,0.9797,L_independent_error_events_per_trial
L32_q0005_q1020_t015,attack,2026083017,32,0.05,0.2,0.2,0.15,4,100000,20488,0.20488,L_independent_error_events_per_trial
L32_q0005_q1020_t015,honest,2026083018,32,0.05,0.2,0.05,0.15,4,100000,98048,0.98048,L_independent_error_events_per_trial
L32_q0005_q1020_t015,attack,2026083018,32,0.05,0.2,0.2,0.15,4,100000,20500,0.205,L_independent_error_events_per_trial
L32_q0005_q1020_t015,honest,2026083019,32,0.05,0.2,0.05,0.15,4,100000,97979,0.97979,L_independent_error_events_per_trial
L32_q0005_q1020_t015,attack,2026083019,32,0.05,0.2,0.2,0.15,4,100000,20231,0.20231,L_independent_error_events_per_trial
L32_q0005_q1020_t015,honest,2026083020,32,0.05,0.2,0.05,0.15,4,100000,97999,0.97999,L_independent_error_events_per_trial
L32_q0005_q1020_t015,attack,2026083020,32,0.05,0.2,0.2,0.15,4,100000,20495,0.20495,L_independent_error_events_per_trial
L32_q0005_q1020_t015,honest,2026083021,32,0.05,0.2,0.05,0.15,4,100000,98043,0.98043,L_independent_error_events_per_trial
L32_q0005_q1020_t015,attack,2026083021,32,0.05,0.2,0.2,0.15,4,100000,20283,0.20283,L_independent_error_events_per_trial
L32_q0005_q1020_t015,honest,2026083022,32,0.05,0.2,0.05,0.15,4,100000,97975,0.97975,L_independent_error_events_per_trial
L32_q0005_q1020_t015,attack,2026083022,32,0.05,0.2,0.2,0.15,4,100000,20360,0.2036,L_independent_error_events_per_trial
L32_q0005_q1020_t015,honest,2026083023,32,0.05,0.2,0.05,0.15,4,100000,97989,0.97989,L_independent_error_events_per_trial
L32_q0005_q1020_t015,attack,2026083023,32,0.05,0.2,0.2,0.15,4,100000,20557,0.20557,L_independent_error_events_per_trial
L32_q0005_q1020_t015,honest,2026083024,32,0.05,0.2,0.05,0.15,4,100000,97964,0.97964,L_independent_error_events_per_trial
L32_q0005_q1020_t015,attack,2026083024,32,0.05,0.2,0.2,0.15,4,100000,20484,0.20484,L_independent_error_events_per_trial
L32_q0005_q1020_t015,honest,2026083025,32,0.05,0.2,0.05,0.15,4,100000,97954,0.97954,L_independent_error_events_per_trial
L32_q0005_q1020_t015,attack,2026083025,32,0.05,0.2,0.2,0.15,4,100000,20497,0.20497,L_independent_error_events_per_trial
L32_q0005_q1020_t015,honest,2026083026,32,0.05,0.2,0.05,0.15,4,100000,98019,0.98019,L_independent_error_events_per_trial
L32_q0005_q1020_t015,attack,2026083026,32,0.05,0.2,0.2,0.15,4,100000,20562,0.20562,L_independent_error_events_per_trial
L32_q0005_q1020_t015,honest,2026083027,32,0.05,0.2,0.05,0.15,4,100000,97992,0.97992,L_independent_error_events_per_trial
L32_q0005_q1020_t015,attack,2026083027,32,0.05,0.2,0.2,0.15,4,100000,20551,0.20551,L_independent_error_events_per_trial
L32_q0005_q1020_t015,honest,2026083028,32,0.05,0.2,0.05,0.15,4,100000,97998,0.97998,L_independent_error_events_per_trial
L32_q0005_q1020_t015,attack,2026083028,32,0.05,0.2,0.2,0.15,4,100000,20290,0.2029,L_independent_error_events_per_trial
L32_q0005_q1020_t015,honest,2026083029,32,0.05,0.2,0.05,0.15,4,100000,97981,0.97981,L_independent_error_events_per_trial
L32_q0005_q1020_t015,attack,2026083029,32,0.05,0.2,0.2,0.15,4,100000,20489,0.20489,L_independent_error_events_per_trial
L32_q0005_q1020_t015,honest,2026083030,32,0.05,0.2,0.05,0.15,4,100000,97937,0.97937,L_independent_error_events_per_trial
L32_q0005_q1020_t015,attack,2026083030,32,0.05,0.2,0.2,0.15,4,100000,20471,0.20471,L_independent_error_events_per_trial
L64_q0000_q1020_t005,honest,2026083001,64,0.0,0.2,0.0,0.05,3,100000,100000,1.0,L_independent_error_events_per_trial
L64_q0000_q1020_t005,attack,2026083001,64,0.0,0.2,0.2,0.05,3,100000,36,0.00036,L_independent_error_events_per_trial
L64_q0000_q1020_t005,honest,2026083002,64,0.0,0.2,0.0,0.05,3,100000,100000,1.0,L_independent_error_events_per_trial
L64_q0000_q1020_t005,attack,2026083002,64,0.0,0.2,0.2,0.05,3,100000,44,0.00044,L_independent_error_events_per_trial
L64_q0000_q1020_t005,honest,2026083003,64,0.0,0.2,0.0,0.05,3,100000,100000,1.0,L_independent_error_events_per_trial
L64_q0000_q1020_t005,attack,2026083003,64,0.0,0.2,0.2,0.05,3,100000,56,0.00056,L_independent_error_events_per_trial
L64_q0000_q1020_t005,honest,2026083004,64,0.0,0.2,0.0,0.05,3,100000,100000,1.0,L_independent_error_events_per_trial
L64_q0000_q1020_t005,attack,2026083004,64,0.0,0.2,0.2,0.05,3,100000,54,0.00054,L_independent_error_events_per_trial
L64_q0000_q1020_t005,honest,2026083005,64,0.0,0.2,0.0,0.05,3,100000,100000,1.0,L_independent_error_events_per_trial
L64_q0000_q1020_t005,attack,2026083005,64,0.0,0.2,0.2,0.05,3,100000,42,0.00042,L_independent_error_events_per_trial
L64_q0000_q1020_t005,honest,2026083006,64,0.0,0.2,0.0,0.05,3,100000,100000,1.0,L_independent_error_events_per_trial
L64_q0000_q1020_t005,attack,2026083006,64,0.0,0.2,0.2,0.05,3,100000,47,0.00047,L_independent_error_events_per_trial
L64_q0000_q1020_t005,honest,2026083007,64,0.0,0.2,0.0,0.05,3,100000,100000,1.0,L_independent_error_events_per_trial
L64_q0000_q1020_t005,attack,2026083007,64,0.0,0.2,0.2,0.05,3,100000,52,0.00052,L_independent_error_events_per_trial
L64_q0000_q1020_t005,honest,2026083008,64,0.0,0.2,0.0,0.05,3,100000,100000,1.0,L_independent_error_events_per_trial
L64_q0000_q1020_t005,attack,2026083008,64,0.0,0.2,0.2,0.05,3,100000,49,0.00049,L_independent_error_events_per_trial
L64_q0000_q1020_t005,honest,2026083009,64,0.0,0.2,0.0,0.05,3,100000,100000,1.0,L_independent_error_events_per_trial
L64_q0000_q1020_t005,attack,2026083009,64,0.0,0.2,0.2,0.05,3,100000,60,0.0006,L_independent_error_events_per_trial
L64_q0000_q1020_t005,honest,2026083010,64,0.0,0.2,0.0,0.05,3,100000,100000,1.0,L_independent_error_events_per_trial
L64_q0000_q1020_t005,attack,2026083010,64,0.0,0.2,0.2,0.05,3,100000,60,0.0006,L_independent_error_events_per_trial
L64_q0000_q1020_t005,honest,2026083011,64,0.0,0.2,0.0,0.05,3,100000,100000,1.0,L_independent_error_events_per_trial
L64_q0000_q1020_t005,attack,2026083011,64,0.0,0.2,0.2,0.05,3,100000,57,0.00057,L_independent_error_events_per_trial
L64_q0000_q1020_t005,honest,2026083012,64,0.0,0.2,0.0,0.05,3,100000,100000,1.0,L_independent_error_events_per_trial
L64_q0000_q1020_t005,attack,2026083012,64,0.0,0.2,0.2,0.05,3,100000,54,0.00054,L_independent_error_events_per_trial
L64_q0000_q1020_t005,honest,2026083013,64,0.0,0.2,0.0,0.05,3,100000,100000,1.0,L_independent_error_events_per_trial
L64_q0000_q1020_t005,attack,2026083013,64,0.0,0.2,0.2,0.05,3,100000,39,0.00039,L_independent_error_events_per_trial
L64_q0000_q1020_t005,honest,2026083014,64,0.0,0.2,0.0,0.05,3,100000,100000,1.0,L_independent_error_events_per_trial
L64_q0000_q1020_t005,attack,2026083014,64,0.0,0.2,0.2,0.05,3,100000,53,0.00053,L_independent_error_events_per_trial
L64_q0000_q1020_t005,honest,2026083015,64,0.0,0.2,0.0,0.05,3,100000,100000,1.0,L_independent_error_events_per_trial
L64_q0000_q1020_t005,attack,2026083015,64,0.0,0.2,0.2,0.05,3,100000,54,0.00054,L_independent_error_events_per_trial
L64_q0000_q1020_t005,honest,2026083016,64,0.0,0.2,0.0,0.05,3,100000,100000,1.0,L_independent_error_events_per_trial
L64_q0000_q1020_t005,attack,2026083016,64,0.0,0.2,0.2,0.05,3,100000,41,0.00041,L_independent_error_events_per_trial
L64_q0000_q1020_t005,honest,2026083017,64,0.0,0.2,0.0,0.05,3,100000,100000,1.0,L_independent_error_events_per_trial
L64_q0000_q1020_t005,attack,2026083017,64,0.0,0.2,0.2,0.05,3,100000,60,0.0006,L_independent_error_events_per_trial
L64_q0000_q1020_t005,honest,2026083018,64,0.0,0.2,0.0,0.05,3,100000,100000,1.0,L_independent_error_events_per_trial
L64_q0000_q1020_t005,attack,2026083018,64,0.0,0.2,0.2,0.05,3,100000,49,0.00049,L_independent_error_events_per_trial
L64_q0000_q1020_t005,honest,2026083019,64,0.0,0.2,0.0,0.05,3,100000,100000,1.0,L_independent_error_events_per_trial
L64_q0000_q1020_t005,attack,2026083019,64,0.0,0.2,0.2,0.05,3,100000,46,0.00046,L_independent_error_events_per_trial
L64_q0000_q1020_t005,honest,2026083020,64,0.0,0.2,0.0,0.05,3,100000,100000,1.0,L_independent_error_events_per_trial
L64_q0000_q1020_t005,attack,2026083020,64,0.0,0.2,0.2,0.05,3,100000,53,0.00053,L_independent_error_events_per_trial
L64_q0000_q1020_t005,honest,2026083021,64,0.0,0.2,0.0,0.05,3,100000,100000,1.0,L_independent_error_events_per_trial
L64_q0000_q1020_t005,attack,2026083021,64,0.0,0.2,0.2,0.05,3,100000,47,0.00047,L_independent_error_events_per_trial
L64_q0000_q1020_t005,honest,2026083022,64,0.0,0.2,0.0,0.05,3,100000,100000,1.0,L_independent_error_events_per_trial
L64_q0000_q1020_t005,attack,2026083022,64,0.0,0.2,0.2,0.05,3,100000,49,0.00049,L_independent_error_events_per_trial
L64_q0000_q1020_t005,honest,2026083023,64,0.0,0.2,0.0,0.05,3,100000,100000,1.0,L_independent_error_events_per_trial
L64_q0000_q1020_t005,attack,2026083023,64,0.0,0.2,0.2,0.05,3,100000,49,0.00049,L_independent_error_events_per_trial
L64_q0000_q1020_t005,honest,2026083024,64,0.0,0.2,0.0,0.05,3,100000,100000,1.0,L_independent_error_events_per_trial
L64_q0000_q1020_t005,attack,2026083024,64,0.0,0.2,0.2,0.05,3,100000,47,0.00047,L_independent_error_events_per_trial
L64_q0000_q1020_t005,honest,2026083025,64,0.0,0.2,0.0,0.05,3,100000,100000,1.0,L_independent_error_events_per_trial
L64_q0000_q1020_t005,attack,2026083025,64,0.0,0.2,0.2,0.05,3,100000,55,0.00055,L_independent_error_events_per_trial
L64_q0000_q1020_t005,honest,2026083026,64,0.0,0.2,0.0,0.05,3,100000,100000,1.0,L_independent_error_events_per_trial
L64_q0000_q1020_t005,attack,2026083026,64,0.0,0.2,0.2,0.05,3,100000,48,0.00048,L_independent_error_events_per_trial
L64_q0000_q1020_t005,honest,2026083027,64,0.0,0.2,0.0,0.05,3,100000,100000,1.0,L_independent_error_events_per_trial
L64_q0000_q1020_t005,attack,2026083027,64,0.0,0.2,0.2,0.05,3,100000,47,0.00047,L_independent_error_events_per_trial
L64_q0000_q1020_t005,honest,2026083028,64,0.0,0.2,0.0,0.05,3,100000,100000,1.0,L_independent_error_events_per_trial
L64_q0000_q1020_t005,attack,2026083028,64,0.0,0.2,0.2,0.05,3,100000,46,0.00046,L_independent_error_events_per_trial
L64_q0000_q1020_t005,honest,2026083029,64,0.0,0.2,0.0,0.05,3,100000,100000,1.0,L_independent_error_events_per_trial
L64_q0000_q1020_t005,attack,2026083029,64,0.0,0.2,0.2,0.05,3,100000,51,0.00051,L_independent_error_events_per_trial
L64_q0000_q1020_t005,honest,2026083030,64,0.0,0.2,0.0,0.05,3,100000,100000,1.0,L_independent_error_events_per_trial
L64_q0000_q1020_t005,attack,2026083030,64,0.0,0.2,0.2,0.05,3,100000,51,0.00051,L_independent_error_events_per_trial
L64_q0000_q1020_t010,honest,2026083001,64,0.0,0.2,0.0,0.1,6,100000,100000,1.0,L_independent_error_events_per_trial
L64_q0000_q1020_t010,attack,2026083001,64,0.0,0.2,0.2,0.1,6,100000,1865,0.01865,L_independent_error_events_per_trial
L64_q0000_q1020_t010,honest,2026083002,64,0.0,0.2,0.0,0.1,6,100000,100000,1.0,L_independent_error_events_per_trial
L64_q0000_q1020_t010,attack,2026083002,64,0.0,0.2,0.2,0.1,6,100000,1819,0.01819,L_independent_error_events_per_trial
L64_q0000_q1020_t010,honest,2026083003,64,0.0,0.2,0.0,0.1,6,100000,100000,1.0,L_independent_error_events_per_trial
L64_q0000_q1020_t010,attack,2026083003,64,0.0,0.2,0.2,0.1,6,100000,1820,0.0182,L_independent_error_events_per_trial
L64_q0000_q1020_t010,honest,2026083004,64,0.0,0.2,0.0,0.1,6,100000,100000,1.0,L_independent_error_events_per_trial
L64_q0000_q1020_t010,attack,2026083004,64,0.0,0.2,0.2,0.1,6,100000,1820,0.0182,L_independent_error_events_per_trial
L64_q0000_q1020_t010,honest,2026083005,64,0.0,0.2,0.0,0.1,6,100000,100000,1.0,L_independent_error_events_per_trial
L64_q0000_q1020_t010,attack,2026083005,64,0.0,0.2,0.2,0.1,6,100000,1773,0.01773,L_independent_error_events_per_trial
L64_q0000_q1020_t010,honest,2026083006,64,0.0,0.2,0.0,0.1,6,100000,100000,1.0,L_independent_error_events_per_trial
L64_q0000_q1020_t010,attack,2026083006,64,0.0,0.2,0.2,0.1,6,100000,1786,0.01786,L_independent_error_events_per_trial
L64_q0000_q1020_t010,honest,2026083007,64,0.0,0.2,0.0,0.1,6,100000,100000,1.0,L_independent_error_events_per_trial
L64_q0000_q1020_t010,attack,2026083007,64,0.0,0.2,0.2,0.1,6,100000,1765,0.01765,L_independent_error_events_per_trial
L64_q0000_q1020_t010,honest,2026083008,64,0.0,0.2,0.0,0.1,6,100000,100000,1.0,L_independent_error_events_per_trial
L64_q0000_q1020_t010,attack,2026083008,64,0.0,0.2,0.2,0.1,6,100000,1768,0.01768,L_independent_error_events_per_trial
L64_q0000_q1020_t010,honest,2026083009,64,0.0,0.2,0.0,0.1,6,100000,100000,1.0,L_independent_error_events_per_trial
L64_q0000_q1020_t010,attack,2026083009,64,0.0,0.2,0.2,0.1,6,100000,1827,0.01827,L_independent_error_events_per_trial
L64_q0000_q1020_t010,honest,2026083010,64,0.0,0.2,0.0,0.1,6,100000,100000,1.0,L_independent_error_events_per_trial
L64_q0000_q1020_t010,attack,2026083010,64,0.0,0.2,0.2,0.1,6,100000,1763,0.01763,L_independent_error_events_per_trial
L64_q0000_q1020_t010,honest,2026083011,64,0.0,0.2,0.0,0.1,6,100000,100000,1.0,L_independent_error_events_per_trial
L64_q0000_q1020_t010,attack,2026083011,64,0.0,0.2,0.2,0.1,6,100000,1679,0.01679,L_independent_error_events_per_trial
L64_q0000_q1020_t010,honest,2026083012,64,0.0,0.2,0.0,0.1,6,100000,100000,1.0,L_independent_error_events_per_trial
L64_q0000_q1020_t010,attack,2026083012,64,0.0,0.2,0.2,0.1,6,100000,1813,0.01813,L_independent_error_events_per_trial
L64_q0000_q1020_t010,honest,2026083013,64,0.0,0.2,0.0,0.1,6,100000,100000,1.0,L_independent_error_events_per_trial
L64_q0000_q1020_t010,attack,2026083013,64,0.0,0.2,0.2,0.1,6,100000,1793,0.01793,L_independent_error_events_per_trial
L64_q0000_q1020_t010,honest,2026083014,64,0.0,0.2,0.0,0.1,6,100000,100000,1.0,L_independent_error_events_per_trial
L64_q0000_q1020_t010,attack,2026083014,64,0.0,0.2,0.2,0.1,6,100000,1807,0.01807,L_independent_error_events_per_trial
L64_q0000_q1020_t010,honest,2026083015,64,0.0,0.2,0.0,0.1,6,100000,100000,1.0,L_independent_error_events_per_trial
L64_q0000_q1020_t010,attack,2026083015,64,0.0,0.2,0.2,0.1,6,100000,1888,0.01888,L_independent_error_events_per_trial
L64_q0000_q1020_t010,honest,2026083016,64,0.0,0.2,0.0,0.1,6,100000,100000,1.0,L_independent_error_events_per_trial
L64_q0000_q1020_t010,attack,2026083016,64,0.0,0.2,0.2,0.1,6,100000,1876,0.01876,L_independent_error_events_per_trial
L64_q0000_q1020_t010,honest,2026083017,64,0.0,0.2,0.0,0.1,6,100000,100000,1.0,L_independent_error_events_per_trial
L64_q0000_q1020_t010,attack,2026083017,64,0.0,0.2,0.2,0.1,6,100000,1762,0.01762,L_independent_error_events_per_trial
L64_q0000_q1020_t010,honest,2026083018,64,0.0,0.2,0.0,0.1,6,100000,100000,1.0,L_independent_error_events_per_trial
L64_q0000_q1020_t010,attack,2026083018,64,0.0,0.2,0.2,0.1,6,100000,1823,0.01823,L_independent_error_events_per_trial
L64_q0000_q1020_t010,honest,2026083019,64,0.0,0.2,0.0,0.1,6,100000,100000,1.0,L_independent_error_events_per_trial
L64_q0000_q1020_t010,attack,2026083019,64,0.0,0.2,0.2,0.1,6,100000,1801,0.01801,L_independent_error_events_per_trial
L64_q0000_q1020_t010,honest,2026083020,64,0.0,0.2,0.0,0.1,6,100000,100000,1.0,L_independent_error_events_per_trial
L64_q0000_q1020_t010,attack,2026083020,64,0.0,0.2,0.2,0.1,6,100000,1824,0.01824,L_independent_error_events_per_trial
L64_q0000_q1020_t010,honest,2026083021,64,0.0,0.2,0.0,0.1,6,100000,100000,1.0,L_independent_error_events_per_trial
L64_q0000_q1020_t010,attack,2026083021,64,0.0,0.2,0.2,0.1,6,100000,1731,0.01731,L_independent_error_events_per_trial
L64_q0000_q1020_t010,honest,2026083022,64,0.0,0.2,0.0,0.1,6,100000,100000,1.0,L_independent_error_events_per_trial
L64_q0000_q1020_t010,attack,2026083022,64,0.0,0.2,0.2,0.1,6,100000,1840,0.0184,L_independent_error_events_per_trial
L64_q0000_q1020_t010,honest,2026083023,64,0.0,0.2,0.0,0.1,6,100000,100000,1.0,L_independent_error_events_per_trial
L64_q0000_q1020_t010,attack,2026083023,64,0.0,0.2,0.2,0.1,6,100000,1825,0.01825,L_independent_error_events_per_trial
L64_q0000_q1020_t010,honest,2026083024,64,0.0,0.2,0.0,0.1,6,100000,100000,1.0,L_independent_error_events_per_trial
L64_q0000_q1020_t010,attack,2026083024,64,0.0,0.2,0.2,0.1,6,100000,1709,0.01709,L_independent_error_events_per_trial
L64_q0000_q1020_t010,honest,2026083025,64,0.0,0.2,0.0,0.1,6,100000,100000,1.0,L_independent_error_events_per_trial
L64_q0000_q1020_t010,attack,2026083025,64,0.0,0.2,0.2,0.1,6,100000,1785,0.01785,L_independent_error_events_per_trial
L64_q0000_q1020_t010,honest,2026083026,64,0.0,0.2,0.0,0.1,6,100000,100000,1.0,L_independent_error_events_per_trial
L64_q0000_q1020_t010,attack,2026083026,64,0.0,0.2,0.2,0.1,6,100000,1909,0.01909,L_independent_error_events_per_trial
L64_q0000_q1020_t010,honest,2026083027,64,0.0,0.2,0.0,0.1,6,100000,100000,1.0,L_independent_error_events_per_trial
L64_q0000_q1020_t010,attack,2026083027,64,0.0,0.2,0.2,0.1,6,100000,1864,0.01864,L_independent_error_events_per_trial
L64_q0000_q1020_t010,honest,2026083028,64,0.0,0.2,0.0,0.1,6,100000,100000,1.0,L_independent_error_events_per_trial
L64_q0000_q1020_t010,attack,2026083028,64,0.0,0.2,0.2,0.1,6,100000,1821,0.01821,L_independent_error_events_per_trial
L64_q0000_q1020_t010,honest,2026083029,64,0.0,0.2,0.0,0.1,6,100000,100000,1.0,L_independent_error_events_per_trial
L64_q0000_q1020_t010,attack,2026083029,64,0.0,0.2,0.2,0.1,6,100000,1868,0.01868,L_independent_error_events_per_trial
L64_q0000_q1020_t010,honest,2026083030,64,0.0,0.2,0.0,0.1,6,100000,100000,1.0,L_independent_error_events_per_trial
L64_q0000_q1020_t010,attack,2026083030,64,0.0,0.2,0.2,0.1,6,100000,1771,0.01771,L_independent_error_events_per_trial
L64_q0000_q1020_t015,honest,2026083001,64,0.0,0.2,0.0,0.15,9,100000,100000,1.0,L_independent_error_events_per_trial
L64_q0000_q1020_t015,attack,2026083001,64,0.0,0.2,0.2,0.15,9,100000,14945,0.14945,L_independent_error_events_per_trial
L64_q0000_q1020_t015,honest,2026083002,64,0.0,0.2,0.0,0.15,9,100000,100000,1.0,L_independent_error_events_per_trial
L64_q0000_q1020_t015,attack,2026083002,64,0.0,0.2,0.2,0.15,9,100000,14980,0.1498,L_independent_error_events_per_trial
L64_q0000_q1020_t015,honest,2026083003,64,0.0,0.2,0.0,0.15,9,100000,100000,1.0,L_independent_error_events_per_trial
L64_q0000_q1020_t015,attack,2026083003,64,0.0,0.2,0.2,0.15,9,100000,14897,0.14897,L_independent_error_events_per_trial
L64_q0000_q1020_t015,honest,2026083004,64,0.0,0.2,0.0,0.15,9,100000,100000,1.0,L_independent_error_events_per_trial
L64_q0000_q1020_t015,attack,2026083004,64,0.0,0.2,0.2,0.15,9,100000,15050,0.1505,L_independent_error_events_per_trial
L64_q0000_q1020_t015,honest,2026083005,64,0.0,0.2,0.0,0.15,9,100000,100000,1.0,L_independent_error_events_per_trial
L64_q0000_q1020_t015,attack,2026083005,64,0.0,0.2,0.2,0.15,9,100000,15150,0.1515,L_independent_error_events_per_trial
L64_q0000_q1020_t015,honest,2026083006,64,0.0,0.2,0.0,0.15,9,100000,100000,1.0,L_independent_error_events_per_trial
L64_q0000_q1020_t015,attack,2026083006,64,0.0,0.2,0.2,0.15,9,100000,14863,0.14863,L_independent_error_events_per_trial
L64_q0000_q1020_t015,honest,2026083007,64,0.0,0.2,0.0,0.15,9,100000,100000,1.0,L_independent_error_events_per_trial
L64_q0000_q1020_t015,attack,2026083007,64,0.0,0.2,0.2,0.15,9,100000,14887,0.14887,L_independent_error_events_per_trial
L64_q0000_q1020_t015,honest,2026083008,64,0.0,0.2,0.0,0.15,9,100000,100000,1.0,L_independent_error_events_per_trial
L64_q0000_q1020_t015,attack,2026083008,64,0.0,0.2,0.2,0.15,9,100000,15009,0.15009,L_independent_error_events_per_trial
L64_q0000_q1020_t015,honest,2026083009,64,0.0,0.2,0.0,0.15,9,100000,100000,1.0,L_independent_error_events_per_trial
L64_q0000_q1020_t015,attack,2026083009,64,0.0,0.2,0.2,0.15,9,100000,15177,0.15177,L_independent_error_events_per_trial
L64_q0000_q1020_t015,honest,2026083010,64,0.0,0.2,0.0,0.15,9,100000,100000,1.0,L_independent_error_events_per_trial
L64_q0000_q1020_t015,attack,2026083010,64,0.0,0.2,0.2,0.15,9,100000,14797,0.14797,L_independent_error_events_per_trial
L64_q0000_q1020_t015,honest,2026083011,64,0.0,0.2,0.0,0.15,9,100000,100000,1.0,L_independent_error_events_per_trial
L64_q0000_q1020_t015,attack,2026083011,64,0.0,0.2,0.2,0.15,9,100000,14856,0.14856,L_independent_error_events_per_trial
L64_q0000_q1020_t015,honest,2026083012,64,0.0,0.2,0.0,0.15,9,100000,100000,1.0,L_independent_error_events_per_trial
L64_q0000_q1020_t015,attack,2026083012,64,0.0,0.2,0.2,0.15,9,100000,15026,0.15026,L_independent_error_events_per_trial
L64_q0000_q1020_t015,honest,2026083013,64,0.0,0.2,0.0,0.15,9,100000,100000,1.0,L_independent_error_events_per_trial
L64_q0000_q1020_t015,attack,2026083013,64,0.0,0.2,0.2,0.15,9,100000,14948,0.14948,L_independent_error_events_per_trial
L64_q0000_q1020_t015,honest,2026083014,64,0.0,0.2,0.0,0.15,9,100000,100000,1.0,L_independent_error_events_per_trial
L64_q0000_q1020_t015,attack,2026083014,64,0.0,0.2,0.2,0.15,9,100000,15154,0.15154,L_independent_error_events_per_trial
L64_q0000_q1020_t015,honest,2026083015,64,0.0,0.2,0.0,0.15,9,100000,100000,1.0,L_independent_error_events_per_trial
L64_q0000_q1020_t015,attack,2026083015,64,0.0,0.2,0.2,0.15,9,100000,15048,0.15048,L_independent_error_events_per_trial
L64_q0000_q1020_t015,honest,2026083016,64,0.0,0.2,0.0,0.15,9,100000,100000,1.0,L_independent_error_events_per_trial
L64_q0000_q1020_t015,attack,2026083016,64,0.0,0.2,0.2,0.15,9,100000,15021,0.15021,L_independent_error_events_per_trial
L64_q0000_q1020_t015,honest,2026083017,64,0.0,0.2,0.0,0.15,9,100000,100000,1.0,L_independent_error_events_per_trial
L64_q0000_q1020_t015,attack,2026083017,64,0.0,0.2,0.2,0.15,9,100000,14972,0.14972,L_independent_error_events_per_trial
L64_q0000_q1020_t015,honest,2026083018,64,0.0,0.2,0.0,0.15,9,100000,100000,1.0,L_independent_error_events_per_trial
L64_q0000_q1020_t015,attack,2026083018,64,0.0,0.2,0.2,0.15,9,100000,15065,0.15065,L_independent_error_events_per_trial
L64_q0000_q1020_t015,honest,2026083019,64,0.0,0.2,0.0,0.15,9,100000,100000,1.0,L_independent_error_events_per_trial
L64_q0000_q1020_t015,attack,2026083019,64,0.0,0.2,0.2,0.15,9,100000,15133,0.15133,L_independent_error_events_per_trial
L64_q0000_q1020_t015,honest,2026083020,64,0.0,0.2,0.0,0.15,9,100000,100000,1.0,L_independent_error_events_per_trial
L64_q0000_q1020_t015,attack,2026083020,64,0.0,0.2,0.2,0.15,9,100000,15025,0.15025,L_independent_error_events_per_trial
L64_q0000_q1020_t015,honest,2026083021,64,0.0,0.2,0.0,0.15,9,100000,100000,1.0,L_independent_error_events_per_trial
L64_q0000_q1020_t015,attack,2026083021,64,0.0,0.2,0.2,0.15,9,100000,15007,0.15007,L_independent_error_events_per_trial
L64_q0000_q1020_t015,honest,2026083022,64,0.0,0.2,0.0,0.15,9,100000,100000,1.0,L_independent_error_events_per_trial
L64_q0000_q1020_t015,attack,2026083022,64,0.0,0.2,0.2,0.15,9,100000,15125,0.15125,L_independent_error_events_per_trial
L64_q0000_q1020_t015,honest,2026083023,64,0.0,0.2,0.0,0.15,9,100000,100000,1.0,L_independent_error_events_per_trial
L64_q0000_q1020_t015,attack,2026083023,64,0.0,0.2,0.2,0.15,9,100000,14935,0.14935,L_independent_error_events_per_trial
L64_q0000_q1020_t015,honest,2026083024,64,0.0,0.2,0.0,0.15,9,100000,100000,1.0,L_independent_error_events_per_trial
L64_q0000_q1020_t015,attack,2026083024,64,0.0,0.2,0.2,0.15,9,100000,14919,0.14919,L_independent_error_events_per_trial
L64_q0000_q1020_t015,honest,2026083025,64,0.0,0.2,0.0,0.15,9,100000,100000,1.0,L_independent_error_events_per_trial
L64_q0000_q1020_t015,attack,2026083025,64,0.0,0.2,0.2,0.15,9,100000,14889,0.14889,L_independent_error_events_per_trial
L64_q0000_q1020_t015,honest,2026083026,64,0.0,0.2,0.0,0.15,9,100000,100000,1.0,L_independent_error_events_per_trial
L64_q0000_q1020_t015,attack,2026083026,64,0.0,0.2,0.2,0.15,9,100000,15207,0.15207,L_independent_error_events_per_trial
L64_q0000_q1020_t015,honest,2026083027,64,0.0,0.2,0.0,0.15,9,100000,100000,1.0,L_independent_error_events_per_trial
L64_q0000_q1020_t015,attack,2026083027,64,0.0,0.2,0.2,0.15,9,100000,14908,0.14908,L_independent_error_events_per_trial
L64_q0000_q1020_t015,honest,2026083028,64,0.0,0.2,0.0,0.15,9,100000,100000,1.0,L_independent_error_events_per_trial
L64_q0000_q1020_t015,attack,2026083028,64,0.0,0.2,0.2,0.15,9,100000,14948,0.14948,L_independent_error_events_per_trial
L64_q0000_q1020_t015,honest,2026083029,64,0.0,0.2,0.0,0.15,9,100000,100000,1.0,L_independent_error_events_per_trial
L64_q0000_q1020_t015,attack,2026083029,64,0.0,0.2,0.2,0.15,9,100000,15197,0.15197,L_independent_error_events_per_trial
L64_q0000_q1020_t015,honest,2026083030,64,0.0,0.2,0.0,0.15,9,100000,100000,1.0,L_independent_error_events_per_trial
L64_q0000_q1020_t015,attack,2026083030,64,0.0,0.2,0.2,0.15,9,100000,15055,0.15055,L_independent_error_events_per_trial
L64_q0001_q1020_t005,honest,2026083001,64,0.01,0.2,0.01,0.05,3,100000,99594,0.99594,L_independent_error_events_per_trial
L64_q0001_q1020_t005,attack,2026083001,64,0.01,0.2,0.2,0.05,3,100000,36,0.00036,L_independent_error_events_per_trial
L64_q0001_q1020_t005,honest,2026083002,64,0.01,0.2,0.01,0.05,3,100000,99597,0.99597,L_independent_error_events_per_trial
L64_q0001_q1020_t005,attack,2026083002,64,0.01,0.2,0.2,0.05,3,100000,44,0.00044,L_independent_error_events_per_trial
L64_q0001_q1020_t005,honest,2026083003,64,0.01,0.2,0.01,0.05,3,100000,99608,0.99608,L_independent_error_events_per_trial
L64_q0001_q1020_t005,attack,2026083003,64,0.01,0.2,0.2,0.05,3,100000,56,0.00056,L_independent_error_events_per_trial
L64_q0001_q1020_t005,honest,2026083004,64,0.01,0.2,0.01,0.05,3,100000,99604,0.99604,L_independent_error_events_per_trial
L64_q0001_q1020_t005,attack,2026083004,64,0.01,0.2,0.2,0.05,3,100000,54,0.00054,L_independent_error_events_per_trial
L64_q0001_q1020_t005,honest,2026083005,64,0.01,0.2,0.01,0.05,3,100000,99600,0.996,L_independent_error_events_per_trial
L64_q0001_q1020_t005,attack,2026083005,64,0.01,0.2,0.2,0.05,3,100000,42,0.00042,L_independent_error_events_per_trial
L64_q0001_q1020_t005,honest,2026083006,64,0.01,0.2,0.01,0.05,3,100000,99613,0.99613,L_independent_error_events_per_trial
L64_q0001_q1020_t005,attack,2026083006,64,0.01,0.2,0.2,0.05,3,100000,47,0.00047,L_independent_error_events_per_trial
L64_q0001_q1020_t005,honest,2026083007,64,0.01,0.2,0.01,0.05,3,100000,99608,0.99608,L_independent_error_events_per_trial
L64_q0001_q1020_t005,attack,2026083007,64,0.01,0.2,0.2,0.05,3,100000,52,0.00052,L_independent_error_events_per_trial
L64_q0001_q1020_t005,honest,2026083008,64,0.01,0.2,0.01,0.05,3,100000,99595,0.99595,L_independent_error_events_per_trial
L64_q0001_q1020_t005,attack,2026083008,64,0.01,0.2,0.2,0.05,3,100000,49,0.00049,L_independent_error_events_per_trial
L64_q0001_q1020_t005,honest,2026083009,64,0.01,0.2,0.01,0.05,3,100000,99604,0.99604,L_independent_error_events_per_trial
L64_q0001_q1020_t005,attack,2026083009,64,0.01,0.2,0.2,0.05,3,100000,60,0.0006,L_independent_error_events_per_trial
L64_q0001_q1020_t005,honest,2026083010,64,0.01,0.2,0.01,0.05,3,100000,99597,0.99597,L_independent_error_events_per_trial
L64_q0001_q1020_t005,attack,2026083010,64,0.01,0.2,0.2,0.05,3,100000,60,0.0006,L_independent_error_events_per_trial
L64_q0001_q1020_t005,honest,2026083011,64,0.01,0.2,0.01,0.05,3,100000,99596,0.99596,L_independent_error_events_per_trial
L64_q0001_q1020_t005,attack,2026083011,64,0.01,0.2,0.2,0.05,3,100000,57,0.00057,L_independent_error_events_per_trial
L64_q0001_q1020_t005,honest,2026083012,64,0.01,0.2,0.01,0.05,3,100000,99573,0.99573,L_independent_error_events_per_trial
L64_q0001_q1020_t005,attack,2026083012,64,0.01,0.2,0.2,0.05,3,100000,54,0.00054,L_independent_error_events_per_trial
L64_q0001_q1020_t005,honest,2026083013,64,0.01,0.2,0.01,0.05,3,100000,99609,0.99609,L_independent_error_events_per_trial
L64_q0001_q1020_t005,attack,2026083013,64,0.01,0.2,0.2,0.05,3,100000,39,0.00039,L_independent_error_events_per_trial
L64_q0001_q1020_t005,honest,2026083014,64,0.01,0.2,0.01,0.05,3,100000,99578,0.99578,L_independent_error_events_per_trial
L64_q0001_q1020_t005,attack,2026083014,64,0.01,0.2,0.2,0.05,3,100000,53,0.00053,L_independent_error_events_per_trial
L64_q0001_q1020_t005,honest,2026083015,64,0.01,0.2,0.01,0.05,3,100000,99627,0.99627,L_independent_error_events_per_trial
L64_q0001_q1020_t005,attack,2026083015,64,0.01,0.2,0.2,0.05,3,100000,54,0.00054,L_independent_error_events_per_trial
L64_q0001_q1020_t005,honest,2026083016,64,0.01,0.2,0.01,0.05,3,100000,99644,0.99644,L_independent_error_events_per_trial
L64_q0001_q1020_t005,attack,2026083016,64,0.01,0.2,0.2,0.05,3,100000,41,0.00041,L_independent_error_events_per_trial
L64_q0001_q1020_t005,honest,2026083017,64,0.01,0.2,0.01,0.05,3,100000,99618,0.99618,L_independent_error_events_per_trial
L64_q0001_q1020_t005,attack,2026083017,64,0.01,0.2,0.2,0.05,3,100000,60,0.0006,L_independent_error_events_per_trial
L64_q0001_q1020_t005,honest,2026083018,64,0.01,0.2,0.01,0.05,3,100000,99583,0.99583,L_independent_error_events_per_trial
L64_q0001_q1020_t005,attack,2026083018,64,0.01,0.2,0.2,0.05,3,100000,49,0.00049,L_independent_error_events_per_trial
L64_q0001_q1020_t005,honest,2026083019,64,0.01,0.2,0.01,0.05,3,100000,99631,0.99631,L_independent_error_events_per_trial
L64_q0001_q1020_t005,attack,2026083019,64,0.01,0.2,0.2,0.05,3,100000,46,0.00046,L_independent_error_events_per_trial
L64_q0001_q1020_t005,honest,2026083020,64,0.01,0.2,0.01,0.05,3,100000,99573,0.99573,L_independent_error_events_per_trial
L64_q0001_q1020_t005,attack,2026083020,64,0.01,0.2,0.2,0.05,3,100000,53,0.00053,L_independent_error_events_per_trial
L64_q0001_q1020_t005,honest,2026083021,64,0.01,0.2,0.01,0.05,3,100000,99635,0.99635,L_independent_error_events_per_trial
L64_q0001_q1020_t005,attack,2026083021,64,0.01,0.2,0.2,0.05,3,100000,47,0.00047,L_independent_error_events_per_trial
L64_q0001_q1020_t005,honest,2026083022,64,0.01,0.2,0.01,0.05,3,100000,99586,0.99586,L_independent_error_events_per_trial
L64_q0001_q1020_t005,attack,2026083022,64,0.01,0.2,0.2,0.05,3,100000,49,0.00049,L_independent_error_events_per_trial
L64_q0001_q1020_t005,honest,2026083023,64,0.01,0.2,0.01,0.05,3,100000,99584,0.99584,L_independent_error_events_per_trial
L64_q0001_q1020_t005,attack,2026083023,64,0.01,0.2,0.2,0.05,3,100000,49,0.00049,L_independent_error_events_per_trial
L64_q0001_q1020_t005,honest,2026083024,64,0.01,0.2,0.01,0.05,3,100000,99635,0.99635,L_independent_error_events_per_trial
L64_q0001_q1020_t005,attack,2026083024,64,0.01,0.2,0.2,0.05,3,100000,47,0.00047,L_independent_error_events_per_trial
L64_q0001_q1020_t005,honest,2026083025,64,0.01,0.2,0.01,0.05,3,100000,99595,0.99595,L_independent_error_events_per_trial
L64_q0001_q1020_t005,attack,2026083025,64,0.01,0.2,0.2,0.05,3,100000,55,0.00055,L_independent_error_events_per_trial
L64_q0001_q1020_t005,honest,2026083026,64,0.01,0.2,0.01,0.05,3,100000,99620,0.9962,L_independent_error_events_per_trial
L64_q0001_q1020_t005,attack,2026083026,64,0.01,0.2,0.2,0.05,3,100000,48,0.00048,L_independent_error_events_per_trial
L64_q0001_q1020_t005,honest,2026083027,64,0.01,0.2,0.01,0.05,3,100000,99624,0.99624,L_independent_error_events_per_trial
L64_q0001_q1020_t005,attack,2026083027,64,0.01,0.2,0.2,0.05,3,100000,47,0.00047,L_independent_error_events_per_trial
L64_q0001_q1020_t005,honest,2026083028,64,0.01,0.2,0.01,0.05,3,100000,99581,0.99581,L_independent_error_events_per_trial
L64_q0001_q1020_t005,attack,2026083028,64,0.01,0.2,0.2,0.05,3,100000,46,0.00046,L_independent_error_events_per_trial
L64_q0001_q1020_t005,honest,2026083029,64,0.01,0.2,0.01,0.05,3,100000,99597,0.99597,L_independent_error_events_per_trial
L64_q0001_q1020_t005,attack,2026083029,64,0.01,0.2,0.2,0.05,3,100000,51,0.00051,L_independent_error_events_per_trial
L64_q0001_q1020_t005,honest,2026083030,64,0.01,0.2,0.01,0.05,3,100000,99611,0.99611,L_independent_error_events_per_trial
L64_q0001_q1020_t005,attack,2026083030,64,0.01,0.2,0.2,0.05,3,100000,51,0.00051,L_independent_error_events_per_trial
L64_q0001_q1020_t010,honest,2026083001,64,0.01,0.2,0.01,0.1,6,100000,100000,1.0,L_independent_error_events_per_trial
L64_q0001_q1020_t010,attack,2026083001,64,0.01,0.2,0.2,0.1,6,100000,1865,0.01865,L_independent_error_events_per_trial
L64_q0001_q1020_t010,honest,2026083002,64,0.01,0.2,0.01,0.1,6,100000,100000,1.0,L_independent_error_events_per_trial
L64_q0001_q1020_t010,attack,2026083002,64,0.01,0.2,0.2,0.1,6,100000,1819,0.01819,L_independent_error_events_per_trial
L64_q0001_q1020_t010,honest,2026083003,64,0.01,0.2,0.01,0.1,6,100000,100000,1.0,L_independent_error_events_per_trial
L64_q0001_q1020_t010,attack,2026083003,64,0.01,0.2,0.2,0.1,6,100000,1820,0.0182,L_independent_error_events_per_trial
L64_q0001_q1020_t010,honest,2026083004,64,0.01,0.2,0.01,0.1,6,100000,100000,1.0,L_independent_error_events_per_trial
L64_q0001_q1020_t010,attack,2026083004,64,0.01,0.2,0.2,0.1,6,100000,1820,0.0182,L_independent_error_events_per_trial
L64_q0001_q1020_t010,honest,2026083005,64,0.01,0.2,0.01,0.1,6,100000,100000,1.0,L_independent_error_events_per_trial
L64_q0001_q1020_t010,attack,2026083005,64,0.01,0.2,0.2,0.1,6,100000,1773,0.01773,L_independent_error_events_per_trial
L64_q0001_q1020_t010,honest,2026083006,64,0.01,0.2,0.01,0.1,6,100000,100000,1.0,L_independent_error_events_per_trial
L64_q0001_q1020_t010,attack,2026083006,64,0.01,0.2,0.2,0.1,6,100000,1786,0.01786,L_independent_error_events_per_trial
L64_q0001_q1020_t010,honest,2026083007,64,0.01,0.2,0.01,0.1,6,100000,100000,1.0,L_independent_error_events_per_trial
L64_q0001_q1020_t010,attack,2026083007,64,0.01,0.2,0.2,0.1,6,100000,1765,0.01765,L_independent_error_events_per_trial
L64_q0001_q1020_t010,honest,2026083008,64,0.01,0.2,0.01,0.1,6,100000,100000,1.0,L_independent_error_events_per_trial
L64_q0001_q1020_t010,attack,2026083008,64,0.01,0.2,0.2,0.1,6,100000,1768,0.01768,L_independent_error_events_per_trial
L64_q0001_q1020_t010,honest,2026083009,64,0.01,0.2,0.01,0.1,6,100000,100000,1.0,L_independent_error_events_per_trial
L64_q0001_q1020_t010,attack,2026083009,64,0.01,0.2,0.2,0.1,6,100000,1827,0.01827,L_independent_error_events_per_trial
L64_q0001_q1020_t010,honest,2026083010,64,0.01,0.2,0.01,0.1,6,100000,100000,1.0,L_independent_error_events_per_trial
L64_q0001_q1020_t010,attack,2026083010,64,0.01,0.2,0.2,0.1,6,100000,1763,0.01763,L_independent_error_events_per_trial
L64_q0001_q1020_t010,honest,2026083011,64,0.01,0.2,0.01,0.1,6,100000,99999,0.99999,L_independent_error_events_per_trial
L64_q0001_q1020_t010,attack,2026083011,64,0.01,0.2,0.2,0.1,6,100000,1679,0.01679,L_independent_error_events_per_trial
L64_q0001_q1020_t010,honest,2026083012,64,0.01,0.2,0.01,0.1,6,100000,100000,1.0,L_independent_error_events_per_trial
L64_q0001_q1020_t010,attack,2026083012,64,0.01,0.2,0.2,0.1,6,100000,1813,0.01813,L_independent_error_events_per_trial
L64_q0001_q1020_t010,honest,2026083013,64,0.01,0.2,0.01,0.1,6,100000,100000,1.0,L_independent_error_events_per_trial
L64_q0001_q1020_t010,attack,2026083013,64,0.01,0.2,0.2,0.1,6,100000,1793,0.01793,L_independent_error_events_per_trial
L64_q0001_q1020_t010,honest,2026083014,64,0.01,0.2,0.01,0.1,6,100000,100000,1.0,L_independent_error_events_per_trial
L64_q0001_q1020_t010,attack,2026083014,64,0.01,0.2,0.2,0.1,6,100000,1807,0.01807,L_independent_error_events_per_trial
L64_q0001_q1020_t010,honest,2026083015,64,0.01,0.2,0.01,0.1,6,100000,100000,1.0,L_independent_error_events_per_trial
L64_q0001_q1020_t010,attack,2026083015,64,0.01,0.2,0.2,0.1,6,100000,1888,0.01888,L_independent_error_events_per_trial
L64_q0001_q1020_t010,honest,2026083016,64,0.01,0.2,0.01,0.1,6,100000,100000,1.0,L_independent_error_events_per_trial
L64_q0001_q1020_t010,attack,2026083016,64,0.01,0.2,0.2,0.1,6,100000,1876,0.01876,L_independent_error_events_per_trial
L64_q0001_q1020_t010,honest,2026083017,64,0.01,0.2,0.01,0.1,6,100000,99998,0.99998,L_independent_error_events_per_trial
L64_q0001_q1020_t010,attack,2026083017,64,0.01,0.2,0.2,0.1,6,100000,1762,0.01762,L_independent_error_events_per_trial
L64_q0001_q1020_t010,honest,2026083018,64,0.01,0.2,0.01,0.1,6,100000,100000,1.0,L_independent_error_events_per_trial
L64_q0001_q1020_t010,attack,2026083018,64,0.01,0.2,0.2,0.1,6,100000,1823,0.01823,L_independent_error_events_per_trial
L64_q0001_q1020_t010,honest,2026083019,64,0.01,0.2,0.01,0.1,6,100000,100000,1.0,L_independent_error_events_per_trial
L64_q0001_q1020_t010,attack,2026083019,64,0.01,0.2,0.2,0.1,6,100000,1801,0.01801,L_independent_error_events_per_trial
L64_q0001_q1020_t010,honest,2026083020,64,0.01,0.2,0.01,0.1,6,100000,100000,1.0,L_independent_error_events_per_trial
L64_q0001_q1020_t010,attack,2026083020,64,0.01,0.2,0.2,0.1,6,100000,1824,0.01824,L_independent_error_events_per_trial
L64_q0001_q1020_t010,honest,2026083021,64,0.01,0.2,0.01,0.1,6,100000,99999,0.99999,L_independent_error_events_per_trial
L64_q0001_q1020_t010,attack,2026083021,64,0.01,0.2,0.2,0.1,6,100000,1731,0.01731,L_independent_error_events_per_trial
L64_q0001_q1020_t010,honest,2026083022,64,0.01,0.2,0.01,0.1,6,100000,100000,1.0,L_independent_error_events_per_trial
L64_q0001_q1020_t010,attack,2026083022,64,0.01,0.2,0.2,0.1,6,100000,1840,0.0184,L_independent_error_events_per_trial
L64_q0001_q1020_t010,honest,2026083023,64,0.01,0.2,0.01,0.1,6,100000,100000,1.0,L_independent_error_events_per_trial
L64_q0001_q1020_t010,attack,2026083023,64,0.01,0.2,0.2,0.1,6,100000,1825,0.01825,L_independent_error_events_per_trial
L64_q0001_q1020_t010,honest,2026083024,64,0.01,0.2,0.01,0.1,6,100000,100000,1.0,L_independent_error_events_per_trial
L64_q0001_q1020_t010,attack,2026083024,64,0.01,0.2,0.2,0.1,6,100000,1709,0.01709,L_independent_error_events_per_trial
L64_q0001_q1020_t010,honest,2026083025,64,0.01,0.2,0.01,0.1,6,100000,100000,1.0,L_independent_error_events_per_trial
L64_q0001_q1020_t010,attack,2026083025,64,0.01,0.2,0.2,0.1,6,100000,1785,0.01785,L_independent_error_events_per_trial
L64_q0001_q1020_t010,honest,2026083026,64,0.01,0.2,0.01,0.1,6,100000,99999,0.99999,L_independent_error_events_per_trial
L64_q0001_q1020_t010,attack,2026083026,64,0.01,0.2,0.2,0.1,6,100000,1909,0.01909,L_independent_error_events_per_trial
L64_q0001_q1020_t010,honest,2026083027,64,0.01,0.2,0.01,0.1,6,100000,100000,1.0,L_independent_error_events_per_trial
L64_q0001_q1020_t010,attack,2026083027,64,0.01,0.2,0.2,0.1,6,100000,1864,0.01864,L_independent_error_events_per_trial
L64_q0001_q1020_t010,honest,2026083028,64,0.01,0.2,0.01,0.1,6,100000,100000,1.0,L_independent_error_events_per_trial
L64_q0001_q1020_t010,attack,2026083028,64,0.01,0.2,0.2,0.1,6,100000,1821,0.01821,L_independent_error_events_per_trial
L64_q0001_q1020_t010,honest,2026083029,64,0.01,0.2,0.01,0.1,6,100000,100000,1.0,L_independent_error_events_per_trial
L64_q0001_q1020_t010,attack,2026083029,64,0.01,0.2,0.2,0.1,6,100000,1868,0.01868,L_independent_error_events_per_trial
L64_q0001_q1020_t010,honest,2026083030,64,0.01,0.2,0.01,0.1,6,100000,100000,1.0,L_independent_error_events_per_trial
L64_q0001_q1020_t010,attack,2026083030,64,0.01,0.2,0.2,0.1,6,100000,1771,0.01771,L_independent_error_events_per_trial
L64_q0001_q1020_t015,honest,2026083001,64,0.01,0.2,0.01,0.15,9,100000,100000,1.0,L_independent_error_events_per_trial
L64_q0001_q1020_t015,attack,2026083001,64,0.01,0.2,0.2,0.15,9,100000,14945,0.14945,L_independent_error_events_per_trial
L64_q0001_q1020_t015,honest,2026083002,64,0.01,0.2,0.01,0.15,9,100000,100000,1.0,L_independent_error_events_per_trial
L64_q0001_q1020_t015,attack,2026083002,64,0.01,0.2,0.2,0.15,9,100000,14980,0.1498,L_independent_error_events_per_trial
L64_q0001_q1020_t015,honest,2026083003,64,0.01,0.2,0.01,0.15,9,100000,100000,1.0,L_independent_error_events_per_trial
L64_q0001_q1020_t015,attack,2026083003,64,0.01,0.2,0.2,0.15,9,100000,14897,0.14897,L_independent_error_events_per_trial
L64_q0001_q1020_t015,honest,2026083004,64,0.01,0.2,0.01,0.15,9,100000,100000,1.0,L_independent_error_events_per_trial
L64_q0001_q1020_t015,attack,2026083004,64,0.01,0.2,0.2,0.15,9,100000,15050,0.1505,L_independent_error_events_per_trial
L64_q0001_q1020_t015,honest,2026083005,64,0.01,0.2,0.01,0.15,9,100000,100000,1.0,L_independent_error_events_per_trial
L64_q0001_q1020_t015,attack,2026083005,64,0.01,0.2,0.2,0.15,9,100000,15150,0.1515,L_independent_error_events_per_trial
L64_q0001_q1020_t015,honest,2026083006,64,0.01,0.2,0.01,0.15,9,100000,100000,1.0,L_independent_error_events_per_trial
L64_q0001_q1020_t015,attack,2026083006,64,0.01,0.2,0.2,0.15,9,100000,14863,0.14863,L_independent_error_events_per_trial
L64_q0001_q1020_t015,honest,2026083007,64,0.01,0.2,0.01,0.15,9,100000,100000,1.0,L_independent_error_events_per_trial
L64_q0001_q1020_t015,attack,2026083007,64,0.01,0.2,0.2,0.15,9,100000,14887,0.14887,L_independent_error_events_per_trial
L64_q0001_q1020_t015,honest,2026083008,64,0.01,0.2,0.01,0.15,9,100000,100000,1.0,L_independent_error_events_per_trial
L64_q0001_q1020_t015,attack,2026083008,64,0.01,0.2,0.2,0.15,9,100000,15009,0.15009,L_independent_error_events_per_trial
L64_q0001_q1020_t015,honest,2026083009,64,0.01,0.2,0.01,0.15,9,100000,100000,1.0,L_independent_error_events_per_trial
L64_q0001_q1020_t015,attack,2026083009,64,0.01,0.2,0.2,0.15,9,100000,15177,0.15177,L_independent_error_events_per_trial
L64_q0001_q1020_t015,honest,2026083010,64,0.01,0.2,0.01,0.15,9,100000,100000,1.0,L_independent_error_events_per_trial
L64_q0001_q1020_t015,attack,2026083010,64,0.01,0.2,0.2,0.15,9,100000,14797,0.14797,L_independent_error_events_per_trial
L64_q0001_q1020_t015,honest,2026083011,64,0.01,0.2,0.01,0.15,9,100000,100000,1.0,L_independent_error_events_per_trial
L64_q0001_q1020_t015,attack,2026083011,64,0.01,0.2,0.2,0.15,9,100000,14856,0.14856,L_independent_error_events_per_trial
L64_q0001_q1020_t015,honest,2026083012,64,0.01,0.2,0.01,0.15,9,100000,100000,1.0,L_independent_error_events_per_trial
L64_q0001_q1020_t015,attack,2026083012,64,0.01,0.2,0.2,0.15,9,100000,15026,0.15026,L_independent_error_events_per_trial
L64_q0001_q1020_t015,honest,2026083013,64,0.01,0.2,0.01,0.15,9,100000,100000,1.0,L_independent_error_events_per_trial
L64_q0001_q1020_t015,attack,2026083013,64,0.01,0.2,0.2,0.15,9,100000,14948,0.14948,L_independent_error_events_per_trial
L64_q0001_q1020_t015,honest,2026083014,64,0.01,0.2,0.01,0.15,9,100000,100000,1.0,L_independent_error_events_per_trial
L64_q0001_q1020_t015,attack,2026083014,64,0.01,0.2,0.2,0.15,9,100000,15154,0.15154,L_independent_error_events_per_trial
L64_q0001_q1020_t015,honest,2026083015,64,0.01,0.2,0.01,0.15,9,100000,100000,1.0,L_independent_error_events_per_trial
L64_q0001_q1020_t015,attack,2026083015,64,0.01,0.2,0.2,0.15,9,100000,15048,0.15048,L_independent_error_events_per_trial
L64_q0001_q1020_t015,honest,2026083016,64,0.01,0.2,0.01,0.15,9,100000,100000,1.0,L_independent_error_events_per_trial
L64_q0001_q1020_t015,attack,2026083016,64,0.01,0.2,0.2,0.15,9,100000,15021,0.15021,L_independent_error_events_per_trial
L64_q0001_q1020_t015,honest,2026083017,64,0.01,0.2,0.01,0.15,9,100000,100000,1.0,L_independent_error_events_per_trial
L64_q0001_q1020_t015,attack,2026083017,64,0.01,0.2,0.2,0.15,9,100000,14972,0.14972,L_independent_error_events_per_trial
L64_q0001_q1020_t015,honest,2026083018,64,0.01,0.2,0.01,0.15,9,100000,100000,1.0,L_independent_error_events_per_trial
L64_q0001_q1020_t015,attack,2026083018,64,0.01,0.2,0.2,0.15,9,100000,15065,0.15065,L_independent_error_events_per_trial
L64_q0001_q1020_t015,honest,2026083019,64,0.01,0.2,0.01,0.15,9,100000,100000,1.0,L_independent_error_events_per_trial
L64_q0001_q1020_t015,attack,2026083019,64,0.01,0.2,0.2,0.15,9,100000,15133,0.15133,L_independent_error_events_per_trial
L64_q0001_q1020_t015,honest,2026083020,64,0.01,0.2,0.01,0.15,9,100000,100000,1.0,L_independent_error_events_per_trial
L64_q0001_q1020_t015,attack,2026083020,64,0.01,0.2,0.2,0.15,9,100000,15025,0.15025,L_independent_error_events_per_trial
L64_q0001_q1020_t015,honest,2026083021,64,0.01,0.2,0.01,0.15,9,100000,100000,1.0,L_independent_error_events_per_trial
L64_q0001_q1020_t015,attack,2026083021,64,0.01,0.2,0.2,0.15,9,100000,15007,0.15007,L_independent_error_events_per_trial
L64_q0001_q1020_t015,honest,2026083022,64,0.01,0.2,0.01,0.15,9,100000,100000,1.0,L_independent_error_events_per_trial
L64_q0001_q1020_t015,attack,2026083022,64,0.01,0.2,0.2,0.15,9,100000,15125,0.15125,L_independent_error_events_per_trial
L64_q0001_q1020_t015,honest,2026083023,64,0.01,0.2,0.01,0.15,9,100000,100000,1.0,L_independent_error_events_per_trial
L64_q0001_q1020_t015,attack,2026083023,64,0.01,0.2,0.2,0.15,9,100000,14935,0.14935,L_independent_error_events_per_trial
L64_q0001_q1020_t015,honest,2026083024,64,0.01,0.2,0.01,0.15,9,100000,100000,1.0,L_independent_error_events_per_trial
L64_q0001_q1020_t015,attack,2026083024,64,0.01,0.2,0.2,0.15,9,100000,14919,0.14919,L_independent_error_events_per_trial
L64_q0001_q1020_t015,honest,2026083025,64,0.01,0.2,0.01,0.15,9,100000,100000,1.0,L_independent_error_events_per_trial
L64_q0001_q1020_t015,attack,2026083025,64,0.01,0.2,0.2,0.15,9,100000,14889,0.14889,L_independent_error_events_per_trial
L64_q0001_q1020_t015,honest,2026083026,64,0.01,0.2,0.01,0.15,9,100000,100000,1.0,L_independent_error_events_per_trial
L64_q0001_q1020_t015,attack,2026083026,64,0.01,0.2,0.2,0.15,9,100000,15207,0.15207,L_independent_error_events_per_trial
L64_q0001_q1020_t015,honest,2026083027,64,0.01,0.2,0.01,0.15,9,100000,100000,1.0,L_independent_error_events_per_trial
L64_q0001_q1020_t015,attack,2026083027,64,0.01,0.2,0.2,0.15,9,100000,14908,0.14908,L_independent_error_events_per_trial
L64_q0001_q1020_t015,honest,2026083028,64,0.01,0.2,0.01,0.15,9,100000,100000,1.0,L_independent_error_events_per_trial
L64_q0001_q1020_t015,attack,2026083028,64,0.01,0.2,0.2,0.15,9,100000,14948,0.14948,L_independent_error_events_per_trial
L64_q0001_q1020_t015,honest,2026083029,64,0.01,0.2,0.01,0.15,9,100000,100000,1.0,L_independent_error_events_per_trial
L64_q0001_q1020_t015,attack,2026083029,64,0.01,0.2,0.2,0.15,9,100000,15197,0.15197,L_independent_error_events_per_trial
L64_q0001_q1020_t015,honest,2026083030,64,0.01,0.2,0.01,0.15,9,100000,100000,1.0,L_independent_error_events_per_trial
L64_q0001_q1020_t015,attack,2026083030,64,0.01,0.2,0.2,0.15,9,100000,15055,0.15055,L_independent_error_events_per_trial
L64_q0003_q1020_t005,honest,2026083001,64,0.03,0.2,0.03,0.05,3,100000,87422,0.87422,L_independent_error_events_per_trial
L64_q0003_q1020_t005,attack,2026083001,64,0.03,0.2,0.2,0.05,3,100000,36,0.00036,L_independent_error_events_per_trial
L64_q0003_q1020_t005,honest,2026083002,64,0.03,0.2,0.03,0.05,3,100000,87508,0.87508,L_independent_error_events_per_trial
L64_q0003_q1020_t005,attack,2026083002,64,0.03,0.2,0.2,0.05,3,100000,44,0.00044,L_independent_error_events_per_trial
L64_q0003_q1020_t005,honest,2026083003,64,0.03,0.2,0.03,0.05,3,100000,87415,0.87415,L_independent_error_events_per_trial
L64_q0003_q1020_t005,attack,2026083003,64,0.03,0.2,0.2,0.05,3,100000,56,0.00056,L_independent_error_events_per_trial
L64_q0003_q1020_t005,honest,2026083004,64,0.03,0.2,0.03,0.05,3,100000,87419,0.87419,L_independent_error_events_per_trial
L64_q0003_q1020_t005,attack,2026083004,64,0.03,0.2,0.2,0.05,3,100000,54,0.00054,L_independent_error_events_per_trial
L64_q0003_q1020_t005,honest,2026083005,64,0.03,0.2,0.03,0.05,3,100000,87365,0.87365,L_independent_error_events_per_trial
L64_q0003_q1020_t005,attack,2026083005,64,0.03,0.2,0.2,0.05,3,100000,42,0.00042,L_independent_error_events_per_trial
L64_q0003_q1020_t005,honest,2026083006,64,0.03,0.2,0.03,0.05,3,100000,87341,0.87341,L_independent_error_events_per_trial
L64_q0003_q1020_t005,attack,2026083006,64,0.03,0.2,0.2,0.05,3,100000,47,0.00047,L_independent_error_events_per_trial
L64_q0003_q1020_t005,honest,2026083007,64,0.03,0.2,0.03,0.05,3,100000,87465,0.87465,L_independent_error_events_per_trial
L64_q0003_q1020_t005,attack,2026083007,64,0.03,0.2,0.2,0.05,3,100000,52,0.00052,L_independent_error_events_per_trial
L64_q0003_q1020_t005,honest,2026083008,64,0.03,0.2,0.03,0.05,3,100000,87634,0.87634,L_independent_error_events_per_trial
L64_q0003_q1020_t005,attack,2026083008,64,0.03,0.2,0.2,0.05,3,100000,49,0.00049,L_independent_error_events_per_trial
L64_q0003_q1020_t005,honest,2026083009,64,0.03,0.2,0.03,0.05,3,100000,87356,0.87356,L_independent_error_events_per_trial
L64_q0003_q1020_t005,attack,2026083009,64,0.03,0.2,0.2,0.05,3,100000,60,0.0006,L_independent_error_events_per_trial
L64_q0003_q1020_t005,honest,2026083010,64,0.03,0.2,0.03,0.05,3,100000,87490,0.8749,L_independent_error_events_per_trial
L64_q0003_q1020_t005,attack,2026083010,64,0.03,0.2,0.2,0.05,3,100000,60,0.0006,L_independent_error_events_per_trial
L64_q0003_q1020_t005,honest,2026083011,64,0.03,0.2,0.03,0.05,3,100000,87386,0.87386,L_independent_error_events_per_trial
L64_q0003_q1020_t005,attack,2026083011,64,0.03,0.2,0.2,0.05,3,100000,57,0.00057,L_independent_error_events_per_trial
L64_q0003_q1020_t005,honest,2026083012,64,0.03,0.2,0.03,0.05,3,100000,87306,0.87306,L_independent_error_events_per_trial
L64_q0003_q1020_t005,attack,2026083012,64,0.03,0.2,0.2,0.05,3,100000,54,0.00054,L_independent_error_events_per_trial
L64_q0003_q1020_t005,honest,2026083013,64,0.03,0.2,0.03,0.05,3,100000,87449,0.87449,L_independent_error_events_per_trial
L64_q0003_q1020_t005,attack,2026083013,64,0.03,0.2,0.2,0.05,3,100000,39,0.00039,L_independent_error_events_per_trial
L64_q0003_q1020_t005,honest,2026083014,64,0.03,0.2,0.03,0.05,3,100000,87508,0.87508,L_independent_error_events_per_trial
L64_q0003_q1020_t005,attack,2026083014,64,0.03,0.2,0.2,0.05,3,100000,53,0.00053,L_independent_error_events_per_trial
L64_q0003_q1020_t005,honest,2026083015,64,0.03,0.2,0.03,0.05,3,100000,87345,0.87345,L_independent_error_events_per_trial
L64_q0003_q1020_t005,attack,2026083015,64,0.03,0.2,0.2,0.05,3,100000,54,0.00054,L_independent_error_events_per_trial
L64_q0003_q1020_t005,honest,2026083016,64,0.03,0.2,0.03,0.05,3,100000,87719,0.87719,L_independent_error_events_per_trial
L64_q0003_q1020_t005,attack,2026083016,64,0.03,0.2,0.2,0.05,3,100000,41,0.00041,L_independent_error_events_per_trial
L64_q0003_q1020_t005,honest,2026083017,64,0.03,0.2,0.03,0.05,3,100000,87338,0.87338,L_independent_error_events_per_trial
L64_q0003_q1020_t005,attack,2026083017,64,0.03,0.2,0.2,0.05,3,100000,60,0.0006,L_independent_error_events_per_trial
L64_q0003_q1020_t005,honest,2026083018,64,0.03,0.2,0.03,0.05,3,100000,87299,0.87299,L_independent_error_events_per_trial
L64_q0003_q1020_t005,attack,2026083018,64,0.03,0.2,0.2,0.05,3,100000,49,0.00049,L_independent_error_events_per_trial
L64_q0003_q1020_t005,honest,2026083019,64,0.03,0.2,0.03,0.05,3,100000,87262,0.87262,L_independent_error_events_per_trial
L64_q0003_q1020_t005,attack,2026083019,64,0.03,0.2,0.2,0.05,3,100000,46,0.00046,L_independent_error_events_per_trial
L64_q0003_q1020_t005,honest,2026083020,64,0.03,0.2,0.03,0.05,3,100000,87626,0.87626,L_independent_error_events_per_trial
L64_q0003_q1020_t005,attack,2026083020,64,0.03,0.2,0.2,0.05,3,100000,53,0.00053,L_independent_error_events_per_trial
L64_q0003_q1020_t005,honest,2026083021,64,0.03,0.2,0.03,0.05,3,100000,87343,0.87343,L_independent_error_events_per_trial
L64_q0003_q1020_t005,attack,2026083021,64,0.03,0.2,0.2,0.05,3,100000,47,0.00047,L_independent_error_events_per_trial
L64_q0003_q1020_t005,honest,2026083022,64,0.03,0.2,0.03,0.05,3,100000,87476,0.87476,L_independent_error_events_per_trial
L64_q0003_q1020_t005,attack,2026083022,64,0.03,0.2,0.2,0.05,3,100000,49,0.00049,L_independent_error_events_per_trial
L64_q0003_q1020_t005,honest,2026083023,64,0.03,0.2,0.03,0.05,3,100000,87428,0.87428,L_independent_error_events_per_trial
L64_q0003_q1020_t005,attack,2026083023,64,0.03,0.2,0.2,0.05,3,100000,49,0.00049,L_independent_error_events_per_trial
L64_q0003_q1020_t005,honest,2026083024,64,0.03,0.2,0.03,0.05,3,100000,87434,0.87434,L_independent_error_events_per_trial
L64_q0003_q1020_t005,attack,2026083024,64,0.03,0.2,0.2,0.05,3,100000,47,0.00047,L_independent_error_events_per_trial
L64_q0003_q1020_t005,honest,2026083025,64,0.03,0.2,0.03,0.05,3,100000,87477,0.87477,L_independent_error_events_per_trial
L64_q0003_q1020_t005,attack,2026083025,64,0.03,0.2,0.2,0.05,3,100000,55,0.00055,L_independent_error_events_per_trial
L64_q0003_q1020_t005,honest,2026083026,64,0.03,0.2,0.03,0.05,3,100000,87505,0.87505,L_independent_error_events_per_trial
L64_q0003_q1020_t005,attack,2026083026,64,0.03,0.2,0.2,0.05,3,100000,48,0.00048,L_independent_error_events_per_trial
L64_q0003_q1020_t005,honest,2026083027,64,0.03,0.2,0.03,0.05,3,100000,87555,0.87555,L_independent_error_events_per_trial
L64_q0003_q1020_t005,attack,2026083027,64,0.03,0.2,0.2,0.05,3,100000,47,0.00047,L_independent_error_events_per_trial
L64_q0003_q1020_t005,honest,2026083028,64,0.03,0.2,0.03,0.05,3,100000,87513,0.87513,L_independent_error_events_per_trial
L64_q0003_q1020_t005,attack,2026083028,64,0.03,0.2,0.2,0.05,3,100000,46,0.00046,L_independent_error_events_per_trial
L64_q0003_q1020_t005,honest,2026083029,64,0.03,0.2,0.03,0.05,3,100000,87442,0.87442,L_independent_error_events_per_trial
L64_q0003_q1020_t005,attack,2026083029,64,0.03,0.2,0.2,0.05,3,100000,51,0.00051,L_independent_error_events_per_trial
L64_q0003_q1020_t005,honest,2026083030,64,0.03,0.2,0.03,0.05,3,100000,87563,0.87563,L_independent_error_events_per_trial
L64_q0003_q1020_t005,attack,2026083030,64,0.03,0.2,0.2,0.05,3,100000,51,0.00051,L_independent_error_events_per_trial
L64_q0003_q1020_t010,honest,2026083001,64,0.03,0.2,0.03,0.1,6,100000,99690,0.9969,L_independent_error_events_per_trial
L64_q0003_q1020_t010,attack,2026083001,64,0.03,0.2,0.2,0.1,6,100000,1865,0.01865,L_independent_error_events_per_trial
L64_q0003_q1020_t010,honest,2026083002,64,0.03,0.2,0.03,0.1,6,100000,99689,0.99689,L_independent_error_events_per_trial
L64_q0003_q1020_t010,attack,2026083002,64,0.03,0.2,0.2,0.1,6,100000,1819,0.01819,L_independent_error_events_per_trial
L64_q0003_q1020_t010,honest,2026083003,64,0.03,0.2,0.03,0.1,6,100000,99723,0.99723,L_independent_error_events_per_trial
L64_q0003_q1020_t010,attack,2026083003,64,0.03,0.2,0.2,0.1,6,100000,1820,0.0182,L_independent_error_events_per_trial
L64_q0003_q1020_t010,honest,2026083004,64,0.03,0.2,0.03,0.1,6,100000,99710,0.9971,L_independent_error_events_per_trial
L64_q0003_q1020_t010,attack,2026083004,64,0.03,0.2,0.2,0.1,6,100000,1820,0.0182,L_independent_error_events_per_trial
L64_q0003_q1020_t010,honest,2026083005,64,0.03,0.2,0.03,0.1,6,100000,99723,0.99723,L_independent_error_events_per_trial
L64_q0003_q1020_t010,attack,2026083005,64,0.03,0.2,0.2,0.1,6,100000,1773,0.01773,L_independent_error_events_per_trial
L64_q0003_q1020_t010,honest,2026083006,64,0.03,0.2,0.03,0.1,6,100000,99664,0.99664,L_independent_error_events_per_trial
L64_q0003_q1020_t010,attack,2026083006,64,0.03,0.2,0.2,0.1,6,100000,1786,0.01786,L_independent_error_events_per_trial
L64_q0003_q1020_t010,honest,2026083007,64,0.03,0.2,0.03,0.1,6,100000,99710,0.9971,L_independent_error_events_per_trial
L64_q0003_q1020_t010,attack,2026083007,64,0.03,0.2,0.2,0.1,6,100000,1765,0.01765,L_independent_error_events_per_trial
L64_q0003_q1020_t010,honest,2026083008,64,0.03,0.2,0.03,0.1,6,100000,99712,0.99712,L_independent_error_events_per_trial
L64_q0003_q1020_t010,attack,2026083008,64,0.03,0.2,0.2,0.1,6,100000,1768,0.01768,L_independent_error_events_per_trial
L64_q0003_q1020_t010,honest,2026083009,64,0.03,0.2,0.03,0.1,6,100000,99696,0.99696,L_independent_error_events_per_trial
L64_q0003_q1020_t010,attack,2026083009,64,0.03,0.2,0.2,0.1,6,100000,1827,0.01827,L_independent_error_events_per_trial
L64_q0003_q1020_t010,honest,2026083010,64,0.03,0.2,0.03,0.1,6,100000,99683,0.99683,L_independent_error_events_per_trial
L64_q0003_q1020_t010,attack,2026083010,64,0.03,0.2,0.2,0.1,6,100000,1763,0.01763,L_independent_error_events_per_trial
L64_q0003_q1020_t010,honest,2026083011,64,0.03,0.2,0.03,0.1,6,100000,99654,0.99654,L_independent_error_events_per_trial
L64_q0003_q1020_t010,attack,2026083011,64,0.03,0.2,0.2,0.1,6,100000,1679,0.01679,L_independent_error_events_per_trial
L64_q0003_q1020_t010,honest,2026083012,64,0.03,0.2,0.03,0.1,6,100000,99685,0.99685,L_independent_error_events_per_trial
L64_q0003_q1020_t010,attack,2026083012,64,0.03,0.2,0.2,0.1,6,100000,1813,0.01813,L_independent_error_events_per_trial
L64_q0003_q1020_t010,honest,2026083013,64,0.03,0.2,0.03,0.1,6,100000,99697,0.99697,L_independent_error_events_per_trial
L64_q0003_q1020_t010,attack,2026083013,64,0.03,0.2,0.2,0.1,6,100000,1793,0.01793,L_independent_error_events_per_trial
L64_q0003_q1020_t010,honest,2026083014,64,0.03,0.2,0.03,0.1,6,100000,99697,0.99697,L_independent_error_events_per_trial
L64_q0003_q1020_t010,attack,2026083014,64,0.03,0.2,0.2,0.1,6,100000,1807,0.01807,L_independent_error_events_per_trial
L64_q0003_q1020_t010,honest,2026083015,64,0.03,0.2,0.03,0.1,6,100000,99691,0.99691,L_independent_error_events_per_trial
L64_q0003_q1020_t010,attack,2026083015,64,0.03,0.2,0.2,0.1,6,100000,1888,0.01888,L_independent_error_events_per_trial
L64_q0003_q1020_t010,honest,2026083016,64,0.03,0.2,0.03,0.1,6,100000,99701,0.99701,L_independent_error_events_per_trial
L64_q0003_q1020_t010,attack,2026083016,64,0.03,0.2,0.2,0.1,6,100000,1876,0.01876,L_independent_error_events_per_trial
L64_q0003_q1020_t010,honest,2026083017,64,0.03,0.2,0.03,0.1,6,100000,99691,0.99691,L_independent_error_events_per_trial
L64_q0003_q1020_t010,attack,2026083017,64,0.03,0.2,0.2,0.1,6,100000,1762,0.01762,L_independent_error_events_per_trial
L64_q0003_q1020_t010,honest,2026083018,64,0.03,0.2,0.03,0.1,6,100000,99715,0.99715,L_independent_error_events_per_trial
L64_q0003_q1020_t010,attack,2026083018,64,0.03,0.2,0.2,0.1,6,100000,1823,0.01823,L_independent_error_events_per_trial
L64_q0003_q1020_t010,honest,2026083019,64,0.03,0.2,0.03,0.1,6,100000,99696,0.99696,L_independent_error_events_per_trial
L64_q0003_q1020_t010,attack,2026083019,64,0.03,0.2,0.2,0.1,6,100000,1801,0.01801,L_independent_error_events_per_trial
L64_q0003_q1020_t010,honest,2026083020,64,0.03,0.2,0.03,0.1,6,100000,99692,0.99692,L_independent_error_events_per_trial
L64_q0003_q1020_t010,attack,2026083020,64,0.03,0.2,0.2,0.1,6,100000,1824,0.01824,L_independent_error_events_per_trial
L64_q0003_q1020_t010,honest,2026083021,64,0.03,0.2,0.03,0.1,6,100000,99684,0.99684,L_independent_error_events_per_trial
L64_q0003_q1020_t010,attack,2026083021,64,0.03,0.2,0.2,0.1,6,100000,1731,0.01731,L_independent_error_events_per_trial
L64_q0003_q1020_t010,honest,2026083022,64,0.03,0.2,0.03,0.1,6,100000,99711,0.99711,L_independent_error_events_per_trial
L64_q0003_q1020_t010,attack,2026083022,64,0.03,0.2,0.2,0.1,6,100000,1840,0.0184,L_independent_error_events_per_trial
L64_q0003_q1020_t010,honest,2026083023,64,0.03,0.2,0.03,0.1,6,100000,99686,0.99686,L_independent_error_events_per_trial
L64_q0003_q1020_t010,attack,2026083023,64,0.03,0.2,0.2,0.1,6,100000,1825,0.01825,L_independent_error_events_per_trial
L64_q0003_q1020_t010,honest,2026083024,64,0.03,0.2,0.03,0.1,6,100000,99709,0.99709,L_independent_error_events_per_trial
L64_q0003_q1020_t010,attack,2026083024,64,0.03,0.2,0.2,0.1,6,100000,1709,0.01709,L_independent_error_events_per_trial
L64_q0003_q1020_t010,honest,2026083025,64,0.03,0.2,0.03,0.1,6,100000,99732,0.99732,L_independent_error_events_per_trial
L64_q0003_q1020_t010,attack,2026083025,64,0.03,0.2,0.2,0.1,6,100000,1785,0.01785,L_independent_error_events_per_trial
L64_q0003_q1020_t010,honest,2026083026,64,0.03,0.2,0.03,0.1,6,100000,99696,0.99696,L_independent_error_events_per_trial
L64_q0003_q1020_t010,attack,2026083026,64,0.03,0.2,0.2,0.1,6,100000,1909,0.01909,L_independent_error_events_per_trial
L64_q0003_q1020_t010,honest,2026083027,64,0.03,0.2,0.03,0.1,6,100000,99671,0.99671,L_independent_error_events_per_trial
L64_q0003_q1020_t010,attack,2026083027,64,0.03,0.2,0.2,0.1,6,100000,1864,0.01864,L_independent_error_events_per_trial
L64_q0003_q1020_t010,honest,2026083028,64,0.03,0.2,0.03,0.1,6,100000,99690,0.9969,L_independent_error_events_per_trial
L64_q0003_q1020_t010,attack,2026083028,64,0.03,0.2,0.2,0.1,6,100000,1821,0.01821,L_independent_error_events_per_trial
L64_q0003_q1020_t010,honest,2026083029,64,0.03,0.2,0.03,0.1,6,100000,99712,0.99712,L_independent_error_events_per_trial
L64_q0003_q1020_t010,attack,2026083029,64,0.03,0.2,0.2,0.1,6,100000,1868,0.01868,L_independent_error_events_per_trial
L64_q0003_q1020_t010,honest,2026083030,64,0.03,0.2,0.03,0.1,6,100000,99712,0.99712,L_independent_error_events_per_trial
L64_q0003_q1020_t010,attack,2026083030,64,0.03,0.2,0.2,0.1,6,100000,1771,0.01771,L_independent_error_events_per_trial
L64_q0003_q1020_t015,honest,2026083001,64,0.03,0.2,0.03,0.15,9,100000,99999,0.99999,L_independent_error_events_per_trial
L64_q0003_q1020_t015,attack,2026083001,64,0.03,0.2,0.2,0.15,9,100000,14945,0.14945,L_independent_error_events_per_trial
L64_q0003_q1020_t015,honest,2026083002,64,0.03,0.2,0.03,0.15,9,100000,99998,0.99998,L_independent_error_events_per_trial
L64_q0003_q1020_t015,attack,2026083002,64,0.03,0.2,0.2,0.15,9,100000,14980,0.1498,L_independent_error_events_per_trial
L64_q0003_q1020_t015,honest,2026083003,64,0.03,0.2,0.03,0.15,9,100000,99997,0.99997,L_independent_error_events_per_trial
L64_q0003_q1020_t015,attack,2026083003,64,0.03,0.2,0.2,0.15,9,100000,14897,0.14897,L_independent_error_events_per_trial
L64_q0003_q1020_t015,honest,2026083004,64,0.03,0.2,0.03,0.15,9,100000,99999,0.99999,L_independent_error_events_per_trial
L64_q0003_q1020_t015,attack,2026083004,64,0.03,0.2,0.2,0.15,9,100000,15050,0.1505,L_independent_error_events_per_trial
L64_q0003_q1020_t015,honest,2026083005,64,0.03,0.2,0.03,0.15,9,100000,99996,0.99996,L_independent_error_events_per_trial
L64_q0003_q1020_t015,attack,2026083005,64,0.03,0.2,0.2,0.15,9,100000,15150,0.1515,L_independent_error_events_per_trial
L64_q0003_q1020_t015,honest,2026083006,64,0.03,0.2,0.03,0.15,9,100000,100000,1.0,L_independent_error_events_per_trial
L64_q0003_q1020_t015,attack,2026083006,64,0.03,0.2,0.2,0.15,9,100000,14863,0.14863,L_independent_error_events_per_trial
L64_q0003_q1020_t015,honest,2026083007,64,0.03,0.2,0.03,0.15,9,100000,99999,0.99999,L_independent_error_events_per_trial
L64_q0003_q1020_t015,attack,2026083007,64,0.03,0.2,0.2,0.15,9,100000,14887,0.14887,L_independent_error_events_per_trial
L64_q0003_q1020_t015,honest,2026083008,64,0.03,0.2,0.03,0.15,9,100000,100000,1.0,L_independent_error_events_per_trial
L64_q0003_q1020_t015,attack,2026083008,64,0.03,0.2,0.2,0.15,9,100000,15009,0.15009,L_independent_error_events_per_trial
L64_q0003_q1020_t015,honest,2026083009,64,0.03,0.2,0.03,0.15,9,100000,99997,0.99997,L_independent_error_events_per_trial
L64_q0003_q1020_t015,attack,2026083009,64,0.03,0.2,0.2,0.15,9,100000,15177,0.15177,L_independent_error_events_per_trial
L64_q0003_q1020_t015,honest,2026083010,64,0.03,0.2,0.03,0.15,9,100000,99999,0.99999,L_independent_error_events_per_trial
L64_q0003_q1020_t015,attack,2026083010,64,0.03,0.2,0.2,0.15,9,100000,14797,0.14797,L_independent_error_events_per_trial
L64_q0003_q1020_t015,honest,2026083011,64,0.03,0.2,0.03,0.15,9,100000,99998,0.99998,L_independent_error_events_per_trial
L64_q0003_q1020_t015,attack,2026083011,64,0.03,0.2,0.2,0.15,9,100000,14856,0.14856,L_independent_error_events_per_trial
L64_q0003_q1020_t015,honest,2026083012,64,0.03,0.2,0.03,0.15,9,100000,99997,0.99997,L_independent_error_events_per_trial
L64_q0003_q1020_t015,attack,2026083012,64,0.03,0.2,0.2,0.15,9,100000,15026,0.15026,L_independent_error_events_per_trial
L64_q0003_q1020_t015,honest,2026083013,64,0.03,0.2,0.03,0.15,9,100000,99995,0.99995,L_independent_error_events_per_trial
L64_q0003_q1020_t015,attack,2026083013,64,0.03,0.2,0.2,0.15,9,100000,14948,0.14948,L_independent_error_events_per_trial
L64_q0003_q1020_t015,honest,2026083014,64,0.03,0.2,0.03,0.15,9,100000,99999,0.99999,L_independent_error_events_per_trial
L64_q0003_q1020_t015,attack,2026083014,64,0.03,0.2,0.2,0.15,9,100000,15154,0.15154,L_independent_error_events_per_trial
L64_q0003_q1020_t015,honest,2026083015,64,0.03,0.2,0.03,0.15,9,100000,99997,0.99997,L_independent_error_events_per_trial
L64_q0003_q1020_t015,attack,2026083015,64,0.03,0.2,0.2,0.15,9,100000,15048,0.15048,L_independent_error_events_per_trial
L64_q0003_q1020_t015,honest,2026083016,64,0.03,0.2,0.03,0.15,9,100000,99997,0.99997,L_independent_error_events_per_trial
L64_q0003_q1020_t015,attack,2026083016,64,0.03,0.2,0.2,0.15,9,100000,15021,0.15021,L_independent_error_events_per_trial
L64_q0003_q1020_t015,honest,2026083017,64,0.03,0.2,0.03,0.15,9,100000,99996,0.99996,L_independent_error_events_per_trial
L64_q0003_q1020_t015,attack,2026083017,64,0.03,0.2,0.2,0.15,9,100000,14972,0.14972,L_independent_error_events_per_trial
L64_q0003_q1020_t015,honest,2026083018,64,0.03,0.2,0.03,0.15,9,100000,99997,0.99997,L_independent_error_events_per_trial
L64_q0003_q1020_t015,attack,2026083018,64,0.03,0.2,0.2,0.15,9,100000,15065,0.15065,L_independent_error_events_per_trial
L64_q0003_q1020_t015,honest,2026083019,64,0.03,0.2,0.03,0.15,9,100000,100000,1.0,L_independent_error_events_per_trial
L64_q0003_q1020_t015,attack,2026083019,64,0.03,0.2,0.2,0.15,9,100000,15133,0.15133,L_independent_error_events_per_trial
L64_q0003_q1020_t015,honest,2026083020,64,0.03,0.2,0.03,0.15,9,100000,99994,0.99994,L_independent_error_events_per_trial
L64_q0003_q1020_t015,attack,2026083020,64,0.03,0.2,0.2,0.15,9,100000,15025,0.15025,L_independent_error_events_per_trial
L64_q0003_q1020_t015,honest,2026083021,64,0.03,0.2,0.03,0.15,9,100000,99998,0.99998,L_independent_error_events_per_trial
L64_q0003_q1020_t015,attack,2026083021,64,0.03,0.2,0.2,0.15,9,100000,15007,0.15007,L_independent_error_events_per_trial
L64_q0003_q1020_t015,honest,2026083022,64,0.03,0.2,0.03,0.15,9,100000,100000,1.0,L_independent_error_events_per_trial
L64_q0003_q1020_t015,attack,2026083022,64,0.03,0.2,0.2,0.15,9,100000,15125,0.15125,L_independent_error_events_per_trial
L64_q0003_q1020_t015,honest,2026083023,64,0.03,0.2,0.03,0.15,9,100000,99998,0.99998,L_independent_error_events_per_trial
L64_q0003_q1020_t015,attack,2026083023,64,0.03,0.2,0.2,0.15,9,100000,14935,0.14935,L_independent_error_events_per_trial
L64_q0003_q1020_t015,honest,2026083024,64,0.03,0.2,0.03,0.15,9,100000,99998,0.99998,L_independent_error_events_per_trial
L64_q0003_q1020_t015,attack,2026083024,64,0.03,0.2,0.2,0.15,9,100000,14919,0.14919,L_independent_error_events_per_trial
L64_q0003_q1020_t015,honest,2026083025,64,0.03,0.2,0.03,0.15,9,100000,99999,0.99999,L_independent_error_events_per_trial
L64_q0003_q1020_t015,attack,2026083025,64,0.03,0.2,0.2,0.15,9,100000,14889,0.14889,L_independent_error_events_per_trial
L64_q0003_q1020_t015,honest,2026083026,64,0.03,0.2,0.03,0.15,9,100000,99996,0.99996,L_independent_error_events_per_trial
L64_q0003_q1020_t015,attack,2026083026,64,0.03,0.2,0.2,0.15,9,100000,15207,0.15207,L_independent_error_events_per_trial
L64_q0003_q1020_t015,honest,2026083027,64,0.03,0.2,0.03,0.15,9,100000,100000,1.0,L_independent_error_events_per_trial
L64_q0003_q1020_t015,attack,2026083027,64,0.03,0.2,0.2,0.15,9,100000,14908,0.14908,L_independent_error_events_per_trial
L64_q0003_q1020_t015,honest,2026083028,64,0.03,0.2,0.03,0.15,9,100000,100000,1.0,L_independent_error_events_per_trial
L64_q0003_q1020_t015,attack,2026083028,64,0.03,0.2,0.2,0.15,9,100000,14948,0.14948,L_independent_error_events_per_trial
L64_q0003_q1020_t015,honest,2026083029,64,0.03,0.2,0.03,0.15,9,100000,99996,0.99996,L_independent_error_events_per_trial
L64_q0003_q1020_t015,attack,2026083029,64,0.03,0.2,0.2,0.15,9,100000,15197,0.15197,L_independent_error_events_per_trial
L64_q0003_q1020_t015,honest,2026083030,64,0.03,0.2,0.03,0.15,9,100000,99999,0.99999,L_independent_error_events_per_trial
L64_q0003_q1020_t015,attack,2026083030,64,0.03,0.2,0.2,0.15,9,100000,15055,0.15055,L_independent_error_events_per_trial
L64_q0005_q1020_t005,honest,2026083001,64,0.05,0.2,0.05,0.05,3,100000,59746,0.59746,L_independent_error_events_per_trial
L64_q0005_q1020_t005,attack,2026083001,64,0.05,0.2,0.2,0.05,3,100000,36,0.00036,L_independent_error_events_per_trial
L64_q0005_q1020_t005,honest,2026083002,64,0.05,0.2,0.05,0.05,3,100000,60067,0.60067,L_independent_error_events_per_trial
L64_q0005_q1020_t005,attack,2026083002,64,0.05,0.2,0.2,0.05,3,100000,44,0.00044,L_independent_error_events_per_trial
L64_q0005_q1020_t005,honest,2026083003,64,0.05,0.2,0.05,0.05,3,100000,60086,0.60086,L_independent_error_events_per_trial
L64_q0005_q1020_t005,attack,2026083003,64,0.05,0.2,0.2,0.05,3,100000,56,0.00056,L_independent_error_events_per_trial
L64_q0005_q1020_t005,honest,2026083004,64,0.05,0.2,0.05,0.05,3,100000,60198,0.60198,L_independent_error_events_per_trial
L64_q0005_q1020_t005,attack,2026083004,64,0.05,0.2,0.2,0.05,3,100000,54,0.00054,L_independent_error_events_per_trial
L64_q0005_q1020_t005,honest,2026083005,64,0.05,0.2,0.05,0.05,3,100000,60108,0.60108,L_independent_error_events_per_trial
L64_q0005_q1020_t005,attack,2026083005,64,0.05,0.2,0.2,0.05,3,100000,42,0.00042,L_independent_error_events_per_trial
L64_q0005_q1020_t005,honest,2026083006,64,0.05,0.2,0.05,0.05,3,100000,60200,0.602,L_independent_error_events_per_trial
L64_q0005_q1020_t005,attack,2026083006,64,0.05,0.2,0.2,0.05,3,100000,47,0.00047,L_independent_error_events_per_trial
L64_q0005_q1020_t005,honest,2026083007,64,0.05,0.2,0.05,0.05,3,100000,60038,0.60038,L_independent_error_events_per_trial
L64_q0005_q1020_t005,attack,2026083007,64,0.05,0.2,0.2,0.05,3,100000,52,0.00052,L_independent_error_events_per_trial
L64_q0005_q1020_t005,honest,2026083008,64,0.05,0.2,0.05,0.05,3,100000,60405,0.60405,L_independent_error_events_per_trial
L64_q0005_q1020_t005,attack,2026083008,64,0.05,0.2,0.2,0.05,3,100000,49,0.00049,L_independent_error_events_per_trial
L64_q0005_q1020_t005,honest,2026083009,64,0.05,0.2,0.05,0.05,3,100000,60262,0.60262,L_independent_error_events_per_trial
L64_q0005_q1020_t005,attack,2026083009,64,0.05,0.2,0.2,0.05,3,100000,60,0.0006,L_independent_error_events_per_trial
L64_q0005_q1020_t005,honest,2026083010,64,0.05,0.2,0.05,0.05,3,100000,60214,0.60214,L_independent_error_events_per_trial
L64_q0005_q1020_t005,attack,2026083010,64,0.05,0.2,0.2,0.05,3,100000,60,0.0006,L_independent_error_events_per_trial
L64_q0005_q1020_t005,honest,2026083011,64,0.05,0.2,0.05,0.05,3,100000,59977,0.59977,L_independent_error_events_per_trial
L64_q0005_q1020_t005,attack,2026083011,64,0.05,0.2,0.2,0.05,3,100000,57,0.00057,L_independent_error_events_per_trial
L64_q0005_q1020_t005,honest,2026083012,64,0.05,0.2,0.05,0.05,3,100000,59863,0.59863,L_independent_error_events_per_trial
L64_q0005_q1020_t005,attack,2026083012,64,0.05,0.2,0.2,0.05,3,100000,54,0.00054,L_independent_error_events_per_trial
L64_q0005_q1020_t005,honest,2026083013,64,0.05,0.2,0.05,0.05,3,100000,60321,0.60321,L_independent_error_events_per_trial
L64_q0005_q1020_t005,attack,2026083013,64,0.05,0.2,0.2,0.05,3,100000,39,0.00039,L_independent_error_events_per_trial
L64_q0005_q1020_t005,honest,2026083014,64,0.05,0.2,0.05,0.05,3,100000,59839,0.59839,L_independent_error_events_per_trial
L64_q0005_q1020_t005,attack,2026083014,64,0.05,0.2,0.2,0.05,3,100000,53,0.00053,L_independent_error_events_per_trial
L64_q0005_q1020_t005,honest,2026083015,64,0.05,0.2,0.05,0.05,3,100000,60053,0.60053,L_independent_error_events_per_trial
L64_q0005_q1020_t005,attack,2026083015,64,0.05,0.2,0.2,0.05,3,100000,54,0.00054,L_independent_error_events_per_trial
L64_q0005_q1020_t005,honest,2026083016,64,0.05,0.2,0.05,0.05,3,100000,60015,0.60015,L_independent_error_events_per_trial
L64_q0005_q1020_t005,attack,2026083016,64,0.05,0.2,0.2,0.05,3,100000,41,0.00041,L_independent_error_events_per_trial
L64_q0005_q1020_t005,honest,2026083017,64,0.05,0.2,0.05,0.05,3,100000,60080,0.6008,L_independent_error_events_per_trial
L64_q0005_q1020_t005,attack,2026083017,64,0.05,0.2,0.2,0.05,3,100000,60,0.0006,L_independent_error_events_per_trial
L64_q0005_q1020_t005,honest,2026083018,64,0.05,0.2,0.05,0.05,3,100000,60129,0.60129,L_independent_error_events_per_trial
L64_q0005_q1020_t005,attack,2026083018,64,0.05,0.2,0.2,0.05,3,100000,49,0.00049,L_independent_error_events_per_trial
L64_q0005_q1020_t005,honest,2026083019,64,0.05,0.2,0.05,0.05,3,100000,60421,0.60421,L_independent_error_events_per_trial
L64_q0005_q1020_t005,attack,2026083019,64,0.05,0.2,0.2,0.05,3,100000,46,0.00046,L_independent_error_events_per_trial
L64_q0005_q1020_t005,honest,2026083020,64,0.05,0.2,0.05,0.05,3,100000,59997,0.59997,L_independent_error_events_per_trial
L64_q0005_q1020_t005,attack,2026083020,64,0.05,0.2,0.2,0.05,3,100000,53,0.00053,L_independent_error_events_per_trial
L64_q0005_q1020_t005,honest,2026083021,64,0.05,0.2,0.05,0.05,3,100000,59981,0.59981,L_independent_error_events_per_trial
L64_q0005_q1020_t005,attack,2026083021,64,0.05,0.2,0.2,0.05,3,100000,47,0.00047,L_independent_error_events_per_trial
L64_q0005_q1020_t005,honest,2026083022,64,0.05,0.2,0.05,0.05,3,100000,60210,0.6021,L_independent_error_events_per_trial
L64_q0005_q1020_t005,attack,2026083022,64,0.05,0.2,0.2,0.05,3,100000,49,0.00049,L_independent_error_events_per_trial
L64_q0005_q1020_t005,honest,2026083023,64,0.05,0.2,0.05,0.05,3,100000,60180,0.6018,L_independent_error_events_per_trial
L64_q0005_q1020_t005,attack,2026083023,64,0.05,0.2,0.2,0.05,3,100000,49,0.00049,L_independent_error_events_per_trial
L64_q0005_q1020_t005,honest,2026083024,64,0.05,0.2,0.05,0.05,3,100000,60332,0.60332,L_independent_error_events_per_trial
L64_q0005_q1020_t005,attack,2026083024,64,0.05,0.2,0.2,0.05,3,100000,47,0.00047,L_independent_error_events_per_trial
L64_q0005_q1020_t005,honest,2026083025,64,0.05,0.2,0.05,0.05,3,100000,59994,0.59994,L_independent_error_events_per_trial
L64_q0005_q1020_t005,attack,2026083025,64,0.05,0.2,0.2,0.05,3,100000,55,0.00055,L_independent_error_events_per_trial
L64_q0005_q1020_t005,honest,2026083026,64,0.05,0.2,0.05,0.05,3,100000,59985,0.59985,L_independent_error_events_per_trial
L64_q0005_q1020_t005,attack,2026083026,64,0.05,0.2,0.2,0.05,3,100000,48,0.00048,L_independent_error_events_per_trial
L64_q0005_q1020_t005,honest,2026083027,64,0.05,0.2,0.05,0.05,3,100000,60209,0.60209,L_independent_error_events_per_trial
L64_q0005_q1020_t005,attack,2026083027,64,0.05,0.2,0.2,0.05,3,100000,47,0.00047,L_independent_error_events_per_trial
L64_q0005_q1020_t005,honest,2026083028,64,0.05,0.2,0.05,0.05,3,100000,60123,0.60123,L_independent_error_events_per_trial
L64_q0005_q1020_t005,attack,2026083028,64,0.05,0.2,0.2,0.05,3,100000,46,0.00046,L_independent_error_events_per_trial
L64_q0005_q1020_t005,honest,2026083029,64,0.05,0.2,0.05,0.05,3,100000,60167,0.60167,L_independent_error_events_per_trial
L64_q0005_q1020_t005,attack,2026083029,64,0.05,0.2,0.2,0.05,3,100000,51,0.00051,L_independent_error_events_per_trial
L64_q0005_q1020_t005,honest,2026083030,64,0.05,0.2,0.05,0.05,3,100000,60137,0.60137,L_independent_error_events_per_trial
L64_q0005_q1020_t005,attack,2026083030,64,0.05,0.2,0.2,0.05,3,100000,51,0.00051,L_independent_error_events_per_trial
L64_q0005_q1020_t010,honest,2026083001,64,0.05,0.2,0.05,0.1,6,100000,95903,0.95903,L_independent_error_events_per_trial
L64_q0005_q1020_t010,attack,2026083001,64,0.05,0.2,0.2,0.1,6,100000,1865,0.01865,L_independent_error_events_per_trial
L64_q0005_q1020_t010,honest,2026083002,64,0.05,0.2,0.05,0.1,6,100000,95884,0.95884,L_independent_error_events_per_trial
L64_q0005_q1020_t010,attack,2026083002,64,0.05,0.2,0.2,0.1,6,100000,1819,0.01819,L_independent_error_events_per_trial
L64_q0005_q1020_t010,honest,2026083003,64,0.05,0.2,0.05,0.1,6,100000,95998,0.95998,L_independent_error_events_per_trial
L64_q0005_q1020_t010,attack,2026083003,64,0.05,0.2,0.2,0.1,6,100000,1820,0.0182,L_independent_error_events_per_trial
L64_q0005_q1020_t010,honest,2026083004,64,0.05,0.2,0.05,0.1,6,100000,95902,0.95902,L_independent_error_events_per_trial
L64_q0005_q1020_t010,attack,2026083004,64,0.05,0.2,0.2,0.1,6,100000,1820,0.0182,L_independent_error_events_per_trial
L64_q0005_q1020_t010,honest,2026083005,64,0.05,0.2,0.05,0.1,6,100000,95989,0.95989,L_independent_error_events_per_trial
L64_q0005_q1020_t010,attack,2026083005,64,0.05,0.2,0.2,0.1,6,100000,1773,0.01773,L_independent_error_events_per_trial
L64_q0005_q1020_t010,honest,2026083006,64,0.05,0.2,0.05,0.1,6,100000,95948,0.95948,L_independent_error_events_per_trial
L64_q0005_q1020_t010,attack,2026083006,64,0.05,0.2,0.2,0.1,6,100000,1786,0.01786,L_independent_error_events_per_trial
L64_q0005_q1020_t010,honest,2026083007,64,0.05,0.2,0.05,0.1,6,100000,95932,0.95932,L_independent_error_events_per_trial
L64_q0005_q1020_t010,attack,2026083007,64,0.05,0.2,0.2,0.1,6,100000,1765,0.01765,L_independent_error_events_per_trial
L64_q0005_q1020_t010,honest,2026083008,64,0.05,0.2,0.05,0.1,6,100000,96025,0.96025,L_independent_error_events_per_trial
L64_q0005_q1020_t010,attack,2026083008,64,0.05,0.2,0.2,0.1,6,100000,1768,0.01768,L_independent_error_events_per_trial
L64_q0005_q1020_t010,honest,2026083009,64,0.05,0.2,0.05,0.1,6,100000,96029,0.96029,L_independent_error_events_per_trial
L64_q0005_q1020_t010,attack,2026083009,64,0.05,0.2,0.2,0.1,6,100000,1827,0.01827,L_independent_error_events_per_trial
L64_q0005_q1020_t010,honest,2026083010,64,0.05,0.2,0.05,0.1,6,100000,95914,0.95914,L_independent_error_events_per_trial
L64_q0005_q1020_t010,attack,2026083010,64,0.05,0.2,0.2,0.1,6,100000,1763,0.01763,L_independent_error_events_per_trial
L64_q0005_q1020_t010,honest,2026083011,64,0.05,0.2,0.05,0.1,6,100000,95892,0.95892,L_independent_error_events_per_trial
L64_q0005_q1020_t010,attack,2026083011,64,0.05,0.2,0.2,0.1,6,100000,1679,0.01679,L_independent_error_events_per_trial
L64_q0005_q1020_t010,honest,2026083012,64,0.05,0.2,0.05,0.1,6,100000,95888,0.95888,L_independent_error_events_per_trial
L64_q0005_q1020_t010,attack,2026083012,64,0.05,0.2,0.2,0.1,6,100000,1813,0.01813,L_independent_error_events_per_trial
L64_q0005_q1020_t010,honest,2026083013,64,0.05,0.2,0.05,0.1,6,100000,95969,0.95969,L_independent_error_events_per_trial
L64_q0005_q1020_t010,attack,2026083013,64,0.05,0.2,0.2,0.1,6,100000,1793,0.01793,L_independent_error_events_per_trial
L64_q0005_q1020_t010,honest,2026083014,64,0.05,0.2,0.05,0.1,6,100000,95916,0.95916,L_independent_error_events_per_trial
L64_q0005_q1020_t010,attack,2026083014,64,0.05,0.2,0.2,0.1,6,100000,1807,0.01807,L_independent_error_events_per_trial
L64_q0005_q1020_t010,honest,2026083015,64,0.05,0.2,0.05,0.1,6,100000,95956,0.95956,L_independent_error_events_per_trial
L64_q0005_q1020_t010,attack,2026083015,64,0.05,0.2,0.2,0.1,6,100000,1888,0.01888,L_independent_error_events_per_trial
L64_q0005_q1020_t010,honest,2026083016,64,0.05,0.2,0.05,0.1,6,100000,95977,0.95977,L_independent_error_events_per_trial
L64_q0005_q1020_t010,attack,2026083016,64,0.05,0.2,0.2,0.1,6,100000,1876,0.01876,L_independent_error_events_per_trial
L64_q0005_q1020_t010,honest,2026083017,64,0.05,0.2,0.05,0.1,6,100000,96035,0.96035,L_independent_error_events_per_trial
L64_q0005_q1020_t010,attack,2026083017,64,0.05,0.2,0.2,0.1,6,100000,1762,0.01762,L_independent_error_events_per_trial
L64_q0005_q1020_t010,honest,2026083018,64,0.05,0.2,0.05,0.1,6,100000,96025,0.96025,L_independent_error_events_per_trial
L64_q0005_q1020_t010,attack,2026083018,64,0.05,0.2,0.2,0.1,6,100000,1823,0.01823,L_independent_error_events_per_trial
L64_q0005_q1020_t010,honest,2026083019,64,0.05,0.2,0.05,0.1,6,100000,95935,0.95935,L_independent_error_events_per_trial
L64_q0005_q1020_t010,attack,2026083019,64,0.05,0.2,0.2,0.1,6,100000,1801,0.01801,L_independent_error_events_per_trial
L64_q0005_q1020_t010,honest,2026083020,64,0.05,0.2,0.05,0.1,6,100000,95964,0.95964,L_independent_error_events_per_trial
L64_q0005_q1020_t010,attack,2026083020,64,0.05,0.2,0.2,0.1,6,100000,1824,0.01824,L_independent_error_events_per_trial
L64_q0005_q1020_t010,honest,2026083021,64,0.05,0.2,0.05,0.1,6,100000,95975,0.95975,L_independent_error_events_per_trial
L64_q0005_q1020_t010,attack,2026083021,64,0.05,0.2,0.2,0.1,6,100000,1731,0.01731,L_independent_error_events_per_trial
L64_q0005_q1020_t010,honest,2026083022,64,0.05,0.2,0.05,0.1,6,100000,95919,0.95919,L_independent_error_events_per_trial
L64_q0005_q1020_t010,attack,2026083022,64,0.05,0.2,0.2,0.1,6,100000,1840,0.0184,L_independent_error_events_per_trial
L64_q0005_q1020_t010,honest,2026083023,64,0.05,0.2,0.05,0.1,6,100000,95968,0.95968,L_independent_error_events_per_trial
L64_q0005_q1020_t010,attack,2026083023,64,0.05,0.2,0.2,0.1,6,100000,1825,0.01825,L_independent_error_events_per_trial
L64_q0005_q1020_t010,honest,2026083024,64,0.05,0.2,0.05,0.1,6,100000,95989,0.95989,L_independent_error_events_per_trial
L64_q0005_q1020_t010,attack,2026083024,64,0.05,0.2,0.2,0.1,6,100000,1709,0.01709,L_independent_error_events_per_trial
L64_q0005_q1020_t010,honest,2026083025,64,0.05,0.2,0.05,0.1,6,100000,96007,0.96007,L_independent_error_events_per_trial
L64_q0005_q1020_t010,attack,2026083025,64,0.05,0.2,0.2,0.1,6,100000,1785,0.01785,L_independent_error_events_per_trial
L64_q0005_q1020_t010,honest,2026083026,64,0.05,0.2,0.05,0.1,6,100000,95999,0.95999,L_independent_error_events_per_trial
L64_q0005_q1020_t010,attack,2026083026,64,0.05,0.2,0.2,0.1,6,100000,1909,0.01909,L_independent_error_events_per_trial
L64_q0005_q1020_t010,honest,2026083027,64,0.05,0.2,0.05,0.1,6,100000,95930,0.9593,L_independent_error_events_per_trial
L64_q0005_q1020_t010,attack,2026083027,64,0.05,0.2,0.2,0.1,6,100000,1864,0.01864,L_independent_error_events_per_trial
L64_q0005_q1020_t010,honest,2026083028,64,0.05,0.2,0.05,0.1,6,100000,96023,0.96023,L_independent_error_events_per_trial
L64_q0005_q1020_t010,attack,2026083028,64,0.05,0.2,0.2,0.1,6,100000,1821,0.01821,L_independent_error_events_per_trial
L64_q0005_q1020_t010,honest,2026083029,64,0.05,0.2,0.05,0.1,6,100000,95953,0.95953,L_independent_error_events_per_trial
L64_q0005_q1020_t010,attack,2026083029,64,0.05,0.2,0.2,0.1,6,100000,1868,0.01868,L_independent_error_events_per_trial
L64_q0005_q1020_t010,honest,2026083030,64,0.05,0.2,0.05,0.1,6,100000,95953,0.95953,L_independent_error_events_per_trial
L64_q0005_q1020_t010,attack,2026083030,64,0.05,0.2,0.2,0.1,6,100000,1771,0.01771,L_independent_error_events_per_trial
L64_q0005_q1020_t015,honest,2026083001,64,0.05,0.2,0.05,0.15,9,100000,99885,0.99885,L_independent_error_events_per_trial
L64_q0005_q1020_t015,attack,2026083001,64,0.05,0.2,0.2,0.15,9,100000,14945,0.14945,L_independent_error_events_per_trial
L64_q0005_q1020_t015,honest,2026083002,64,0.05,0.2,0.05,0.15,9,100000,99878,0.99878,L_independent_error_events_per_trial
L64_q0005_q1020_t015,attack,2026083002,64,0.05,0.2,0.2,0.15,9,100000,14980,0.1498,L_independent_error_events_per_trial
L64_q0005_q1020_t015,honest,2026083003,64,0.05,0.2,0.05,0.15,9,100000,99883,0.99883,L_independent_error_events_per_trial
L64_q0005_q1020_t015,attack,2026083003,64,0.05,0.2,0.2,0.15,9,100000,14897,0.14897,L_independent_error_events_per_trial
L64_q0005_q1020_t015,honest,2026083004,64,0.05,0.2,0.05,0.15,9,100000,99883,0.99883,L_independent_error_events_per_trial
L64_q0005_q1020_t015,attack,2026083004,64,0.05,0.2,0.2,0.15,9,100000,15050,0.1505,L_independent_error_events_per_trial
L64_q0005_q1020_t015,honest,2026083005,64,0.05,0.2,0.05,0.15,9,100000,99874,0.99874,L_independent_error_events_per_trial
L64_q0005_q1020_t015,attack,2026083005,64,0.05,0.2,0.2,0.15,9,100000,15150,0.1515,L_independent_error_events_per_trial
L64_q0005_q1020_t015,honest,2026083006,64,0.05,0.2,0.05,0.15,9,100000,99874,0.99874,L_independent_error_events_per_trial
L64_q0005_q1020_t015,attack,2026083006,64,0.05,0.2,0.2,0.15,9,100000,14863,0.14863,L_independent_error_events_per_trial
L64_q0005_q1020_t015,honest,2026083007,64,0.05,0.2,0.05,0.15,9,100000,99869,0.99869,L_independent_error_events_per_trial
L64_q0005_q1020_t015,attack,2026083007,64,0.05,0.2,0.2,0.15,9,100000,14887,0.14887,L_independent_error_events_per_trial
L64_q0005_q1020_t015,honest,2026083008,64,0.05,0.2,0.05,0.15,9,100000,99872,0.99872,L_independent_error_events_per_trial
L64_q0005_q1020_t015,attack,2026083008,64,0.05,0.2,0.2,0.15,9,100000,15009,0.15009,L_independent_error_events_per_trial
L64_q0005_q1020_t015,honest,2026083009,64,0.05,0.2,0.05,0.15,9,100000,99876,0.99876,L_independent_error_events_per_trial
L64_q0005_q1020_t015,attack,2026083009,64,0.05,0.2,0.2,0.15,9,100000,15177,0.15177,L_independent_error_events_per_trial
L64_q0005_q1020_t015,honest,2026083010,64,0.05,0.2,0.05,0.15,9,100000,99877,0.99877,L_independent_error_events_per_trial
L64_q0005_q1020_t015,attack,2026083010,64,0.05,0.2,0.2,0.15,9,100000,14797,0.14797,L_independent_error_events_per_trial
L64_q0005_q1020_t015,honest,2026083011,64,0.05,0.2,0.05,0.15,9,100000,99880,0.9988,L_independent_error_events_per_trial
L64_q0005_q1020_t015,attack,2026083011,64,0.05,0.2,0.2,0.15,9,100000,14856,0.14856,L_independent_error_events_per_trial
L64_q0005_q1020_t015,honest,2026083012,64,0.05,0.2,0.05,0.15,9,100000,99891,0.99891,L_independent_error_events_per_trial
L64_q0005_q1020_t015,attack,2026083012,64,0.05,0.2,0.2,0.15,9,100000,15026,0.15026,L_independent_error_events_per_trial
L64_q0005_q1020_t015,honest,2026083013,64,0.05,0.2,0.05,0.15,9,100000,99872,0.99872,L_independent_error_events_per_trial
L64_q0005_q1020_t015,attack,2026083013,64,0.05,0.2,0.2,0.15,9,100000,14948,0.14948,L_independent_error_events_per_trial
L64_q0005_q1020_t015,honest,2026083014,64,0.05,0.2,0.05,0.15,9,100000,99869,0.99869,L_independent_error_events_per_trial
L64_q0005_q1020_t015,attack,2026083014,64,0.05,0.2,0.2,0.15,9,100000,15154,0.15154,L_independent_error_events_per_trial
L64_q0005_q1020_t015,honest,2026083015,64,0.05,0.2,0.05,0.15,9,100000,99889,0.99889,L_independent_error_events_per_trial
L64_q0005_q1020_t015,attack,2026083015,64,0.05,0.2,0.2,0.15,9,100000,15048,0.15048,L_independent_error_events_per_trial
L64_q0005_q1020_t015,honest,2026083016,64,0.05,0.2,0.05,0.15,9,100000,99867,0.99867,L_independent_error_events_per_trial
L64_q0005_q1020_t015,attack,2026083016,64,0.05,0.2,0.2,0.15,9,100000,15021,0.15021,L_independent_error_events_per_trial
L64_q0005_q1020_t015,honest,2026083017,64,0.05,0.2,0.05,0.15,9,100000,99879,0.99879,L_independent_error_events_per_trial
L64_q0005_q1020_t015,attack,2026083017,64,0.05,0.2,0.2,0.15,9,100000,14972,0.14972,L_independent_error_events_per_trial
L64_q0005_q1020_t015,honest,2026083018,64,0.05,0.2,0.05,0.15,9,100000,99881,0.99881,L_independent_error_events_per_trial
L64_q0005_q1020_t015,attack,2026083018,64,0.05,0.2,0.2,0.15,9,100000,15065,0.15065,L_independent_error_events_per_trial
L64_q0005_q1020_t015,honest,2026083019,64,0.05,0.2,0.05,0.15,9,100000,99885,0.99885,L_independent_error_events_per_trial
L64_q0005_q1020_t015,attack,2026083019,64,0.05,0.2,0.2,0.15,9,100000,15133,0.15133,L_independent_error_events_per_trial
L64_q0005_q1020_t015,honest,2026083020,64,0.05,0.2,0.05,0.15,9,100000,99871,0.99871,L_independent_error_events_per_trial
L64_q0005_q1020_t015,attack,2026083020,64,0.05,0.2,0.2,0.15,9,100000,15025,0.15025,L_independent_error_events_per_trial
L64_q0005_q1020_t015,honest,2026083021,64,0.05,0.2,0.05,0.15,9,100000,99892,0.99892,L_independent_error_events_per_trial
L64_q0005_q1020_t015,attack,2026083021,64,0.05,0.2,0.2,0.15,9,100000,15007,0.15007,L_independent_error_events_per_trial
L64_q0005_q1020_t015,honest,2026083022,64,0.05,0.2,0.05,0.15,9,100000,99882,0.99882,L_independent_error_events_per_trial
L64_q0005_q1020_t015,attack,2026083022,64,0.05,0.2,0.2,0.15,9,100000,15125,0.15125,L_independent_error_events_per_trial
L64_q0005_q1020_t015,honest,2026083023,64,0.05,0.2,0.05,0.15,9,100000,99849,0.99849,L_independent_error_events_per_trial
L64_q0005_q1020_t015,attack,2026083023,64,0.05,0.2,0.2,0.15,9,100000,14935,0.14935,L_independent_error_events_per_trial
L64_q0005_q1020_t015,honest,2026083024,64,0.05,0.2,0.05,0.15,9,100000,99876,0.99876,L_independent_error_events_per_trial
L64_q0005_q1020_t015,attack,2026083024,64,0.05,0.2,0.2,0.15,9,100000,14919,0.14919,L_independent_error_events_per_trial
L64_q0005_q1020_t015,honest,2026083025,64,0.05,0.2,0.05,0.15,9,100000,99878,0.99878,L_independent_error_events_per_trial
L64_q0005_q1020_t015,attack,2026083025,64,0.05,0.2,0.2,0.15,9,100000,14889,0.14889,L_independent_error_events_per_trial
L64_q0005_q1020_t015,honest,2026083026,64,0.05,0.2,0.05,0.15,9,100000,99873,0.99873,L_independent_error_events_per_trial
L64_q0005_q1020_t015,attack,2026083026,64,0.05,0.2,0.2,0.15,9,100000,15207,0.15207,L_independent_error_events_per_trial
L64_q0005_q1020_t015,honest,2026083027,64,0.05,0.2,0.05,0.15,9,100000,99879,0.99879,L_independent_error_events_per_trial
L64_q0005_q1020_t015,attack,2026083027,64,0.05,0.2,0.2,0.15,9,100000,14908,0.14908,L_independent_error_events_per_trial
L64_q0005_q1020_t015,honest,2026083028,64,0.05,0.2,0.05,0.15,9,100000,99884,0.99884,L_independent_error_events_per_trial
L64_q0005_q1020_t015,attack,2026083028,64,0.05,0.2,0.2,0.15,9,100000,14948,0.14948,L_independent_error_events_per_trial
L64_q0005_q1020_t015,honest,2026083029,64,0.05,0.2,0.05,0.15,9,100000,99885,0.99885,L_independent_error_events_per_trial
L64_q0005_q1020_t015,attack,2026083029,64,0.05,0.2,0.2,0.15,9,100000,15197,0.15197,L_independent_error_events_per_trial
L64_q0005_q1020_t015,honest,2026083030,64,0.05,0.2,0.05,0.15,9,100000,99873,0.99873,L_independent_error_events_per_trial
L64_q0005_q1020_t015,attack,2026083030,64,0.05,0.2,0.2,0.15,9,100000,15055,0.15055,L_independent_error_events_per_trial
L128_q0000_q1020_t005,honest,2026083001,128,0.0,0.2,0.0,0.05,6,100000,100000,1.0,L_independent_error_events_per_trial
L128_q0000_q1020_t005,attack,2026083001,128,0.0,0.2,0.2,0.05,6,100000,0,0.0,L_independent_error_events_per_trial
L128_q0000_q1020_t005,honest,2026083002,128,0.0,0.2,0.0,0.05,6,100000,100000,1.0,L_independent_error_events_per_trial
L128_q0000_q1020_t005,attack,2026083002,128,0.0,0.2,0.2,0.05,6,100000,0,0.0,L_independent_error_events_per_trial
L128_q0000_q1020_t005,honest,2026083003,128,0.0,0.2,0.0,0.05,6,100000,100000,1.0,L_independent_error_events_per_trial
L128_q0000_q1020_t005,attack,2026083003,128,0.0,0.2,0.2,0.05,6,100000,0,0.0,L_independent_error_events_per_trial
L128_q0000_q1020_t005,honest,2026083004,128,0.0,0.2,0.0,0.05,6,100000,100000,1.0,L_independent_error_events_per_trial
L128_q0000_q1020_t005,attack,2026083004,128,0.0,0.2,0.2,0.05,6,100000,0,0.0,L_independent_error_events_per_trial
L128_q0000_q1020_t005,honest,2026083005,128,0.0,0.2,0.0,0.05,6,100000,100000,1.0,L_independent_error_events_per_trial
L128_q0000_q1020_t005,attack,2026083005,128,0.0,0.2,0.2,0.05,6,100000,0,0.0,L_independent_error_events_per_trial
L128_q0000_q1020_t005,honest,2026083006,128,0.0,0.2,0.0,0.05,6,100000,100000,1.0,L_independent_error_events_per_trial
L128_q0000_q1020_t005,attack,2026083006,128,0.0,0.2,0.2,0.05,6,100000,0,0.0,L_independent_error_events_per_trial
L128_q0000_q1020_t005,honest,2026083007,128,0.0,0.2,0.0,0.05,6,100000,100000,1.0,L_independent_error_events_per_trial
L128_q0000_q1020_t005,attack,2026083007,128,0.0,0.2,0.2,0.05,6,100000,0,0.0,L_independent_error_events_per_trial
L128_q0000_q1020_t005,honest,2026083008,128,0.0,0.2,0.0,0.05,6,100000,100000,1.0,L_independent_error_events_per_trial
L128_q0000_q1020_t005,attack,2026083008,128,0.0,0.2,0.2,0.05,6,100000,0,0.0,L_independent_error_events_per_trial
L128_q0000_q1020_t005,honest,2026083009,128,0.0,0.2,0.0,0.05,6,100000,100000,1.0,L_independent_error_events_per_trial
L128_q0000_q1020_t005,attack,2026083009,128,0.0,0.2,0.2,0.05,6,100000,0,0.0,L_independent_error_events_per_trial
L128_q0000_q1020_t005,honest,2026083010,128,0.0,0.2,0.0,0.05,6,100000,100000,1.0,L_independent_error_events_per_trial
L128_q0000_q1020_t005,attack,2026083010,128,0.0,0.2,0.2,0.05,6,100000,0,0.0,L_independent_error_events_per_trial
L128_q0000_q1020_t005,honest,2026083011,128,0.0,0.2,0.0,0.05,6,100000,100000,1.0,L_independent_error_events_per_trial
L128_q0000_q1020_t005,attack,2026083011,128,0.0,0.2,0.2,0.05,6,100000,0,0.0,L_independent_error_events_per_trial
L128_q0000_q1020_t005,honest,2026083012,128,0.0,0.2,0.0,0.05,6,100000,100000,1.0,L_independent_error_events_per_trial
L128_q0000_q1020_t005,attack,2026083012,128,0.0,0.2,0.2,0.05,6,100000,0,0.0,L_independent_error_events_per_trial
L128_q0000_q1020_t005,honest,2026083013,128,0.0,0.2,0.0,0.05,6,100000,100000,1.0,L_independent_error_events_per_trial
L128_q0000_q1020_t005,attack,2026083013,128,0.0,0.2,0.2,0.05,6,100000,0,0.0,L_independent_error_events_per_trial
L128_q0000_q1020_t005,honest,2026083014,128,0.0,0.2,0.0,0.05,6,100000,100000,1.0,L_independent_error_events_per_trial
L128_q0000_q1020_t005,attack,2026083014,128,0.0,0.2,0.2,0.05,6,100000,0,0.0,L_independent_error_events_per_trial
L128_q0000_q1020_t005,honest,2026083015,128,0.0,0.2,0.0,0.05,6,100000,100000,1.0,L_independent_error_events_per_trial
L128_q0000_q1020_t005,attack,2026083015,128,0.0,0.2,0.2,0.05,6,100000,0,0.0,L_independent_error_events_per_trial
L128_q0000_q1020_t005,honest,2026083016,128,0.0,0.2,0.0,0.05,6,100000,100000,1.0,L_independent_error_events_per_trial
L128_q0000_q1020_t005,attack,2026083016,128,0.0,0.2,0.2,0.05,6,100000,0,0.0,L_independent_error_events_per_trial
L128_q0000_q1020_t005,honest,2026083017,128,0.0,0.2,0.0,0.05,6,100000,100000,1.0,L_independent_error_events_per_trial
L128_q0000_q1020_t005,attack,2026083017,128,0.0,0.2,0.2,0.05,6,100000,0,0.0,L_independent_error_events_per_trial
L128_q0000_q1020_t005,honest,2026083018,128,0.0,0.2,0.0,0.05,6,100000,100000,1.0,L_independent_error_events_per_trial
L128_q0000_q1020_t005,attack,2026083018,128,0.0,0.2,0.2,0.05,6,100000,0,0.0,L_independent_error_events_per_trial
L128_q0000_q1020_t005,honest,2026083019,128,0.0,0.2,0.0,0.05,6,100000,100000,1.0,L_independent_error_events_per_trial
L128_q0000_q1020_t005,attack,2026083019,128,0.0,0.2,0.2,0.05,6,100000,0,0.0,L_independent_error_events_per_trial
L128_q0000_q1020_t005,honest,2026083020,128,0.0,0.2,0.0,0.05,6,100000,100000,1.0,L_independent_error_events_per_trial
L128_q0000_q1020_t005,attack,2026083020,128,0.0,0.2,0.2,0.05,6,100000,0,0.0,L_independent_error_events_per_trial
L128_q0000_q1020_t005,honest,2026083021,128,0.0,0.2,0.0,0.05,6,100000,100000,1.0,L_independent_error_events_per_trial
L128_q0000_q1020_t005,attack,2026083021,128,0.0,0.2,0.2,0.05,6,100000,0,0.0,L_independent_error_events_per_trial
L128_q0000_q1020_t005,honest,2026083022,128,0.0,0.2,0.0,0.05,6,100000,100000,1.0,L_independent_error_events_per_trial
L128_q0000_q1020_t005,attack,2026083022,128,0.0,0.2,0.2,0.05,6,100000,1,1e-05,L_independent_error_events_per_trial
L128_q0000_q1020_t005,honest,2026083023,128,0.0,0.2,0.0,0.05,6,100000,100000,1.0,L_independent_error_events_per_trial
L128_q0000_q1020_t005,attack,2026083023,128,0.0,0.2,0.2,0.05,6,100000,0,0.0,L_independent_error_events_per_trial
L128_q0000_q1020_t005,honest,2026083024,128,0.0,0.2,0.0,0.05,6,100000,100000,1.0,L_independent_error_events_per_trial
L128_q0000_q1020_t005,attack,2026083024,128,0.0,0.2,0.2,0.05,6,100000,0,0.0,L_independent_error_events_per_trial
L128_q0000_q1020_t005,honest,2026083025,128,0.0,0.2,0.0,0.05,6,100000,100000,1.0,L_independent_error_events_per_trial
L128_q0000_q1020_t005,attack,2026083025,128,0.0,0.2,0.2,0.05,6,100000,0,0.0,L_independent_error_events_per_trial
L128_q0000_q1020_t005,honest,2026083026,128,0.0,0.2,0.0,0.05,6,100000,100000,1.0,L_independent_error_events_per_trial
L128_q0000_q1020_t005,attack,2026083026,128,0.0,0.2,0.2,0.05,6,100000,0,0.0,L_independent_error_events_per_trial
L128_q0000_q1020_t005,honest,2026083027,128,0.0,0.2,0.0,0.05,6,100000,100000,1.0,L_independent_error_events_per_trial
L128_q0000_q1020_t005,attack,2026083027,128,0.0,0.2,0.2,0.05,6,100000,0,0.0,L_independent_error_events_per_trial
L128_q0000_q1020_t005,honest,2026083028,128,0.0,0.2,0.0,0.05,6,100000,100000,1.0,L_independent_error_events_per_trial
L128_q0000_q1020_t005,attack,2026083028,128,0.0,0.2,0.2,0.05,6,100000,0,0.0,L_independent_error_events_per_trial
L128_q0000_q1020_t005,honest,2026083029,128,0.0,0.2,0.0,0.05,6,100000,100000,1.0,L_independent_error_events_per_trial
L128_q0000_q1020_t005,attack,2026083029,128,0.0,0.2,0.2,0.05,6,100000,1,1e-05,L_independent_error_events_per_trial
L128_q0000_q1020_t005,honest,2026083030,128,0.0,0.2,0.0,0.05,6,100000,100000,1.0,L_independent_error_events_per_trial
L128_q0000_q1020_t005,attack,2026083030,128,0.0,0.2,0.2,0.05,6,100000,0,0.0,L_independent_error_events_per_trial
L128_q0000_q1020_t010,honest,2026083001,128,0.0,0.2,0.0,0.1,12,100000,100000,1.0,L_independent_error_events_per_trial
L128_q0000_q1020_t010,attack,2026083001,128,0.0,0.2,0.2,0.1,12,100000,99,0.00099,L_independent_error_events_per_trial
L128_q0000_q1020_t010,honest,2026083002,128,0.0,0.2,0.0,0.1,12,100000,100000,1.0,L_independent_error_events_per_trial
L128_q0000_q1020_t010,attack,2026083002,128,0.0,0.2,0.2,0.1,12,100000,94,0.00094,L_independent_error_events_per_trial
L128_q0000_q1020_t010,honest,2026083003,128,0.0,0.2,0.0,0.1,12,100000,100000,1.0,L_independent_error_events_per_trial
L128_q0000_q1020_t010,attack,2026083003,128,0.0,0.2,0.2,0.1,12,100000,100,0.001,L_independent_error_events_per_trial
L128_q0000_q1020_t010,honest,2026083004,128,0.0,0.2,0.0,0.1,12,100000,100000,1.0,L_independent_error_events_per_trial
L128_q0000_q1020_t010,attack,2026083004,128,0.0,0.2,0.2,0.1,12,100000,97,0.00097,L_independent_error_events_per_trial
L128_q0000_q1020_t010,honest,2026083005,128,0.0,0.2,0.0,0.1,12,100000,100000,1.0,L_independent_error_events_per_trial
L128_q0000_q1020_t010,attack,2026083005,128,0.0,0.2,0.2,0.1,12,100000,89,0.00089,L_independent_error_events_per_trial
L128_q0000_q1020_t010,honest,2026083006,128,0.0,0.2,0.0,0.1,12,100000,100000,1.0,L_independent_error_events_per_trial
L128_q0000_q1020_t010,attack,2026083006,128,0.0,0.2,0.2,0.1,12,100000,88,0.00088,L_independent_error_events_per_trial
L128_q0000_q1020_t010,honest,2026083007,128,0.0,0.2,0.0,0.1,12,100000,100000,1.0,L_independent_error_events_per_trial
L128_q0000_q1020_t010,attack,2026083007,128,0.0,0.2,0.2,0.1,12,100000,92,0.00092,L_independent_error_events_per_trial
L128_q0000_q1020_t010,honest,2026083008,128,0.0,0.2,0.0,0.1,12,100000,100000,1.0,L_independent_error_events_per_trial
L128_q0000_q1020_t010,attack,2026083008,128,0.0,0.2,0.2,0.1,12,100000,95,0.00095,L_independent_error_events_per_trial
L128_q0000_q1020_t010,honest,2026083009,128,0.0,0.2,0.0,0.1,12,100000,100000,1.0,L_independent_error_events_per_trial
L128_q0000_q1020_t010,attack,2026083009,128,0.0,0.2,0.2,0.1,12,100000,93,0.00093,L_independent_error_events_per_trial
L128_q0000_q1020_t010,honest,2026083010,128,0.0,0.2,0.0,0.1,12,100000,100000,1.0,L_independent_error_events_per_trial
L128_q0000_q1020_t010,attack,2026083010,128,0.0,0.2,0.2,0.1,12,100000,89,0.00089,L_independent_error_events_per_trial
L128_q0000_q1020_t010,honest,2026083011,128,0.0,0.2,0.0,0.1,12,100000,100000,1.0,L_independent_error_events_per_trial
L128_q0000_q1020_t010,attack,2026083011,128,0.0,0.2,0.2,0.1,12,100000,72,0.00072,L_independent_error_events_per_trial
L128_q0000_q1020_t010,honest,2026083012,128,0.0,0.2,0.0,0.1,12,100000,100000,1.0,L_independent_error_events_per_trial
L128_q0000_q1020_t010,attack,2026083012,128,0.0,0.2,0.2,0.1,12,100000,90,0.0009,L_independent_error_events_per_trial
L128_q0000_q1020_t010,honest,2026083013,128,0.0,0.2,0.0,0.1,12,100000,100000,1.0,L_independent_error_events_per_trial
L128_q0000_q1020_t010,attack,2026083013,128,0.0,0.2,0.2,0.1,12,100000,90,0.0009,L_independent_error_events_per_trial
L128_q0000_q1020_t010,honest,2026083014,128,0.0,0.2,0.0,0.1,12,100000,100000,1.0,L_independent_error_events_per_trial
L128_q0000_q1020_t010,attack,2026083014,128,0.0,0.2,0.2,0.1,12,100000,72,0.00072,L_independent_error_events_per_trial
L128_q0000_q1020_t010,honest,2026083015,128,0.0,0.2,0.0,0.1,12,100000,100000,1.0,L_independent_error_events_per_trial
L128_q0000_q1020_t010,attack,2026083015,128,0.0,0.2,0.2,0.1,12,100000,92,0.00092,L_independent_error_events_per_trial
L128_q0000_q1020_t010,honest,2026083016,128,0.0,0.2,0.0,0.1,12,100000,100000,1.0,L_independent_error_events_per_trial
L128_q0000_q1020_t010,attack,2026083016,128,0.0,0.2,0.2,0.1,12,100000,90,0.0009,L_independent_error_events_per_trial
L128_q0000_q1020_t010,honest,2026083017,128,0.0,0.2,0.0,0.1,12,100000,100000,1.0,L_independent_error_events_per_trial
L128_q0000_q1020_t010,attack,2026083017,128,0.0,0.2,0.2,0.1,12,100000,80,0.0008,L_independent_error_events_per_trial
L128_q0000_q1020_t010,honest,2026083018,128,0.0,0.2,0.0,0.1,12,100000,100000,1.0,L_independent_error_events_per_trial
L128_q0000_q1020_t010,attack,2026083018,128,0.0,0.2,0.2,0.1,12,100000,82,0.00082,L_independent_error_events_per_trial
L128_q0000_q1020_t010,honest,2026083019,128,0.0,0.2,0.0,0.1,12,100000,100000,1.0,L_independent_error_events_per_trial
L128_q0000_q1020_t010,attack,2026083019,128,0.0,0.2,0.2,0.1,12,100000,98,0.00098,L_independent_error_events_per_trial
L128_q0000_q1020_t010,honest,2026083020,128,0.0,0.2,0.0,0.1,12,100000,100000,1.0,L_independent_error_events_per_trial
L128_q0000_q1020_t010,attack,2026083020,128,0.0,0.2,0.2,0.1,12,100000,88,0.00088,L_independent_error_events_per_trial
L128_q0000_q1020_t010,honest,2026083021,128,0.0,0.2,0.0,0.1,12,100000,100000,1.0,L_independent_error_events_per_trial
L128_q0000_q1020_t010,attack,2026083021,128,0.0,0.2,0.2,0.1,12,100000,102,0.00102,L_independent_error_events_per_trial
L128_q0000_q1020_t010,honest,2026083022,128,0.0,0.2,0.0,0.1,12,100000,100000,1.0,L_independent_error_events_per_trial
L128_q0000_q1020_t010,attack,2026083022,128,0.0,0.2,0.2,0.1,12,100000,94,0.00094,L_independent_error_events_per_trial
L128_q0000_q1020_t010,honest,2026083023,128,0.0,0.2,0.0,0.1,12,100000,100000,1.0,L_independent_error_events_per_trial
L128_q0000_q1020_t010,attack,2026083023,128,0.0,0.2,0.2,0.1,12,100000,106,0.00106,L_independent_error_events_per_trial
L128_q0000_q1020_t010,honest,2026083024,128,0.0,0.2,0.0,0.1,12,100000,100000,1.0,L_independent_error_events_per_trial
L128_q0000_q1020_t010,attack,2026083024,128,0.0,0.2,0.2,0.1,12,100000,84,0.00084,L_independent_error_events_per_trial
L128_q0000_q1020_t010,honest,2026083025,128,0.0,0.2,0.0,0.1,12,100000,100000,1.0,L_independent_error_events_per_trial
L128_q0000_q1020_t010,attack,2026083025,128,0.0,0.2,0.2,0.1,12,100000,76,0.00076,L_independent_error_events_per_trial
L128_q0000_q1020_t010,honest,2026083026,128,0.0,0.2,0.0,0.1,12,100000,100000,1.0,L_independent_error_events_per_trial
L128_q0000_q1020_t010,attack,2026083026,128,0.0,0.2,0.2,0.1,12,100000,85,0.00085,L_independent_error_events_per_trial
L128_q0000_q1020_t010,honest,2026083027,128,0.0,0.2,0.0,0.1,12,100000,100000,1.0,L_independent_error_events_per_trial
L128_q0000_q1020_t010,attack,2026083027,128,0.0,0.2,0.2,0.1,12,100000,94,0.00094,L_independent_error_events_per_trial
L128_q0000_q1020_t010,honest,2026083028,128,0.0,0.2,0.0,0.1,12,100000,100000,1.0,L_independent_error_events_per_trial
L128_q0000_q1020_t010,attack,2026083028,128,0.0,0.2,0.2,0.1,12,100000,79,0.00079,L_independent_error_events_per_trial
L128_q0000_q1020_t010,honest,2026083029,128,0.0,0.2,0.0,0.1,12,100000,100000,1.0,L_independent_error_events_per_trial
L128_q0000_q1020_t010,attack,2026083029,128,0.0,0.2,0.2,0.1,12,100000,116,0.00116,L_independent_error_events_per_trial
L128_q0000_q1020_t010,honest,2026083030,128,0.0,0.2,0.0,0.1,12,100000,100000,1.0,L_independent_error_events_per_trial
L128_q0000_q1020_t010,attack,2026083030,128,0.0,0.2,0.2,0.1,12,100000,99,0.00099,L_independent_error_events_per_trial
L128_q0000_q1020_t015,honest,2026083001,128,0.0,0.2,0.0,0.15,19,100000,100000,1.0,L_independent_error_events_per_trial
L128_q0000_q1020_t015,attack,2026083001,128,0.0,0.2,0.2,0.15,19,100000,8681,0.08681,L_independent_error_events_per_trial
L128_q0000_q1020_t015,honest,2026083002,128,0.0,0.2,0.0,0.15,19,100000,100000,1.0,L_independent_error_events_per_trial
L128_q0000_q1020_t015,attack,2026083002,128,0.0,0.2,0.2,0.15,19,100000,8479,0.08479,L_independent_error_events_per_trial
L128_q0000_q1020_t015,honest,2026083003,128,0.0,0.2,0.0,0.15,19,100000,100000,1.0,L_independent_error_events_per_trial
L128_q0000_q1020_t015,attack,2026083003,128,0.0,0.2,0.2,0.15,19,100000,8681,0.08681,L_independent_error_events_per_trial
L128_q0000_q1020_t015,honest,2026083004,128,0.0,0.2,0.0,0.15,19,100000,100000,1.0,L_independent_error_events_per_trial
L128_q0000_q1020_t015,attack,2026083004,128,0.0,0.2,0.2,0.15,19,100000,8524,0.08524,L_independent_error_events_per_trial
L128_q0000_q1020_t015,honest,2026083005,128,0.0,0.2,0.0,0.15,19,100000,100000,1.0,L_independent_error_events_per_trial
L128_q0000_q1020_t015,attack,2026083005,128,0.0,0.2,0.2,0.15,19,100000,8550,0.0855,L_independent_error_events_per_trial
L128_q0000_q1020_t015,honest,2026083006,128,0.0,0.2,0.0,0.15,19,100000,100000,1.0,L_independent_error_events_per_trial
L128_q0000_q1020_t015,attack,2026083006,128,0.0,0.2,0.2,0.15,19,100000,8497,0.08497,L_independent_error_events_per_trial
L128_q0000_q1020_t015,honest,2026083007,128,0.0,0.2,0.0,0.15,19,100000,100000,1.0,L_independent_error_events_per_trial
L128_q0000_q1020_t015,attack,2026083007,128,0.0,0.2,0.2,0.15,19,100000,8421,0.08421,L_independent_error_events_per_trial
L128_q0000_q1020_t015,honest,2026083008,128,0.0,0.2,0.0,0.15,19,100000,100000,1.0,L_independent_error_events_per_trial
L128_q0000_q1020_t015,attack,2026083008,128,0.0,0.2,0.2,0.15,19,100000,8455,0.08455,L_independent_error_events_per_trial
L128_q0000_q1020_t015,honest,2026083009,128,0.0,0.2,0.0,0.15,19,100000,100000,1.0,L_independent_error_events_per_trial
L128_q0000_q1020_t015,attack,2026083009,128,0.0,0.2,0.2,0.15,19,100000,8545,0.08545,L_independent_error_events_per_trial
L128_q0000_q1020_t015,honest,2026083010,128,0.0,0.2,0.0,0.15,19,100000,100000,1.0,L_independent_error_events_per_trial
L128_q0000_q1020_t015,attack,2026083010,128,0.0,0.2,0.2,0.15,19,100000,8463,0.08463,L_independent_error_events_per_trial
L128_q0000_q1020_t015,honest,2026083011,128,0.0,0.2,0.0,0.15,19,100000,100000,1.0,L_independent_error_events_per_trial
L128_q0000_q1020_t015,attack,2026083011,128,0.0,0.2,0.2,0.15,19,100000,8676,0.08676,L_independent_error_events_per_trial
L128_q0000_q1020_t015,honest,2026083012,128,0.0,0.2,0.0,0.15,19,100000,100000,1.0,L_independent_error_events_per_trial
L128_q0000_q1020_t015,attack,2026083012,128,0.0,0.2,0.2,0.15,19,100000,8696,0.08696,L_independent_error_events_per_trial
L128_q0000_q1020_t015,honest,2026083013,128,0.0,0.2,0.0,0.15,19,100000,100000,1.0,L_independent_error_events_per_trial
L128_q0000_q1020_t015,attack,2026083013,128,0.0,0.2,0.2,0.15,19,100000,8499,0.08499,L_independent_error_events_per_trial
L128_q0000_q1020_t015,honest,2026083014,128,0.0,0.2,0.0,0.15,19,100000,100000,1.0,L_independent_error_events_per_trial
L128_q0000_q1020_t015,attack,2026083014,128,0.0,0.2,0.2,0.15,19,100000,8613,0.08613,L_independent_error_events_per_trial
L128_q0000_q1020_t015,honest,2026083015,128,0.0,0.2,0.0,0.15,19,100000,100000,1.0,L_independent_error_events_per_trial
L128_q0000_q1020_t015,attack,2026083015,128,0.0,0.2,0.2,0.15,19,100000,8546,0.08546,L_independent_error_events_per_trial
L128_q0000_q1020_t015,honest,2026083016,128,0.0,0.2,0.0,0.15,19,100000,100000,1.0,L_independent_error_events_per_trial
L128_q0000_q1020_t015,attack,2026083016,128,0.0,0.2,0.2,0.15,19,100000,8658,0.08658,L_independent_error_events_per_trial
L128_q0000_q1020_t015,honest,2026083017,128,0.0,0.2,0.0,0.15,19,100000,100000,1.0,L_independent_error_events_per_trial
L128_q0000_q1020_t015,attack,2026083017,128,0.0,0.2,0.2,0.15,19,100000,8284,0.08284,L_independent_error_events_per_trial
L128_q0000_q1020_t015,honest,2026083018,128,0.0,0.2,0.0,0.15,19,100000,100000,1.0,L_independent_error_events_per_trial
L128_q0000_q1020_t015,attack,2026083018,128,0.0,0.2,0.2,0.15,19,100000,8531,0.08531,L_independent_error_events_per_trial
L128_q0000_q1020_t015,honest,2026083019,128,0.0,0.2,0.0,0.15,19,100000,100000,1.0,L_independent_error_events_per_trial
L128_q0000_q1020_t015,attack,2026083019,128,0.0,0.2,0.2,0.15,19,100000,8589,0.08589,L_independent_error_events_per_trial
L128_q0000_q1020_t015,honest,2026083020,128,0.0,0.2,0.0,0.15,19,100000,100000,1.0,L_independent_error_events_per_trial
L128_q0000_q1020_t015,attack,2026083020,128,0.0,0.2,0.2,0.15,19,100000,8491,0.08491,L_independent_error_events_per_trial
L128_q0000_q1020_t015,honest,2026083021,128,0.0,0.2,0.0,0.15,19,100000,100000,1.0,L_independent_error_events_per_trial
L128_q0000_q1020_t015,attack,2026083021,128,0.0,0.2,0.2,0.15,19,100000,8656,0.08656,L_independent_error_events_per_trial
L128_q0000_q1020_t015,honest,2026083022,128,0.0,0.2,0.0,0.15,19,100000,100000,1.0,L_independent_error_events_per_trial
L128_q0000_q1020_t015,attack,2026083022,128,0.0,0.2,0.2,0.15,19,100000,8501,0.08501,L_independent_error_events_per_trial
L128_q0000_q1020_t015,honest,2026083023,128,0.0,0.2,0.0,0.15,19,100000,100000,1.0,L_independent_error_events_per_trial
L128_q0000_q1020_t015,attack,2026083023,128,0.0,0.2,0.2,0.15,19,100000,8538,0.08538,L_independent_error_events_per_trial
L128_q0000_q1020_t015,honest,2026083024,128,0.0,0.2,0.0,0.15,19,100000,100000,1.0,L_independent_error_events_per_trial
L128_q0000_q1020_t015,attack,2026083024,128,0.0,0.2,0.2,0.15,19,100000,8489,0.08489,L_independent_error_events_per_trial
L128_q0000_q1020_t015,honest,2026083025,128,0.0,0.2,0.0,0.15,19,100000,100000,1.0,L_independent_error_events_per_trial
L128_q0000_q1020_t015,attack,2026083025,128,0.0,0.2,0.2,0.15,19,100000,8559,0.08559,L_independent_error_events_per_trial
L128_q0000_q1020_t015,honest,2026083026,128,0.0,0.2,0.0,0.15,19,100000,100000,1.0,L_independent_error_events_per_trial
L128_q0000_q1020_t015,attack,2026083026,128,0.0,0.2,0.2,0.15,19,100000,8471,0.08471,L_independent_error_events_per_trial
L128_q0000_q1020_t015,honest,2026083027,128,0.0,0.2,0.0,0.15,19,100000,100000,1.0,L_independent_error_events_per_trial
L128_q0000_q1020_t015,attack,2026083027,128,0.0,0.2,0.2,0.15,19,100000,8581,0.08581,L_independent_error_events_per_trial
L128_q0000_q1020_t015,honest,2026083028,128,0.0,0.2,0.0,0.15,19,100000,100000,1.0,L_independent_error_events_per_trial
L128_q0000_q1020_t015,attack,2026083028,128,0.0,0.2,0.2,0.15,19,100000,8456,0.08456,L_independent_error_events_per_trial
L128_q0000_q1020_t015,honest,2026083029,128,0.0,0.2,0.0,0.15,19,100000,100000,1.0,L_independent_error_events_per_trial
L128_q0000_q1020_t015,attack,2026083029,128,0.0,0.2,0.2,0.15,19,100000,8495,0.08495,L_independent_error_events_per_trial
L128_q0000_q1020_t015,honest,2026083030,128,0.0,0.2,0.0,0.15,19,100000,100000,1.0,L_independent_error_events_per_trial
L128_q0000_q1020_t015,attack,2026083030,128,0.0,0.2,0.2,0.15,19,100000,8565,0.08565,L_independent_error_events_per_trial
L128_q0001_q1020_t005,honest,2026083001,128,0.01,0.2,0.01,0.05,6,100000,99958,0.99958,L_independent_error_events_per_trial
L128_q0001_q1020_t005,attack,2026083001,128,0.01,0.2,0.2,0.05,6,100000,0,0.0,L_independent_error_events_per_trial
L128_q0001_q1020_t005,honest,2026083002,128,0.01,0.2,0.01,0.05,6,100000,99962,0.99962,L_independent_error_events_per_trial
L128_q0001_q1020_t005,attack,2026083002,128,0.01,0.2,0.2,0.05,6,100000,0,0.0,L_independent_error_events_per_trial
L128_q0001_q1020_t005,honest,2026083003,128,0.01,0.2,0.01,0.05,6,100000,99969,0.99969,L_independent_error_events_per_trial
L128_q0001_q1020_t005,attack,2026083003,128,0.01,0.2,0.2,0.05,6,100000,0,0.0,L_independent_error_events_per_trial
L128_q0001_q1020_t005,honest,2026083004,128,0.01,0.2,0.01,0.05,6,100000,99964,0.99964,L_independent_error_events_per_trial
L128_q0001_q1020_t005,attack,2026083004,128,0.01,0.2,0.2,0.05,6,100000,0,0.0,L_independent_error_events_per_trial
L128_q0001_q1020_t005,honest,2026083005,128,0.01,0.2,0.01,0.05,6,100000,99971,0.99971,L_independent_error_events_per_trial
L128_q0001_q1020_t005,attack,2026083005,128,0.01,0.2,0.2,0.05,6,100000,0,0.0,L_independent_error_events_per_trial
L128_q0001_q1020_t005,honest,2026083006,128,0.01,0.2,0.01,0.05,6,100000,99961,0.99961,L_independent_error_events_per_trial
L128_q0001_q1020_t005,attack,2026083006,128,0.01,0.2,0.2,0.05,6,100000,0,0.0,L_independent_error_events_per_trial
L128_q0001_q1020_t005,honest,2026083007,128,0.01,0.2,0.01,0.05,6,100000,99966,0.99966,L_independent_error_events_per_trial
L128_q0001_q1020_t005,attack,2026083007,128,0.01,0.2,0.2,0.05,6,100000,0,0.0,L_independent_error_events_per_trial
L128_q0001_q1020_t005,honest,2026083008,128,0.01,0.2,0.01,0.05,6,100000,99975,0.99975,L_independent_error_events_per_trial
L128_q0001_q1020_t005,attack,2026083008,128,0.01,0.2,0.2,0.05,6,100000,0,0.0,L_independent_error_events_per_trial
L128_q0001_q1020_t005,honest,2026083009,128,0.01,0.2,0.01,0.05,6,100000,99970,0.9997,L_independent_error_events_per_trial
L128_q0001_q1020_t005,attack,2026083009,128,0.01,0.2,0.2,0.05,6,100000,0,0.0,L_independent_error_events_per_trial
L128_q0001_q1020_t005,honest,2026083010,128,0.01,0.2,0.01,0.05,6,100000,99970,0.9997,L_independent_error_events_per_trial
L128_q0001_q1020_t005,attack,2026083010,128,0.01,0.2,0.2,0.05,6,100000,0,0.0,L_independent_error_events_per_trial
L128_q0001_q1020_t005,honest,2026083011,128,0.01,0.2,0.01,0.05,6,100000,99971,0.99971,L_independent_error_events_per_trial
L128_q0001_q1020_t005,attack,2026083011,128,0.01,0.2,0.2,0.05,6,100000,0,0.0,L_independent_error_events_per_trial
L128_q0001_q1020_t005,honest,2026083012,128,0.01,0.2,0.01,0.05,6,100000,99974,0.99974,L_independent_error_events_per_trial
L128_q0001_q1020_t005,attack,2026083012,128,0.01,0.2,0.2,0.05,6,100000,0,0.0,L_independent_error_events_per_trial
L128_q0001_q1020_t005,honest,2026083013,128,0.01,0.2,0.01,0.05,6,100000,99970,0.9997,L_independent_error_events_per_trial
L128_q0001_q1020_t005,attack,2026083013,128,0.01,0.2,0.2,0.05,6,100000,0,0.0,L_independent_error_events_per_trial
L128_q0001_q1020_t005,honest,2026083014,128,0.01,0.2,0.01,0.05,6,100000,99964,0.99964,L_independent_error_events_per_trial
L128_q0001_q1020_t005,attack,2026083014,128,0.01,0.2,0.2,0.05,6,100000,0,0.0,L_independent_error_events_per_trial
L128_q0001_q1020_t005,honest,2026083015,128,0.01,0.2,0.01,0.05,6,100000,99960,0.9996,L_independent_error_events_per_trial
L128_q0001_q1020_t005,attack,2026083015,128,0.01,0.2,0.2,0.05,6,100000,0,0.0,L_independent_error_events_per_trial
L128_q0001_q1020_t005,honest,2026083016,128,0.01,0.2,0.01,0.05,6,100000,99973,0.99973,L_independent_error_events_per_trial
L128_q0001_q1020_t005,attack,2026083016,128,0.01,0.2,0.2,0.05,6,100000,0,0.0,L_independent_error_events_per_trial
L128_q0001_q1020_t005,honest,2026083017,128,0.01,0.2,0.01,0.05,6,100000,99965,0.99965,L_independent_error_events_per_trial
L128_q0001_q1020_t005,attack,2026083017,128,0.01,0.2,0.2,0.05,6,100000,0,0.0,L_independent_error_events_per_trial
L128_q0001_q1020_t005,honest,2026083018,128,0.01,0.2,0.01,0.05,6,100000,99965,0.99965,L_independent_error_events_per_trial
L128_q0001_q1020_t005,attack,2026083018,128,0.01,0.2,0.2,0.05,6,100000,0,0.0,L_independent_error_events_per_trial
L128_q0001_q1020_t005,honest,2026083019,128,0.01,0.2,0.01,0.05,6,100000,99968,0.99968,L_independent_error_events_per_trial
L128_q0001_q1020_t005,attack,2026083019,128,0.01,0.2,0.2,0.05,6,100000,0,0.0,L_independent_error_events_per_trial
L128_q0001_q1020_t005,honest,2026083020,128,0.01,0.2,0.01,0.05,6,100000,99973,0.99973,L_independent_error_events_per_trial
L128_q0001_q1020_t005,attack,2026083020,128,0.01,0.2,0.2,0.05,6,100000,0,0.0,L_independent_error_events_per_trial
L128_q0001_q1020_t005,honest,2026083021,128,0.01,0.2,0.01,0.05,6,100000,99966,0.99966,L_independent_error_events_per_trial
L128_q0001_q1020_t005,attack,2026083021,128,0.01,0.2,0.2,0.05,6,100000,0,0.0,L_independent_error_events_per_trial
L128_q0001_q1020_t005,honest,2026083022,128,0.01,0.2,0.01,0.05,6,100000,99971,0.99971,L_independent_error_events_per_trial
L128_q0001_q1020_t005,attack,2026083022,128,0.01,0.2,0.2,0.05,6,100000,1,1e-05,L_independent_error_events_per_trial
L128_q0001_q1020_t005,honest,2026083023,128,0.01,0.2,0.01,0.05,6,100000,99963,0.99963,L_independent_error_events_per_trial
L128_q0001_q1020_t005,attack,2026083023,128,0.01,0.2,0.2,0.05,6,100000,0,0.0,L_independent_error_events_per_trial
L128_q0001_q1020_t005,honest,2026083024,128,0.01,0.2,0.01,0.05,6,100000,99968,0.99968,L_independent_error_events_per_trial
L128_q0001_q1020_t005,attack,2026083024,128,0.01,0.2,0.2,0.05,6,100000,0,0.0,L_independent_error_events_per_trial
L128_q0001_q1020_t005,honest,2026083025,128,0.01,0.2,0.01,0.05,6,100000,99964,0.99964,L_independent_error_events_per_trial
L128_q0001_q1020_t005,attack,2026083025,128,0.01,0.2,0.2,0.05,6,100000,0,0.0,L_independent_error_events_per_trial
L128_q0001_q1020_t005,honest,2026083026,128,0.01,0.2,0.01,0.05,6,100000,99966,0.99966,L_independent_error_events_per_trial
L128_q0001_q1020_t005,attack,2026083026,128,0.01,0.2,0.2,0.05,6,100000,0,0.0,L_independent_error_events_per_trial
L128_q0001_q1020_t005,honest,2026083027,128,0.01,0.2,0.01,0.05,6,100000,99969,0.99969,L_independent_error_events_per_trial
L128_q0001_q1020_t005,attack,2026083027,128,0.01,0.2,0.2,0.05,6,100000,0,0.0,L_independent_error_events_per_trial
L128_q0001_q1020_t005,honest,2026083028,128,0.01,0.2,0.01,0.05,6,100000,99963,0.99963,L_independent_error_events_per_trial
L128_q0001_q1020_t005,attack,2026083028,128,0.01,0.2,0.2,0.05,6,100000,0,0.0,L_independent_error_events_per_trial
L128_q0001_q1020_t005,honest,2026083029,128,0.01,0.2,0.01,0.05,6,100000,99973,0.99973,L_independent_error_events_per_trial
L128_q0001_q1020_t005,attack,2026083029,128,0.01,0.2,0.2,0.05,6,100000,1,1e-05,L_independent_error_events_per_trial
L128_q0001_q1020_t005,honest,2026083030,128,0.01,0.2,0.01,0.05,6,100000,99966,0.99966,L_independent_error_events_per_trial
L128_q0001_q1020_t005,attack,2026083030,128,0.01,0.2,0.2,0.05,6,100000,0,0.0,L_independent_error_events_per_trial
L128_q0001_q1020_t010,honest,2026083001,128,0.01,0.2,0.01,0.1,12,100000,100000,1.0,L_independent_error_events_per_trial
L128_q0001_q1020_t010,attack,2026083001,128,0.01,0.2,0.2,0.1,12,100000,99,0.00099,L_independent_error_events_per_trial
L128_q0001_q1020_t010,honest,2026083002,128,0.01,0.2,0.01,0.1,12,100000,100000,1.0,L_independent_error_events_per_trial
L128_q0001_q1020_t010,attack,2026083002,128,0.01,0.2,0.2,0.1,12,100000,94,0.00094,L_independent_error_events_per_trial
L128_q0001_q1020_t010,honest,2026083003,128,0.01,0.2,0.01,0.1,12,100000,100000,1.0,L_independent_error_events_per_trial
L128_q0001_q1020_t010,attack,2026083003,128,0.01,0.2,0.2,0.1,12,100000,100,0.001,L_independent_error_events_per_trial
L128_q0001_q1020_t010,honest,2026083004,128,0.01,0.2,0.01,0.1,12,100000,100000,1.0,L_independent_error_events_per_trial
L128_q0001_q1020_t010,attack,2026083004,128,0.01,0.2,0.2,0.1,12,100000,97,0.00097,L_independent_error_events_per_trial
L128_q0001_q1020_t010,honest,2026083005,128,0.01,0.2,0.01,0.1,12,100000,100000,1.0,L_independent_error_events_per_trial
L128_q0001_q1020_t010,attack,2026083005,128,0.01,0.2,0.2,0.1,12,100000,89,0.00089,L_independent_error_events_per_trial
L128_q0001_q1020_t010,honest,2026083006,128,0.01,0.2,0.01,0.1,12,100000,100000,1.0,L_independent_error_events_per_trial
L128_q0001_q1020_t010,attack,2026083006,128,0.01,0.2,0.2,0.1,12,100000,88,0.00088,L_independent_error_events_per_trial
L128_q0001_q1020_t010,honest,2026083007,128,0.01,0.2,0.01,0.1,12,100000,100000,1.0,L_independent_error_events_per_trial
L128_q0001_q1020_t010,attack,2026083007,128,0.01,0.2,0.2,0.1,12,100000,92,0.00092,L_independent_error_events_per_trial
L128_q0001_q1020_t010,honest,2026083008,128,0.01,0.2,0.01,0.1,12,100000,100000,1.0,L_independent_error_events_per_trial
L128_q0001_q1020_t010,attack,2026083008,128,0.01,0.2,0.2,0.1,12,100000,95,0.00095,L_independent_error_events_per_trial
L128_q0001_q1020_t010,honest,2026083009,128,0.01,0.2,0.01,0.1,12,100000,100000,1.0,L_independent_error_events_per_trial
L128_q0001_q1020_t010,attack,2026083009,128,0.01,0.2,0.2,0.1,12,100000,93,0.00093,L_independent_error_events_per_trial
L128_q0001_q1020_t010,honest,2026083010,128,0.01,0.2,0.01,0.1,12,100000,100000,1.0,L_independent_error_events_per_trial
L128_q0001_q1020_t010,attack,2026083010,128,0.01,0.2,0.2,0.1,12,100000,89,0.00089,L_independent_error_events_per_trial
L128_q0001_q1020_t010,honest,2026083011,128,0.01,0.2,0.01,0.1,12,100000,100000,1.0,L_independent_error_events_per_trial
L128_q0001_q1020_t010,attack,2026083011,128,0.01,0.2,0.2,0.1,12,100000,72,0.00072,L_independent_error_events_per_trial
L128_q0001_q1020_t010,honest,2026083012,128,0.01,0.2,0.01,0.1,12,100000,100000,1.0,L_independent_error_events_per_trial
L128_q0001_q1020_t010,attack,2026083012,128,0.01,0.2,0.2,0.1,12,100000,90,0.0009,L_independent_error_events_per_trial
L128_q0001_q1020_t010,honest,2026083013,128,0.01,0.2,0.01,0.1,12,100000,100000,1.0,L_independent_error_events_per_trial
L128_q0001_q1020_t010,attack,2026083013,128,0.01,0.2,0.2,0.1,12,100000,90,0.0009,L_independent_error_events_per_trial
L128_q0001_q1020_t010,honest,2026083014,128,0.01,0.2,0.01,0.1,12,100000,100000,1.0,L_independent_error_events_per_trial
L128_q0001_q1020_t010,attack,2026083014,128,0.01,0.2,0.2,0.1,12,100000,72,0.00072,L_independent_error_events_per_trial
L128_q0001_q1020_t010,honest,2026083015,128,0.01,0.2,0.01,0.1,12,100000,100000,1.0,L_independent_error_events_per_trial
L128_q0001_q1020_t010,attack,2026083015,128,0.01,0.2,0.2,0.1,12,100000,92,0.00092,L_independent_error_events_per_trial
L128_q0001_q1020_t010,honest,2026083016,128,0.01,0.2,0.01,0.1,12,100000,100000,1.0,L_independent_error_events_per_trial
L128_q0001_q1020_t010,attack,2026083016,128,0.01,0.2,0.2,0.1,12,100000,90,0.0009,L_independent_error_events_per_trial
L128_q0001_q1020_t010,honest,2026083017,128,0.01,0.2,0.01,0.1,12,100000,100000,1.0,L_independent_error_events_per_trial
L128_q0001_q1020_t010,attack,2026083017,128,0.01,0.2,0.2,0.1,12,100000,80,0.0008,L_independent_error_events_per_trial
L128_q0001_q1020_t010,honest,2026083018,128,0.01,0.2,0.01,0.1,12,100000,100000,1.0,L_independent_error_events_per_trial
L128_q0001_q1020_t010,attack,2026083018,128,0.01,0.2,0.2,0.1,12,100000,82,0.00082,L_independent_error_events_per_trial
L128_q0001_q1020_t010,honest,2026083019,128,0.01,0.2,0.01,0.1,12,100000,100000,1.0,L_independent_error_events_per_trial
L128_q0001_q1020_t010,attack,2026083019,128,0.01,0.2,0.2,0.1,12,100000,98,0.00098,L_independent_error_events_per_trial
L128_q0001_q1020_t010,honest,2026083020,128,0.01,0.2,0.01,0.1,12,100000,100000,1.0,L_independent_error_events_per_trial
L128_q0001_q1020_t010,attack,2026083020,128,0.01,0.2,0.2,0.1,12,100000,88,0.00088,L_independent_error_events_per_trial
L128_q0001_q1020_t010,honest,2026083021,128,0.01,0.2,0.01,0.1,12,100000,100000,1.0,L_independent_error_events_per_trial
L128_q0001_q1020_t010,attack,2026083021,128,0.01,0.2,0.2,0.1,12,100000,102,0.00102,L_independent_error_events_per_trial
L128_q0001_q1020_t010,honest,2026083022,128,0.01,0.2,0.01,0.1,12,100000,100000,1.0,L_independent_error_events_per_trial
L128_q0001_q1020_t010,attack,2026083022,128,0.01,0.2,0.2,0.1,12,100000,94,0.00094,L_independent_error_events_per_trial
L128_q0001_q1020_t010,honest,2026083023,128,0.01,0.2,0.01,0.1,12,100000,100000,1.0,L_independent_error_events_per_trial
L128_q0001_q1020_t010,attack,2026083023,128,0.01,0.2,0.2,0.1,12,100000,106,0.00106,L_independent_error_events_per_trial
L128_q0001_q1020_t010,honest,2026083024,128,0.01,0.2,0.01,0.1,12,100000,100000,1.0,L_independent_error_events_per_trial
L128_q0001_q1020_t010,attack,2026083024,128,0.01,0.2,0.2,0.1,12,100000,84,0.00084,L_independent_error_events_per_trial
L128_q0001_q1020_t010,honest,2026083025,128,0.01,0.2,0.01,0.1,12,100000,100000,1.0,L_independent_error_events_per_trial
L128_q0001_q1020_t010,attack,2026083025,128,0.01,0.2,0.2,0.1,12,100000,76,0.00076,L_independent_error_events_per_trial
L128_q0001_q1020_t010,honest,2026083026,128,0.01,0.2,0.01,0.1,12,100000,100000,1.0,L_independent_error_events_per_trial
L128_q0001_q1020_t010,attack,2026083026,128,0.01,0.2,0.2,0.1,12,100000,85,0.00085,L_independent_error_events_per_trial
L128_q0001_q1020_t010,honest,2026083027,128,0.01,0.2,0.01,0.1,12,100000,100000,1.0,L_independent_error_events_per_trial
L128_q0001_q1020_t010,attack,2026083027,128,0.01,0.2,0.2,0.1,12,100000,94,0.00094,L_independent_error_events_per_trial
L128_q0001_q1020_t010,honest,2026083028,128,0.01,0.2,0.01,0.1,12,100000,100000,1.0,L_independent_error_events_per_trial
L128_q0001_q1020_t010,attack,2026083028,128,0.01,0.2,0.2,0.1,12,100000,79,0.00079,L_independent_error_events_per_trial
L128_q0001_q1020_t010,honest,2026083029,128,0.01,0.2,0.01,0.1,12,100000,100000,1.0,L_independent_error_events_per_trial
L128_q0001_q1020_t010,attack,2026083029,128,0.01,0.2,0.2,0.1,12,100000,116,0.00116,L_independent_error_events_per_trial
L128_q0001_q1020_t010,honest,2026083030,128,0.01,0.2,0.01,0.1,12,100000,100000,1.0,L_independent_error_events_per_trial
L128_q0001_q1020_t010,attack,2026083030,128,0.01,0.2,0.2,0.1,12,100000,99,0.00099,L_independent_error_events_per_trial
L128_q0001_q1020_t015,honest,2026083001,128,0.01,0.2,0.01,0.15,19,100000,100000,1.0,L_independent_error_events_per_trial
L128_q0001_q1020_t015,attack,2026083001,128,0.01,0.2,0.2,0.15,19,100000,8681,0.08681,L_independent_error_events_per_trial
L128_q0001_q1020_t015,honest,2026083002,128,0.01,0.2,0.01,0.15,19,100000,100000,1.0,L_independent_error_events_per_trial
L128_q0001_q1020_t015,attack,2026083002,128,0.01,0.2,0.2,0.15,19,100000,8479,0.08479,L_independent_error_events_per_trial
L128_q0001_q1020_t015,honest,2026083003,128,0.01,0.2,0.01,0.15,19,100000,100000,1.0,L_independent_error_events_per_trial
L128_q0001_q1020_t015,attack,2026083003,128,0.01,0.2,0.2,0.15,19,100000,8681,0.08681,L_independent_error_events_per_trial
L128_q0001_q1020_t015,honest,2026083004,128,0.01,0.2,0.01,0.15,19,100000,100000,1.0,L_independent_error_events_per_trial
L128_q0001_q1020_t015,attack,2026083004,128,0.01,0.2,0.2,0.15,19,100000,8524,0.08524,L_independent_error_events_per_trial
L128_q0001_q1020_t015,honest,2026083005,128,0.01,0.2,0.01,0.15,19,100000,100000,1.0,L_independent_error_events_per_trial
L128_q0001_q1020_t015,attack,2026083005,128,0.01,0.2,0.2,0.15,19,100000,8550,0.0855,L_independent_error_events_per_trial
L128_q0001_q1020_t015,honest,2026083006,128,0.01,0.2,0.01,0.15,19,100000,100000,1.0,L_independent_error_events_per_trial
L128_q0001_q1020_t015,attack,2026083006,128,0.01,0.2,0.2,0.15,19,100000,8497,0.08497,L_independent_error_events_per_trial
L128_q0001_q1020_t015,honest,2026083007,128,0.01,0.2,0.01,0.15,19,100000,100000,1.0,L_independent_error_events_per_trial
L128_q0001_q1020_t015,attack,2026083007,128,0.01,0.2,0.2,0.15,19,100000,8421,0.08421,L_independent_error_events_per_trial
L128_q0001_q1020_t015,honest,2026083008,128,0.01,0.2,0.01,0.15,19,100000,100000,1.0,L_independent_error_events_per_trial
L128_q0001_q1020_t015,attack,2026083008,128,0.01,0.2,0.2,0.15,19,100000,8455,0.08455,L_independent_error_events_per_trial
L128_q0001_q1020_t015,honest,2026083009,128,0.01,0.2,0.01,0.15,19,100000,100000,1.0,L_independent_error_events_per_trial
L128_q0001_q1020_t015,attack,2026083009,128,0.01,0.2,0.2,0.15,19,100000,8545,0.08545,L_independent_error_events_per_trial
L128_q0001_q1020_t015,honest,2026083010,128,0.01,0.2,0.01,0.15,19,100000,100000,1.0,L_independent_error_events_per_trial
L128_q0001_q1020_t015,attack,2026083010,128,0.01,0.2,0.2,0.15,19,100000,8463,0.08463,L_independent_error_events_per_trial
L128_q0001_q1020_t015,honest,2026083011,128,0.01,0.2,0.01,0.15,19,100000,100000,1.0,L_independent_error_events_per_trial
L128_q0001_q1020_t015,attack,2026083011,128,0.01,0.2,0.2,0.15,19,100000,8676,0.08676,L_independent_error_events_per_trial
L128_q0001_q1020_t015,honest,2026083012,128,0.01,0.2,0.01,0.15,19,100000,100000,1.0,L_independent_error_events_per_trial
L128_q0001_q1020_t015,attack,2026083012,128,0.01,0.2,0.2,0.15,19,100000,8696,0.08696,L_independent_error_events_per_trial
L128_q0001_q1020_t015,honest,2026083013,128,0.01,0.2,0.01,0.15,19,100000,100000,1.0,L_independent_error_events_per_trial
L128_q0001_q1020_t015,attack,2026083013,128,0.01,0.2,0.2,0.15,19,100000,8499,0.08499,L_independent_error_events_per_trial
L128_q0001_q1020_t015,honest,2026083014,128,0.01,0.2,0.01,0.15,19,100000,100000,1.0,L_independent_error_events_per_trial
L128_q0001_q1020_t015,attack,2026083014,128,0.01,0.2,0.2,0.15,19,100000,8613,0.08613,L_independent_error_events_per_trial
L128_q0001_q1020_t015,honest,2026083015,128,0.01,0.2,0.01,0.15,19,100000,100000,1.0,L_independent_error_events_per_trial
L128_q0001_q1020_t015,attack,2026083015,128,0.01,0.2,0.2,0.15,19,100000,8546,0.08546,L_independent_error_events_per_trial
L128_q0001_q1020_t015,honest,2026083016,128,0.01,0.2,0.01,0.15,19,100000,100000,1.0,L_independent_error_events_per_trial
L128_q0001_q1020_t015,attack,2026083016,128,0.01,0.2,0.2,0.15,19,100000,8658,0.08658,L_independent_error_events_per_trial
L128_q0001_q1020_t015,honest,2026083017,128,0.01,0.2,0.01,0.15,19,100000,100000,1.0,L_independent_error_events_per_trial
L128_q0001_q1020_t015,attack,2026083017,128,0.01,0.2,0.2,0.15,19,100000,8284,0.08284,L_independent_error_events_per_trial
L128_q0001_q1020_t015,honest,2026083018,128,0.01,0.2,0.01,0.15,19,100000,100000,1.0,L_independent_error_events_per_trial
L128_q0001_q1020_t015,attack,2026083018,128,0.01,0.2,0.2,0.15,19,100000,8531,0.08531,L_independent_error_events_per_trial
L128_q0001_q1020_t015,honest,2026083019,128,0.01,0.2,0.01,0.15,19,100000,100000,1.0,L_independent_error_events_per_trial
L128_q0001_q1020_t015,attack,2026083019,128,0.01,0.2,0.2,0.15,19,100000,8589,0.08589,L_independent_error_events_per_trial
L128_q0001_q1020_t015,honest,2026083020,128,0.01,0.2,0.01,0.15,19,100000,100000,1.0,L_independent_error_events_per_trial
L128_q0001_q1020_t015,attack,2026083020,128,0.01,0.2,0.2,0.15,19,100000,8491,0.08491,L_independent_error_events_per_trial
L128_q0001_q1020_t015,honest,2026083021,128,0.01,0.2,0.01,0.15,19,100000,100000,1.0,L_independent_error_events_per_trial
L128_q0001_q1020_t015,attack,2026083021,128,0.01,0.2,0.2,0.15,19,100000,8656,0.08656,L_independent_error_events_per_trial
L128_q0001_q1020_t015,honest,2026083022,128,0.01,0.2,0.01,0.15,19,100000,100000,1.0,L_independent_error_events_per_trial
L128_q0001_q1020_t015,attack,2026083022,128,0.01,0.2,0.2,0.15,19,100000,8501,0.08501,L_independent_error_events_per_trial
L128_q0001_q1020_t015,honest,2026083023,128,0.01,0.2,0.01,0.15,19,100000,100000,1.0,L_independent_error_events_per_trial
L128_q0001_q1020_t015,attack,2026083023,128,0.01,0.2,0.2,0.15,19,100000,8538,0.08538,L_independent_error_events_per_trial
L128_q0001_q1020_t015,honest,2026083024,128,0.01,0.2,0.01,0.15,19,100000,100000,1.0,L_independent_error_events_per_trial
L128_q0001_q1020_t015,attack,2026083024,128,0.01,0.2,0.2,0.15,19,100000,8489,0.08489,L_independent_error_events_per_trial
L128_q0001_q1020_t015,honest,2026083025,128,0.01,0.2,0.01,0.15,19,100000,100000,1.0,L_independent_error_events_per_trial
L128_q0001_q1020_t015,attack,2026083025,128,0.01,0.2,0.2,0.15,19,100000,8559,0.08559,L_independent_error_events_per_trial
L128_q0001_q1020_t015,honest,2026083026,128,0.01,0.2,0.01,0.15,19,100000,100000,1.0,L_independent_error_events_per_trial
L128_q0001_q1020_t015,attack,2026083026,128,0.01,0.2,0.2,0.15,19,100000,8471,0.08471,L_independent_error_events_per_trial
L128_q0001_q1020_t015,honest,2026083027,128,0.01,0.2,0.01,0.15,19,100000,100000,1.0,L_independent_error_events_per_trial
L128_q0001_q1020_t015,attack,2026083027,128,0.01,0.2,0.2,0.15,19,100000,8581,0.08581,L_independent_error_events_per_trial
L128_q0001_q1020_t015,honest,2026083028,128,0.01,0.2,0.01,0.15,19,100000,100000,1.0,L_independent_error_events_per_trial
L128_q0001_q1020_t015,attack,2026083028,128,0.01,0.2,0.2,0.15,19,100000,8456,0.08456,L_independent_error_events_per_trial
L128_q0001_q1020_t015,honest,2026083029,128,0.01,0.2,0.01,0.15,19,100000,100000,1.0,L_independent_error_events_per_trial
L128_q0001_q1020_t015,attack,2026083029,128,0.01,0.2,0.2,0.15,19,100000,8495,0.08495,L_independent_error_events_per_trial
L128_q0001_q1020_t015,honest,2026083030,128,0.01,0.2,0.01,0.15,19,100000,100000,1.0,L_independent_error_events_per_trial
L128_q0001_q1020_t015,attack,2026083030,128,0.01,0.2,0.2,0.15,19,100000,8565,0.08565,L_independent_error_events_per_trial
L128_q0003_q1020_t005,honest,2026083001,128,0.03,0.2,0.03,0.05,6,100000,90784,0.90784,L_independent_error_events_per_trial
L128_q0003_q1020_t005,attack,2026083001,128,0.03,0.2,0.2,0.05,6,100000,0,0.0,L_independent_error_events_per_trial
L128_q0003_q1020_t005,honest,2026083002,128,0.03,0.2,0.03,0.05,6,100000,90892,0.90892,L_independent_error_events_per_trial
L128_q0003_q1020_t005,attack,2026083002,128,0.03,0.2,0.2,0.05,6,100000,0,0.0,L_independent_error_events_per_trial
L128_q0003_q1020_t005,honest,2026083003,128,0.03,0.2,0.03,0.05,6,100000,90967,0.90967,L_independent_error_events_per_trial
L128_q0003_q1020_t005,attack,2026083003,128,0.03,0.2,0.2,0.05,6,100000,0,0.0,L_independent_error_events_per_trial
L128_q0003_q1020_t005,honest,2026083004,128,0.03,0.2,0.03,0.05,6,100000,90668,0.90668,L_independent_error_events_per_trial
L128_q0003_q1020_t005,attack,2026083004,128,0.03,0.2,0.2,0.05,6,100000,0,0.0,L_independent_error_events_per_trial
L128_q0003_q1020_t005,honest,2026083005,128,0.03,0.2,0.03,0.05,6,100000,91025,0.91025,L_independent_error_events_per_trial
L128_q0003_q1020_t005,attack,2026083005,128,0.03,0.2,0.2,0.05,6,100000,0,0.0,L_independent_error_events_per_trial
L128_q0003_q1020_t005,honest,2026083006,128,0.03,0.2,0.03,0.05,6,100000,90801,0.90801,L_independent_error_events_per_trial
L128_q0003_q1020_t005,attack,2026083006,128,0.03,0.2,0.2,0.05,6,100000,0,0.0,L_independent_error_events_per_trial
L128_q0003_q1020_t005,honest,2026083007,128,0.03,0.2,0.03,0.05,6,100000,90831,0.90831,L_independent_error_events_per_trial
L128_q0003_q1020_t005,attack,2026083007,128,0.03,0.2,0.2,0.05,6,100000,0,0.0,L_independent_error_events_per_trial
L128_q0003_q1020_t005,honest,2026083008,128,0.03,0.2,0.03,0.05,6,100000,90841,0.90841,L_independent_error_events_per_trial
L128_q0003_q1020_t005,attack,2026083008,128,0.03,0.2,0.2,0.05,6,100000,0,0.0,L_independent_error_events_per_trial
L128_q0003_q1020_t005,honest,2026083009,128,0.03,0.2,0.03,0.05,6,100000,90861,0.90861,L_independent_error_events_per_trial
L128_q0003_q1020_t005,attack,2026083009,128,0.03,0.2,0.2,0.05,6,100000,0,0.0,L_independent_error_events_per_trial
L128_q0003_q1020_t005,honest,2026083010,128,0.03,0.2,0.03,0.05,6,100000,90873,0.90873,L_independent_error_events_per_trial
L128_q0003_q1020_t005,attack,2026083010,128,0.03,0.2,0.2,0.05,6,100000,0,0.0,L_independent_error_events_per_trial
L128_q0003_q1020_t005,honest,2026083011,128,0.03,0.2,0.03,0.05,6,100000,90852,0.90852,L_independent_error_events_per_trial
L128_q0003_q1020_t005,attack,2026083011,128,0.03,0.2,0.2,0.05,6,100000,0,0.0,L_independent_error_events_per_trial
L128_q0003_q1020_t005,honest,2026083012,128,0.03,0.2,0.03,0.05,6,100000,91024,0.91024,L_independent_error_events_per_trial
L128_q0003_q1020_t005,attack,2026083012,128,0.03,0.2,0.2,0.05,6,100000,0,0.0,L_independent_error_events_per_trial
L128_q0003_q1020_t005,honest,2026083013,128,0.03,0.2,0.03,0.05,6,100000,90874,0.90874,L_independent_error_events_per_trial
L128_q0003_q1020_t005,attack,2026083013,128,0.03,0.2,0.2,0.05,6,100000,0,0.0,L_independent_error_events_per_trial
L128_q0003_q1020_t005,honest,2026083014,128,0.03,0.2,0.03,0.05,6,100000,90801,0.90801,L_independent_error_events_per_trial
L128_q0003_q1020_t005,attack,2026083014,128,0.03,0.2,0.2,0.05,6,100000,0,0.0,L_independent_error_events_per_trial
L128_q0003_q1020_t005,honest,2026083015,128,0.03,0.2,0.03,0.05,6,100000,90906,0.90906,L_independent_error_events_per_trial
L128_q0003_q1020_t005,attack,2026083015,128,0.03,0.2,0.2,0.05,6,100000,0,0.0,L_independent_error_events_per_trial
L128_q0003_q1020_t005,honest,2026083016,128,0.03,0.2,0.03,0.05,6,100000,90740,0.9074,L_independent_error_events_per_trial
L128_q0003_q1020_t005,attack,2026083016,128,0.03,0.2,0.2,0.05,6,100000,0,0.0,L_independent_error_events_per_trial
L128_q0003_q1020_t005,honest,2026083017,128,0.03,0.2,0.03,0.05,6,100000,90862,0.90862,L_independent_error_events_per_trial
L128_q0003_q1020_t005,attack,2026083017,128,0.03,0.2,0.2,0.05,6,100000,0,0.0,L_independent_error_events_per_trial
L128_q0003_q1020_t005,honest,2026083018,128,0.03,0.2,0.03,0.05,6,100000,90848,0.90848,L_independent_error_events_per_trial
L128_q0003_q1020_t005,attack,2026083018,128,0.03,0.2,0.2,0.05,6,100000,0,0.0,L_independent_error_events_per_trial
L128_q0003_q1020_t005,honest,2026083019,128,0.03,0.2,0.03,0.05,6,100000,90970,0.9097,L_independent_error_events_per_trial
L128_q0003_q1020_t005,attack,2026083019,128,0.03,0.2,0.2,0.05,6,100000,0,0.0,L_independent_error_events_per_trial
L128_q0003_q1020_t005,honest,2026083020,128,0.03,0.2,0.03,0.05,6,100000,90852,0.90852,L_independent_error_events_per_trial
L128_q0003_q1020_t005,attack,2026083020,128,0.03,0.2,0.2,0.05,6,100000,0,0.0,L_independent_error_events_per_trial
L128_q0003_q1020_t005,honest,2026083021,128,0.03,0.2,0.03,0.05,6,100000,90902,0.90902,L_independent_error_events_per_trial
L128_q0003_q1020_t005,attack,2026083021,128,0.03,0.2,0.2,0.05,6,100000,0,0.0,L_independent_error_events_per_trial
L128_q0003_q1020_t005,honest,2026083022,128,0.03,0.2,0.03,0.05,6,100000,90951,0.90951,L_independent_error_events_per_trial
L128_q0003_q1020_t005,attack,2026083022,128,0.03,0.2,0.2,0.05,6,100000,1,1e-05,L_independent_error_events_per_trial
L128_q0003_q1020_t005,honest,2026083023,128,0.03,0.2,0.03,0.05,6,100000,90859,0.90859,L_independent_error_events_per_trial
L128_q0003_q1020_t005,attack,2026083023,128,0.03,0.2,0.2,0.05,6,100000,0,0.0,L_independent_error_events_per_trial
L128_q0003_q1020_t005,honest,2026083024,128,0.03,0.2,0.03,0.05,6,100000,91015,0.91015,L_independent_error_events_per_trial
L128_q0003_q1020_t005,attack,2026083024,128,0.03,0.2,0.2,0.05,6,100000,0,0.0,L_independent_error_events_per_trial
L128_q0003_q1020_t005,honest,2026083025,128,0.03,0.2,0.03,0.05,6,100000,90876,0.90876,L_independent_error_events_per_trial
L128_q0003_q1020_t005,attack,2026083025,128,0.03,0.2,0.2,0.05,6,100000,0,0.0,L_independent_error_events_per_trial
L128_q0003_q1020_t005,honest,2026083026,128,0.03,0.2,0.03,0.05,6,100000,90851,0.90851,L_independent_error_events_per_trial
L128_q0003_q1020_t005,attack,2026083026,128,0.03,0.2,0.2,0.05,6,100000,0,0.0,L_independent_error_events_per_trial
L128_q0003_q1020_t005,honest,2026083027,128,0.03,0.2,0.03,0.05,6,100000,90753,0.90753,L_independent_error_events_per_trial
L128_q0003_q1020_t005,attack,2026083027,128,0.03,0.2,0.2,0.05,6,100000,0,0.0,L_independent_error_events_per_trial
L128_q0003_q1020_t005,honest,2026083028,128,0.03,0.2,0.03,0.05,6,100000,90901,0.90901,L_independent_error_events_per_trial
L128_q0003_q1020_t005,attack,2026083028,128,0.03,0.2,0.2,0.05,6,100000,0,0.0,L_independent_error_events_per_trial
L128_q0003_q1020_t005,honest,2026083029,128,0.03,0.2,0.03,0.05,6,100000,90760,0.9076,L_independent_error_events_per_trial
L128_q0003_q1020_t005,attack,2026083029,128,0.03,0.2,0.2,0.05,6,100000,1,1e-05,L_independent_error_events_per_trial
L128_q0003_q1020_t005,honest,2026083030,128,0.03,0.2,0.03,0.05,6,100000,90934,0.90934,L_independent_error_events_per_trial
L128_q0003_q1020_t005,attack,2026083030,128,0.03,0.2,0.2,0.05,6,100000,0,0.0,L_independent_error_events_per_trial
L128_q0003_q1020_t010,honest,2026083001,128,0.03,0.2,0.03,0.1,12,100000,99988,0.99988,L_independent_error_events_per_trial
L128_q0003_q1020_t010,attack,2026083001,128,0.03,0.2,0.2,0.1,12,100000,99,0.00099,L_independent_error_events_per_trial
L128_q0003_q1020_t010,honest,2026083002,128,0.03,0.2,0.03,0.1,12,100000,99989,0.99989,L_independent_error_events_per_trial
L128_q0003_q1020_t010,attack,2026083002,128,0.03,0.2,0.2,0.1,12,100000,94,0.00094,L_independent_error_events_per_trial
L128_q0003_q1020_t010,honest,2026083003,128,0.03,0.2,0.03,0.1,12,100000,99990,0.9999,L_independent_error_events_per_trial
L128_q0003_q1020_t010,attack,2026083003,128,0.03,0.2,0.2,0.1,12,100000,100,0.001,L_independent_error_events_per_trial
L128_q0003_q1020_t010,honest,2026083004,128,0.03,0.2,0.03,0.1,12,100000,99983,0.99983,L_independent_error_events_per_trial
L128_q0003_q1020_t010,attack,2026083004,128,0.03,0.2,0.2,0.1,12,100000,97,0.00097,L_independent_error_events_per_trial
L128_q0003_q1020_t010,honest,2026083005,128,0.03,0.2,0.03,0.1,12,100000,99984,0.99984,L_independent_error_events_per_trial
L128_q0003_q1020_t010,attack,2026083005,128,0.03,0.2,0.2,0.1,12,100000,89,0.00089,L_independent_error_events_per_trial
L128_q0003_q1020_t010,honest,2026083006,128,0.03,0.2,0.03,0.1,12,100000,99986,0.99986,L_independent_error_events_per_trial
L128_q0003_q1020_t010,attack,2026083006,128,0.03,0.2,0.2,0.1,12,100000,88,0.00088,L_independent_error_events_per_trial
L128_q0003_q1020_t010,honest,2026083007,128,0.03,0.2,0.03,0.1,12,100000,99982,0.99982,L_independent_error_events_per_trial
L128_q0003_q1020_t010,attack,2026083007,128,0.03,0.2,0.2,0.1,12,100000,92,0.00092,L_independent_error_events_per_trial
L128_q0003_q1020_t010,honest,2026083008,128,0.03,0.2,0.03,0.1,12,100000,99990,0.9999,L_independent_error_events_per_trial
L128_q0003_q1020_t010,attack,2026083008,128,0.03,0.2,0.2,0.1,12,100000,95,0.00095,L_independent_error_events_per_trial
L128_q0003_q1020_t010,honest,2026083009,128,0.03,0.2,0.03,0.1,12,100000,99976,0.99976,L_independent_error_events_per_trial
L128_q0003_q1020_t010,attack,2026083009,128,0.03,0.2,0.2,0.1,12,100000,93,0.00093,L_independent_error_events_per_trial
L128_q0003_q1020_t010,honest,2026083010,128,0.03,0.2,0.03,0.1,12,100000,99984,0.99984,L_independent_error_events_per_trial
L128_q0003_q1020_t010,attack,2026083010,128,0.03,0.2,0.2,0.1,12,100000,89,0.00089,L_independent_error_events_per_trial
L128_q0003_q1020_t010,honest,2026083011,128,0.03,0.2,0.03,0.1,12,100000,99985,0.99985,L_independent_error_events_per_trial
L128_q0003_q1020_t010,attack,2026083011,128,0.03,0.2,0.2,0.1,12,100000,72,0.00072,L_independent_error_events_per_trial
L128_q0003_q1020_t010,honest,2026083012,128,0.03,0.2,0.03,0.1,12,100000,99990,0.9999,L_independent_error_events_per_trial
L128_q0003_q1020_t010,attack,2026083012,128,0.03,0.2,0.2,0.1,12,100000,90,0.0009,L_independent_error_events_per_trial
L128_q0003_q1020_t010,honest,2026083013,128,0.03,0.2,0.03,0.1,12,100000,99979,0.99979,L_independent_error_events_per_trial
L128_q0003_q1020_t010,attack,2026083013,128,0.03,0.2,0.2,0.1,12,100000,90,0.0009,L_independent_error_events_per_trial
L128_q0003_q1020_t010,honest,2026083014,128,0.03,0.2,0.03,0.1,12,100000,99985,0.99985,L_independent_error_events_per_trial
L128_q0003_q1020_t010,attack,2026083014,128,0.03,0.2,0.2,0.1,12,100000,72,0.00072,L_independent_error_events_per_trial
L128_q0003_q1020_t010,honest,2026083015,128,0.03,0.2,0.03,0.1,12,100000,99987,0.99987,L_independent_error_events_per_trial
L128_q0003_q1020_t010,attack,2026083015,128,0.03,0.2,0.2,0.1,12,100000,92,0.00092,L_independent_error_events_per_trial
L128_q0003_q1020_t010,honest,2026083016,128,0.03,0.2,0.03,0.1,12,100000,99991,0.99991,L_independent_error_events_per_trial
L128_q0003_q1020_t010,attack,2026083016,128,0.03,0.2,0.2,0.1,12,100000,90,0.0009,L_independent_error_events_per_trial
L128_q0003_q1020_t010,honest,2026083017,128,0.03,0.2,0.03,0.1,12,100000,99986,0.99986,L_independent_error_events_per_trial
L128_q0003_q1020_t010,attack,2026083017,128,0.03,0.2,0.2,0.1,12,100000,80,0.0008,L_independent_error_events_per_trial
L128_q0003_q1020_t010,honest,2026083018,128,0.03,0.2,0.03,0.1,12,100000,99982,0.99982,L_independent_error_events_per_trial
L128_q0003_q1020_t010,attack,2026083018,128,0.03,0.2,0.2,0.1,12,100000,82,0.00082,L_independent_error_events_per_trial
L128_q0003_q1020_t010,honest,2026083019,128,0.03,0.2,0.03,0.1,12,100000,99987,0.99987,L_independent_error_events_per_trial
L128_q0003_q1020_t010,attack,2026083019,128,0.03,0.2,0.2,0.1,12,100000,98,0.00098,L_independent_error_events_per_trial
L128_q0003_q1020_t010,honest,2026083020,128,0.03,0.2,0.03,0.1,12,100000,99983,0.99983,L_independent_error_events_per_trial
L128_q0003_q1020_t010,attack,2026083020,128,0.03,0.2,0.2,0.1,12,100000,88,0.00088,L_independent_error_events_per_trial
L128_q0003_q1020_t010,honest,2026083021,128,0.03,0.2,0.03,0.1,12,100000,99991,0.99991,L_independent_error_events_per_trial
L128_q0003_q1020_t010,attack,2026083021,128,0.03,0.2,0.2,0.1,12,100000,102,0.00102,L_independent_error_events_per_trial
L128_q0003_q1020_t010,honest,2026083022,128,0.03,0.2,0.03,0.1,12,100000,99994,0.99994,L_independent_error_events_per_trial
L128_q0003_q1020_t010,attack,2026083022,128,0.03,0.2,0.2,0.1,12,100000,94,0.00094,L_independent_error_events_per_trial
L128_q0003_q1020_t010,honest,2026083023,128,0.03,0.2,0.03,0.1,12,100000,99986,0.99986,L_independent_error_events_per_trial
L128_q0003_q1020_t010,attack,2026083023,128,0.03,0.2,0.2,0.1,12,100000,106,0.00106,L_independent_error_events_per_trial
L128_q0003_q1020_t010,honest,2026083024,128,0.03,0.2,0.03,0.1,12,100000,99987,0.99987,L_independent_error_events_per_trial
L128_q0003_q1020_t010,attack,2026083024,128,0.03,0.2,0.2,0.1,12,100000,84,0.00084,L_independent_error_events_per_trial
L128_q0003_q1020_t010,honest,2026083025,128,0.03,0.2,0.03,0.1,12,100000,99985,0.99985,L_independent_error_events_per_trial
L128_q0003_q1020_t010,attack,2026083025,128,0.03,0.2,0.2,0.1,12,100000,76,0.00076,L_independent_error_events_per_trial
L128_q0003_q1020_t010,honest,2026083026,128,0.03,0.2,0.03,0.1,12,100000,99990,0.9999,L_independent_error_events_per_trial
L128_q0003_q1020_t010,attack,2026083026,128,0.03,0.2,0.2,0.1,12,100000,85,0.00085,L_independent_error_events_per_trial
L128_q0003_q1020_t010,honest,2026083027,128,0.03,0.2,0.03,0.1,12,100000,99993,0.99993,L_independent_error_events_per_trial
L128_q0003_q1020_t010,attack,2026083027,128,0.03,0.2,0.2,0.1,12,100000,94,0.00094,L_independent_error_events_per_trial
L128_q0003_q1020_t010,honest,2026083028,128,0.03,0.2,0.03,0.1,12,100000,99982,0.99982,L_independent_error_events_per_trial
L128_q0003_q1020_t010,attack,2026083028,128,0.03,0.2,0.2,0.1,12,100000,79,0.00079,L_independent_error_events_per_trial
L128_q0003_q1020_t010,honest,2026083029,128,0.03,0.2,0.03,0.1,12,100000,99984,0.99984,L_independent_error_events_per_trial
L128_q0003_q1020_t010,attack,2026083029,128,0.03,0.2,0.2,0.1,12,100000,116,0.00116,L_independent_error_events_per_trial
L128_q0003_q1020_t010,honest,2026083030,128,0.03,0.2,0.03,0.1,12,100000,99992,0.99992,L_independent_error_events_per_trial
L128_q0003_q1020_t010,attack,2026083030,128,0.03,0.2,0.2,0.1,12,100000,99,0.00099,L_independent_error_events_per_trial
L128_q0003_q1020_t015,honest,2026083001,128,0.03,0.2,0.03,0.15,19,100000,100000,1.0,L_independent_error_events_per_trial
L128_q0003_q1020_t015,attack,2026083001,128,0.03,0.2,0.2,0.15,19,100000,8681,0.08681,L_independent_error_events_per_trial
L128_q0003_q1020_t015,honest,2026083002,128,0.03,0.2,0.03,0.15,19,100000,100000,1.0,L_independent_error_events_per_trial
L128_q0003_q1020_t015,attack,2026083002,128,0.03,0.2,0.2,0.15,19,100000,8479,0.08479,L_independent_error_events_per_trial
L128_q0003_q1020_t015,honest,2026083003,128,0.03,0.2,0.03,0.15,19,100000,100000,1.0,L_independent_error_events_per_trial
L128_q0003_q1020_t015,attack,2026083003,128,0.03,0.2,0.2,0.15,19,100000,8681,0.08681,L_independent_error_events_per_trial
L128_q0003_q1020_t015,honest,2026083004,128,0.03,0.2,0.03,0.15,19,100000,100000,1.0,L_independent_error_events_per_trial
L128_q0003_q1020_t015,attack,2026083004,128,0.03,0.2,0.2,0.15,19,100000,8524,0.08524,L_independent_error_events_per_trial
L128_q0003_q1020_t015,honest,2026083005,128,0.03,0.2,0.03,0.15,19,100000,100000,1.0,L_independent_error_events_per_trial
L128_q0003_q1020_t015,attack,2026083005,128,0.03,0.2,0.2,0.15,19,100000,8550,0.0855,L_independent_error_events_per_trial
L128_q0003_q1020_t015,honest,2026083006,128,0.03,0.2,0.03,0.15,19,100000,100000,1.0,L_independent_error_events_per_trial
L128_q0003_q1020_t015,attack,2026083006,128,0.03,0.2,0.2,0.15,19,100000,8497,0.08497,L_independent_error_events_per_trial
L128_q0003_q1020_t015,honest,2026083007,128,0.03,0.2,0.03,0.15,19,100000,100000,1.0,L_independent_error_events_per_trial
L128_q0003_q1020_t015,attack,2026083007,128,0.03,0.2,0.2,0.15,19,100000,8421,0.08421,L_independent_error_events_per_trial
L128_q0003_q1020_t015,honest,2026083008,128,0.03,0.2,0.03,0.15,19,100000,100000,1.0,L_independent_error_events_per_trial
L128_q0003_q1020_t015,attack,2026083008,128,0.03,0.2,0.2,0.15,19,100000,8455,0.08455,L_independent_error_events_per_trial
L128_q0003_q1020_t015,honest,2026083009,128,0.03,0.2,0.03,0.15,19,100000,100000,1.0,L_independent_error_events_per_trial
L128_q0003_q1020_t015,attack,2026083009,128,0.03,0.2,0.2,0.15,19,100000,8545,0.08545,L_independent_error_events_per_trial
L128_q0003_q1020_t015,honest,2026083010,128,0.03,0.2,0.03,0.15,19,100000,100000,1.0,L_independent_error_events_per_trial
L128_q0003_q1020_t015,attack,2026083010,128,0.03,0.2,0.2,0.15,19,100000,8463,0.08463,L_independent_error_events_per_trial
L128_q0003_q1020_t015,honest,2026083011,128,0.03,0.2,0.03,0.15,19,100000,100000,1.0,L_independent_error_events_per_trial
L128_q0003_q1020_t015,attack,2026083011,128,0.03,0.2,0.2,0.15,19,100000,8676,0.08676,L_independent_error_events_per_trial
L128_q0003_q1020_t015,honest,2026083012,128,0.03,0.2,0.03,0.15,19,100000,100000,1.0,L_independent_error_events_per_trial
L128_q0003_q1020_t015,attack,2026083012,128,0.03,0.2,0.2,0.15,19,100000,8696,0.08696,L_independent_error_events_per_trial
L128_q0003_q1020_t015,honest,2026083013,128,0.03,0.2,0.03,0.15,19,100000,100000,1.0,L_independent_error_events_per_trial
L128_q0003_q1020_t015,attack,2026083013,128,0.03,0.2,0.2,0.15,19,100000,8499,0.08499,L_independent_error_events_per_trial
L128_q0003_q1020_t015,honest,2026083014,128,0.03,0.2,0.03,0.15,19,100000,100000,1.0,L_independent_error_events_per_trial
L128_q0003_q1020_t015,attack,2026083014,128,0.03,0.2,0.2,0.15,19,100000,8613,0.08613,L_independent_error_events_per_trial
L128_q0003_q1020_t015,honest,2026083015,128,0.03,0.2,0.03,0.15,19,100000,100000,1.0,L_independent_error_events_per_trial
L128_q0003_q1020_t015,attack,2026083015,128,0.03,0.2,0.2,0.15,19,100000,8546,0.08546,L_independent_error_events_per_trial
L128_q0003_q1020_t015,honest,2026083016,128,0.03,0.2,0.03,0.15,19,100000,100000,1.0,L_independent_error_events_per_trial
L128_q0003_q1020_t015,attack,2026083016,128,0.03,0.2,0.2,0.15,19,100000,8658,0.08658,L_independent_error_events_per_trial
L128_q0003_q1020_t015,honest,2026083017,128,0.03,0.2,0.03,0.15,19,100000,100000,1.0,L_independent_error_events_per_trial
L128_q0003_q1020_t015,attack,2026083017,128,0.03,0.2,0.2,0.15,19,100000,8284,0.08284,L_independent_error_events_per_trial
L128_q0003_q1020_t015,honest,2026083018,128,0.03,0.2,0.03,0.15,19,100000,100000,1.0,L_independent_error_events_per_trial
L128_q0003_q1020_t015,attack,2026083018,128,0.03,0.2,0.2,0.15,19,100000,8531,0.08531,L_independent_error_events_per_trial
L128_q0003_q1020_t015,honest,2026083019,128,0.03,0.2,0.03,0.15,19,100000,100000,1.0,L_independent_error_events_per_trial
L128_q0003_q1020_t015,attack,2026083019,128,0.03,0.2,0.2,0.15,19,100000,8589,0.08589,L_independent_error_events_per_trial
L128_q0003_q1020_t015,honest,2026083020,128,0.03,0.2,0.03,0.15,19,100000,100000,1.0,L_independent_error_events_per_trial
L128_q0003_q1020_t015,attack,2026083020,128,0.03,0.2,0.2,0.15,19,100000,8491,0.08491,L_independent_error_events_per_trial
L128_q0003_q1020_t015,honest,2026083021,128,0.03,0.2,0.03,0.15,19,100000,100000,1.0,L_independent_error_events_per_trial
L128_q0003_q1020_t015,attack,2026083021,128,0.03,0.2,0.2,0.15,19,100000,8656,0.08656,L_independent_error_events_per_trial
L128_q0003_q1020_t015,honest,2026083022,128,0.03,0.2,0.03,0.15,19,100000,100000,1.0,L_independent_error_events_per_trial
L128_q0003_q1020_t015,attack,2026083022,128,0.03,0.2,0.2,0.15,19,100000,8501,0.08501,L_independent_error_events_per_trial
L128_q0003_q1020_t015,honest,2026083023,128,0.03,0.2,0.03,0.15,19,100000,100000,1.0,L_independent_error_events_per_trial
L128_q0003_q1020_t015,attack,2026083023,128,0.03,0.2,0.2,0.15,19,100000,8538,0.08538,L_independent_error_events_per_trial
L128_q0003_q1020_t015,honest,2026083024,128,0.03,0.2,0.03,0.15,19,100000,100000,1.0,L_independent_error_events_per_trial
L128_q0003_q1020_t015,attack,2026083024,128,0.03,0.2,0.2,0.15,19,100000,8489,0.08489,L_independent_error_events_per_trial
L128_q0003_q1020_t015,honest,2026083025,128,0.03,0.2,0.03,0.15,19,100000,100000,1.0,L_independent_error_events_per_trial
L128_q0003_q1020_t015,attack,2026083025,128,0.03,0.2,0.2,0.15,19,100000,8559,0.08559,L_independent_error_events_per_trial
L128_q0003_q1020_t015,honest,2026083026,128,0.03,0.2,0.03,0.15,19,100000,100000,1.0,L_independent_error_events_per_trial
L128_q0003_q1020_t015,attack,2026083026,128,0.03,0.2,0.2,0.15,19,100000,8471,0.08471,L_independent_error_events_per_trial
L128_q0003_q1020_t015,honest,2026083027,128,0.03,0.2,0.03,0.15,19,100000,100000,1.0,L_independent_error_events_per_trial
L128_q0003_q1020_t015,attack,2026083027,128,0.03,0.2,0.2,0.15,19,100000,8581,0.08581,L_independent_error_events_per_trial
L128_q0003_q1020_t015,honest,2026083028,128,0.03,0.2,0.03,0.15,19,100000,100000,1.0,L_independent_error_events_per_trial
L128_q0003_q1020_t015,attack,2026083028,128,0.03,0.2,0.2,0.15,19,100000,8456,0.08456,L_independent_error_events_per_trial
L128_q0003_q1020_t015,honest,2026083029,128,0.03,0.2,0.03,0.15,19,100000,100000,1.0,L_independent_error_events_per_trial
L128_q0003_q1020_t015,attack,2026083029,128,0.03,0.2,0.2,0.15,19,100000,8495,0.08495,L_independent_error_events_per_trial
L128_q0003_q1020_t015,honest,2026083030,128,0.03,0.2,0.03,0.15,19,100000,100000,1.0,L_independent_error_events_per_trial
L128_q0003_q1020_t015,attack,2026083030,128,0.03,0.2,0.2,0.15,19,100000,8565,0.08565,L_independent_error_events_per_trial
L128_q0005_q1020_t005,honest,2026083001,128,0.05,0.2,0.05,0.05,6,100000,53982,0.53982,L_independent_error_events_per_trial
L128_q0005_q1020_t005,attack,2026083001,128,0.05,0.2,0.2,0.05,6,100000,0,0.0,L_independent_error_events_per_trial
L128_q0005_q1020_t005,honest,2026083002,128,0.05,0.2,0.05,0.05,6,100000,54047,0.54047,L_independent_error_events_per_trial
L128_q0005_q1020_t005,attack,2026083002,128,0.05,0.2,0.2,0.05,6,100000,0,0.0,L_independent_error_events_per_trial
L128_q0005_q1020_t005,honest,2026083003,128,0.05,0.2,0.05,0.05,6,100000,54247,0.54247,L_independent_error_events_per_trial
L128_q0005_q1020_t005,attack,2026083003,128,0.05,0.2,0.2,0.05,6,100000,0,0.0,L_independent_error_events_per_trial
L128_q0005_q1020_t005,honest,2026083004,128,0.05,0.2,0.05,0.05,6,100000,53964,0.53964,L_independent_error_events_per_trial
L128_q0005_q1020_t005,attack,2026083004,128,0.05,0.2,0.2,0.05,6,100000,0,0.0,L_independent_error_events_per_trial
L128_q0005_q1020_t005,honest,2026083005,128,0.05,0.2,0.05,0.05,6,100000,54250,0.5425,L_independent_error_events_per_trial
L128_q0005_q1020_t005,attack,2026083005,128,0.05,0.2,0.2,0.05,6,100000,0,0.0,L_independent_error_events_per_trial
L128_q0005_q1020_t005,honest,2026083006,128,0.05,0.2,0.05,0.05,6,100000,54102,0.54102,L_independent_error_events_per_trial
L128_q0005_q1020_t005,attack,2026083006,128,0.05,0.2,0.2,0.05,6,100000,0,0.0,L_independent_error_events_per_trial
L128_q0005_q1020_t005,honest,2026083007,128,0.05,0.2,0.05,0.05,6,100000,54045,0.54045,L_independent_error_events_per_trial
L128_q0005_q1020_t005,attack,2026083007,128,0.05,0.2,0.2,0.05,6,100000,0,0.0,L_independent_error_events_per_trial
L128_q0005_q1020_t005,honest,2026083008,128,0.05,0.2,0.05,0.05,6,100000,54327,0.54327,L_independent_error_events_per_trial
L128_q0005_q1020_t005,attack,2026083008,128,0.05,0.2,0.2,0.05,6,100000,0,0.0,L_independent_error_events_per_trial
L128_q0005_q1020_t005,honest,2026083009,128,0.05,0.2,0.05,0.05,6,100000,53792,0.53792,L_independent_error_events_per_trial
L128_q0005_q1020_t005,attack,2026083009,128,0.05,0.2,0.2,0.05,6,100000,0,0.0,L_independent_error_events_per_trial
L128_q0005_q1020_t005,honest,2026083010,128,0.05,0.2,0.05,0.05,6,100000,54002,0.54002,L_independent_error_events_per_trial
L128_q0005_q1020_t005,attack,2026083010,128,0.05,0.2,0.2,0.05,6,100000,0,0.0,L_independent_error_events_per_trial
L128_q0005_q1020_t005,honest,2026083011,128,0.05,0.2,0.05,0.05,6,100000,54143,0.54143,L_independent_error_events_per_trial
L128_q0005_q1020_t005,attack,2026083011,128,0.05,0.2,0.2,0.05,6,100000,0,0.0,L_independent_error_events_per_trial
L128_q0005_q1020_t005,honest,2026083012,128,0.05,0.2,0.05,0.05,6,100000,54295,0.54295,L_independent_error_events_per_trial
L128_q0005_q1020_t005,attack,2026083012,128,0.05,0.2,0.2,0.05,6,100000,0,0.0,L_independent_error_events_per_trial
L128_q0005_q1020_t005,honest,2026083013,128,0.05,0.2,0.05,0.05,6,100000,54041,0.54041,L_independent_error_events_per_trial
L128_q0005_q1020_t005,attack,2026083013,128,0.05,0.2,0.2,0.05,6,100000,0,0.0,L_independent_error_events_per_trial
L128_q0005_q1020_t005,honest,2026083014,128,0.05,0.2,0.05,0.05,6,100000,54238,0.54238,L_independent_error_events_per_trial
L128_q0005_q1020_t005,attack,2026083014,128,0.05,0.2,0.2,0.05,6,100000,0,0.0,L_independent_error_events_per_trial
L128_q0005_q1020_t005,honest,2026083015,128,0.05,0.2,0.05,0.05,6,100000,54032,0.54032,L_independent_error_events_per_trial
L128_q0005_q1020_t005,attack,2026083015,128,0.05,0.2,0.2,0.05,6,100000,0,0.0,L_independent_error_events_per_trial
L128_q0005_q1020_t005,honest,2026083016,128,0.05,0.2,0.05,0.05,6,100000,54074,0.54074,L_independent_error_events_per_trial
L128_q0005_q1020_t005,attack,2026083016,128,0.05,0.2,0.2,0.05,6,100000,0,0.0,L_independent_error_events_per_trial
L128_q0005_q1020_t005,honest,2026083017,128,0.05,0.2,0.05,0.05,6,100000,54066,0.54066,L_independent_error_events_per_trial
L128_q0005_q1020_t005,attack,2026083017,128,0.05,0.2,0.2,0.05,6,100000,0,0.0,L_independent_error_events_per_trial
L128_q0005_q1020_t005,honest,2026083018,128,0.05,0.2,0.05,0.05,6,100000,54056,0.54056,L_independent_error_events_per_trial
L128_q0005_q1020_t005,attack,2026083018,128,0.05,0.2,0.2,0.05,6,100000,0,0.0,L_independent_error_events_per_trial
L128_q0005_q1020_t005,honest,2026083019,128,0.05,0.2,0.05,0.05,6,100000,54072,0.54072,L_independent_error_events_per_trial
L128_q0005_q1020_t005,attack,2026083019,128,0.05,0.2,0.2,0.05,6,100000,0,0.0,L_independent_error_events_per_trial
L128_q0005_q1020_t005,honest,2026083020,128,0.05,0.2,0.05,0.05,6,100000,54094,0.54094,L_independent_error_events_per_trial
L128_q0005_q1020_t005,attack,2026083020,128,0.05,0.2,0.2,0.05,6,100000,0,0.0,L_independent_error_events_per_trial
L128_q0005_q1020_t005,honest,2026083021,128,0.05,0.2,0.05,0.05,6,100000,54107,0.54107,L_independent_error_events_per_trial
L128_q0005_q1020_t005,attack,2026083021,128,0.05,0.2,0.2,0.05,6,100000,0,0.0,L_independent_error_events_per_trial
L128_q0005_q1020_t005,honest,2026083022,128,0.05,0.2,0.05,0.05,6,100000,53728,0.53728,L_independent_error_events_per_trial
L128_q0005_q1020_t005,attack,2026083022,128,0.05,0.2,0.2,0.05,6,100000,1,1e-05,L_independent_error_events_per_trial
L128_q0005_q1020_t005,honest,2026083023,128,0.05,0.2,0.05,0.05,6,100000,54027,0.54027,L_independent_error_events_per_trial
L128_q0005_q1020_t005,attack,2026083023,128,0.05,0.2,0.2,0.05,6,100000,0,0.0,L_independent_error_events_per_trial
L128_q0005_q1020_t005,honest,2026083024,128,0.05,0.2,0.05,0.05,6,100000,54008,0.54008,L_independent_error_events_per_trial
L128_q0005_q1020_t005,attack,2026083024,128,0.05,0.2,0.2,0.05,6,100000,0,0.0,L_independent_error_events_per_trial
L128_q0005_q1020_t005,honest,2026083025,128,0.05,0.2,0.05,0.05,6,100000,54069,0.54069,L_independent_error_events_per_trial
L128_q0005_q1020_t005,attack,2026083025,128,0.05,0.2,0.2,0.05,6,100000,0,0.0,L_independent_error_events_per_trial
L128_q0005_q1020_t005,honest,2026083026,128,0.05,0.2,0.05,0.05,6,100000,54326,0.54326,L_independent_error_events_per_trial
L128_q0005_q1020_t005,attack,2026083026,128,0.05,0.2,0.2,0.05,6,100000,0,0.0,L_independent_error_events_per_trial
L128_q0005_q1020_t005,honest,2026083027,128,0.05,0.2,0.05,0.05,6,100000,53898,0.53898,L_independent_error_events_per_trial
L128_q0005_q1020_t005,attack,2026083027,128,0.05,0.2,0.2,0.05,6,100000,0,0.0,L_independent_error_events_per_trial
L128_q0005_q1020_t005,honest,2026083028,128,0.05,0.2,0.05,0.05,6,100000,54055,0.54055,L_independent_error_events_per_trial
L128_q0005_q1020_t005,attack,2026083028,128,0.05,0.2,0.2,0.05,6,100000,0,0.0,L_independent_error_events_per_trial
L128_q0005_q1020_t005,honest,2026083029,128,0.05,0.2,0.05,0.05,6,100000,54176,0.54176,L_independent_error_events_per_trial
L128_q0005_q1020_t005,attack,2026083029,128,0.05,0.2,0.2,0.05,6,100000,1,1e-05,L_independent_error_events_per_trial
L128_q0005_q1020_t005,honest,2026083030,128,0.05,0.2,0.05,0.05,6,100000,53838,0.53838,L_independent_error_events_per_trial
L128_q0005_q1020_t005,attack,2026083030,128,0.05,0.2,0.2,0.05,6,100000,0,0.0,L_independent_error_events_per_trial
L128_q0005_q1020_t010,honest,2026083001,128,0.05,0.2,0.05,0.1,12,100000,98744,0.98744,L_independent_error_events_per_trial
L128_q0005_q1020_t010,attack,2026083001,128,0.05,0.2,0.2,0.1,12,100000,99,0.00099,L_independent_error_events_per_trial
L128_q0005_q1020_t010,honest,2026083002,128,0.05,0.2,0.05,0.1,12,100000,98740,0.9874,L_independent_error_events_per_trial
L128_q0005_q1020_t010,attack,2026083002,128,0.05,0.2,0.2,0.1,12,100000,94,0.00094,L_independent_error_events_per_trial
L128_q0005_q1020_t010,honest,2026083003,128,0.05,0.2,0.05,0.1,12,100000,98887,0.98887,L_independent_error_events_per_trial
L128_q0005_q1020_t010,attack,2026083003,128,0.05,0.2,0.2,0.1,12,100000,100,0.001,L_independent_error_events_per_trial
L128_q0005_q1020_t010,honest,2026083004,128,0.05,0.2,0.05,0.1,12,100000,98768,0.98768,L_independent_error_events_per_trial
L128_q0005_q1020_t010,attack,2026083004,128,0.05,0.2,0.2,0.1,12,100000,97,0.00097,L_independent_error_events_per_trial
L128_q0005_q1020_t010,honest,2026083005,128,0.05,0.2,0.05,0.1,12,100000,98746,0.98746,L_independent_error_events_per_trial
L128_q0005_q1020_t010,attack,2026083005,128,0.05,0.2,0.2,0.1,12,100000,89,0.00089,L_independent_error_events_per_trial
L128_q0005_q1020_t010,honest,2026083006,128,0.05,0.2,0.05,0.1,12,100000,98759,0.98759,L_independent_error_events_per_trial
L128_q0005_q1020_t010,attack,2026083006,128,0.05,0.2,0.2,0.1,12,100000,88,0.00088,L_independent_error_events_per_trial
L128_q0005_q1020_t010,honest,2026083007,128,0.05,0.2,0.05,0.1,12,100000,98823,0.98823,L_independent_error_events_per_trial
L128_q0005_q1020_t010,attack,2026083007,128,0.05,0.2,0.2,0.1,12,100000,92,0.00092,L_independent_error_events_per_trial
L128_q0005_q1020_t010,honest,2026083008,128,0.05,0.2,0.05,0.1,12,100000,98783,0.98783,L_independent_error_events_per_trial
L128_q0005_q1020_t010,attack,2026083008,128,0.05,0.2,0.2,0.1,12,100000,95,0.00095,L_independent_error_events_per_trial
L128_q0005_q1020_t010,honest,2026083009,128,0.05,0.2,0.05,0.1,12,100000,98754,0.98754,L_independent_error_events_per_trial
L128_q0005_q1020_t010,attack,2026083009,128,0.05,0.2,0.2,0.1,12,100000,93,0.00093,L_independent_error_events_per_trial
L128_q0005_q1020_t010,honest,2026083010,128,0.05,0.2,0.05,0.1,12,100000,98764,0.98764,L_independent_error_events_per_trial
L128_q0005_q1020_t010,attack,2026083010,128,0.05,0.2,0.2,0.1,12,100000,89,0.00089,L_independent_error_events_per_trial
L128_q0005_q1020_t010,honest,2026083011,128,0.05,0.2,0.05,0.1,12,100000,98761,0.98761,L_independent_error_events_per_trial
L128_q0005_q1020_t010,attack,2026083011,128,0.05,0.2,0.2,0.1,12,100000,72,0.00072,L_independent_error_events_per_trial
L128_q0005_q1020_t010,honest,2026083012,128,0.05,0.2,0.05,0.1,12,100000,98819,0.98819,L_independent_error_events_per_trial
L128_q0005_q1020_t010,attack,2026083012,128,0.05,0.2,0.2,0.1,12,100000,90,0.0009,L_independent_error_events_per_trial
L128_q0005_q1020_t010,honest,2026083013,128,0.05,0.2,0.05,0.1,12,100000,98824,0.98824,L_independent_error_events_per_trial
L128_q0005_q1020_t010,attack,2026083013,128,0.05,0.2,0.2,0.1,12,100000,90,0.0009,L_independent_error_events_per_trial
L128_q0005_q1020_t010,honest,2026083014,128,0.05,0.2,0.05,0.1,12,100000,98813,0.98813,L_independent_error_events_per_trial
L128_q0005_q1020_t010,attack,2026083014,128,0.05,0.2,0.2,0.1,12,100000,72,0.00072,L_independent_error_events_per_trial
L128_q0005_q1020_t010,honest,2026083015,128,0.05,0.2,0.05,0.1,12,100000,98826,0.98826,L_independent_error_events_per_trial
L128_q0005_q1020_t010,attack,2026083015,128,0.05,0.2,0.2,0.1,12,100000,92,0.00092,L_independent_error_events_per_trial
L128_q0005_q1020_t010,honest,2026083016,128,0.05,0.2,0.05,0.1,12,100000,98794,0.98794,L_independent_error_events_per_trial
L128_q0005_q1020_t010,attack,2026083016,128,0.05,0.2,0.2,0.1,12,100000,90,0.0009,L_independent_error_events_per_trial
L128_q0005_q1020_t010,honest,2026083017,128,0.05,0.2,0.05,0.1,12,100000,98794,0.98794,L_independent_error_events_per_trial
L128_q0005_q1020_t010,attack,2026083017,128,0.05,0.2,0.2,0.1,12,100000,80,0.0008,L_independent_error_events_per_trial
L128_q0005_q1020_t010,honest,2026083018,128,0.05,0.2,0.05,0.1,12,100000,98713,0.98713,L_independent_error_events_per_trial
L128_q0005_q1020_t010,attack,2026083018,128,0.05,0.2,0.2,0.1,12,100000,82,0.00082,L_independent_error_events_per_trial
L128_q0005_q1020_t010,honest,2026083019,128,0.05,0.2,0.05,0.1,12,100000,98748,0.98748,L_independent_error_events_per_trial
L128_q0005_q1020_t010,attack,2026083019,128,0.05,0.2,0.2,0.1,12,100000,98,0.00098,L_independent_error_events_per_trial
L128_q0005_q1020_t010,honest,2026083020,128,0.05,0.2,0.05,0.1,12,100000,98872,0.98872,L_independent_error_events_per_trial
L128_q0005_q1020_t010,attack,2026083020,128,0.05,0.2,0.2,0.1,12,100000,88,0.00088,L_independent_error_events_per_trial
L128_q0005_q1020_t010,honest,2026083021,128,0.05,0.2,0.05,0.1,12,100000,98822,0.98822,L_independent_error_events_per_trial
L128_q0005_q1020_t010,attack,2026083021,128,0.05,0.2,0.2,0.1,12,100000,102,0.00102,L_independent_error_events_per_trial
L128_q0005_q1020_t010,honest,2026083022,128,0.05,0.2,0.05,0.1,12,100000,98784,0.98784,L_independent_error_events_per_trial
L128_q0005_q1020_t010,attack,2026083022,128,0.05,0.2,0.2,0.1,12,100000,94,0.00094,L_independent_error_events_per_trial
L128_q0005_q1020_t010,honest,2026083023,128,0.05,0.2,0.05,0.1,12,100000,98828,0.98828,L_independent_error_events_per_trial
L128_q0005_q1020_t010,attack,2026083023,128,0.05,0.2,0.2,0.1,12,100000,106,0.00106,L_independent_error_events_per_trial
L128_q0005_q1020_t010,honest,2026083024,128,0.05,0.2,0.05,0.1,12,100000,98831,0.98831,L_independent_error_events_per_trial
L128_q0005_q1020_t010,attack,2026083024,128,0.05,0.2,0.2,0.1,12,100000,84,0.00084,L_independent_error_events_per_trial
L128_q0005_q1020_t010,honest,2026083025,128,0.05,0.2,0.05,0.1,12,100000,98853,0.98853,L_independent_error_events_per_trial
L128_q0005_q1020_t010,attack,2026083025,128,0.05,0.2,0.2,0.1,12,100000,76,0.00076,L_independent_error_events_per_trial
L128_q0005_q1020_t010,honest,2026083026,128,0.05,0.2,0.05,0.1,12,100000,98833,0.98833,L_independent_error_events_per_trial
L128_q0005_q1020_t010,attack,2026083026,128,0.05,0.2,0.2,0.1,12,100000,85,0.00085,L_independent_error_events_per_trial
L128_q0005_q1020_t010,honest,2026083027,128,0.05,0.2,0.05,0.1,12,100000,98815,0.98815,L_independent_error_events_per_trial
L128_q0005_q1020_t010,attack,2026083027,128,0.05,0.2,0.2,0.1,12,100000,94,0.00094,L_independent_error_events_per_trial
L128_q0005_q1020_t010,honest,2026083028,128,0.05,0.2,0.05,0.1,12,100000,98806,0.98806,L_independent_error_events_per_trial
L128_q0005_q1020_t010,attack,2026083028,128,0.05,0.2,0.2,0.1,12,100000,79,0.00079,L_independent_error_events_per_trial
L128_q0005_q1020_t010,honest,2026083029,128,0.05,0.2,0.05,0.1,12,100000,98797,0.98797,L_independent_error_events_per_trial
L128_q0005_q1020_t010,attack,2026083029,128,0.05,0.2,0.2,0.1,12,100000,116,0.00116,L_independent_error_events_per_trial
L128_q0005_q1020_t010,honest,2026083030,128,0.05,0.2,0.05,0.1,12,100000,98728,0.98728,L_independent_error_events_per_trial
L128_q0005_q1020_t010,attack,2026083030,128,0.05,0.2,0.2,0.1,12,100000,99,0.00099,L_independent_error_events_per_trial
L128_q0005_q1020_t015,honest,2026083001,128,0.05,0.2,0.05,0.15,19,100000,100000,1.0,L_independent_error_events_per_trial
L128_q0005_q1020_t015,attack,2026083001,128,0.05,0.2,0.2,0.15,19,100000,8681,0.08681,L_independent_error_events_per_trial
L128_q0005_q1020_t015,honest,2026083002,128,0.05,0.2,0.05,0.15,19,100000,99999,0.99999,L_independent_error_events_per_trial
L128_q0005_q1020_t015,attack,2026083002,128,0.05,0.2,0.2,0.15,19,100000,8479,0.08479,L_independent_error_events_per_trial
L128_q0005_q1020_t015,honest,2026083003,128,0.05,0.2,0.05,0.15,19,100000,100000,1.0,L_independent_error_events_per_trial
L128_q0005_q1020_t015,attack,2026083003,128,0.05,0.2,0.2,0.15,19,100000,8681,0.08681,L_independent_error_events_per_trial
L128_q0005_q1020_t015,honest,2026083004,128,0.05,0.2,0.05,0.15,19,100000,99999,0.99999,L_independent_error_events_per_trial
L128_q0005_q1020_t015,attack,2026083004,128,0.05,0.2,0.2,0.15,19,100000,8524,0.08524,L_independent_error_events_per_trial
L128_q0005_q1020_t015,honest,2026083005,128,0.05,0.2,0.05,0.15,19,100000,99999,0.99999,L_independent_error_events_per_trial
L128_q0005_q1020_t015,attack,2026083005,128,0.05,0.2,0.2,0.15,19,100000,8550,0.0855,L_independent_error_events_per_trial
L128_q0005_q1020_t015,honest,2026083006,128,0.05,0.2,0.05,0.15,19,100000,99999,0.99999,L_independent_error_events_per_trial
L128_q0005_q1020_t015,attack,2026083006,128,0.05,0.2,0.2,0.15,19,100000,8497,0.08497,L_independent_error_events_per_trial
L128_q0005_q1020_t015,honest,2026083007,128,0.05,0.2,0.05,0.15,19,100000,100000,1.0,L_independent_error_events_per_trial
L128_q0005_q1020_t015,attack,2026083007,128,0.05,0.2,0.2,0.15,19,100000,8421,0.08421,L_independent_error_events_per_trial
L128_q0005_q1020_t015,honest,2026083008,128,0.05,0.2,0.05,0.15,19,100000,100000,1.0,L_independent_error_events_per_trial
L128_q0005_q1020_t015,attack,2026083008,128,0.05,0.2,0.2,0.15,19,100000,8455,0.08455,L_independent_error_events_per_trial
L128_q0005_q1020_t015,honest,2026083009,128,0.05,0.2,0.05,0.15,19,100000,99998,0.99998,L_independent_error_events_per_trial
L128_q0005_q1020_t015,attack,2026083009,128,0.05,0.2,0.2,0.15,19,100000,8545,0.08545,L_independent_error_events_per_trial
L128_q0005_q1020_t015,honest,2026083010,128,0.05,0.2,0.05,0.15,19,100000,100000,1.0,L_independent_error_events_per_trial
L128_q0005_q1020_t015,attack,2026083010,128,0.05,0.2,0.2,0.15,19,100000,8463,0.08463,L_independent_error_events_per_trial
L128_q0005_q1020_t015,honest,2026083011,128,0.05,0.2,0.05,0.15,19,100000,100000,1.0,L_independent_error_events_per_trial
L128_q0005_q1020_t015,attack,2026083011,128,0.05,0.2,0.2,0.15,19,100000,8676,0.08676,L_independent_error_events_per_trial
L128_q0005_q1020_t015,honest,2026083012,128,0.05,0.2,0.05,0.15,19,100000,100000,1.0,L_independent_error_events_per_trial
L128_q0005_q1020_t015,attack,2026083012,128,0.05,0.2,0.2,0.15,19,100000,8696,0.08696,L_independent_error_events_per_trial
L128_q0005_q1020_t015,honest,2026083013,128,0.05,0.2,0.05,0.15,19,100000,99999,0.99999,L_independent_error_events_per_trial
L128_q0005_q1020_t015,attack,2026083013,128,0.05,0.2,0.2,0.15,19,100000,8499,0.08499,L_independent_error_events_per_trial
L128_q0005_q1020_t015,honest,2026083014,128,0.05,0.2,0.05,0.15,19,100000,100000,1.0,L_independent_error_events_per_trial
L128_q0005_q1020_t015,attack,2026083014,128,0.05,0.2,0.2,0.15,19,100000,8613,0.08613,L_independent_error_events_per_trial
L128_q0005_q1020_t015,honest,2026083015,128,0.05,0.2,0.05,0.15,19,100000,99998,0.99998,L_independent_error_events_per_trial
L128_q0005_q1020_t015,attack,2026083015,128,0.05,0.2,0.2,0.15,19,100000,8546,0.08546,L_independent_error_events_per_trial
L128_q0005_q1020_t015,honest,2026083016,128,0.05,0.2,0.05,0.15,19,100000,100000,1.0,L_independent_error_events_per_trial
L128_q0005_q1020_t015,attack,2026083016,128,0.05,0.2,0.2,0.15,19,100000,8658,0.08658,L_independent_error_events_per_trial
L128_q0005_q1020_t015,honest,2026083017,128,0.05,0.2,0.05,0.15,19,100000,99999,0.99999,L_independent_error_events_per_trial
L128_q0005_q1020_t015,attack,2026083017,128,0.05,0.2,0.2,0.15,19,100000,8284,0.08284,L_independent_error_events_per_trial
L128_q0005_q1020_t015,honest,2026083018,128,0.05,0.2,0.05,0.15,19,100000,100000,1.0,L_independent_error_events_per_trial
L128_q0005_q1020_t015,attack,2026083018,128,0.05,0.2,0.2,0.15,19,100000,8531,0.08531,L_independent_error_events_per_trial
L128_q0005_q1020_t015,honest,2026083019,128,0.05,0.2,0.05,0.15,19,100000,100000,1.0,L_independent_error_events_per_trial
L128_q0005_q1020_t015,attack,2026083019,128,0.05,0.2,0.2,0.15,19,100000,8589,0.08589,L_independent_error_events_per_trial
L128_q0005_q1020_t015,honest,2026083020,128,0.05,0.2,0.05,0.15,19,100000,100000,1.0,L_independent_error_events_per_trial
L128_q0005_q1020_t015,attack,2026083020,128,0.05,0.2,0.2,0.15,19,100000,8491,0.08491,L_independent_error_events_per_trial
L128_q0005_q1020_t015,honest,2026083021,128,0.05,0.2,0.05,0.15,19,100000,99998,0.99998,L_independent_error_events_per_trial
L128_q0005_q1020_t015,attack,2026083021,128,0.05,0.2,0.2,0.15,19,100000,8656,0.08656,L_independent_error_events_per_trial
L128_q0005_q1020_t015,honest,2026083022,128,0.05,0.2,0.05,0.15,19,100000,99998,0.99998,L_independent_error_events_per_trial
L128_q0005_q1020_t015,attack,2026083022,128,0.05,0.2,0.2,0.15,19,100000,8501,0.08501,L_independent_error_events_per_trial
L128_q0005_q1020_t015,honest,2026083023,128,0.05,0.2,0.05,0.15,19,100000,100000,1.0,L_independent_error_events_per_trial
L128_q0005_q1020_t015,attack,2026083023,128,0.05,0.2,0.2,0.15,19,100000,8538,0.08538,L_independent_error_events_per_trial
L128_q0005_q1020_t015,honest,2026083024,128,0.05,0.2,0.05,0.15,19,100000,100000,1.0,L_independent_error_events_per_trial
L128_q0005_q1020_t015,attack,2026083024,128,0.05,0.2,0.2,0.15,19,100000,8489,0.08489,L_independent_error_events_per_trial
L128_q0005_q1020_t015,honest,2026083025,128,0.05,0.2,0.05,0.15,19,100000,100000,1.0,L_independent_error_events_per_trial
L128_q0005_q1020_t015,attack,2026083025,128,0.05,0.2,0.2,0.15,19,100000,8559,0.08559,L_independent_error_events_per_trial
L128_q0005_q1020_t015,honest,2026083026,128,0.05,0.2,0.05,0.15,19,100000,100000,1.0,L_independent_error_events_per_trial
L128_q0005_q1020_t015,attack,2026083026,128,0.05,0.2,0.2,0.15,19,100000,8471,0.08471,L_independent_error_events_per_trial
L128_q0005_q1020_t015,honest,2026083027,128,0.05,0.2,0.05,0.15,19,100000,100000,1.0,L_independent_error_events_per_trial
L128_q0005_q1020_t015,attack,2026083027,128,0.05,0.2,0.2,0.15,19,100000,8581,0.08581,L_independent_error_events_per_trial
L128_q0005_q1020_t015,honest,2026083028,128,0.05,0.2,0.05,0.15,19,100000,100000,1.0,L_independent_error_events_per_trial
L128_q0005_q1020_t015,attack,2026083028,128,0.05,0.2,0.2,0.15,19,100000,8456,0.08456,L_independent_error_events_per_trial
L128_q0005_q1020_t015,honest,2026083029,128,0.05,0.2,0.05,0.15,19,100000,99999,0.99999,L_independent_error_events_per_trial
L128_q0005_q1020_t015,attack,2026083029,128,0.05,0.2,0.2,0.15,19,100000,8495,0.08495,L_independent_error_events_per_trial
L128_q0005_q1020_t015,honest,2026083030,128,0.05,0.2,0.05,0.15,19,100000,100000,1.0,L_independent_error_events_per_trial
L128_q0005_q1020_t015,attack,2026083030,128,0.05,0.2,0.2,0.15,19,100000,8565,0.08565,L_independent_error_events_per_trial
