resource_class,benchmark_status,n_blocks,ell_per_sequence,ell_scenario,rho_bits,d_H_bits,nu_bits,h_bits,tau_bits,commitment_bits,salt_bits,theoretical_compact_decoy_bits,KE_QKD_communication_included,parameter_source,mode,lambda_bits,r,formula,paper_analytic_bits
paper_analytic_benchmark_parameter_set,benchmark_not_protocol_inherent,1,4,reference_executor_small,256,256,128,256,128,256,128,22,False,paper symbolic formula plus explicitly labelled benchmark_parameter_set,original_AQD,,,rho+D_dec+4n+2d_H,794
paper_analytic_benchmark_parameter_set,benchmark_not_protocol_inherent,1,4,reference_executor_small,256,256,128,256,128,256,128,22,False,paper symbolic formula plus explicitly labelled benchmark_parameter_set,IAQD_basic,,,2nu+6(h+tau)+4n+D_dec+2ceil(log2(n+ell+1)),2592
paper_analytic_benchmark_parameter_set,benchmark_not_protocol_inherent,1,4,reference_executor_small,256,256,128,256,128,256,128,22,False,paper symbolic formula plus explicitly labelled benchmark_parameter_set,IAQD_fair,1,2,C_base+4n+2r(c+sigma+h+tau)+2(h+tau),6436
paper_analytic_benchmark_parameter_set,benchmark_not_protocol_inherent,1,4,reference_executor_small,256,256,128,256,128,256,128,22,False,paper symbolic formula plus explicitly labelled benchmark_parameter_set,IAQD_fair,2,1,C_base+4n+2r(c+sigma+h+tau)+2(h+tau),4900
paper_analytic_benchmark_parameter_set,benchmark_not_protocol_inherent,2,4,reference_executor_small,256,256,128,256,128,256,128,24,False,paper symbolic formula plus explicitly labelled benchmark_parameter_set,original_AQD,,,rho+D_dec+4n+2d_H,800
paper_analytic_benchmark_parameter_set,benchmark_not_protocol_inherent,2,4,reference_executor_small,256,256,128,256,128,256,128,24,False,paper symbolic formula plus explicitly labelled benchmark_parameter_set,IAQD_basic,,,2nu+6(h+tau)+4n+D_dec+2ceil(log2(n+ell+1)),2598
paper_analytic_benchmark_parameter_set,benchmark_not_protocol_inherent,2,4,reference_executor_small,256,256,128,256,128,256,128,24,False,paper symbolic formula plus explicitly labelled benchmark_parameter_set,IAQD_fair,1,4,C_base+4n+2r(c+sigma+h+tau)+2(h+tau),9518
paper_analytic_benchmark_parameter_set,benchmark_not_protocol_inherent,2,4,reference_executor_small,256,256,128,256,128,256,128,24,False,paper symbolic formula plus explicitly labelled benchmark_parameter_set,IAQD_fair,2,2,C_base+4n+2r(c+sigma+h+tau)+2(h+tau),6446
paper_analytic_benchmark_parameter_set,benchmark_not_protocol_inherent,2,4,reference_executor_small,256,256,128,256,128,256,128,24,False,paper symbolic formula plus explicitly labelled benchmark_parameter_set,IAQD_fair,4,1,C_base+4n+2r(c+sigma+h+tau)+2(h+tau),4910
paper_analytic_benchmark_parameter_set,benchmark_not_protocol_inherent,4,4,reference_executor_small,256,256,128,256,128,256,128,30,False,paper symbolic formula plus explicitly labelled benchmark_parameter_set,original_AQD,,,rho+D_dec+4n+2d_H,814
paper_analytic_benchmark_parameter_set,benchmark_not_protocol_inherent,4,4,reference_executor_small,256,256,128,256,128,256,128,30,False,paper symbolic formula plus explicitly labelled benchmark_parameter_set,IAQD_basic,,,2nu+6(h+tau)+4n+D_dec+2ceil(log2(n+ell+1)),2614
paper_analytic_benchmark_parameter_set,benchmark_not_protocol_inherent,4,4,reference_executor_small,256,256,128,256,128,256,128,30,False,paper symbolic formula plus explicitly labelled benchmark_parameter_set,IAQD_fair,1,8,C_base+4n+2r(c+sigma+h+tau)+2(h+tau),15686
paper_analytic_benchmark_parameter_set,benchmark_not_protocol_inherent,4,4,reference_executor_small,256,256,128,256,128,256,128,30,False,paper symbolic formula plus explicitly labelled benchmark_parameter_set,IAQD_fair,2,4,C_base+4n+2r(c+sigma+h+tau)+2(h+tau),9542
paper_analytic_benchmark_parameter_set,benchmark_not_protocol_inherent,4,4,reference_executor_small,256,256,128,256,128,256,128,30,False,paper symbolic formula plus explicitly labelled benchmark_parameter_set,IAQD_fair,4,2,C_base+4n+2r(c+sigma+h+tau)+2(h+tau),6470
paper_analytic_benchmark_parameter_set,benchmark_not_protocol_inherent,4,4,reference_executor_small,256,256,128,256,128,256,128,30,False,paper symbolic formula plus explicitly labelled benchmark_parameter_set,IAQD_fair,8,1,C_base+4n+2r(c+sigma+h+tau)+2(h+tau),4934
paper_analytic_benchmark_parameter_set,benchmark_not_protocol_inherent,8,4,reference_executor_small,256,256,128,256,128,256,128,34,False,paper symbolic formula plus explicitly labelled benchmark_parameter_set,original_AQD,,,rho+D_dec+4n+2d_H,834
paper_analytic_benchmark_parameter_set,benchmark_not_protocol_inherent,8,4,reference_executor_small,256,256,128,256,128,256,128,34,False,paper symbolic formula plus explicitly labelled benchmark_parameter_set,IAQD_basic,,,2nu+6(h+tau)+4n+D_dec+2ceil(log2(n+ell+1)),2634
paper_analytic_benchmark_parameter_set,benchmark_not_protocol_inherent,8,4,reference_executor_small,256,256,128,256,128,256,128,34,False,paper symbolic formula plus explicitly labelled benchmark_parameter_set,IAQD_fair,1,16,C_base+4n+2r(c+sigma+h+tau)+2(h+tau),28010
paper_analytic_benchmark_parameter_set,benchmark_not_protocol_inherent,8,4,reference_executor_small,256,256,128,256,128,256,128,34,False,paper symbolic formula plus explicitly labelled benchmark_parameter_set,IAQD_fair,2,8,C_base+4n+2r(c+sigma+h+tau)+2(h+tau),15722
paper_analytic_benchmark_parameter_set,benchmark_not_protocol_inherent,8,4,reference_executor_small,256,256,128,256,128,256,128,34,False,paper symbolic formula plus explicitly labelled benchmark_parameter_set,IAQD_fair,4,4,C_base+4n+2r(c+sigma+h+tau)+2(h+tau),9578
paper_analytic_benchmark_parameter_set,benchmark_not_protocol_inherent,8,4,reference_executor_small,256,256,128,256,128,256,128,34,False,paper symbolic formula plus explicitly labelled benchmark_parameter_set,IAQD_fair,8,2,C_base+4n+2r(c+sigma+h+tau)+2(h+tau),6506
paper_analytic_benchmark_parameter_set,benchmark_not_protocol_inherent,16,4,reference_executor_small,256,256,128,256,128,256,128,42,False,paper symbolic formula plus explicitly labelled benchmark_parameter_set,original_AQD,,,rho+D_dec+4n+2d_H,874
paper_analytic_benchmark_parameter_set,benchmark_not_protocol_inherent,16,4,reference_executor_small,256,256,128,256,128,256,128,42,False,paper symbolic formula plus explicitly labelled benchmark_parameter_set,IAQD_basic,,,2nu+6(h+tau)+4n+D_dec+2ceil(log2(n+ell+1)),2676
paper_analytic_benchmark_parameter_set,benchmark_not_protocol_inherent,16,4,reference_executor_small,256,256,128,256,128,256,128,42,False,paper symbolic formula plus explicitly labelled benchmark_parameter_set,IAQD_fair,1,32,C_base+4n+2r(c+sigma+h+tau)+2(h+tau),52660
paper_analytic_benchmark_parameter_set,benchmark_not_protocol_inherent,16,4,reference_executor_small,256,256,128,256,128,256,128,42,False,paper symbolic formula plus explicitly labelled benchmark_parameter_set,IAQD_fair,2,16,C_base+4n+2r(c+sigma+h+tau)+2(h+tau),28084
paper_analytic_benchmark_parameter_set,benchmark_not_protocol_inherent,16,4,reference_executor_small,256,256,128,256,128,256,128,42,False,paper symbolic formula plus explicitly labelled benchmark_parameter_set,IAQD_fair,4,8,C_base+4n+2r(c+sigma+h+tau)+2(h+tau),15796
paper_analytic_benchmark_parameter_set,benchmark_not_protocol_inherent,16,4,reference_executor_small,256,256,128,256,128,256,128,42,False,paper symbolic formula plus explicitly labelled benchmark_parameter_set,IAQD_fair,8,4,C_base+4n+2r(c+sigma+h+tau)+2(h+tau),9652
paper_analytic_benchmark_parameter_set,benchmark_not_protocol_inherent,32,4,reference_executor_small,256,256,128,256,128,256,128,48,False,paper symbolic formula plus explicitly labelled benchmark_parameter_set,original_AQD,,,rho+D_dec+4n+2d_H,944
paper_analytic_benchmark_parameter_set,benchmark_not_protocol_inherent,32,4,reference_executor_small,256,256,128,256,128,256,128,48,False,paper symbolic formula plus explicitly labelled benchmark_parameter_set,IAQD_basic,,,2nu+6(h+tau)+4n+D_dec+2ceil(log2(n+ell+1)),2748
paper_analytic_benchmark_parameter_set,benchmark_not_protocol_inherent,32,4,reference_executor_small,256,256,128,256,128,256,128,48,False,paper symbolic formula plus explicitly labelled benchmark_parameter_set,IAQD_fair,1,64,C_base+4n+2r(c+sigma+h+tau)+2(h+tau),101948
paper_analytic_benchmark_parameter_set,benchmark_not_protocol_inherent,32,4,reference_executor_small,256,256,128,256,128,256,128,48,False,paper symbolic formula plus explicitly labelled benchmark_parameter_set,IAQD_fair,2,32,C_base+4n+2r(c+sigma+h+tau)+2(h+tau),52796
paper_analytic_benchmark_parameter_set,benchmark_not_protocol_inherent,32,4,reference_executor_small,256,256,128,256,128,256,128,48,False,paper symbolic formula plus explicitly labelled benchmark_parameter_set,IAQD_fair,4,16,C_base+4n+2r(c+sigma+h+tau)+2(h+tau),28220
paper_analytic_benchmark_parameter_set,benchmark_not_protocol_inherent,32,4,reference_executor_small,256,256,128,256,128,256,128,48,False,paper symbolic formula plus explicitly labelled benchmark_parameter_set,IAQD_fair,8,8,C_base+4n+2r(c+sigma+h+tau)+2(h+tau),15932
paper_analytic_benchmark_parameter_set,benchmark_not_protocol_inherent,1,155,ideal_zero_background_full_random_basis_IMR,256,256,128,256,128,256,128,636,False,paper symbolic formula plus explicitly labelled benchmark_parameter_set,original_AQD,,,rho+D_dec+4n+2d_H,1408
paper_analytic_benchmark_parameter_set,benchmark_not_protocol_inherent,1,155,ideal_zero_background_full_random_basis_IMR,256,256,128,256,128,256,128,636,False,paper symbolic formula plus explicitly labelled benchmark_parameter_set,IAQD_basic,,,2nu+6(h+tau)+4n+D_dec+2ceil(log2(n+ell+1)),3216
paper_analytic_benchmark_parameter_set,benchmark_not_protocol_inherent,1,155,ideal_zero_background_full_random_basis_IMR,256,256,128,256,128,256,128,636,False,paper symbolic formula plus explicitly labelled benchmark_parameter_set,IAQD_fair,1,2,C_base+4n+2r(c+sigma+h+tau)+2(h+tau),7060
paper_analytic_benchmark_parameter_set,benchmark_not_protocol_inherent,1,155,ideal_zero_background_full_random_basis_IMR,256,256,128,256,128,256,128,636,False,paper symbolic formula plus explicitly labelled benchmark_parameter_set,IAQD_fair,2,1,C_base+4n+2r(c+sigma+h+tau)+2(h+tau),5524
paper_analytic_benchmark_parameter_set,benchmark_not_protocol_inherent,2,155,ideal_zero_background_full_random_basis_IMR,256,256,128,256,128,256,128,648,False,paper symbolic formula plus explicitly labelled benchmark_parameter_set,original_AQD,,,rho+D_dec+4n+2d_H,1424
paper_analytic_benchmark_parameter_set,benchmark_not_protocol_inherent,2,155,ideal_zero_background_full_random_basis_IMR,256,256,128,256,128,256,128,648,False,paper symbolic formula plus explicitly labelled benchmark_parameter_set,IAQD_basic,,,2nu+6(h+tau)+4n+D_dec+2ceil(log2(n+ell+1)),3232
paper_analytic_benchmark_parameter_set,benchmark_not_protocol_inherent,2,155,ideal_zero_background_full_random_basis_IMR,256,256,128,256,128,256,128,648,False,paper symbolic formula plus explicitly labelled benchmark_parameter_set,IAQD_fair,1,4,C_base+4n+2r(c+sigma+h+tau)+2(h+tau),10152
paper_analytic_benchmark_parameter_set,benchmark_not_protocol_inherent,2,155,ideal_zero_background_full_random_basis_IMR,256,256,128,256,128,256,128,648,False,paper symbolic formula plus explicitly labelled benchmark_parameter_set,IAQD_fair,2,2,C_base+4n+2r(c+sigma+h+tau)+2(h+tau),7080
paper_analytic_benchmark_parameter_set,benchmark_not_protocol_inherent,2,155,ideal_zero_background_full_random_basis_IMR,256,256,128,256,128,256,128,648,False,paper symbolic formula plus explicitly labelled benchmark_parameter_set,IAQD_fair,4,1,C_base+4n+2r(c+sigma+h+tau)+2(h+tau),5544
paper_analytic_benchmark_parameter_set,benchmark_not_protocol_inherent,4,155,ideal_zero_background_full_random_basis_IMR,256,256,128,256,128,256,128,670,False,paper symbolic formula plus explicitly labelled benchmark_parameter_set,original_AQD,,,rho+D_dec+4n+2d_H,1454
paper_analytic_benchmark_parameter_set,benchmark_not_protocol_inherent,4,155,ideal_zero_background_full_random_basis_IMR,256,256,128,256,128,256,128,670,False,paper symbolic formula plus explicitly labelled benchmark_parameter_set,IAQD_basic,,,2nu+6(h+tau)+4n+D_dec+2ceil(log2(n+ell+1)),3262
paper_analytic_benchmark_parameter_set,benchmark_not_protocol_inherent,4,155,ideal_zero_background_full_random_basis_IMR,256,256,128,256,128,256,128,670,False,paper symbolic formula plus explicitly labelled benchmark_parameter_set,IAQD_fair,1,8,C_base+4n+2r(c+sigma+h+tau)+2(h+tau),16334
paper_analytic_benchmark_parameter_set,benchmark_not_protocol_inherent,4,155,ideal_zero_background_full_random_basis_IMR,256,256,128,256,128,256,128,670,False,paper symbolic formula plus explicitly labelled benchmark_parameter_set,IAQD_fair,2,4,C_base+4n+2r(c+sigma+h+tau)+2(h+tau),10190
paper_analytic_benchmark_parameter_set,benchmark_not_protocol_inherent,4,155,ideal_zero_background_full_random_basis_IMR,256,256,128,256,128,256,128,670,False,paper symbolic formula plus explicitly labelled benchmark_parameter_set,IAQD_fair,4,2,C_base+4n+2r(c+sigma+h+tau)+2(h+tau),7118
paper_analytic_benchmark_parameter_set,benchmark_not_protocol_inherent,4,155,ideal_zero_background_full_random_basis_IMR,256,256,128,256,128,256,128,670,False,paper symbolic formula plus explicitly labelled benchmark_parameter_set,IAQD_fair,8,1,C_base+4n+2r(c+sigma+h+tau)+2(h+tau),5582
paper_analytic_benchmark_parameter_set,benchmark_not_protocol_inherent,8,155,ideal_zero_background_full_random_basis_IMR,256,256,128,256,128,256,128,708,False,paper symbolic formula plus explicitly labelled benchmark_parameter_set,original_AQD,,,rho+D_dec+4n+2d_H,1508
paper_analytic_benchmark_parameter_set,benchmark_not_protocol_inherent,8,155,ideal_zero_background_full_random_basis_IMR,256,256,128,256,128,256,128,708,False,paper symbolic formula plus explicitly labelled benchmark_parameter_set,IAQD_basic,,,2nu+6(h+tau)+4n+D_dec+2ceil(log2(n+ell+1)),3316
paper_analytic_benchmark_parameter_set,benchmark_not_protocol_inherent,8,155,ideal_zero_background_full_random_basis_IMR,256,256,128,256,128,256,128,708,False,paper symbolic formula plus explicitly labelled benchmark_parameter_set,IAQD_fair,1,16,C_base+4n+2r(c+sigma+h+tau)+2(h+tau),28692
paper_analytic_benchmark_parameter_set,benchmark_not_protocol_inherent,8,155,ideal_zero_background_full_random_basis_IMR,256,256,128,256,128,256,128,708,False,paper symbolic formula plus explicitly labelled benchmark_parameter_set,IAQD_fair,2,8,C_base+4n+2r(c+sigma+h+tau)+2(h+tau),16404
paper_analytic_benchmark_parameter_set,benchmark_not_protocol_inherent,8,155,ideal_zero_background_full_random_basis_IMR,256,256,128,256,128,256,128,708,False,paper symbolic formula plus explicitly labelled benchmark_parameter_set,IAQD_fair,4,4,C_base+4n+2r(c+sigma+h+tau)+2(h+tau),10260
paper_analytic_benchmark_parameter_set,benchmark_not_protocol_inherent,8,155,ideal_zero_background_full_random_basis_IMR,256,256,128,256,128,256,128,708,False,paper symbolic formula plus explicitly labelled benchmark_parameter_set,IAQD_fair,8,2,C_base+4n+2r(c+sigma+h+tau)+2(h+tau),7188
paper_analytic_benchmark_parameter_set,benchmark_not_protocol_inherent,16,155,ideal_zero_background_full_random_basis_IMR,256,256,128,256,128,256,128,768,False,paper symbolic formula plus explicitly labelled benchmark_parameter_set,original_AQD,,,rho+D_dec+4n+2d_H,1600
paper_analytic_benchmark_parameter_set,benchmark_not_protocol_inherent,16,155,ideal_zero_background_full_random_basis_IMR,256,256,128,256,128,256,128,768,False,paper symbolic formula plus explicitly labelled benchmark_parameter_set,IAQD_basic,,,2nu+6(h+tau)+4n+D_dec+2ceil(log2(n+ell+1)),3408
paper_analytic_benchmark_parameter_set,benchmark_not_protocol_inherent,16,155,ideal_zero_background_full_random_basis_IMR,256,256,128,256,128,256,128,768,False,paper symbolic formula plus explicitly labelled benchmark_parameter_set,IAQD_fair,1,32,C_base+4n+2r(c+sigma+h+tau)+2(h+tau),53392
paper_analytic_benchmark_parameter_set,benchmark_not_protocol_inherent,16,155,ideal_zero_background_full_random_basis_IMR,256,256,128,256,128,256,128,768,False,paper symbolic formula plus explicitly labelled benchmark_parameter_set,IAQD_fair,2,16,C_base+4n+2r(c+sigma+h+tau)+2(h+tau),28816
paper_analytic_benchmark_parameter_set,benchmark_not_protocol_inherent,16,155,ideal_zero_background_full_random_basis_IMR,256,256,128,256,128,256,128,768,False,paper symbolic formula plus explicitly labelled benchmark_parameter_set,IAQD_fair,4,8,C_base+4n+2r(c+sigma+h+tau)+2(h+tau),16528
paper_analytic_benchmark_parameter_set,benchmark_not_protocol_inherent,16,155,ideal_zero_background_full_random_basis_IMR,256,256,128,256,128,256,128,768,False,paper symbolic formula plus explicitly labelled benchmark_parameter_set,IAQD_fair,8,4,C_base+4n+2r(c+sigma+h+tau)+2(h+tau),10384
paper_analytic_benchmark_parameter_set,benchmark_not_protocol_inherent,32,155,ideal_zero_background_full_random_basis_IMR,256,256,128,256,128,256,128,860,False,paper symbolic formula plus explicitly labelled benchmark_parameter_set,original_AQD,,,rho+D_dec+4n+2d_H,1756
paper_analytic_benchmark_parameter_set,benchmark_not_protocol_inherent,32,155,ideal_zero_background_full_random_basis_IMR,256,256,128,256,128,256,128,860,False,paper symbolic formula plus explicitly labelled benchmark_parameter_set,IAQD_basic,,,2nu+6(h+tau)+4n+D_dec+2ceil(log2(n+ell+1)),3564
paper_analytic_benchmark_parameter_set,benchmark_not_protocol_inherent,32,155,ideal_zero_background_full_random_basis_IMR,256,256,128,256,128,256,128,860,False,paper symbolic formula plus explicitly labelled benchmark_parameter_set,IAQD_fair,1,64,C_base+4n+2r(c+sigma+h+tau)+2(h+tau),102764
paper_analytic_benchmark_parameter_set,benchmark_not_protocol_inherent,32,155,ideal_zero_background_full_random_basis_IMR,256,256,128,256,128,256,128,860,False,paper symbolic formula plus explicitly labelled benchmark_parameter_set,IAQD_fair,2,32,C_base+4n+2r(c+sigma+h+tau)+2(h+tau),53612
paper_analytic_benchmark_parameter_set,benchmark_not_protocol_inherent,32,155,ideal_zero_background_full_random_basis_IMR,256,256,128,256,128,256,128,860,False,paper symbolic formula plus explicitly labelled benchmark_parameter_set,IAQD_fair,4,16,C_base+4n+2r(c+sigma+h+tau)+2(h+tau),29036
paper_analytic_benchmark_parameter_set,benchmark_not_protocol_inherent,32,155,ideal_zero_background_full_random_basis_IMR,256,256,128,256,128,256,128,860,False,paper symbolic formula plus explicitly labelled benchmark_parameter_set,IAQD_fair,8,8,C_base+4n+2r(c+sigma+h+tau)+2(h+tau),16748
paper_analytic_benchmark_parameter_set,benchmark_not_protocol_inherent,1,59,threshold_q0_0.0_qth_0.05,256,256,128,256,128,256,128,248,False,paper symbolic formula plus explicitly labelled benchmark_parameter_set,original_AQD,,,rho+D_dec+4n+2d_H,1020
paper_analytic_benchmark_parameter_set,benchmark_not_protocol_inherent,1,59,threshold_q0_0.0_qth_0.05,256,256,128,256,128,256,128,248,False,paper symbolic formula plus explicitly labelled benchmark_parameter_set,IAQD_basic,,,2nu+6(h+tau)+4n+D_dec+2ceil(log2(n+ell+1)),2824
paper_analytic_benchmark_parameter_set,benchmark_not_protocol_inherent,1,59,threshold_q0_0.0_qth_0.05,256,256,128,256,128,256,128,248,False,paper symbolic formula plus explicitly labelled benchmark_parameter_set,IAQD_fair,1,2,C_base+4n+2r(c+sigma+h+tau)+2(h+tau),6668
paper_analytic_benchmark_parameter_set,benchmark_not_protocol_inherent,1,59,threshold_q0_0.0_qth_0.05,256,256,128,256,128,256,128,248,False,paper symbolic formula plus explicitly labelled benchmark_parameter_set,IAQD_fair,2,1,C_base+4n+2r(c+sigma+h+tau)+2(h+tau),5132
paper_analytic_benchmark_parameter_set,benchmark_not_protocol_inherent,2,59,threshold_q0_0.0_qth_0.05,256,256,128,256,128,256,128,258,False,paper symbolic formula plus explicitly labelled benchmark_parameter_set,original_AQD,,,rho+D_dec+4n+2d_H,1034
paper_analytic_benchmark_parameter_set,benchmark_not_protocol_inherent,2,59,threshold_q0_0.0_qth_0.05,256,256,128,256,128,256,128,258,False,paper symbolic formula plus explicitly labelled benchmark_parameter_set,IAQD_basic,,,2nu+6(h+tau)+4n+D_dec+2ceil(log2(n+ell+1)),2838
paper_analytic_benchmark_parameter_set,benchmark_not_protocol_inherent,2,59,threshold_q0_0.0_qth_0.05,256,256,128,256,128,256,128,258,False,paper symbolic formula plus explicitly labelled benchmark_parameter_set,IAQD_fair,1,4,C_base+4n+2r(c+sigma+h+tau)+2(h+tau),9758
paper_analytic_benchmark_parameter_set,benchmark_not_protocol_inherent,2,59,threshold_q0_0.0_qth_0.05,256,256,128,256,128,256,128,258,False,paper symbolic formula plus explicitly labelled benchmark_parameter_set,IAQD_fair,2,2,C_base+4n+2r(c+sigma+h+tau)+2(h+tau),6686
paper_analytic_benchmark_parameter_set,benchmark_not_protocol_inherent,2,59,threshold_q0_0.0_qth_0.05,256,256,128,256,128,256,128,258,False,paper symbolic formula plus explicitly labelled benchmark_parameter_set,IAQD_fair,4,1,C_base+4n+2r(c+sigma+h+tau)+2(h+tau),5150
paper_analytic_benchmark_parameter_set,benchmark_not_protocol_inherent,4,59,threshold_q0_0.0_qth_0.05,256,256,128,256,128,256,128,276,False,paper symbolic formula plus explicitly labelled benchmark_parameter_set,original_AQD,,,rho+D_dec+4n+2d_H,1060
paper_analytic_benchmark_parameter_set,benchmark_not_protocol_inherent,4,59,threshold_q0_0.0_qth_0.05,256,256,128,256,128,256,128,276,False,paper symbolic formula plus explicitly labelled benchmark_parameter_set,IAQD_basic,,,2nu+6(h+tau)+4n+D_dec+2ceil(log2(n+ell+1)),2864
paper_analytic_benchmark_parameter_set,benchmark_not_protocol_inherent,4,59,threshold_q0_0.0_qth_0.05,256,256,128,256,128,256,128,276,False,paper symbolic formula plus explicitly labelled benchmark_parameter_set,IAQD_fair,1,8,C_base+4n+2r(c+sigma+h+tau)+2(h+tau),15936
paper_analytic_benchmark_parameter_set,benchmark_not_protocol_inherent,4,59,threshold_q0_0.0_qth_0.05,256,256,128,256,128,256,128,276,False,paper symbolic formula plus explicitly labelled benchmark_parameter_set,IAQD_fair,2,4,C_base+4n+2r(c+sigma+h+tau)+2(h+tau),9792
paper_analytic_benchmark_parameter_set,benchmark_not_protocol_inherent,4,59,threshold_q0_0.0_qth_0.05,256,256,128,256,128,256,128,276,False,paper symbolic formula plus explicitly labelled benchmark_parameter_set,IAQD_fair,4,2,C_base+4n+2r(c+sigma+h+tau)+2(h+tau),6720
paper_analytic_benchmark_parameter_set,benchmark_not_protocol_inherent,4,59,threshold_q0_0.0_qth_0.05,256,256,128,256,128,256,128,276,False,paper symbolic formula plus explicitly labelled benchmark_parameter_set,IAQD_fair,8,1,C_base+4n+2r(c+sigma+h+tau)+2(h+tau),5184
paper_analytic_benchmark_parameter_set,benchmark_not_protocol_inherent,8,59,threshold_q0_0.0_qth_0.05,256,256,128,256,128,256,128,302,False,paper symbolic formula plus explicitly labelled benchmark_parameter_set,original_AQD,,,rho+D_dec+4n+2d_H,1102
paper_analytic_benchmark_parameter_set,benchmark_not_protocol_inherent,8,59,threshold_q0_0.0_qth_0.05,256,256,128,256,128,256,128,302,False,paper symbolic formula plus explicitly labelled benchmark_parameter_set,IAQD_basic,,,2nu+6(h+tau)+4n+D_dec+2ceil(log2(n+ell+1)),2908
paper_analytic_benchmark_parameter_set,benchmark_not_protocol_inherent,8,59,threshold_q0_0.0_qth_0.05,256,256,128,256,128,256,128,302,False,paper symbolic formula plus explicitly labelled benchmark_parameter_set,IAQD_fair,1,16,C_base+4n+2r(c+sigma+h+tau)+2(h+tau),28284
paper_analytic_benchmark_parameter_set,benchmark_not_protocol_inherent,8,59,threshold_q0_0.0_qth_0.05,256,256,128,256,128,256,128,302,False,paper symbolic formula plus explicitly labelled benchmark_parameter_set,IAQD_fair,2,8,C_base+4n+2r(c+sigma+h+tau)+2(h+tau),15996
paper_analytic_benchmark_parameter_set,benchmark_not_protocol_inherent,8,59,threshold_q0_0.0_qth_0.05,256,256,128,256,128,256,128,302,False,paper symbolic formula plus explicitly labelled benchmark_parameter_set,IAQD_fair,4,4,C_base+4n+2r(c+sigma+h+tau)+2(h+tau),9852
paper_analytic_benchmark_parameter_set,benchmark_not_protocol_inherent,8,59,threshold_q0_0.0_qth_0.05,256,256,128,256,128,256,128,302,False,paper symbolic formula plus explicitly labelled benchmark_parameter_set,IAQD_fair,8,2,C_base+4n+2r(c+sigma+h+tau)+2(h+tau),6780
paper_analytic_benchmark_parameter_set,benchmark_not_protocol_inherent,16,59,threshold_q0_0.0_qth_0.05,256,256,128,256,128,256,128,342,False,paper symbolic formula plus explicitly labelled benchmark_parameter_set,original_AQD,,,rho+D_dec+4n+2d_H,1174
paper_analytic_benchmark_parameter_set,benchmark_not_protocol_inherent,16,59,threshold_q0_0.0_qth_0.05,256,256,128,256,128,256,128,342,False,paper symbolic formula plus explicitly labelled benchmark_parameter_set,IAQD_basic,,,2nu+6(h+tau)+4n+D_dec+2ceil(log2(n+ell+1)),2980
paper_analytic_benchmark_parameter_set,benchmark_not_protocol_inherent,16,59,threshold_q0_0.0_qth_0.05,256,256,128,256,128,256,128,342,False,paper symbolic formula plus explicitly labelled benchmark_parameter_set,IAQD_fair,1,32,C_base+4n+2r(c+sigma+h+tau)+2(h+tau),52964
paper_analytic_benchmark_parameter_set,benchmark_not_protocol_inherent,16,59,threshold_q0_0.0_qth_0.05,256,256,128,256,128,256,128,342,False,paper symbolic formula plus explicitly labelled benchmark_parameter_set,IAQD_fair,2,16,C_base+4n+2r(c+sigma+h+tau)+2(h+tau),28388
paper_analytic_benchmark_parameter_set,benchmark_not_protocol_inherent,16,59,threshold_q0_0.0_qth_0.05,256,256,128,256,128,256,128,342,False,paper symbolic formula plus explicitly labelled benchmark_parameter_set,IAQD_fair,4,8,C_base+4n+2r(c+sigma+h+tau)+2(h+tau),16100
paper_analytic_benchmark_parameter_set,benchmark_not_protocol_inherent,16,59,threshold_q0_0.0_qth_0.05,256,256,128,256,128,256,128,342,False,paper symbolic formula plus explicitly labelled benchmark_parameter_set,IAQD_fair,8,4,C_base+4n+2r(c+sigma+h+tau)+2(h+tau),9956
paper_analytic_benchmark_parameter_set,benchmark_not_protocol_inherent,32,59,threshold_q0_0.0_qth_0.05,256,256,128,256,128,256,128,400,False,paper symbolic formula plus explicitly labelled benchmark_parameter_set,original_AQD,,,rho+D_dec+4n+2d_H,1296
paper_analytic_benchmark_parameter_set,benchmark_not_protocol_inherent,32,59,threshold_q0_0.0_qth_0.05,256,256,128,256,128,256,128,400,False,paper symbolic formula plus explicitly labelled benchmark_parameter_set,IAQD_basic,,,2nu+6(h+tau)+4n+D_dec+2ceil(log2(n+ell+1)),3102
paper_analytic_benchmark_parameter_set,benchmark_not_protocol_inherent,32,59,threshold_q0_0.0_qth_0.05,256,256,128,256,128,256,128,400,False,paper symbolic formula plus explicitly labelled benchmark_parameter_set,IAQD_fair,1,64,C_base+4n+2r(c+sigma+h+tau)+2(h+tau),102302
paper_analytic_benchmark_parameter_set,benchmark_not_protocol_inherent,32,59,threshold_q0_0.0_qth_0.05,256,256,128,256,128,256,128,400,False,paper symbolic formula plus explicitly labelled benchmark_parameter_set,IAQD_fair,2,32,C_base+4n+2r(c+sigma+h+tau)+2(h+tau),53150
paper_analytic_benchmark_parameter_set,benchmark_not_protocol_inherent,32,59,threshold_q0_0.0_qth_0.05,256,256,128,256,128,256,128,400,False,paper symbolic formula plus explicitly labelled benchmark_parameter_set,IAQD_fair,4,16,C_base+4n+2r(c+sigma+h+tau)+2(h+tau),28574
paper_analytic_benchmark_parameter_set,benchmark_not_protocol_inherent,32,59,threshold_q0_0.0_qth_0.05,256,256,128,256,128,256,128,400,False,paper symbolic formula plus explicitly labelled benchmark_parameter_set,IAQD_fair,8,8,C_base+4n+2r(c+sigma+h+tau)+2(h+tau),16286
paper_analytic_benchmark_parameter_set,benchmark_not_protocol_inherent,1,154,threshold_q0_0.0_qth_0.1,256,256,128,256,128,256,128,632,False,paper symbolic formula plus explicitly labelled benchmark_parameter_set,original_AQD,,,rho+D_dec+4n+2d_H,1404
paper_analytic_benchmark_parameter_set,benchmark_not_protocol_inherent,1,154,threshold_q0_0.0_qth_0.1,256,256,128,256,128,256,128,632,False,paper symbolic formula plus explicitly labelled benchmark_parameter_set,IAQD_basic,,,2nu+6(h+tau)+4n+D_dec+2ceil(log2(n+ell+1)),3212
paper_analytic_benchmark_parameter_set,benchmark_not_protocol_inherent,1,154,threshold_q0_0.0_qth_0.1,256,256,128,256,128,256,128,632,False,paper symbolic formula plus explicitly labelled benchmark_parameter_set,IAQD_fair,1,2,C_base+4n+2r(c+sigma+h+tau)+2(h+tau),7056
paper_analytic_benchmark_parameter_set,benchmark_not_protocol_inherent,1,154,threshold_q0_0.0_qth_0.1,256,256,128,256,128,256,128,632,False,paper symbolic formula plus explicitly labelled benchmark_parameter_set,IAQD_fair,2,1,C_base+4n+2r(c+sigma+h+tau)+2(h+tau),5520
paper_analytic_benchmark_parameter_set,benchmark_not_protocol_inherent,2,154,threshold_q0_0.0_qth_0.1,256,256,128,256,128,256,128,644,False,paper symbolic formula plus explicitly labelled benchmark_parameter_set,original_AQD,,,rho+D_dec+4n+2d_H,1420
paper_analytic_benchmark_parameter_set,benchmark_not_protocol_inherent,2,154,threshold_q0_0.0_qth_0.1,256,256,128,256,128,256,128,644,False,paper symbolic formula plus explicitly labelled benchmark_parameter_set,IAQD_basic,,,2nu+6(h+tau)+4n+D_dec+2ceil(log2(n+ell+1)),3228
paper_analytic_benchmark_parameter_set,benchmark_not_protocol_inherent,2,154,threshold_q0_0.0_qth_0.1,256,256,128,256,128,256,128,644,False,paper symbolic formula plus explicitly labelled benchmark_parameter_set,IAQD_fair,1,4,C_base+4n+2r(c+sigma+h+tau)+2(h+tau),10148
paper_analytic_benchmark_parameter_set,benchmark_not_protocol_inherent,2,154,threshold_q0_0.0_qth_0.1,256,256,128,256,128,256,128,644,False,paper symbolic formula plus explicitly labelled benchmark_parameter_set,IAQD_fair,2,2,C_base+4n+2r(c+sigma+h+tau)+2(h+tau),7076
paper_analytic_benchmark_parameter_set,benchmark_not_protocol_inherent,2,154,threshold_q0_0.0_qth_0.1,256,256,128,256,128,256,128,644,False,paper symbolic formula plus explicitly labelled benchmark_parameter_set,IAQD_fair,4,1,C_base+4n+2r(c+sigma+h+tau)+2(h+tau),5540
paper_analytic_benchmark_parameter_set,benchmark_not_protocol_inherent,4,154,threshold_q0_0.0_qth_0.1,256,256,128,256,128,256,128,666,False,paper symbolic formula plus explicitly labelled benchmark_parameter_set,original_AQD,,,rho+D_dec+4n+2d_H,1450
paper_analytic_benchmark_parameter_set,benchmark_not_protocol_inherent,4,154,threshold_q0_0.0_qth_0.1,256,256,128,256,128,256,128,666,False,paper symbolic formula plus explicitly labelled benchmark_parameter_set,IAQD_basic,,,2nu+6(h+tau)+4n+D_dec+2ceil(log2(n+ell+1)),3258
paper_analytic_benchmark_parameter_set,benchmark_not_protocol_inherent,4,154,threshold_q0_0.0_qth_0.1,256,256,128,256,128,256,128,666,False,paper symbolic formula plus explicitly labelled benchmark_parameter_set,IAQD_fair,1,8,C_base+4n+2r(c+sigma+h+tau)+2(h+tau),16330
paper_analytic_benchmark_parameter_set,benchmark_not_protocol_inherent,4,154,threshold_q0_0.0_qth_0.1,256,256,128,256,128,256,128,666,False,paper symbolic formula plus explicitly labelled benchmark_parameter_set,IAQD_fair,2,4,C_base+4n+2r(c+sigma+h+tau)+2(h+tau),10186
paper_analytic_benchmark_parameter_set,benchmark_not_protocol_inherent,4,154,threshold_q0_0.0_qth_0.1,256,256,128,256,128,256,128,666,False,paper symbolic formula plus explicitly labelled benchmark_parameter_set,IAQD_fair,4,2,C_base+4n+2r(c+sigma+h+tau)+2(h+tau),7114
paper_analytic_benchmark_parameter_set,benchmark_not_protocol_inherent,4,154,threshold_q0_0.0_qth_0.1,256,256,128,256,128,256,128,666,False,paper symbolic formula plus explicitly labelled benchmark_parameter_set,IAQD_fair,8,1,C_base+4n+2r(c+sigma+h+tau)+2(h+tau),5578
paper_analytic_benchmark_parameter_set,benchmark_not_protocol_inherent,8,154,threshold_q0_0.0_qth_0.1,256,256,128,256,128,256,128,704,False,paper symbolic formula plus explicitly labelled benchmark_parameter_set,original_AQD,,,rho+D_dec+4n+2d_H,1504
paper_analytic_benchmark_parameter_set,benchmark_not_protocol_inherent,8,154,threshold_q0_0.0_qth_0.1,256,256,128,256,128,256,128,704,False,paper symbolic formula plus explicitly labelled benchmark_parameter_set,IAQD_basic,,,2nu+6(h+tau)+4n+D_dec+2ceil(log2(n+ell+1)),3312
paper_analytic_benchmark_parameter_set,benchmark_not_protocol_inherent,8,154,threshold_q0_0.0_qth_0.1,256,256,128,256,128,256,128,704,False,paper symbolic formula plus explicitly labelled benchmark_parameter_set,IAQD_fair,1,16,C_base+4n+2r(c+sigma+h+tau)+2(h+tau),28688
paper_analytic_benchmark_parameter_set,benchmark_not_protocol_inherent,8,154,threshold_q0_0.0_qth_0.1,256,256,128,256,128,256,128,704,False,paper symbolic formula plus explicitly labelled benchmark_parameter_set,IAQD_fair,2,8,C_base+4n+2r(c+sigma+h+tau)+2(h+tau),16400
paper_analytic_benchmark_parameter_set,benchmark_not_protocol_inherent,8,154,threshold_q0_0.0_qth_0.1,256,256,128,256,128,256,128,704,False,paper symbolic formula plus explicitly labelled benchmark_parameter_set,IAQD_fair,4,4,C_base+4n+2r(c+sigma+h+tau)+2(h+tau),10256
paper_analytic_benchmark_parameter_set,benchmark_not_protocol_inherent,8,154,threshold_q0_0.0_qth_0.1,256,256,128,256,128,256,128,704,False,paper symbolic formula plus explicitly labelled benchmark_parameter_set,IAQD_fair,8,2,C_base+4n+2r(c+sigma+h+tau)+2(h+tau),7184
paper_analytic_benchmark_parameter_set,benchmark_not_protocol_inherent,16,154,threshold_q0_0.0_qth_0.1,256,256,128,256,128,256,128,764,False,paper symbolic formula plus explicitly labelled benchmark_parameter_set,original_AQD,,,rho+D_dec+4n+2d_H,1596
paper_analytic_benchmark_parameter_set,benchmark_not_protocol_inherent,16,154,threshold_q0_0.0_qth_0.1,256,256,128,256,128,256,128,764,False,paper symbolic formula plus explicitly labelled benchmark_parameter_set,IAQD_basic,,,2nu+6(h+tau)+4n+D_dec+2ceil(log2(n+ell+1)),3404
paper_analytic_benchmark_parameter_set,benchmark_not_protocol_inherent,16,154,threshold_q0_0.0_qth_0.1,256,256,128,256,128,256,128,764,False,paper symbolic formula plus explicitly labelled benchmark_parameter_set,IAQD_fair,1,32,C_base+4n+2r(c+sigma+h+tau)+2(h+tau),53388
paper_analytic_benchmark_parameter_set,benchmark_not_protocol_inherent,16,154,threshold_q0_0.0_qth_0.1,256,256,128,256,128,256,128,764,False,paper symbolic formula plus explicitly labelled benchmark_parameter_set,IAQD_fair,2,16,C_base+4n+2r(c+sigma+h+tau)+2(h+tau),28812
paper_analytic_benchmark_parameter_set,benchmark_not_protocol_inherent,16,154,threshold_q0_0.0_qth_0.1,256,256,128,256,128,256,128,764,False,paper symbolic formula plus explicitly labelled benchmark_parameter_set,IAQD_fair,4,8,C_base+4n+2r(c+sigma+h+tau)+2(h+tau),16524
paper_analytic_benchmark_parameter_set,benchmark_not_protocol_inherent,16,154,threshold_q0_0.0_qth_0.1,256,256,128,256,128,256,128,764,False,paper symbolic formula plus explicitly labelled benchmark_parameter_set,IAQD_fair,8,4,C_base+4n+2r(c+sigma+h+tau)+2(h+tau),10380
paper_analytic_benchmark_parameter_set,benchmark_not_protocol_inherent,32,154,threshold_q0_0.0_qth_0.1,256,256,128,256,128,256,128,856,False,paper symbolic formula plus explicitly labelled benchmark_parameter_set,original_AQD,,,rho+D_dec+4n+2d_H,1752
paper_analytic_benchmark_parameter_set,benchmark_not_protocol_inherent,32,154,threshold_q0_0.0_qth_0.1,256,256,128,256,128,256,128,856,False,paper symbolic formula plus explicitly labelled benchmark_parameter_set,IAQD_basic,,,2nu+6(h+tau)+4n+D_dec+2ceil(log2(n+ell+1)),3560
paper_analytic_benchmark_parameter_set,benchmark_not_protocol_inherent,32,154,threshold_q0_0.0_qth_0.1,256,256,128,256,128,256,128,856,False,paper symbolic formula plus explicitly labelled benchmark_parameter_set,IAQD_fair,1,64,C_base+4n+2r(c+sigma+h+tau)+2(h+tau),102760
paper_analytic_benchmark_parameter_set,benchmark_not_protocol_inherent,32,154,threshold_q0_0.0_qth_0.1,256,256,128,256,128,256,128,856,False,paper symbolic formula plus explicitly labelled benchmark_parameter_set,IAQD_fair,2,32,C_base+4n+2r(c+sigma+h+tau)+2(h+tau),53608
paper_analytic_benchmark_parameter_set,benchmark_not_protocol_inherent,32,154,threshold_q0_0.0_qth_0.1,256,256,128,256,128,256,128,856,False,paper symbolic formula plus explicitly labelled benchmark_parameter_set,IAQD_fair,4,16,C_base+4n+2r(c+sigma+h+tau)+2(h+tau),29032
paper_analytic_benchmark_parameter_set,benchmark_not_protocol_inherent,32,154,threshold_q0_0.0_qth_0.1,256,256,128,256,128,256,128,856,False,paper symbolic formula plus explicitly labelled benchmark_parameter_set,IAQD_fair,8,8,C_base+4n+2r(c+sigma+h+tau)+2(h+tau),16744
paper_analytic_benchmark_parameter_set,benchmark_not_protocol_inherent,1,670,threshold_q0_0.0_qth_0.15,256,256,128,256,128,256,128,2700,False,paper symbolic formula plus explicitly labelled benchmark_parameter_set,original_AQD,,,rho+D_dec+4n+2d_H,3472
paper_analytic_benchmark_parameter_set,benchmark_not_protocol_inherent,1,670,threshold_q0_0.0_qth_0.15,256,256,128,256,128,256,128,2700,False,paper symbolic formula plus explicitly labelled benchmark_parameter_set,IAQD_basic,,,2nu+6(h+tau)+4n+D_dec+2ceil(log2(n+ell+1)),5284
paper_analytic_benchmark_parameter_set,benchmark_not_protocol_inherent,1,670,threshold_q0_0.0_qth_0.15,256,256,128,256,128,256,128,2700,False,paper symbolic formula plus explicitly labelled benchmark_parameter_set,IAQD_fair,1,2,C_base+4n+2r(c+sigma+h+tau)+2(h+tau),9128
paper_analytic_benchmark_parameter_set,benchmark_not_protocol_inherent,1,670,threshold_q0_0.0_qth_0.15,256,256,128,256,128,256,128,2700,False,paper symbolic formula plus explicitly labelled benchmark_parameter_set,IAQD_fair,2,1,C_base+4n+2r(c+sigma+h+tau)+2(h+tau),7592
paper_analytic_benchmark_parameter_set,benchmark_not_protocol_inherent,2,670,threshold_q0_0.0_qth_0.15,256,256,128,256,128,256,128,2716,False,paper symbolic formula plus explicitly labelled benchmark_parameter_set,original_AQD,,,rho+D_dec+4n+2d_H,3492
paper_analytic_benchmark_parameter_set,benchmark_not_protocol_inherent,2,670,threshold_q0_0.0_qth_0.15,256,256,128,256,128,256,128,2716,False,paper symbolic formula plus explicitly labelled benchmark_parameter_set,IAQD_basic,,,2nu+6(h+tau)+4n+D_dec+2ceil(log2(n+ell+1)),5304
paper_analytic_benchmark_parameter_set,benchmark_not_protocol_inherent,2,670,threshold_q0_0.0_qth_0.15,256,256,128,256,128,256,128,2716,False,paper symbolic formula plus explicitly labelled benchmark_parameter_set,IAQD_fair,1,4,C_base+4n+2r(c+sigma+h+tau)+2(h+tau),12224
paper_analytic_benchmark_parameter_set,benchmark_not_protocol_inherent,2,670,threshold_q0_0.0_qth_0.15,256,256,128,256,128,256,128,2716,False,paper symbolic formula plus explicitly labelled benchmark_parameter_set,IAQD_fair,2,2,C_base+4n+2r(c+sigma+h+tau)+2(h+tau),9152
paper_analytic_benchmark_parameter_set,benchmark_not_protocol_inherent,2,670,threshold_q0_0.0_qth_0.15,256,256,128,256,128,256,128,2716,False,paper symbolic formula plus explicitly labelled benchmark_parameter_set,IAQD_fair,4,1,C_base+4n+2r(c+sigma+h+tau)+2(h+tau),7616
paper_analytic_benchmark_parameter_set,benchmark_not_protocol_inherent,4,670,threshold_q0_0.0_qth_0.15,256,256,128,256,128,256,128,2746,False,paper symbolic formula plus explicitly labelled benchmark_parameter_set,original_AQD,,,rho+D_dec+4n+2d_H,3530
paper_analytic_benchmark_parameter_set,benchmark_not_protocol_inherent,4,670,threshold_q0_0.0_qth_0.15,256,256,128,256,128,256,128,2746,False,paper symbolic formula plus explicitly labelled benchmark_parameter_set,IAQD_basic,,,2nu+6(h+tau)+4n+D_dec+2ceil(log2(n+ell+1)),5342
paper_analytic_benchmark_parameter_set,benchmark_not_protocol_inherent,4,670,threshold_q0_0.0_qth_0.15,256,256,128,256,128,256,128,2746,False,paper symbolic formula plus explicitly labelled benchmark_parameter_set,IAQD_fair,1,8,C_base+4n+2r(c+sigma+h+tau)+2(h+tau),18414
paper_analytic_benchmark_parameter_set,benchmark_not_protocol_inherent,4,670,threshold_q0_0.0_qth_0.15,256,256,128,256,128,256,128,2746,False,paper symbolic formula plus explicitly labelled benchmark_parameter_set,IAQD_fair,2,4,C_base+4n+2r(c+sigma+h+tau)+2(h+tau),12270
paper_analytic_benchmark_parameter_set,benchmark_not_protocol_inherent,4,670,threshold_q0_0.0_qth_0.15,256,256,128,256,128,256,128,2746,False,paper symbolic formula plus explicitly labelled benchmark_parameter_set,IAQD_fair,4,2,C_base+4n+2r(c+sigma+h+tau)+2(h+tau),9198
paper_analytic_benchmark_parameter_set,benchmark_not_protocol_inherent,4,670,threshold_q0_0.0_qth_0.15,256,256,128,256,128,256,128,2746,False,paper symbolic formula plus explicitly labelled benchmark_parameter_set,IAQD_fair,8,1,C_base+4n+2r(c+sigma+h+tau)+2(h+tau),7662
paper_analytic_benchmark_parameter_set,benchmark_not_protocol_inherent,8,670,threshold_q0_0.0_qth_0.15,256,256,128,256,128,256,128,2800,False,paper symbolic formula plus explicitly labelled benchmark_parameter_set,original_AQD,,,rho+D_dec+4n+2d_H,3600
paper_analytic_benchmark_parameter_set,benchmark_not_protocol_inherent,8,670,threshold_q0_0.0_qth_0.15,256,256,128,256,128,256,128,2800,False,paper symbolic formula plus explicitly labelled benchmark_parameter_set,IAQD_basic,,,2nu+6(h+tau)+4n+D_dec+2ceil(log2(n+ell+1)),5412
paper_analytic_benchmark_parameter_set,benchmark_not_protocol_inherent,8,670,threshold_q0_0.0_qth_0.15,256,256,128,256,128,256,128,2800,False,paper symbolic formula plus explicitly labelled benchmark_parameter_set,IAQD_fair,1,16,C_base+4n+2r(c+sigma+h+tau)+2(h+tau),30788
paper_analytic_benchmark_parameter_set,benchmark_not_protocol_inherent,8,670,threshold_q0_0.0_qth_0.15,256,256,128,256,128,256,128,2800,False,paper symbolic formula plus explicitly labelled benchmark_parameter_set,IAQD_fair,2,8,C_base+4n+2r(c+sigma+h+tau)+2(h+tau),18500
paper_analytic_benchmark_parameter_set,benchmark_not_protocol_inherent,8,670,threshold_q0_0.0_qth_0.15,256,256,128,256,128,256,128,2800,False,paper symbolic formula plus explicitly labelled benchmark_parameter_set,IAQD_fair,4,4,C_base+4n+2r(c+sigma+h+tau)+2(h+tau),12356
paper_analytic_benchmark_parameter_set,benchmark_not_protocol_inherent,8,670,threshold_q0_0.0_qth_0.15,256,256,128,256,128,256,128,2800,False,paper symbolic formula plus explicitly labelled benchmark_parameter_set,IAQD_fair,8,2,C_base+4n+2r(c+sigma+h+tau)+2(h+tau),9284
paper_analytic_benchmark_parameter_set,benchmark_not_protocol_inherent,16,670,threshold_q0_0.0_qth_0.15,256,256,128,256,128,256,128,2894,False,paper symbolic formula plus explicitly labelled benchmark_parameter_set,original_AQD,,,rho+D_dec+4n+2d_H,3726
paper_analytic_benchmark_parameter_set,benchmark_not_protocol_inherent,16,670,threshold_q0_0.0_qth_0.15,256,256,128,256,128,256,128,2894,False,paper symbolic formula plus explicitly labelled benchmark_parameter_set,IAQD_basic,,,2nu+6(h+tau)+4n+D_dec+2ceil(log2(n+ell+1)),5538
paper_analytic_benchmark_parameter_set,benchmark_not_protocol_inherent,16,670,threshold_q0_0.0_qth_0.15,256,256,128,256,128,256,128,2894,False,paper symbolic formula plus explicitly labelled benchmark_parameter_set,IAQD_fair,1,32,C_base+4n+2r(c+sigma+h+tau)+2(h+tau),55522
paper_analytic_benchmark_parameter_set,benchmark_not_protocol_inherent,16,670,threshold_q0_0.0_qth_0.15,256,256,128,256,128,256,128,2894,False,paper symbolic formula plus explicitly labelled benchmark_parameter_set,IAQD_fair,2,16,C_base+4n+2r(c+sigma+h+tau)+2(h+tau),30946
paper_analytic_benchmark_parameter_set,benchmark_not_protocol_inherent,16,670,threshold_q0_0.0_qth_0.15,256,256,128,256,128,256,128,2894,False,paper symbolic formula plus explicitly labelled benchmark_parameter_set,IAQD_fair,4,8,C_base+4n+2r(c+sigma+h+tau)+2(h+tau),18658
paper_analytic_benchmark_parameter_set,benchmark_not_protocol_inherent,16,670,threshold_q0_0.0_qth_0.15,256,256,128,256,128,256,128,2894,False,paper symbolic formula plus explicitly labelled benchmark_parameter_set,IAQD_fair,8,4,C_base+4n+2r(c+sigma+h+tau)+2(h+tau),12514
paper_analytic_benchmark_parameter_set,benchmark_not_protocol_inherent,32,670,threshold_q0_0.0_qth_0.15,256,256,128,256,128,256,128,3048,False,paper symbolic formula plus explicitly labelled benchmark_parameter_set,original_AQD,,,rho+D_dec+4n+2d_H,3944
paper_analytic_benchmark_parameter_set,benchmark_not_protocol_inherent,32,670,threshold_q0_0.0_qth_0.15,256,256,128,256,128,256,128,3048,False,paper symbolic formula plus explicitly labelled benchmark_parameter_set,IAQD_basic,,,2nu+6(h+tau)+4n+D_dec+2ceil(log2(n+ell+1)),5756
paper_analytic_benchmark_parameter_set,benchmark_not_protocol_inherent,32,670,threshold_q0_0.0_qth_0.15,256,256,128,256,128,256,128,3048,False,paper symbolic formula plus explicitly labelled benchmark_parameter_set,IAQD_fair,1,64,C_base+4n+2r(c+sigma+h+tau)+2(h+tau),104956
paper_analytic_benchmark_parameter_set,benchmark_not_protocol_inherent,32,670,threshold_q0_0.0_qth_0.15,256,256,128,256,128,256,128,3048,False,paper symbolic formula plus explicitly labelled benchmark_parameter_set,IAQD_fair,2,32,C_base+4n+2r(c+sigma+h+tau)+2(h+tau),55804
paper_analytic_benchmark_parameter_set,benchmark_not_protocol_inherent,32,670,threshold_q0_0.0_qth_0.15,256,256,128,256,128,256,128,3048,False,paper symbolic formula plus explicitly labelled benchmark_parameter_set,IAQD_fair,4,16,C_base+4n+2r(c+sigma+h+tau)+2(h+tau),31228
paper_analytic_benchmark_parameter_set,benchmark_not_protocol_inherent,32,670,threshold_q0_0.0_qth_0.15,256,256,128,256,128,256,128,3048,False,paper symbolic formula plus explicitly labelled benchmark_parameter_set,IAQD_fair,8,8,C_base+4n+2r(c+sigma+h+tau)+2(h+tau),18940
paper_analytic_benchmark_parameter_set,benchmark_not_protocol_inherent,1,59,threshold_q0_0.01_qth_0.05,256,256,128,256,128,256,128,248,False,paper symbolic formula plus explicitly labelled benchmark_parameter_set,original_AQD,,,rho+D_dec+4n+2d_H,1020
paper_analytic_benchmark_parameter_set,benchmark_not_protocol_inherent,1,59,threshold_q0_0.01_qth_0.05,256,256,128,256,128,256,128,248,False,paper symbolic formula plus explicitly labelled benchmark_parameter_set,IAQD_basic,,,2nu+6(h+tau)+4n+D_dec+2ceil(log2(n+ell+1)),2824
paper_analytic_benchmark_parameter_set,benchmark_not_protocol_inherent,1,59,threshold_q0_0.01_qth_0.05,256,256,128,256,128,256,128,248,False,paper symbolic formula plus explicitly labelled benchmark_parameter_set,IAQD_fair,1,2,C_base+4n+2r(c+sigma+h+tau)+2(h+tau),6668
paper_analytic_benchmark_parameter_set,benchmark_not_protocol_inherent,1,59,threshold_q0_0.01_qth_0.05,256,256,128,256,128,256,128,248,False,paper symbolic formula plus explicitly labelled benchmark_parameter_set,IAQD_fair,2,1,C_base+4n+2r(c+sigma+h+tau)+2(h+tau),5132
paper_analytic_benchmark_parameter_set,benchmark_not_protocol_inherent,2,59,threshold_q0_0.01_qth_0.05,256,256,128,256,128,256,128,258,False,paper symbolic formula plus explicitly labelled benchmark_parameter_set,original_AQD,,,rho+D_dec+4n+2d_H,1034
paper_analytic_benchmark_parameter_set,benchmark_not_protocol_inherent,2,59,threshold_q0_0.01_qth_0.05,256,256,128,256,128,256,128,258,False,paper symbolic formula plus explicitly labelled benchmark_parameter_set,IAQD_basic,,,2nu+6(h+tau)+4n+D_dec+2ceil(log2(n+ell+1)),2838
paper_analytic_benchmark_parameter_set,benchmark_not_protocol_inherent,2,59,threshold_q0_0.01_qth_0.05,256,256,128,256,128,256,128,258,False,paper symbolic formula plus explicitly labelled benchmark_parameter_set,IAQD_fair,1,4,C_base+4n+2r(c+sigma+h+tau)+2(h+tau),9758
paper_analytic_benchmark_parameter_set,benchmark_not_protocol_inherent,2,59,threshold_q0_0.01_qth_0.05,256,256,128,256,128,256,128,258,False,paper symbolic formula plus explicitly labelled benchmark_parameter_set,IAQD_fair,2,2,C_base+4n+2r(c+sigma+h+tau)+2(h+tau),6686
paper_analytic_benchmark_parameter_set,benchmark_not_protocol_inherent,2,59,threshold_q0_0.01_qth_0.05,256,256,128,256,128,256,128,258,False,paper symbolic formula plus explicitly labelled benchmark_parameter_set,IAQD_fair,4,1,C_base+4n+2r(c+sigma+h+tau)+2(h+tau),5150
paper_analytic_benchmark_parameter_set,benchmark_not_protocol_inherent,4,59,threshold_q0_0.01_qth_0.05,256,256,128,256,128,256,128,276,False,paper symbolic formula plus explicitly labelled benchmark_parameter_set,original_AQD,,,rho+D_dec+4n+2d_H,1060
paper_analytic_benchmark_parameter_set,benchmark_not_protocol_inherent,4,59,threshold_q0_0.01_qth_0.05,256,256,128,256,128,256,128,276,False,paper symbolic formula plus explicitly labelled benchmark_parameter_set,IAQD_basic,,,2nu+6(h+tau)+4n+D_dec+2ceil(log2(n+ell+1)),2864
paper_analytic_benchmark_parameter_set,benchmark_not_protocol_inherent,4,59,threshold_q0_0.01_qth_0.05,256,256,128,256,128,256,128,276,False,paper symbolic formula plus explicitly labelled benchmark_parameter_set,IAQD_fair,1,8,C_base+4n+2r(c+sigma+h+tau)+2(h+tau),15936
paper_analytic_benchmark_parameter_set,benchmark_not_protocol_inherent,4,59,threshold_q0_0.01_qth_0.05,256,256,128,256,128,256,128,276,False,paper symbolic formula plus explicitly labelled benchmark_parameter_set,IAQD_fair,2,4,C_base+4n+2r(c+sigma+h+tau)+2(h+tau),9792
paper_analytic_benchmark_parameter_set,benchmark_not_protocol_inherent,4,59,threshold_q0_0.01_qth_0.05,256,256,128,256,128,256,128,276,False,paper symbolic formula plus explicitly labelled benchmark_parameter_set,IAQD_fair,4,2,C_base+4n+2r(c+sigma+h+tau)+2(h+tau),6720
paper_analytic_benchmark_parameter_set,benchmark_not_protocol_inherent,4,59,threshold_q0_0.01_qth_0.05,256,256,128,256,128,256,128,276,False,paper symbolic formula plus explicitly labelled benchmark_parameter_set,IAQD_fair,8,1,C_base+4n+2r(c+sigma+h+tau)+2(h+tau),5184
paper_analytic_benchmark_parameter_set,benchmark_not_protocol_inherent,8,59,threshold_q0_0.01_qth_0.05,256,256,128,256,128,256,128,302,False,paper symbolic formula plus explicitly labelled benchmark_parameter_set,original_AQD,,,rho+D_dec+4n+2d_H,1102
paper_analytic_benchmark_parameter_set,benchmark_not_protocol_inherent,8,59,threshold_q0_0.01_qth_0.05,256,256,128,256,128,256,128,302,False,paper symbolic formula plus explicitly labelled benchmark_parameter_set,IAQD_basic,,,2nu+6(h+tau)+4n+D_dec+2ceil(log2(n+ell+1)),2908
paper_analytic_benchmark_parameter_set,benchmark_not_protocol_inherent,8,59,threshold_q0_0.01_qth_0.05,256,256,128,256,128,256,128,302,False,paper symbolic formula plus explicitly labelled benchmark_parameter_set,IAQD_fair,1,16,C_base+4n+2r(c+sigma+h+tau)+2(h+tau),28284
paper_analytic_benchmark_parameter_set,benchmark_not_protocol_inherent,8,59,threshold_q0_0.01_qth_0.05,256,256,128,256,128,256,128,302,False,paper symbolic formula plus explicitly labelled benchmark_parameter_set,IAQD_fair,2,8,C_base+4n+2r(c+sigma+h+tau)+2(h+tau),15996
paper_analytic_benchmark_parameter_set,benchmark_not_protocol_inherent,8,59,threshold_q0_0.01_qth_0.05,256,256,128,256,128,256,128,302,False,paper symbolic formula plus explicitly labelled benchmark_parameter_set,IAQD_fair,4,4,C_base+4n+2r(c+sigma+h+tau)+2(h+tau),9852
paper_analytic_benchmark_parameter_set,benchmark_not_protocol_inherent,8,59,threshold_q0_0.01_qth_0.05,256,256,128,256,128,256,128,302,False,paper symbolic formula plus explicitly labelled benchmark_parameter_set,IAQD_fair,8,2,C_base+4n+2r(c+sigma+h+tau)+2(h+tau),6780
paper_analytic_benchmark_parameter_set,benchmark_not_protocol_inherent,16,59,threshold_q0_0.01_qth_0.05,256,256,128,256,128,256,128,342,False,paper symbolic formula plus explicitly labelled benchmark_parameter_set,original_AQD,,,rho+D_dec+4n+2d_H,1174
paper_analytic_benchmark_parameter_set,benchmark_not_protocol_inherent,16,59,threshold_q0_0.01_qth_0.05,256,256,128,256,128,256,128,342,False,paper symbolic formula plus explicitly labelled benchmark_parameter_set,IAQD_basic,,,2nu+6(h+tau)+4n+D_dec+2ceil(log2(n+ell+1)),2980
paper_analytic_benchmark_parameter_set,benchmark_not_protocol_inherent,16,59,threshold_q0_0.01_qth_0.05,256,256,128,256,128,256,128,342,False,paper symbolic formula plus explicitly labelled benchmark_parameter_set,IAQD_fair,1,32,C_base+4n+2r(c+sigma+h+tau)+2(h+tau),52964
paper_analytic_benchmark_parameter_set,benchmark_not_protocol_inherent,16,59,threshold_q0_0.01_qth_0.05,256,256,128,256,128,256,128,342,False,paper symbolic formula plus explicitly labelled benchmark_parameter_set,IAQD_fair,2,16,C_base+4n+2r(c+sigma+h+tau)+2(h+tau),28388
paper_analytic_benchmark_parameter_set,benchmark_not_protocol_inherent,16,59,threshold_q0_0.01_qth_0.05,256,256,128,256,128,256,128,342,False,paper symbolic formula plus explicitly labelled benchmark_parameter_set,IAQD_fair,4,8,C_base+4n+2r(c+sigma+h+tau)+2(h+tau),16100
paper_analytic_benchmark_parameter_set,benchmark_not_protocol_inherent,16,59,threshold_q0_0.01_qth_0.05,256,256,128,256,128,256,128,342,False,paper symbolic formula plus explicitly labelled benchmark_parameter_set,IAQD_fair,8,4,C_base+4n+2r(c+sigma+h+tau)+2(h+tau),9956
paper_analytic_benchmark_parameter_set,benchmark_not_protocol_inherent,32,59,threshold_q0_0.01_qth_0.05,256,256,128,256,128,256,128,400,False,paper symbolic formula plus explicitly labelled benchmark_parameter_set,original_AQD,,,rho+D_dec+4n+2d_H,1296
paper_analytic_benchmark_parameter_set,benchmark_not_protocol_inherent,32,59,threshold_q0_0.01_qth_0.05,256,256,128,256,128,256,128,400,False,paper symbolic formula plus explicitly labelled benchmark_parameter_set,IAQD_basic,,,2nu+6(h+tau)+4n+D_dec+2ceil(log2(n+ell+1)),3102
paper_analytic_benchmark_parameter_set,benchmark_not_protocol_inherent,32,59,threshold_q0_0.01_qth_0.05,256,256,128,256,128,256,128,400,False,paper symbolic formula plus explicitly labelled benchmark_parameter_set,IAQD_fair,1,64,C_base+4n+2r(c+sigma+h+tau)+2(h+tau),102302
paper_analytic_benchmark_parameter_set,benchmark_not_protocol_inherent,32,59,threshold_q0_0.01_qth_0.05,256,256,128,256,128,256,128,400,False,paper symbolic formula plus explicitly labelled benchmark_parameter_set,IAQD_fair,2,32,C_base+4n+2r(c+sigma+h+tau)+2(h+tau),53150
paper_analytic_benchmark_parameter_set,benchmark_not_protocol_inherent,32,59,threshold_q0_0.01_qth_0.05,256,256,128,256,128,256,128,400,False,paper symbolic formula plus explicitly labelled benchmark_parameter_set,IAQD_fair,4,16,C_base+4n+2r(c+sigma+h+tau)+2(h+tau),28574
paper_analytic_benchmark_parameter_set,benchmark_not_protocol_inherent,32,59,threshold_q0_0.01_qth_0.05,256,256,128,256,128,256,128,400,False,paper symbolic formula plus explicitly labelled benchmark_parameter_set,IAQD_fair,8,8,C_base+4n+2r(c+sigma+h+tau)+2(h+tau),16286
paper_analytic_benchmark_parameter_set,benchmark_not_protocol_inherent,1,154,threshold_q0_0.01_qth_0.1,256,256,128,256,128,256,128,632,False,paper symbolic formula plus explicitly labelled benchmark_parameter_set,original_AQD,,,rho+D_dec+4n+2d_H,1404
paper_analytic_benchmark_parameter_set,benchmark_not_protocol_inherent,1,154,threshold_q0_0.01_qth_0.1,256,256,128,256,128,256,128,632,False,paper symbolic formula plus explicitly labelled benchmark_parameter_set,IAQD_basic,,,2nu+6(h+tau)+4n+D_dec+2ceil(log2(n+ell+1)),3212
paper_analytic_benchmark_parameter_set,benchmark_not_protocol_inherent,1,154,threshold_q0_0.01_qth_0.1,256,256,128,256,128,256,128,632,False,paper symbolic formula plus explicitly labelled benchmark_parameter_set,IAQD_fair,1,2,C_base+4n+2r(c+sigma+h+tau)+2(h+tau),7056
paper_analytic_benchmark_parameter_set,benchmark_not_protocol_inherent,1,154,threshold_q0_0.01_qth_0.1,256,256,128,256,128,256,128,632,False,paper symbolic formula plus explicitly labelled benchmark_parameter_set,IAQD_fair,2,1,C_base+4n+2r(c+sigma+h+tau)+2(h+tau),5520
paper_analytic_benchmark_parameter_set,benchmark_not_protocol_inherent,2,154,threshold_q0_0.01_qth_0.1,256,256,128,256,128,256,128,644,False,paper symbolic formula plus explicitly labelled benchmark_parameter_set,original_AQD,,,rho+D_dec+4n+2d_H,1420
paper_analytic_benchmark_parameter_set,benchmark_not_protocol_inherent,2,154,threshold_q0_0.01_qth_0.1,256,256,128,256,128,256,128,644,False,paper symbolic formula plus explicitly labelled benchmark_parameter_set,IAQD_basic,,,2nu+6(h+tau)+4n+D_dec+2ceil(log2(n+ell+1)),3228
paper_analytic_benchmark_parameter_set,benchmark_not_protocol_inherent,2,154,threshold_q0_0.01_qth_0.1,256,256,128,256,128,256,128,644,False,paper symbolic formula plus explicitly labelled benchmark_parameter_set,IAQD_fair,1,4,C_base+4n+2r(c+sigma+h+tau)+2(h+tau),10148
paper_analytic_benchmark_parameter_set,benchmark_not_protocol_inherent,2,154,threshold_q0_0.01_qth_0.1,256,256,128,256,128,256,128,644,False,paper symbolic formula plus explicitly labelled benchmark_parameter_set,IAQD_fair,2,2,C_base+4n+2r(c+sigma+h+tau)+2(h+tau),7076
paper_analytic_benchmark_parameter_set,benchmark_not_protocol_inherent,2,154,threshold_q0_0.01_qth_0.1,256,256,128,256,128,256,128,644,False,paper symbolic formula plus explicitly labelled benchmark_parameter_set,IAQD_fair,4,1,C_base+4n+2r(c+sigma+h+tau)+2(h+tau),5540
paper_analytic_benchmark_parameter_set,benchmark_not_protocol_inherent,4,154,threshold_q0_0.01_qth_0.1,256,256,128,256,128,256,128,666,False,paper symbolic formula plus explicitly labelled benchmark_parameter_set,original_AQD,,,rho+D_dec+4n+2d_H,1450
paper_analytic_benchmark_parameter_set,benchmark_not_protocol_inherent,4,154,threshold_q0_0.01_qth_0.1,256,256,128,256,128,256,128,666,False,paper symbolic formula plus explicitly labelled benchmark_parameter_set,IAQD_basic,,,2nu+6(h+tau)+4n+D_dec+2ceil(log2(n+ell+1)),3258
paper_analytic_benchmark_parameter_set,benchmark_not_protocol_inherent,4,154,threshold_q0_0.01_qth_0.1,256,256,128,256,128,256,128,666,False,paper symbolic formula plus explicitly labelled benchmark_parameter_set,IAQD_fair,1,8,C_base+4n+2r(c+sigma+h+tau)+2(h+tau),16330
paper_analytic_benchmark_parameter_set,benchmark_not_protocol_inherent,4,154,threshold_q0_0.01_qth_0.1,256,256,128,256,128,256,128,666,False,paper symbolic formula plus explicitly labelled benchmark_parameter_set,IAQD_fair,2,4,C_base+4n+2r(c+sigma+h+tau)+2(h+tau),10186
paper_analytic_benchmark_parameter_set,benchmark_not_protocol_inherent,4,154,threshold_q0_0.01_qth_0.1,256,256,128,256,128,256,128,666,False,paper symbolic formula plus explicitly labelled benchmark_parameter_set,IAQD_fair,4,2,C_base+4n+2r(c+sigma+h+tau)+2(h+tau),7114
paper_analytic_benchmark_parameter_set,benchmark_not_protocol_inherent,4,154,threshold_q0_0.01_qth_0.1,256,256,128,256,128,256,128,666,False,paper symbolic formula plus explicitly labelled benchmark_parameter_set,IAQD_fair,8,1,C_base+4n+2r(c+sigma+h+tau)+2(h+tau),5578
paper_analytic_benchmark_parameter_set,benchmark_not_protocol_inherent,8,154,threshold_q0_0.01_qth_0.1,256,256,128,256,128,256,128,704,False,paper symbolic formula plus explicitly labelled benchmark_parameter_set,original_AQD,,,rho+D_dec+4n+2d_H,1504
paper_analytic_benchmark_parameter_set,benchmark_not_protocol_inherent,8,154,threshold_q0_0.01_qth_0.1,256,256,128,256,128,256,128,704,False,paper symbolic formula plus explicitly labelled benchmark_parameter_set,IAQD_basic,,,2nu+6(h+tau)+4n+D_dec+2ceil(log2(n+ell+1)),3312
paper_analytic_benchmark_parameter_set,benchmark_not_protocol_inherent,8,154,threshold_q0_0.01_qth_0.1,256,256,128,256,128,256,128,704,False,paper symbolic formula plus explicitly labelled benchmark_parameter_set,IAQD_fair,1,16,C_base+4n+2r(c+sigma+h+tau)+2(h+tau),28688
paper_analytic_benchmark_parameter_set,benchmark_not_protocol_inherent,8,154,threshold_q0_0.01_qth_0.1,256,256,128,256,128,256,128,704,False,paper symbolic formula plus explicitly labelled benchmark_parameter_set,IAQD_fair,2,8,C_base+4n+2r(c+sigma+h+tau)+2(h+tau),16400
paper_analytic_benchmark_parameter_set,benchmark_not_protocol_inherent,8,154,threshold_q0_0.01_qth_0.1,256,256,128,256,128,256,128,704,False,paper symbolic formula plus explicitly labelled benchmark_parameter_set,IAQD_fair,4,4,C_base+4n+2r(c+sigma+h+tau)+2(h+tau),10256
paper_analytic_benchmark_parameter_set,benchmark_not_protocol_inherent,8,154,threshold_q0_0.01_qth_0.1,256,256,128,256,128,256,128,704,False,paper symbolic formula plus explicitly labelled benchmark_parameter_set,IAQD_fair,8,2,C_base+4n+2r(c+sigma+h+tau)+2(h+tau),7184
paper_analytic_benchmark_parameter_set,benchmark_not_protocol_inherent,16,154,threshold_q0_0.01_qth_0.1,256,256,128,256,128,256,128,764,False,paper symbolic formula plus explicitly labelled benchmark_parameter_set,original_AQD,,,rho+D_dec+4n+2d_H,1596
paper_analytic_benchmark_parameter_set,benchmark_not_protocol_inherent,16,154,threshold_q0_0.01_qth_0.1,256,256,128,256,128,256,128,764,False,paper symbolic formula plus explicitly labelled benchmark_parameter_set,IAQD_basic,,,2nu+6(h+tau)+4n+D_dec+2ceil(log2(n+ell+1)),3404
paper_analytic_benchmark_parameter_set,benchmark_not_protocol_inherent,16,154,threshold_q0_0.01_qth_0.1,256,256,128,256,128,256,128,764,False,paper symbolic formula plus explicitly labelled benchmark_parameter_set,IAQD_fair,1,32,C_base+4n+2r(c+sigma+h+tau)+2(h+tau),53388
paper_analytic_benchmark_parameter_set,benchmark_not_protocol_inherent,16,154,threshold_q0_0.01_qth_0.1,256,256,128,256,128,256,128,764,False,paper symbolic formula plus explicitly labelled benchmark_parameter_set,IAQD_fair,2,16,C_base+4n+2r(c+sigma+h+tau)+2(h+tau),28812
paper_analytic_benchmark_parameter_set,benchmark_not_protocol_inherent,16,154,threshold_q0_0.01_qth_0.1,256,256,128,256,128,256,128,764,False,paper symbolic formula plus explicitly labelled benchmark_parameter_set,IAQD_fair,4,8,C_base+4n+2r(c+sigma+h+tau)+2(h+tau),16524
paper_analytic_benchmark_parameter_set,benchmark_not_protocol_inherent,16,154,threshold_q0_0.01_qth_0.1,256,256,128,256,128,256,128,764,False,paper symbolic formula plus explicitly labelled benchmark_parameter_set,IAQD_fair,8,4,C_base+4n+2r(c+sigma+h+tau)+2(h+tau),10380
paper_analytic_benchmark_parameter_set,benchmark_not_protocol_inherent,32,154,threshold_q0_0.01_qth_0.1,256,256,128,256,128,256,128,856,False,paper symbolic formula plus explicitly labelled benchmark_parameter_set,original_AQD,,,rho+D_dec+4n+2d_H,1752
paper_analytic_benchmark_parameter_set,benchmark_not_protocol_inherent,32,154,threshold_q0_0.01_qth_0.1,256,256,128,256,128,256,128,856,False,paper symbolic formula plus explicitly labelled benchmark_parameter_set,IAQD_basic,,,2nu+6(h+tau)+4n+D_dec+2ceil(log2(n+ell+1)),3560
paper_analytic_benchmark_parameter_set,benchmark_not_protocol_inherent,32,154,threshold_q0_0.01_qth_0.1,256,256,128,256,128,256,128,856,False,paper symbolic formula plus explicitly labelled benchmark_parameter_set,IAQD_fair,1,64,C_base+4n+2r(c+sigma+h+tau)+2(h+tau),102760
paper_analytic_benchmark_parameter_set,benchmark_not_protocol_inherent,32,154,threshold_q0_0.01_qth_0.1,256,256,128,256,128,256,128,856,False,paper symbolic formula plus explicitly labelled benchmark_parameter_set,IAQD_fair,2,32,C_base+4n+2r(c+sigma+h+tau)+2(h+tau),53608
paper_analytic_benchmark_parameter_set,benchmark_not_protocol_inherent,32,154,threshold_q0_0.01_qth_0.1,256,256,128,256,128,256,128,856,False,paper symbolic formula plus explicitly labelled benchmark_parameter_set,IAQD_fair,4,16,C_base+4n+2r(c+sigma+h+tau)+2(h+tau),29032
paper_analytic_benchmark_parameter_set,benchmark_not_protocol_inherent,32,154,threshold_q0_0.01_qth_0.1,256,256,128,256,128,256,128,856,False,paper symbolic formula plus explicitly labelled benchmark_parameter_set,IAQD_fair,8,8,C_base+4n+2r(c+sigma+h+tau)+2(h+tau),16744
paper_analytic_benchmark_parameter_set,benchmark_not_protocol_inherent,1,670,threshold_q0_0.01_qth_0.15,256,256,128,256,128,256,128,2700,False,paper symbolic formula plus explicitly labelled benchmark_parameter_set,original_AQD,,,rho+D_dec+4n+2d_H,3472
paper_analytic_benchmark_parameter_set,benchmark_not_protocol_inherent,1,670,threshold_q0_0.01_qth_0.15,256,256,128,256,128,256,128,2700,False,paper symbolic formula plus explicitly labelled benchmark_parameter_set,IAQD_basic,,,2nu+6(h+tau)+4n+D_dec+2ceil(log2(n+ell+1)),5284
paper_analytic_benchmark_parameter_set,benchmark_not_protocol_inherent,1,670,threshold_q0_0.01_qth_0.15,256,256,128,256,128,256,128,2700,False,paper symbolic formula plus explicitly labelled benchmark_parameter_set,IAQD_fair,1,2,C_base+4n+2r(c+sigma+h+tau)+2(h+tau),9128
paper_analytic_benchmark_parameter_set,benchmark_not_protocol_inherent,1,670,threshold_q0_0.01_qth_0.15,256,256,128,256,128,256,128,2700,False,paper symbolic formula plus explicitly labelled benchmark_parameter_set,IAQD_fair,2,1,C_base+4n+2r(c+sigma+h+tau)+2(h+tau),7592
paper_analytic_benchmark_parameter_set,benchmark_not_protocol_inherent,2,670,threshold_q0_0.01_qth_0.15,256,256,128,256,128,256,128,2716,False,paper symbolic formula plus explicitly labelled benchmark_parameter_set,original_AQD,,,rho+D_dec+4n+2d_H,3492
paper_analytic_benchmark_parameter_set,benchmark_not_protocol_inherent,2,670,threshold_q0_0.01_qth_0.15,256,256,128,256,128,256,128,2716,False,paper symbolic formula plus explicitly labelled benchmark_parameter_set,IAQD_basic,,,2nu+6(h+tau)+4n+D_dec+2ceil(log2(n+ell+1)),5304
paper_analytic_benchmark_parameter_set,benchmark_not_protocol_inherent,2,670,threshold_q0_0.01_qth_0.15,256,256,128,256,128,256,128,2716,False,paper symbolic formula plus explicitly labelled benchmark_parameter_set,IAQD_fair,1,4,C_base+4n+2r(c+sigma+h+tau)+2(h+tau),12224
paper_analytic_benchmark_parameter_set,benchmark_not_protocol_inherent,2,670,threshold_q0_0.01_qth_0.15,256,256,128,256,128,256,128,2716,False,paper symbolic formula plus explicitly labelled benchmark_parameter_set,IAQD_fair,2,2,C_base+4n+2r(c+sigma+h+tau)+2(h+tau),9152
paper_analytic_benchmark_parameter_set,benchmark_not_protocol_inherent,2,670,threshold_q0_0.01_qth_0.15,256,256,128,256,128,256,128,2716,False,paper symbolic formula plus explicitly labelled benchmark_parameter_set,IAQD_fair,4,1,C_base+4n+2r(c+sigma+h+tau)+2(h+tau),7616
paper_analytic_benchmark_parameter_set,benchmark_not_protocol_inherent,4,670,threshold_q0_0.01_qth_0.15,256,256,128,256,128,256,128,2746,False,paper symbolic formula plus explicitly labelled benchmark_parameter_set,original_AQD,,,rho+D_dec+4n+2d_H,3530
paper_analytic_benchmark_parameter_set,benchmark_not_protocol_inherent,4,670,threshold_q0_0.01_qth_0.15,256,256,128,256,128,256,128,2746,False,paper symbolic formula plus explicitly labelled benchmark_parameter_set,IAQD_basic,,,2nu+6(h+tau)+4n+D_dec+2ceil(log2(n+ell+1)),5342
paper_analytic_benchmark_parameter_set,benchmark_not_protocol_inherent,4,670,threshold_q0_0.01_qth_0.15,256,256,128,256,128,256,128,2746,False,paper symbolic formula plus explicitly labelled benchmark_parameter_set,IAQD_fair,1,8,C_base+4n+2r(c+sigma+h+tau)+2(h+tau),18414
paper_analytic_benchmark_parameter_set,benchmark_not_protocol_inherent,4,670,threshold_q0_0.01_qth_0.15,256,256,128,256,128,256,128,2746,False,paper symbolic formula plus explicitly labelled benchmark_parameter_set,IAQD_fair,2,4,C_base+4n+2r(c+sigma+h+tau)+2(h+tau),12270
paper_analytic_benchmark_parameter_set,benchmark_not_protocol_inherent,4,670,threshold_q0_0.01_qth_0.15,256,256,128,256,128,256,128,2746,False,paper symbolic formula plus explicitly labelled benchmark_parameter_set,IAQD_fair,4,2,C_base+4n+2r(c+sigma+h+tau)+2(h+tau),9198
paper_analytic_benchmark_parameter_set,benchmark_not_protocol_inherent,4,670,threshold_q0_0.01_qth_0.15,256,256,128,256,128,256,128,2746,False,paper symbolic formula plus explicitly labelled benchmark_parameter_set,IAQD_fair,8,1,C_base+4n+2r(c+sigma+h+tau)+2(h+tau),7662
paper_analytic_benchmark_parameter_set,benchmark_not_protocol_inherent,8,670,threshold_q0_0.01_qth_0.15,256,256,128,256,128,256,128,2800,False,paper symbolic formula plus explicitly labelled benchmark_parameter_set,original_AQD,,,rho+D_dec+4n+2d_H,3600
paper_analytic_benchmark_parameter_set,benchmark_not_protocol_inherent,8,670,threshold_q0_0.01_qth_0.15,256,256,128,256,128,256,128,2800,False,paper symbolic formula plus explicitly labelled benchmark_parameter_set,IAQD_basic,,,2nu+6(h+tau)+4n+D_dec+2ceil(log2(n+ell+1)),5412
paper_analytic_benchmark_parameter_set,benchmark_not_protocol_inherent,8,670,threshold_q0_0.01_qth_0.15,256,256,128,256,128,256,128,2800,False,paper symbolic formula plus explicitly labelled benchmark_parameter_set,IAQD_fair,1,16,C_base+4n+2r(c+sigma+h+tau)+2(h+tau),30788
paper_analytic_benchmark_parameter_set,benchmark_not_protocol_inherent,8,670,threshold_q0_0.01_qth_0.15,256,256,128,256,128,256,128,2800,False,paper symbolic formula plus explicitly labelled benchmark_parameter_set,IAQD_fair,2,8,C_base+4n+2r(c+sigma+h+tau)+2(h+tau),18500
paper_analytic_benchmark_parameter_set,benchmark_not_protocol_inherent,8,670,threshold_q0_0.01_qth_0.15,256,256,128,256,128,256,128,2800,False,paper symbolic formula plus explicitly labelled benchmark_parameter_set,IAQD_fair,4,4,C_base+4n+2r(c+sigma+h+tau)+2(h+tau),12356
paper_analytic_benchmark_parameter_set,benchmark_not_protocol_inherent,8,670,threshold_q0_0.01_qth_0.15,256,256,128,256,128,256,128,2800,False,paper symbolic formula plus explicitly labelled benchmark_parameter_set,IAQD_fair,8,2,C_base+4n+2r(c+sigma+h+tau)+2(h+tau),9284
paper_analytic_benchmark_parameter_set,benchmark_not_protocol_inherent,16,670,threshold_q0_0.01_qth_0.15,256,256,128,256,128,256,128,2894,False,paper symbolic formula plus explicitly labelled benchmark_parameter_set,original_AQD,,,rho+D_dec+4n+2d_H,3726
paper_analytic_benchmark_parameter_set,benchmark_not_protocol_inherent,16,670,threshold_q0_0.01_qth_0.15,256,256,128,256,128,256,128,2894,False,paper symbolic formula plus explicitly labelled benchmark_parameter_set,IAQD_basic,,,2nu+6(h+tau)+4n+D_dec+2ceil(log2(n+ell+1)),5538
paper_analytic_benchmark_parameter_set,benchmark_not_protocol_inherent,16,670,threshold_q0_0.01_qth_0.15,256,256,128,256,128,256,128,2894,False,paper symbolic formula plus explicitly labelled benchmark_parameter_set,IAQD_fair,1,32,C_base+4n+2r(c+sigma+h+tau)+2(h+tau),55522
paper_analytic_benchmark_parameter_set,benchmark_not_protocol_inherent,16,670,threshold_q0_0.01_qth_0.15,256,256,128,256,128,256,128,2894,False,paper symbolic formula plus explicitly labelled benchmark_parameter_set,IAQD_fair,2,16,C_base+4n+2r(c+sigma+h+tau)+2(h+tau),30946
paper_analytic_benchmark_parameter_set,benchmark_not_protocol_inherent,16,670,threshold_q0_0.01_qth_0.15,256,256,128,256,128,256,128,2894,False,paper symbolic formula plus explicitly labelled benchmark_parameter_set,IAQD_fair,4,8,C_base+4n+2r(c+sigma+h+tau)+2(h+tau),18658
paper_analytic_benchmark_parameter_set,benchmark_not_protocol_inherent,16,670,threshold_q0_0.01_qth_0.15,256,256,128,256,128,256,128,2894,False,paper symbolic formula plus explicitly labelled benchmark_parameter_set,IAQD_fair,8,4,C_base+4n+2r(c+sigma+h+tau)+2(h+tau),12514
paper_analytic_benchmark_parameter_set,benchmark_not_protocol_inherent,32,670,threshold_q0_0.01_qth_0.15,256,256,128,256,128,256,128,3048,False,paper symbolic formula plus explicitly labelled benchmark_parameter_set,original_AQD,,,rho+D_dec+4n+2d_H,3944
paper_analytic_benchmark_parameter_set,benchmark_not_protocol_inherent,32,670,threshold_q0_0.01_qth_0.15,256,256,128,256,128,256,128,3048,False,paper symbolic formula plus explicitly labelled benchmark_parameter_set,IAQD_basic,,,2nu+6(h+tau)+4n+D_dec+2ceil(log2(n+ell+1)),5756
paper_analytic_benchmark_parameter_set,benchmark_not_protocol_inherent,32,670,threshold_q0_0.01_qth_0.15,256,256,128,256,128,256,128,3048,False,paper symbolic formula plus explicitly labelled benchmark_parameter_set,IAQD_fair,1,64,C_base+4n+2r(c+sigma+h+tau)+2(h+tau),104956
paper_analytic_benchmark_parameter_set,benchmark_not_protocol_inherent,32,670,threshold_q0_0.01_qth_0.15,256,256,128,256,128,256,128,3048,False,paper symbolic formula plus explicitly labelled benchmark_parameter_set,IAQD_fair,2,32,C_base+4n+2r(c+sigma+h+tau)+2(h+tau),55804
paper_analytic_benchmark_parameter_set,benchmark_not_protocol_inherent,32,670,threshold_q0_0.01_qth_0.15,256,256,128,256,128,256,128,3048,False,paper symbolic formula plus explicitly labelled benchmark_parameter_set,IAQD_fair,4,16,C_base+4n+2r(c+sigma+h+tau)+2(h+tau),31228
paper_analytic_benchmark_parameter_set,benchmark_not_protocol_inherent,32,670,threshold_q0_0.01_qth_0.15,256,256,128,256,128,256,128,3048,False,paper symbolic formula plus explicitly labelled benchmark_parameter_set,IAQD_fair,8,8,C_base+4n+2r(c+sigma+h+tau)+2(h+tau),18940
paper_analytic_benchmark_parameter_set,benchmark_not_protocol_inherent,1,210,threshold_q0_0.03_qth_0.05,256,256,128,256,128,256,128,856,False,paper symbolic formula plus explicitly labelled benchmark_parameter_set,original_AQD,,,rho+D_dec+4n+2d_H,1628
paper_analytic_benchmark_parameter_set,benchmark_not_protocol_inherent,1,210,threshold_q0_0.03_qth_0.05,256,256,128,256,128,256,128,856,False,paper symbolic formula plus explicitly labelled benchmark_parameter_set,IAQD_basic,,,2nu+6(h+tau)+4n+D_dec+2ceil(log2(n+ell+1)),3436
paper_analytic_benchmark_parameter_set,benchmark_not_protocol_inherent,1,210,threshold_q0_0.03_qth_0.05,256,256,128,256,128,256,128,856,False,paper symbolic formula plus explicitly labelled benchmark_parameter_set,IAQD_fair,1,2,C_base+4n+2r(c+sigma+h+tau)+2(h+tau),7280
paper_analytic_benchmark_parameter_set,benchmark_not_protocol_inherent,1,210,threshold_q0_0.03_qth_0.05,256,256,128,256,128,256,128,856,False,paper symbolic formula plus explicitly labelled benchmark_parameter_set,IAQD_fair,2,1,C_base+4n+2r(c+sigma+h+tau)+2(h+tau),5744
paper_analytic_benchmark_parameter_set,benchmark_not_protocol_inherent,2,210,threshold_q0_0.03_qth_0.05,256,256,128,256,128,256,128,870,False,paper symbolic formula plus explicitly labelled benchmark_parameter_set,original_AQD,,,rho+D_dec+4n+2d_H,1646
paper_analytic_benchmark_parameter_set,benchmark_not_protocol_inherent,2,210,threshold_q0_0.03_qth_0.05,256,256,128,256,128,256,128,870,False,paper symbolic formula plus explicitly labelled benchmark_parameter_set,IAQD_basic,,,2nu+6(h+tau)+4n+D_dec+2ceil(log2(n+ell+1)),3454
paper_analytic_benchmark_parameter_set,benchmark_not_protocol_inherent,2,210,threshold_q0_0.03_qth_0.05,256,256,128,256,128,256,128,870,False,paper symbolic formula plus explicitly labelled benchmark_parameter_set,IAQD_fair,1,4,C_base+4n+2r(c+sigma+h+tau)+2(h+tau),10374
paper_analytic_benchmark_parameter_set,benchmark_not_protocol_inherent,2,210,threshold_q0_0.03_qth_0.05,256,256,128,256,128,256,128,870,False,paper symbolic formula plus explicitly labelled benchmark_parameter_set,IAQD_fair,2,2,C_base+4n+2r(c+sigma+h+tau)+2(h+tau),7302
paper_analytic_benchmark_parameter_set,benchmark_not_protocol_inherent,2,210,threshold_q0_0.03_qth_0.05,256,256,128,256,128,256,128,870,False,paper symbolic formula plus explicitly labelled benchmark_parameter_set,IAQD_fair,4,1,C_base+4n+2r(c+sigma+h+tau)+2(h+tau),5766
paper_analytic_benchmark_parameter_set,benchmark_not_protocol_inherent,4,210,threshold_q0_0.03_qth_0.05,256,256,128,256,128,256,128,894,False,paper symbolic formula plus explicitly labelled benchmark_parameter_set,original_AQD,,,rho+D_dec+4n+2d_H,1678
paper_analytic_benchmark_parameter_set,benchmark_not_protocol_inherent,4,210,threshold_q0_0.03_qth_0.05,256,256,128,256,128,256,128,894,False,paper symbolic formula plus explicitly labelled benchmark_parameter_set,IAQD_basic,,,2nu+6(h+tau)+4n+D_dec+2ceil(log2(n+ell+1)),3486
paper_analytic_benchmark_parameter_set,benchmark_not_protocol_inherent,4,210,threshold_q0_0.03_qth_0.05,256,256,128,256,128,256,128,894,False,paper symbolic formula plus explicitly labelled benchmark_parameter_set,IAQD_fair,1,8,C_base+4n+2r(c+sigma+h+tau)+2(h+tau),16558
paper_analytic_benchmark_parameter_set,benchmark_not_protocol_inherent,4,210,threshold_q0_0.03_qth_0.05,256,256,128,256,128,256,128,894,False,paper symbolic formula plus explicitly labelled benchmark_parameter_set,IAQD_fair,2,4,C_base+4n+2r(c+sigma+h+tau)+2(h+tau),10414
paper_analytic_benchmark_parameter_set,benchmark_not_protocol_inherent,4,210,threshold_q0_0.03_qth_0.05,256,256,128,256,128,256,128,894,False,paper symbolic formula plus explicitly labelled benchmark_parameter_set,IAQD_fair,4,2,C_base+4n+2r(c+sigma+h+tau)+2(h+tau),7342
paper_analytic_benchmark_parameter_set,benchmark_not_protocol_inherent,4,210,threshold_q0_0.03_qth_0.05,256,256,128,256,128,256,128,894,False,paper symbolic formula plus explicitly labelled benchmark_parameter_set,IAQD_fair,8,1,C_base+4n+2r(c+sigma+h+tau)+2(h+tau),5806
paper_analytic_benchmark_parameter_set,benchmark_not_protocol_inherent,8,210,threshold_q0_0.03_qth_0.05,256,256,128,256,128,256,128,934,False,paper symbolic formula plus explicitly labelled benchmark_parameter_set,original_AQD,,,rho+D_dec+4n+2d_H,1734
paper_analytic_benchmark_parameter_set,benchmark_not_protocol_inherent,8,210,threshold_q0_0.03_qth_0.05,256,256,128,256,128,256,128,934,False,paper symbolic formula plus explicitly labelled benchmark_parameter_set,IAQD_basic,,,2nu+6(h+tau)+4n+D_dec+2ceil(log2(n+ell+1)),3542
paper_analytic_benchmark_parameter_set,benchmark_not_protocol_inherent,8,210,threshold_q0_0.03_qth_0.05,256,256,128,256,128,256,128,934,False,paper symbolic formula plus explicitly labelled benchmark_parameter_set,IAQD_fair,1,16,C_base+4n+2r(c+sigma+h+tau)+2(h+tau),28918
paper_analytic_benchmark_parameter_set,benchmark_not_protocol_inherent,8,210,threshold_q0_0.03_qth_0.05,256,256,128,256,128,256,128,934,False,paper symbolic formula plus explicitly labelled benchmark_parameter_set,IAQD_fair,2,8,C_base+4n+2r(c+sigma+h+tau)+2(h+tau),16630
paper_analytic_benchmark_parameter_set,benchmark_not_protocol_inherent,8,210,threshold_q0_0.03_qth_0.05,256,256,128,256,128,256,128,934,False,paper symbolic formula plus explicitly labelled benchmark_parameter_set,IAQD_fair,4,4,C_base+4n+2r(c+sigma+h+tau)+2(h+tau),10486
paper_analytic_benchmark_parameter_set,benchmark_not_protocol_inherent,8,210,threshold_q0_0.03_qth_0.05,256,256,128,256,128,256,128,934,False,paper symbolic formula plus explicitly labelled benchmark_parameter_set,IAQD_fair,8,2,C_base+4n+2r(c+sigma+h+tau)+2(h+tau),7414
paper_analytic_benchmark_parameter_set,benchmark_not_protocol_inherent,16,210,threshold_q0_0.03_qth_0.05,256,256,128,256,128,256,128,1002,False,paper symbolic formula plus explicitly labelled benchmark_parameter_set,original_AQD,,,rho+D_dec+4n+2d_H,1834
paper_analytic_benchmark_parameter_set,benchmark_not_protocol_inherent,16,210,threshold_q0_0.03_qth_0.05,256,256,128,256,128,256,128,1002,False,paper symbolic formula plus explicitly labelled benchmark_parameter_set,IAQD_basic,,,2nu+6(h+tau)+4n+D_dec+2ceil(log2(n+ell+1)),3642
paper_analytic_benchmark_parameter_set,benchmark_not_protocol_inherent,16,210,threshold_q0_0.03_qth_0.05,256,256,128,256,128,256,128,1002,False,paper symbolic formula plus explicitly labelled benchmark_parameter_set,IAQD_fair,1,32,C_base+4n+2r(c+sigma+h+tau)+2(h+tau),53626
paper_analytic_benchmark_parameter_set,benchmark_not_protocol_inherent,16,210,threshold_q0_0.03_qth_0.05,256,256,128,256,128,256,128,1002,False,paper symbolic formula plus explicitly labelled benchmark_parameter_set,IAQD_fair,2,16,C_base+4n+2r(c+sigma+h+tau)+2(h+tau),29050
paper_analytic_benchmark_parameter_set,benchmark_not_protocol_inherent,16,210,threshold_q0_0.03_qth_0.05,256,256,128,256,128,256,128,1002,False,paper symbolic formula plus explicitly labelled benchmark_parameter_set,IAQD_fair,4,8,C_base+4n+2r(c+sigma+h+tau)+2(h+tau),16762
paper_analytic_benchmark_parameter_set,benchmark_not_protocol_inherent,16,210,threshold_q0_0.03_qth_0.05,256,256,128,256,128,256,128,1002,False,paper symbolic formula plus explicitly labelled benchmark_parameter_set,IAQD_fair,8,4,C_base+4n+2r(c+sigma+h+tau)+2(h+tau),10618
paper_analytic_benchmark_parameter_set,benchmark_not_protocol_inherent,32,210,threshold_q0_0.03_qth_0.05,256,256,128,256,128,256,128,1106,False,paper symbolic formula plus explicitly labelled benchmark_parameter_set,original_AQD,,,rho+D_dec+4n+2d_H,2002
paper_analytic_benchmark_parameter_set,benchmark_not_protocol_inherent,32,210,threshold_q0_0.03_qth_0.05,256,256,128,256,128,256,128,1106,False,paper symbolic formula plus explicitly labelled benchmark_parameter_set,IAQD_basic,,,2nu+6(h+tau)+4n+D_dec+2ceil(log2(n+ell+1)),3810
paper_analytic_benchmark_parameter_set,benchmark_not_protocol_inherent,32,210,threshold_q0_0.03_qth_0.05,256,256,128,256,128,256,128,1106,False,paper symbolic formula plus explicitly labelled benchmark_parameter_set,IAQD_fair,1,64,C_base+4n+2r(c+sigma+h+tau)+2(h+tau),103010
paper_analytic_benchmark_parameter_set,benchmark_not_protocol_inherent,32,210,threshold_q0_0.03_qth_0.05,256,256,128,256,128,256,128,1106,False,paper symbolic formula plus explicitly labelled benchmark_parameter_set,IAQD_fair,2,32,C_base+4n+2r(c+sigma+h+tau)+2(h+tau),53858
paper_analytic_benchmark_parameter_set,benchmark_not_protocol_inherent,32,210,threshold_q0_0.03_qth_0.05,256,256,128,256,128,256,128,1106,False,paper symbolic formula plus explicitly labelled benchmark_parameter_set,IAQD_fair,4,16,C_base+4n+2r(c+sigma+h+tau)+2(h+tau),29282
paper_analytic_benchmark_parameter_set,benchmark_not_protocol_inherent,32,210,threshold_q0_0.03_qth_0.05,256,256,128,256,128,256,128,1106,False,paper symbolic formula plus explicitly labelled benchmark_parameter_set,IAQD_fair,8,8,C_base+4n+2r(c+sigma+h+tau)+2(h+tau),16994
paper_analytic_benchmark_parameter_set,benchmark_not_protocol_inherent,1,154,threshold_q0_0.03_qth_0.1,256,256,128,256,128,256,128,632,False,paper symbolic formula plus explicitly labelled benchmark_parameter_set,original_AQD,,,rho+D_dec+4n+2d_H,1404
paper_analytic_benchmark_parameter_set,benchmark_not_protocol_inherent,1,154,threshold_q0_0.03_qth_0.1,256,256,128,256,128,256,128,632,False,paper symbolic formula plus explicitly labelled benchmark_parameter_set,IAQD_basic,,,2nu+6(h+tau)+4n+D_dec+2ceil(log2(n+ell+1)),3212
paper_analytic_benchmark_parameter_set,benchmark_not_protocol_inherent,1,154,threshold_q0_0.03_qth_0.1,256,256,128,256,128,256,128,632,False,paper symbolic formula plus explicitly labelled benchmark_parameter_set,IAQD_fair,1,2,C_base+4n+2r(c+sigma+h+tau)+2(h+tau),7056
paper_analytic_benchmark_parameter_set,benchmark_not_protocol_inherent,1,154,threshold_q0_0.03_qth_0.1,256,256,128,256,128,256,128,632,False,paper symbolic formula plus explicitly labelled benchmark_parameter_set,IAQD_fair,2,1,C_base+4n+2r(c+sigma+h+tau)+2(h+tau),5520
paper_analytic_benchmark_parameter_set,benchmark_not_protocol_inherent,2,154,threshold_q0_0.03_qth_0.1,256,256,128,256,128,256,128,644,False,paper symbolic formula plus explicitly labelled benchmark_parameter_set,original_AQD,,,rho+D_dec+4n+2d_H,1420
paper_analytic_benchmark_parameter_set,benchmark_not_protocol_inherent,2,154,threshold_q0_0.03_qth_0.1,256,256,128,256,128,256,128,644,False,paper symbolic formula plus explicitly labelled benchmark_parameter_set,IAQD_basic,,,2nu+6(h+tau)+4n+D_dec+2ceil(log2(n+ell+1)),3228
paper_analytic_benchmark_parameter_set,benchmark_not_protocol_inherent,2,154,threshold_q0_0.03_qth_0.1,256,256,128,256,128,256,128,644,False,paper symbolic formula plus explicitly labelled benchmark_parameter_set,IAQD_fair,1,4,C_base+4n+2r(c+sigma+h+tau)+2(h+tau),10148
paper_analytic_benchmark_parameter_set,benchmark_not_protocol_inherent,2,154,threshold_q0_0.03_qth_0.1,256,256,128,256,128,256,128,644,False,paper symbolic formula plus explicitly labelled benchmark_parameter_set,IAQD_fair,2,2,C_base+4n+2r(c+sigma+h+tau)+2(h+tau),7076
paper_analytic_benchmark_parameter_set,benchmark_not_protocol_inherent,2,154,threshold_q0_0.03_qth_0.1,256,256,128,256,128,256,128,644,False,paper symbolic formula plus explicitly labelled benchmark_parameter_set,IAQD_fair,4,1,C_base+4n+2r(c+sigma+h+tau)+2(h+tau),5540
paper_analytic_benchmark_parameter_set,benchmark_not_protocol_inherent,4,154,threshold_q0_0.03_qth_0.1,256,256,128,256,128,256,128,666,False,paper symbolic formula plus explicitly labelled benchmark_parameter_set,original_AQD,,,rho+D_dec+4n+2d_H,1450
paper_analytic_benchmark_parameter_set,benchmark_not_protocol_inherent,4,154,threshold_q0_0.03_qth_0.1,256,256,128,256,128,256,128,666,False,paper symbolic formula plus explicitly labelled benchmark_parameter_set,IAQD_basic,,,2nu+6(h+tau)+4n+D_dec+2ceil(log2(n+ell+1)),3258
paper_analytic_benchmark_parameter_set,benchmark_not_protocol_inherent,4,154,threshold_q0_0.03_qth_0.1,256,256,128,256,128,256,128,666,False,paper symbolic formula plus explicitly labelled benchmark_parameter_set,IAQD_fair,1,8,C_base+4n+2r(c+sigma+h+tau)+2(h+tau),16330
paper_analytic_benchmark_parameter_set,benchmark_not_protocol_inherent,4,154,threshold_q0_0.03_qth_0.1,256,256,128,256,128,256,128,666,False,paper symbolic formula plus explicitly labelled benchmark_parameter_set,IAQD_fair,2,4,C_base+4n+2r(c+sigma+h+tau)+2(h+tau),10186
paper_analytic_benchmark_parameter_set,benchmark_not_protocol_inherent,4,154,threshold_q0_0.03_qth_0.1,256,256,128,256,128,256,128,666,False,paper symbolic formula plus explicitly labelled benchmark_parameter_set,IAQD_fair,4,2,C_base+4n+2r(c+sigma+h+tau)+2(h+tau),7114
paper_analytic_benchmark_parameter_set,benchmark_not_protocol_inherent,4,154,threshold_q0_0.03_qth_0.1,256,256,128,256,128,256,128,666,False,paper symbolic formula plus explicitly labelled benchmark_parameter_set,IAQD_fair,8,1,C_base+4n+2r(c+sigma+h+tau)+2(h+tau),5578
paper_analytic_benchmark_parameter_set,benchmark_not_protocol_inherent,8,154,threshold_q0_0.03_qth_0.1,256,256,128,256,128,256,128,704,False,paper symbolic formula plus explicitly labelled benchmark_parameter_set,original_AQD,,,rho+D_dec+4n+2d_H,1504
paper_analytic_benchmark_parameter_set,benchmark_not_protocol_inherent,8,154,threshold_q0_0.03_qth_0.1,256,256,128,256,128,256,128,704,False,paper symbolic formula plus explicitly labelled benchmark_parameter_set,IAQD_basic,,,2nu+6(h+tau)+4n+D_dec+2ceil(log2(n+ell+1)),3312
paper_analytic_benchmark_parameter_set,benchmark_not_protocol_inherent,8,154,threshold_q0_0.03_qth_0.1,256,256,128,256,128,256,128,704,False,paper symbolic formula plus explicitly labelled benchmark_parameter_set,IAQD_fair,1,16,C_base+4n+2r(c+sigma+h+tau)+2(h+tau),28688
paper_analytic_benchmark_parameter_set,benchmark_not_protocol_inherent,8,154,threshold_q0_0.03_qth_0.1,256,256,128,256,128,256,128,704,False,paper symbolic formula plus explicitly labelled benchmark_parameter_set,IAQD_fair,2,8,C_base+4n+2r(c+sigma+h+tau)+2(h+tau),16400
paper_analytic_benchmark_parameter_set,benchmark_not_protocol_inherent,8,154,threshold_q0_0.03_qth_0.1,256,256,128,256,128,256,128,704,False,paper symbolic formula plus explicitly labelled benchmark_parameter_set,IAQD_fair,4,4,C_base+4n+2r(c+sigma+h+tau)+2(h+tau),10256
paper_analytic_benchmark_parameter_set,benchmark_not_protocol_inherent,8,154,threshold_q0_0.03_qth_0.1,256,256,128,256,128,256,128,704,False,paper symbolic formula plus explicitly labelled benchmark_parameter_set,IAQD_fair,8,2,C_base+4n+2r(c+sigma+h+tau)+2(h+tau),7184
paper_analytic_benchmark_parameter_set,benchmark_not_protocol_inherent,16,154,threshold_q0_0.03_qth_0.1,256,256,128,256,128,256,128,764,False,paper symbolic formula plus explicitly labelled benchmark_parameter_set,original_AQD,,,rho+D_dec+4n+2d_H,1596
paper_analytic_benchmark_parameter_set,benchmark_not_protocol_inherent,16,154,threshold_q0_0.03_qth_0.1,256,256,128,256,128,256,128,764,False,paper symbolic formula plus explicitly labelled benchmark_parameter_set,IAQD_basic,,,2nu+6(h+tau)+4n+D_dec+2ceil(log2(n+ell+1)),3404
paper_analytic_benchmark_parameter_set,benchmark_not_protocol_inherent,16,154,threshold_q0_0.03_qth_0.1,256,256,128,256,128,256,128,764,False,paper symbolic formula plus explicitly labelled benchmark_parameter_set,IAQD_fair,1,32,C_base+4n+2r(c+sigma+h+tau)+2(h+tau),53388
paper_analytic_benchmark_parameter_set,benchmark_not_protocol_inherent,16,154,threshold_q0_0.03_qth_0.1,256,256,128,256,128,256,128,764,False,paper symbolic formula plus explicitly labelled benchmark_parameter_set,IAQD_fair,2,16,C_base+4n+2r(c+sigma+h+tau)+2(h+tau),28812
paper_analytic_benchmark_parameter_set,benchmark_not_protocol_inherent,16,154,threshold_q0_0.03_qth_0.1,256,256,128,256,128,256,128,764,False,paper symbolic formula plus explicitly labelled benchmark_parameter_set,IAQD_fair,4,8,C_base+4n+2r(c+sigma+h+tau)+2(h+tau),16524
paper_analytic_benchmark_parameter_set,benchmark_not_protocol_inherent,16,154,threshold_q0_0.03_qth_0.1,256,256,128,256,128,256,128,764,False,paper symbolic formula plus explicitly labelled benchmark_parameter_set,IAQD_fair,8,4,C_base+4n+2r(c+sigma+h+tau)+2(h+tau),10380
paper_analytic_benchmark_parameter_set,benchmark_not_protocol_inherent,32,154,threshold_q0_0.03_qth_0.1,256,256,128,256,128,256,128,856,False,paper symbolic formula plus explicitly labelled benchmark_parameter_set,original_AQD,,,rho+D_dec+4n+2d_H,1752
paper_analytic_benchmark_parameter_set,benchmark_not_protocol_inherent,32,154,threshold_q0_0.03_qth_0.1,256,256,128,256,128,256,128,856,False,paper symbolic formula plus explicitly labelled benchmark_parameter_set,IAQD_basic,,,2nu+6(h+tau)+4n+D_dec+2ceil(log2(n+ell+1)),3560
paper_analytic_benchmark_parameter_set,benchmark_not_protocol_inherent,32,154,threshold_q0_0.03_qth_0.1,256,256,128,256,128,256,128,856,False,paper symbolic formula plus explicitly labelled benchmark_parameter_set,IAQD_fair,1,64,C_base+4n+2r(c+sigma+h+tau)+2(h+tau),102760
paper_analytic_benchmark_parameter_set,benchmark_not_protocol_inherent,32,154,threshold_q0_0.03_qth_0.1,256,256,128,256,128,256,128,856,False,paper symbolic formula plus explicitly labelled benchmark_parameter_set,IAQD_fair,2,32,C_base+4n+2r(c+sigma+h+tau)+2(h+tau),53608
paper_analytic_benchmark_parameter_set,benchmark_not_protocol_inherent,32,154,threshold_q0_0.03_qth_0.1,256,256,128,256,128,256,128,856,False,paper symbolic formula plus explicitly labelled benchmark_parameter_set,IAQD_fair,4,16,C_base+4n+2r(c+sigma+h+tau)+2(h+tau),29032
paper_analytic_benchmark_parameter_set,benchmark_not_protocol_inherent,32,154,threshold_q0_0.03_qth_0.1,256,256,128,256,128,256,128,856,False,paper symbolic formula plus explicitly labelled benchmark_parameter_set,IAQD_fair,8,8,C_base+4n+2r(c+sigma+h+tau)+2(h+tau),16744
paper_analytic_benchmark_parameter_set,benchmark_not_protocol_inherent,1,670,threshold_q0_0.03_qth_0.15,256,256,128,256,128,256,128,2700,False,paper symbolic formula plus explicitly labelled benchmark_parameter_set,original_AQD,,,rho+D_dec+4n+2d_H,3472
paper_analytic_benchmark_parameter_set,benchmark_not_protocol_inherent,1,670,threshold_q0_0.03_qth_0.15,256,256,128,256,128,256,128,2700,False,paper symbolic formula plus explicitly labelled benchmark_parameter_set,IAQD_basic,,,2nu+6(h+tau)+4n+D_dec+2ceil(log2(n+ell+1)),5284
paper_analytic_benchmark_parameter_set,benchmark_not_protocol_inherent,1,670,threshold_q0_0.03_qth_0.15,256,256,128,256,128,256,128,2700,False,paper symbolic formula plus explicitly labelled benchmark_parameter_set,IAQD_fair,1,2,C_base+4n+2r(c+sigma+h+tau)+2(h+tau),9128
paper_analytic_benchmark_parameter_set,benchmark_not_protocol_inherent,1,670,threshold_q0_0.03_qth_0.15,256,256,128,256,128,256,128,2700,False,paper symbolic formula plus explicitly labelled benchmark_parameter_set,IAQD_fair,2,1,C_base+4n+2r(c+sigma+h+tau)+2(h+tau),7592
paper_analytic_benchmark_parameter_set,benchmark_not_protocol_inherent,2,670,threshold_q0_0.03_qth_0.15,256,256,128,256,128,256,128,2716,False,paper symbolic formula plus explicitly labelled benchmark_parameter_set,original_AQD,,,rho+D_dec+4n+2d_H,3492
paper_analytic_benchmark_parameter_set,benchmark_not_protocol_inherent,2,670,threshold_q0_0.03_qth_0.15,256,256,128,256,128,256,128,2716,False,paper symbolic formula plus explicitly labelled benchmark_parameter_set,IAQD_basic,,,2nu+6(h+tau)+4n+D_dec+2ceil(log2(n+ell+1)),5304
paper_analytic_benchmark_parameter_set,benchmark_not_protocol_inherent,2,670,threshold_q0_0.03_qth_0.15,256,256,128,256,128,256,128,2716,False,paper symbolic formula plus explicitly labelled benchmark_parameter_set,IAQD_fair,1,4,C_base+4n+2r(c+sigma+h+tau)+2(h+tau),12224
paper_analytic_benchmark_parameter_set,benchmark_not_protocol_inherent,2,670,threshold_q0_0.03_qth_0.15,256,256,128,256,128,256,128,2716,False,paper symbolic formula plus explicitly labelled benchmark_parameter_set,IAQD_fair,2,2,C_base+4n+2r(c+sigma+h+tau)+2(h+tau),9152
paper_analytic_benchmark_parameter_set,benchmark_not_protocol_inherent,2,670,threshold_q0_0.03_qth_0.15,256,256,128,256,128,256,128,2716,False,paper symbolic formula plus explicitly labelled benchmark_parameter_set,IAQD_fair,4,1,C_base+4n+2r(c+sigma+h+tau)+2(h+tau),7616
paper_analytic_benchmark_parameter_set,benchmark_not_protocol_inherent,4,670,threshold_q0_0.03_qth_0.15,256,256,128,256,128,256,128,2746,False,paper symbolic formula plus explicitly labelled benchmark_parameter_set,original_AQD,,,rho+D_dec+4n+2d_H,3530
paper_analytic_benchmark_parameter_set,benchmark_not_protocol_inherent,4,670,threshold_q0_0.03_qth_0.15,256,256,128,256,128,256,128,2746,False,paper symbolic formula plus explicitly labelled benchmark_parameter_set,IAQD_basic,,,2nu+6(h+tau)+4n+D_dec+2ceil(log2(n+ell+1)),5342
paper_analytic_benchmark_parameter_set,benchmark_not_protocol_inherent,4,670,threshold_q0_0.03_qth_0.15,256,256,128,256,128,256,128,2746,False,paper symbolic formula plus explicitly labelled benchmark_parameter_set,IAQD_fair,1,8,C_base+4n+2r(c+sigma+h+tau)+2(h+tau),18414
paper_analytic_benchmark_parameter_set,benchmark_not_protocol_inherent,4,670,threshold_q0_0.03_qth_0.15,256,256,128,256,128,256,128,2746,False,paper symbolic formula plus explicitly labelled benchmark_parameter_set,IAQD_fair,2,4,C_base+4n+2r(c+sigma+h+tau)+2(h+tau),12270
paper_analytic_benchmark_parameter_set,benchmark_not_protocol_inherent,4,670,threshold_q0_0.03_qth_0.15,256,256,128,256,128,256,128,2746,False,paper symbolic formula plus explicitly labelled benchmark_parameter_set,IAQD_fair,4,2,C_base+4n+2r(c+sigma+h+tau)+2(h+tau),9198
paper_analytic_benchmark_parameter_set,benchmark_not_protocol_inherent,4,670,threshold_q0_0.03_qth_0.15,256,256,128,256,128,256,128,2746,False,paper symbolic formula plus explicitly labelled benchmark_parameter_set,IAQD_fair,8,1,C_base+4n+2r(c+sigma+h+tau)+2(h+tau),7662
paper_analytic_benchmark_parameter_set,benchmark_not_protocol_inherent,8,670,threshold_q0_0.03_qth_0.15,256,256,128,256,128,256,128,2800,False,paper symbolic formula plus explicitly labelled benchmark_parameter_set,original_AQD,,,rho+D_dec+4n+2d_H,3600
paper_analytic_benchmark_parameter_set,benchmark_not_protocol_inherent,8,670,threshold_q0_0.03_qth_0.15,256,256,128,256,128,256,128,2800,False,paper symbolic formula plus explicitly labelled benchmark_parameter_set,IAQD_basic,,,2nu+6(h+tau)+4n+D_dec+2ceil(log2(n+ell+1)),5412
paper_analytic_benchmark_parameter_set,benchmark_not_protocol_inherent,8,670,threshold_q0_0.03_qth_0.15,256,256,128,256,128,256,128,2800,False,paper symbolic formula plus explicitly labelled benchmark_parameter_set,IAQD_fair,1,16,C_base+4n+2r(c+sigma+h+tau)+2(h+tau),30788
paper_analytic_benchmark_parameter_set,benchmark_not_protocol_inherent,8,670,threshold_q0_0.03_qth_0.15,256,256,128,256,128,256,128,2800,False,paper symbolic formula plus explicitly labelled benchmark_parameter_set,IAQD_fair,2,8,C_base+4n+2r(c+sigma+h+tau)+2(h+tau),18500
paper_analytic_benchmark_parameter_set,benchmark_not_protocol_inherent,8,670,threshold_q0_0.03_qth_0.15,256,256,128,256,128,256,128,2800,False,paper symbolic formula plus explicitly labelled benchmark_parameter_set,IAQD_fair,4,4,C_base+4n+2r(c+sigma+h+tau)+2(h+tau),12356
paper_analytic_benchmark_parameter_set,benchmark_not_protocol_inherent,8,670,threshold_q0_0.03_qth_0.15,256,256,128,256,128,256,128,2800,False,paper symbolic formula plus explicitly labelled benchmark_parameter_set,IAQD_fair,8,2,C_base+4n+2r(c+sigma+h+tau)+2(h+tau),9284
paper_analytic_benchmark_parameter_set,benchmark_not_protocol_inherent,16,670,threshold_q0_0.03_qth_0.15,256,256,128,256,128,256,128,2894,False,paper symbolic formula plus explicitly labelled benchmark_parameter_set,original_AQD,,,rho+D_dec+4n+2d_H,3726
paper_analytic_benchmark_parameter_set,benchmark_not_protocol_inherent,16,670,threshold_q0_0.03_qth_0.15,256,256,128,256,128,256,128,2894,False,paper symbolic formula plus explicitly labelled benchmark_parameter_set,IAQD_basic,,,2nu+6(h+tau)+4n+D_dec+2ceil(log2(n+ell+1)),5538
paper_analytic_benchmark_parameter_set,benchmark_not_protocol_inherent,16,670,threshold_q0_0.03_qth_0.15,256,256,128,256,128,256,128,2894,False,paper symbolic formula plus explicitly labelled benchmark_parameter_set,IAQD_fair,1,32,C_base+4n+2r(c+sigma+h+tau)+2(h+tau),55522
paper_analytic_benchmark_parameter_set,benchmark_not_protocol_inherent,16,670,threshold_q0_0.03_qth_0.15,256,256,128,256,128,256,128,2894,False,paper symbolic formula plus explicitly labelled benchmark_parameter_set,IAQD_fair,2,16,C_base+4n+2r(c+sigma+h+tau)+2(h+tau),30946
paper_analytic_benchmark_parameter_set,benchmark_not_protocol_inherent,16,670,threshold_q0_0.03_qth_0.15,256,256,128,256,128,256,128,2894,False,paper symbolic formula plus explicitly labelled benchmark_parameter_set,IAQD_fair,4,8,C_base+4n+2r(c+sigma+h+tau)+2(h+tau),18658
paper_analytic_benchmark_parameter_set,benchmark_not_protocol_inherent,16,670,threshold_q0_0.03_qth_0.15,256,256,128,256,128,256,128,2894,False,paper symbolic formula plus explicitly labelled benchmark_parameter_set,IAQD_fair,8,4,C_base+4n+2r(c+sigma+h+tau)+2(h+tau),12514
paper_analytic_benchmark_parameter_set,benchmark_not_protocol_inherent,32,670,threshold_q0_0.03_qth_0.15,256,256,128,256,128,256,128,3048,False,paper symbolic formula plus explicitly labelled benchmark_parameter_set,original_AQD,,,rho+D_dec+4n+2d_H,3944
paper_analytic_benchmark_parameter_set,benchmark_not_protocol_inherent,32,670,threshold_q0_0.03_qth_0.15,256,256,128,256,128,256,128,3048,False,paper symbolic formula plus explicitly labelled benchmark_parameter_set,IAQD_basic,,,2nu+6(h+tau)+4n+D_dec+2ceil(log2(n+ell+1)),5756
paper_analytic_benchmark_parameter_set,benchmark_not_protocol_inherent,32,670,threshold_q0_0.03_qth_0.15,256,256,128,256,128,256,128,3048,False,paper symbolic formula plus explicitly labelled benchmark_parameter_set,IAQD_fair,1,64,C_base+4n+2r(c+sigma+h+tau)+2(h+tau),104956
paper_analytic_benchmark_parameter_set,benchmark_not_protocol_inherent,32,670,threshold_q0_0.03_qth_0.15,256,256,128,256,128,256,128,3048,False,paper symbolic formula plus explicitly labelled benchmark_parameter_set,IAQD_fair,2,32,C_base+4n+2r(c+sigma+h+tau)+2(h+tau),55804
paper_analytic_benchmark_parameter_set,benchmark_not_protocol_inherent,32,670,threshold_q0_0.03_qth_0.15,256,256,128,256,128,256,128,3048,False,paper symbolic formula plus explicitly labelled benchmark_parameter_set,IAQD_fair,4,16,C_base+4n+2r(c+sigma+h+tau)+2(h+tau),31228
paper_analytic_benchmark_parameter_set,benchmark_not_protocol_inherent,32,670,threshold_q0_0.03_qth_0.15,256,256,128,256,128,256,128,3048,False,paper symbolic formula plus explicitly labelled benchmark_parameter_set,IAQD_fair,8,8,C_base+4n+2r(c+sigma+h+tau)+2(h+tau),18940
paper_analytic_benchmark_parameter_set,benchmark_not_protocol_inherent,1,154,threshold_q0_0.05_qth_0.1,256,256,128,256,128,256,128,632,False,paper symbolic formula plus explicitly labelled benchmark_parameter_set,original_AQD,,,rho+D_dec+4n+2d_H,1404
paper_analytic_benchmark_parameter_set,benchmark_not_protocol_inherent,1,154,threshold_q0_0.05_qth_0.1,256,256,128,256,128,256,128,632,False,paper symbolic formula plus explicitly labelled benchmark_parameter_set,IAQD_basic,,,2nu+6(h+tau)+4n+D_dec+2ceil(log2(n+ell+1)),3212
paper_analytic_benchmark_parameter_set,benchmark_not_protocol_inherent,1,154,threshold_q0_0.05_qth_0.1,256,256,128,256,128,256,128,632,False,paper symbolic formula plus explicitly labelled benchmark_parameter_set,IAQD_fair,1,2,C_base+4n+2r(c+sigma+h+tau)+2(h+tau),7056
paper_analytic_benchmark_parameter_set,benchmark_not_protocol_inherent,1,154,threshold_q0_0.05_qth_0.1,256,256,128,256,128,256,128,632,False,paper symbolic formula plus explicitly labelled benchmark_parameter_set,IAQD_fair,2,1,C_base+4n+2r(c+sigma+h+tau)+2(h+tau),5520
paper_analytic_benchmark_parameter_set,benchmark_not_protocol_inherent,2,154,threshold_q0_0.05_qth_0.1,256,256,128,256,128,256,128,644,False,paper symbolic formula plus explicitly labelled benchmark_parameter_set,original_AQD,,,rho+D_dec+4n+2d_H,1420
paper_analytic_benchmark_parameter_set,benchmark_not_protocol_inherent,2,154,threshold_q0_0.05_qth_0.1,256,256,128,256,128,256,128,644,False,paper symbolic formula plus explicitly labelled benchmark_parameter_set,IAQD_basic,,,2nu+6(h+tau)+4n+D_dec+2ceil(log2(n+ell+1)),3228
paper_analytic_benchmark_parameter_set,benchmark_not_protocol_inherent,2,154,threshold_q0_0.05_qth_0.1,256,256,128,256,128,256,128,644,False,paper symbolic formula plus explicitly labelled benchmark_parameter_set,IAQD_fair,1,4,C_base+4n+2r(c+sigma+h+tau)+2(h+tau),10148
paper_analytic_benchmark_parameter_set,benchmark_not_protocol_inherent,2,154,threshold_q0_0.05_qth_0.1,256,256,128,256,128,256,128,644,False,paper symbolic formula plus explicitly labelled benchmark_parameter_set,IAQD_fair,2,2,C_base+4n+2r(c+sigma+h+tau)+2(h+tau),7076
paper_analytic_benchmark_parameter_set,benchmark_not_protocol_inherent,2,154,threshold_q0_0.05_qth_0.1,256,256,128,256,128,256,128,644,False,paper symbolic formula plus explicitly labelled benchmark_parameter_set,IAQD_fair,4,1,C_base+4n+2r(c+sigma+h+tau)+2(h+tau),5540
paper_analytic_benchmark_parameter_set,benchmark_not_protocol_inherent,4,154,threshold_q0_0.05_qth_0.1,256,256,128,256,128,256,128,666,False,paper symbolic formula plus explicitly labelled benchmark_parameter_set,original_AQD,,,rho+D_dec+4n+2d_H,1450
paper_analytic_benchmark_parameter_set,benchmark_not_protocol_inherent,4,154,threshold_q0_0.05_qth_0.1,256,256,128,256,128,256,128,666,False,paper symbolic formula plus explicitly labelled benchmark_parameter_set,IAQD_basic,,,2nu+6(h+tau)+4n+D_dec+2ceil(log2(n+ell+1)),3258
paper_analytic_benchmark_parameter_set,benchmark_not_protocol_inherent,4,154,threshold_q0_0.05_qth_0.1,256,256,128,256,128,256,128,666,False,paper symbolic formula plus explicitly labelled benchmark_parameter_set,IAQD_fair,1,8,C_base+4n+2r(c+sigma+h+tau)+2(h+tau),16330
paper_analytic_benchmark_parameter_set,benchmark_not_protocol_inherent,4,154,threshold_q0_0.05_qth_0.1,256,256,128,256,128,256,128,666,False,paper symbolic formula plus explicitly labelled benchmark_parameter_set,IAQD_fair,2,4,C_base+4n+2r(c+sigma+h+tau)+2(h+tau),10186
paper_analytic_benchmark_parameter_set,benchmark_not_protocol_inherent,4,154,threshold_q0_0.05_qth_0.1,256,256,128,256,128,256,128,666,False,paper symbolic formula plus explicitly labelled benchmark_parameter_set,IAQD_fair,4,2,C_base+4n+2r(c+sigma+h+tau)+2(h+tau),7114
paper_analytic_benchmark_parameter_set,benchmark_not_protocol_inherent,4,154,threshold_q0_0.05_qth_0.1,256,256,128,256,128,256,128,666,False,paper symbolic formula plus explicitly labelled benchmark_parameter_set,IAQD_fair,8,1,C_base+4n+2r(c+sigma+h+tau)+2(h+tau),5578
paper_analytic_benchmark_parameter_set,benchmark_not_protocol_inherent,8,154,threshold_q0_0.05_qth_0.1,256,256,128,256,128,256,128,704,False,paper symbolic formula plus explicitly labelled benchmark_parameter_set,original_AQD,,,rho+D_dec+4n+2d_H,1504
paper_analytic_benchmark_parameter_set,benchmark_not_protocol_inherent,8,154,threshold_q0_0.05_qth_0.1,256,256,128,256,128,256,128,704,False,paper symbolic formula plus explicitly labelled benchmark_parameter_set,IAQD_basic,,,2nu+6(h+tau)+4n+D_dec+2ceil(log2(n+ell+1)),3312
paper_analytic_benchmark_parameter_set,benchmark_not_protocol_inherent,8,154,threshold_q0_0.05_qth_0.1,256,256,128,256,128,256,128,704,False,paper symbolic formula plus explicitly labelled benchmark_parameter_set,IAQD_fair,1,16,C_base+4n+2r(c+sigma+h+tau)+2(h+tau),28688
paper_analytic_benchmark_parameter_set,benchmark_not_protocol_inherent,8,154,threshold_q0_0.05_qth_0.1,256,256,128,256,128,256,128,704,False,paper symbolic formula plus explicitly labelled benchmark_parameter_set,IAQD_fair,2,8,C_base+4n+2r(c+sigma+h+tau)+2(h+tau),16400
paper_analytic_benchmark_parameter_set,benchmark_not_protocol_inherent,8,154,threshold_q0_0.05_qth_0.1,256,256,128,256,128,256,128,704,False,paper symbolic formula plus explicitly labelled benchmark_parameter_set,IAQD_fair,4,4,C_base+4n+2r(c+sigma+h+tau)+2(h+tau),10256
paper_analytic_benchmark_parameter_set,benchmark_not_protocol_inherent,8,154,threshold_q0_0.05_qth_0.1,256,256,128,256,128,256,128,704,False,paper symbolic formula plus explicitly labelled benchmark_parameter_set,IAQD_fair,8,2,C_base+4n+2r(c+sigma+h+tau)+2(h+tau),7184
paper_analytic_benchmark_parameter_set,benchmark_not_protocol_inherent,16,154,threshold_q0_0.05_qth_0.1,256,256,128,256,128,256,128,764,False,paper symbolic formula plus explicitly labelled benchmark_parameter_set,original_AQD,,,rho+D_dec+4n+2d_H,1596
paper_analytic_benchmark_parameter_set,benchmark_not_protocol_inherent,16,154,threshold_q0_0.05_qth_0.1,256,256,128,256,128,256,128,764,False,paper symbolic formula plus explicitly labelled benchmark_parameter_set,IAQD_basic,,,2nu+6(h+tau)+4n+D_dec+2ceil(log2(n+ell+1)),3404
paper_analytic_benchmark_parameter_set,benchmark_not_protocol_inherent,16,154,threshold_q0_0.05_qth_0.1,256,256,128,256,128,256,128,764,False,paper symbolic formula plus explicitly labelled benchmark_parameter_set,IAQD_fair,1,32,C_base+4n+2r(c+sigma+h+tau)+2(h+tau),53388
paper_analytic_benchmark_parameter_set,benchmark_not_protocol_inherent,16,154,threshold_q0_0.05_qth_0.1,256,256,128,256,128,256,128,764,False,paper symbolic formula plus explicitly labelled benchmark_parameter_set,IAQD_fair,2,16,C_base+4n+2r(c+sigma+h+tau)+2(h+tau),28812
paper_analytic_benchmark_parameter_set,benchmark_not_protocol_inherent,16,154,threshold_q0_0.05_qth_0.1,256,256,128,256,128,256,128,764,False,paper symbolic formula plus explicitly labelled benchmark_parameter_set,IAQD_fair,4,8,C_base+4n+2r(c+sigma+h+tau)+2(h+tau),16524
paper_analytic_benchmark_parameter_set,benchmark_not_protocol_inherent,16,154,threshold_q0_0.05_qth_0.1,256,256,128,256,128,256,128,764,False,paper symbolic formula plus explicitly labelled benchmark_parameter_set,IAQD_fair,8,4,C_base+4n+2r(c+sigma+h+tau)+2(h+tau),10380
paper_analytic_benchmark_parameter_set,benchmark_not_protocol_inherent,32,154,threshold_q0_0.05_qth_0.1,256,256,128,256,128,256,128,856,False,paper symbolic formula plus explicitly labelled benchmark_parameter_set,original_AQD,,,rho+D_dec+4n+2d_H,1752
paper_analytic_benchmark_parameter_set,benchmark_not_protocol_inherent,32,154,threshold_q0_0.05_qth_0.1,256,256,128,256,128,256,128,856,False,paper symbolic formula plus explicitly labelled benchmark_parameter_set,IAQD_basic,,,2nu+6(h+tau)+4n+D_dec+2ceil(log2(n+ell+1)),3560
paper_analytic_benchmark_parameter_set,benchmark_not_protocol_inherent,32,154,threshold_q0_0.05_qth_0.1,256,256,128,256,128,256,128,856,False,paper symbolic formula plus explicitly labelled benchmark_parameter_set,IAQD_fair,1,64,C_base+4n+2r(c+sigma+h+tau)+2(h+tau),102760
paper_analytic_benchmark_parameter_set,benchmark_not_protocol_inherent,32,154,threshold_q0_0.05_qth_0.1,256,256,128,256,128,256,128,856,False,paper symbolic formula plus explicitly labelled benchmark_parameter_set,IAQD_fair,2,32,C_base+4n+2r(c+sigma+h+tau)+2(h+tau),53608
paper_analytic_benchmark_parameter_set,benchmark_not_protocol_inherent,32,154,threshold_q0_0.05_qth_0.1,256,256,128,256,128,256,128,856,False,paper symbolic formula plus explicitly labelled benchmark_parameter_set,IAQD_fair,4,16,C_base+4n+2r(c+sigma+h+tau)+2(h+tau),29032
paper_analytic_benchmark_parameter_set,benchmark_not_protocol_inherent,32,154,threshold_q0_0.05_qth_0.1,256,256,128,256,128,256,128,856,False,paper symbolic formula plus explicitly labelled benchmark_parameter_set,IAQD_fair,8,8,C_base+4n+2r(c+sigma+h+tau)+2(h+tau),16744
paper_analytic_benchmark_parameter_set,benchmark_not_protocol_inherent,1,670,threshold_q0_0.05_qth_0.15,256,256,128,256,128,256,128,2700,False,paper symbolic formula plus explicitly labelled benchmark_parameter_set,original_AQD,,,rho+D_dec+4n+2d_H,3472
paper_analytic_benchmark_parameter_set,benchmark_not_protocol_inherent,1,670,threshold_q0_0.05_qth_0.15,256,256,128,256,128,256,128,2700,False,paper symbolic formula plus explicitly labelled benchmark_parameter_set,IAQD_basic,,,2nu+6(h+tau)+4n+D_dec+2ceil(log2(n+ell+1)),5284
paper_analytic_benchmark_parameter_set,benchmark_not_protocol_inherent,1,670,threshold_q0_0.05_qth_0.15,256,256,128,256,128,256,128,2700,False,paper symbolic formula plus explicitly labelled benchmark_parameter_set,IAQD_fair,1,2,C_base+4n+2r(c+sigma+h+tau)+2(h+tau),9128
paper_analytic_benchmark_parameter_set,benchmark_not_protocol_inherent,1,670,threshold_q0_0.05_qth_0.15,256,256,128,256,128,256,128,2700,False,paper symbolic formula plus explicitly labelled benchmark_parameter_set,IAQD_fair,2,1,C_base+4n+2r(c+sigma+h+tau)+2(h+tau),7592
paper_analytic_benchmark_parameter_set,benchmark_not_protocol_inherent,2,670,threshold_q0_0.05_qth_0.15,256,256,128,256,128,256,128,2716,False,paper symbolic formula plus explicitly labelled benchmark_parameter_set,original_AQD,,,rho+D_dec+4n+2d_H,3492
paper_analytic_benchmark_parameter_set,benchmark_not_protocol_inherent,2,670,threshold_q0_0.05_qth_0.15,256,256,128,256,128,256,128,2716,False,paper symbolic formula plus explicitly labelled benchmark_parameter_set,IAQD_basic,,,2nu+6(h+tau)+4n+D_dec+2ceil(log2(n+ell+1)),5304
paper_analytic_benchmark_parameter_set,benchmark_not_protocol_inherent,2,670,threshold_q0_0.05_qth_0.15,256,256,128,256,128,256,128,2716,False,paper symbolic formula plus explicitly labelled benchmark_parameter_set,IAQD_fair,1,4,C_base+4n+2r(c+sigma+h+tau)+2(h+tau),12224
paper_analytic_benchmark_parameter_set,benchmark_not_protocol_inherent,2,670,threshold_q0_0.05_qth_0.15,256,256,128,256,128,256,128,2716,False,paper symbolic formula plus explicitly labelled benchmark_parameter_set,IAQD_fair,2,2,C_base+4n+2r(c+sigma+h+tau)+2(h+tau),9152
paper_analytic_benchmark_parameter_set,benchmark_not_protocol_inherent,2,670,threshold_q0_0.05_qth_0.15,256,256,128,256,128,256,128,2716,False,paper symbolic formula plus explicitly labelled benchmark_parameter_set,IAQD_fair,4,1,C_base+4n+2r(c+sigma+h+tau)+2(h+tau),7616
paper_analytic_benchmark_parameter_set,benchmark_not_protocol_inherent,4,670,threshold_q0_0.05_qth_0.15,256,256,128,256,128,256,128,2746,False,paper symbolic formula plus explicitly labelled benchmark_parameter_set,original_AQD,,,rho+D_dec+4n+2d_H,3530
paper_analytic_benchmark_parameter_set,benchmark_not_protocol_inherent,4,670,threshold_q0_0.05_qth_0.15,256,256,128,256,128,256,128,2746,False,paper symbolic formula plus explicitly labelled benchmark_parameter_set,IAQD_basic,,,2nu+6(h+tau)+4n+D_dec+2ceil(log2(n+ell+1)),5342
paper_analytic_benchmark_parameter_set,benchmark_not_protocol_inherent,4,670,threshold_q0_0.05_qth_0.15,256,256,128,256,128,256,128,2746,False,paper symbolic formula plus explicitly labelled benchmark_parameter_set,IAQD_fair,1,8,C_base+4n+2r(c+sigma+h+tau)+2(h+tau),18414
paper_analytic_benchmark_parameter_set,benchmark_not_protocol_inherent,4,670,threshold_q0_0.05_qth_0.15,256,256,128,256,128,256,128,2746,False,paper symbolic formula plus explicitly labelled benchmark_parameter_set,IAQD_fair,2,4,C_base+4n+2r(c+sigma+h+tau)+2(h+tau),12270
paper_analytic_benchmark_parameter_set,benchmark_not_protocol_inherent,4,670,threshold_q0_0.05_qth_0.15,256,256,128,256,128,256,128,2746,False,paper symbolic formula plus explicitly labelled benchmark_parameter_set,IAQD_fair,4,2,C_base+4n+2r(c+sigma+h+tau)+2(h+tau),9198
paper_analytic_benchmark_parameter_set,benchmark_not_protocol_inherent,4,670,threshold_q0_0.05_qth_0.15,256,256,128,256,128,256,128,2746,False,paper symbolic formula plus explicitly labelled benchmark_parameter_set,IAQD_fair,8,1,C_base+4n+2r(c+sigma+h+tau)+2(h+tau),7662
paper_analytic_benchmark_parameter_set,benchmark_not_protocol_inherent,8,670,threshold_q0_0.05_qth_0.15,256,256,128,256,128,256,128,2800,False,paper symbolic formula plus explicitly labelled benchmark_parameter_set,original_AQD,,,rho+D_dec+4n+2d_H,3600
paper_analytic_benchmark_parameter_set,benchmark_not_protocol_inherent,8,670,threshold_q0_0.05_qth_0.15,256,256,128,256,128,256,128,2800,False,paper symbolic formula plus explicitly labelled benchmark_parameter_set,IAQD_basic,,,2nu+6(h+tau)+4n+D_dec+2ceil(log2(n+ell+1)),5412
paper_analytic_benchmark_parameter_set,benchmark_not_protocol_inherent,8,670,threshold_q0_0.05_qth_0.15,256,256,128,256,128,256,128,2800,False,paper symbolic formula plus explicitly labelled benchmark_parameter_set,IAQD_fair,1,16,C_base+4n+2r(c+sigma+h+tau)+2(h+tau),30788
paper_analytic_benchmark_parameter_set,benchmark_not_protocol_inherent,8,670,threshold_q0_0.05_qth_0.15,256,256,128,256,128,256,128,2800,False,paper symbolic formula plus explicitly labelled benchmark_parameter_set,IAQD_fair,2,8,C_base+4n+2r(c+sigma+h+tau)+2(h+tau),18500
paper_analytic_benchmark_parameter_set,benchmark_not_protocol_inherent,8,670,threshold_q0_0.05_qth_0.15,256,256,128,256,128,256,128,2800,False,paper symbolic formula plus explicitly labelled benchmark_parameter_set,IAQD_fair,4,4,C_base+4n+2r(c+sigma+h+tau)+2(h+tau),12356
paper_analytic_benchmark_parameter_set,benchmark_not_protocol_inherent,8,670,threshold_q0_0.05_qth_0.15,256,256,128,256,128,256,128,2800,False,paper symbolic formula plus explicitly labelled benchmark_parameter_set,IAQD_fair,8,2,C_base+4n+2r(c+sigma+h+tau)+2(h+tau),9284
paper_analytic_benchmark_parameter_set,benchmark_not_protocol_inherent,16,670,threshold_q0_0.05_qth_0.15,256,256,128,256,128,256,128,2894,False,paper symbolic formula plus explicitly labelled benchmark_parameter_set,original_AQD,,,rho+D_dec+4n+2d_H,3726
paper_analytic_benchmark_parameter_set,benchmark_not_protocol_inherent,16,670,threshold_q0_0.05_qth_0.15,256,256,128,256,128,256,128,2894,False,paper symbolic formula plus explicitly labelled benchmark_parameter_set,IAQD_basic,,,2nu+6(h+tau)+4n+D_dec+2ceil(log2(n+ell+1)),5538
paper_analytic_benchmark_parameter_set,benchmark_not_protocol_inherent,16,670,threshold_q0_0.05_qth_0.15,256,256,128,256,128,256,128,2894,False,paper symbolic formula plus explicitly labelled benchmark_parameter_set,IAQD_fair,1,32,C_base+4n+2r(c+sigma+h+tau)+2(h+tau),55522
paper_analytic_benchmark_parameter_set,benchmark_not_protocol_inherent,16,670,threshold_q0_0.05_qth_0.15,256,256,128,256,128,256,128,2894,False,paper symbolic formula plus explicitly labelled benchmark_parameter_set,IAQD_fair,2,16,C_base+4n+2r(c+sigma+h+tau)+2(h+tau),30946
paper_analytic_benchmark_parameter_set,benchmark_not_protocol_inherent,16,670,threshold_q0_0.05_qth_0.15,256,256,128,256,128,256,128,2894,False,paper symbolic formula plus explicitly labelled benchmark_parameter_set,IAQD_fair,4,8,C_base+4n+2r(c+sigma+h+tau)+2(h+tau),18658
paper_analytic_benchmark_parameter_set,benchmark_not_protocol_inherent,16,670,threshold_q0_0.05_qth_0.15,256,256,128,256,128,256,128,2894,False,paper symbolic formula plus explicitly labelled benchmark_parameter_set,IAQD_fair,8,4,C_base+4n+2r(c+sigma+h+tau)+2(h+tau),12514
paper_analytic_benchmark_parameter_set,benchmark_not_protocol_inherent,32,670,threshold_q0_0.05_qth_0.15,256,256,128,256,128,256,128,3048,False,paper symbolic formula plus explicitly labelled benchmark_parameter_set,original_AQD,,,rho+D_dec+4n+2d_H,3944
paper_analytic_benchmark_parameter_set,benchmark_not_protocol_inherent,32,670,threshold_q0_0.05_qth_0.15,256,256,128,256,128,256,128,3048,False,paper symbolic formula plus explicitly labelled benchmark_parameter_set,IAQD_basic,,,2nu+6(h+tau)+4n+D_dec+2ceil(log2(n+ell+1)),5756
paper_analytic_benchmark_parameter_set,benchmark_not_protocol_inherent,32,670,threshold_q0_0.05_qth_0.15,256,256,128,256,128,256,128,3048,False,paper symbolic formula plus explicitly labelled benchmark_parameter_set,IAQD_fair,1,64,C_base+4n+2r(c+sigma+h+tau)+2(h+tau),104956
paper_analytic_benchmark_parameter_set,benchmark_not_protocol_inherent,32,670,threshold_q0_0.05_qth_0.15,256,256,128,256,128,256,128,3048,False,paper symbolic formula plus explicitly labelled benchmark_parameter_set,IAQD_fair,2,32,C_base+4n+2r(c+sigma+h+tau)+2(h+tau),55804
paper_analytic_benchmark_parameter_set,benchmark_not_protocol_inherent,32,670,threshold_q0_0.05_qth_0.15,256,256,128,256,128,256,128,3048,False,paper symbolic formula plus explicitly labelled benchmark_parameter_set,IAQD_fair,4,16,C_base+4n+2r(c+sigma+h+tau)+2(h+tau),31228
paper_analytic_benchmark_parameter_set,benchmark_not_protocol_inherent,32,670,threshold_q0_0.05_qth_0.15,256,256,128,256,128,256,128,3048,False,paper symbolic formula plus explicitly labelled benchmark_parameter_set,IAQD_fair,8,8,C_base+4n+2r(c+sigma+h+tau)+2(h+tau),18940
